PatientID,time,value
1,13,2034500.079
1,34,2129895.073
1,56,196576.8348
1,75,20816.51194
1,98,32.54151822
1,120,negative
1,148,negative
1,183,negative
2,14,1956398.342
2,28,1956398.342
2,44,19116.44075
2,70,30.72112999
2,99,negative
2,126,negative
2,149,negative
2,183,negative
3,18,200399.0447
3,33,200973.1451
3,47,201511.2918
3,76,34.27606589
3,109,negative
3,130,negative
3,159,negative
