PatientID,time,value,nh,outbreak_id,type,event,colldate,day_v2,antiviral_start,antigen,pcr,NHConductedPCRTest,logVL,VL_status,variant,lineage,analyte,enr_date,casedate,latesdat,symptom,age,gender,bio_sex,race,ethnicity,paxlovid,remdesivir,molnupiravir,monoclonal,steroid,vaccine
131265-24,0,9167815.26724941,415008,133755-1,Resident,Illness Day 1,2023-07-05 00:00:00,0,,Positive,Positive,,6.96226585361737,Within detectable range,,,VL,2023-07-05 00:00:00,2023-07-05 00:00:00,2023-07-15 00:00:00,Yes,68,Female,Female at birth,White,Non-Hispanic,No,No,No,No,No,4
131265-24,0,20.92,415008,133755-1,Resident,Illness Day 1,2023-07-05 00:00:00,0,,Positive,Positive,,6.96226585361737,Within detectable range,,,Ct,2023-07-05 00:00:00,2023-07-05 00:00:00,2023-07-15 00:00:00,Yes,68,Female,Female at birth,White,Non-Hispanic,No,No,No,No,No,4
131265-24,1,846281651.694418,415008,133755-1,Resident,Illness Day 2,2023-07-06 00:00:00,1,,Positive,Positive,,8.92751492500093,Within detectable range,Omicron,XBB.1.16,VL,2023-07-05 00:00:00,2023-07-05 00:00:00,2023-07-15 00:00:00,Yes,68,Female,Female at birth,White,Non-Hispanic,No,No,No,No,No,4
131265-24,1,13.13,415008,133755-1,Resident,Illness Day 2,2023-07-06 00:00:00,1,,Positive,Positive,,8.92751492500093,Within detectable range,Omicron,XBB.1.16,Ct,2023-07-05 00:00:00,2023-07-05 00:00:00,2023-07-15 00:00:00,Yes,68,Female,Female at birth,White,Non-Hispanic,No,No,No,No,No,4
131265-24,2,74409643.9879515,415008,133755-1,Resident,Illness Day 3,2023-07-07 00:00:00,2,,Positive,Positive,,7.87162922666579,Within detectable range,,,VL,2023-07-05 00:00:00,2023-07-05 00:00:00,2023-07-15 00:00:00,Yes,68,Female,Female at birth,White,Non-Hispanic,No,No,No,No,No,4
131265-24,2,16.3,415008,133755-1,Resident,Illness Day 3,2023-07-07 00:00:00,2,,Positive,Positive,,7.87162922666579,Within detectable range,,,Ct,2023-07-05 00:00:00,2023-07-05 00:00:00,2023-07-15 00:00:00,Yes,68,Female,Female at birth,White,Non-Hispanic,No,No,No,No,No,4
131265-24,3,24258809.9971773,415008,133755-1,Resident,Illness Day 4,2023-07-08 00:00:00,3,,Positive,Positive,,7.38486949297181,Within detectable range,,,VL,2023-07-05 00:00:00,2023-07-05 00:00:00,2023-07-15 00:00:00,Yes,68,Female,Female at birth,White,Non-Hispanic,No,No,No,No,No,4
131265-24,3,18.24,415008,133755-1,Resident,Illness Day 4,2023-07-08 00:00:00,3,,Positive,Positive,,7.38486949297181,Within detectable range,,,Ct,2023-07-05 00:00:00,2023-07-05 00:00:00,2023-07-15 00:00:00,Yes,68,Female,Female at birth,White,Non-Hispanic,No,No,No,No,No,4
131265-24,4,841229.585204308,415008,133755-1,Resident,Illness Day 5,2023-07-09 00:00:00,4,,Positive,Positive,,5.92491453798603,Within detectable range,,,VL,2023-07-05 00:00:00,2023-07-05 00:00:00,2023-07-15 00:00:00,Yes,68,Female,Female at birth,White,Non-Hispanic,No,No,No,No,No,4
131265-24,4,21.16,415008,133755-1,Resident,Illness Day 5,2023-07-09 00:00:00,4,,Positive,Positive,,5.92491453798603,Within detectable range,,,Ct,2023-07-05 00:00:00,2023-07-05 00:00:00,2023-07-15 00:00:00,Yes,68,Female,Female at birth,White,Non-Hispanic,No,No,No,No,No,4
131265-24,5,10946.6503420033,415008,133755-1,Resident,Illness Day 6,2023-07-10 00:00:00,5,,Positive,Positive,,4.03928124606789,Within detectable range,,,VL,2023-07-05 00:00:00,2023-07-05 00:00:00,2023-07-15 00:00:00,Yes,68,Female,Female at birth,White,Non-Hispanic,No,No,No,No,No,4
131265-24,5,27.27,415008,133755-1,Resident,Illness Day 6,2023-07-10 00:00:00,5,,Positive,Positive,,4.03928124606789,Within detectable range,,,Ct,2023-07-05 00:00:00,2023-07-05 00:00:00,2023-07-15 00:00:00,Yes,68,Female,Female at birth,White,Non-Hispanic,No,No,No,No,No,4
131265-24,6,2351.99521928696,415008,133755-1,Resident,Illness Day 7,2023-07-11 00:00:00,6,,Positive,Positive,,3.37143643464925,"Less than 10,000 copies/mL",,,VL,2023-07-05 00:00:00,2023-07-05 00:00:00,2023-07-15 00:00:00,Yes,68,Female,Female at birth,White,Non-Hispanic,No,No,No,No,No,4
131265-24,6,31.37,415008,133755-1,Resident,Illness Day 7,2023-07-11 00:00:00,6,,Positive,Positive,,3.37143643464925,"Less than 10,000 copies/mL",,,Ct,2023-07-05 00:00:00,2023-07-05 00:00:00,2023-07-15 00:00:00,Yes,68,Female,Female at birth,White,Non-Hispanic,No,No,No,No,No,4
131265-24,7,4574781.64921839,415008,133755-1,Resident,Illness Day 8,2023-07-12 00:00:00,7,,Positive,Positive,,6.66037037035819,Within detectable range,,,VL,2023-07-05 00:00:00,2023-07-05 00:00:00,2023-07-15 00:00:00,Yes,68,Female,Female at birth,White,Non-Hispanic,No,No,No,No,No,4
131265-24,7,21.51,415008,133755-1,Resident,Illness Day 8,2023-07-12 00:00:00,7,,Positive,Positive,,6.66037037035819,Within detectable range,,,Ct,2023-07-05 00:00:00,2023-07-05 00:00:00,2023-07-15 00:00:00,Yes,68,Female,Female at birth,White,Non-Hispanic,No,No,No,No,No,4
131265-24,8,1346.07694233517,415008,133755-1,Resident,Illness Day 9,2023-07-13 00:00:00,8,,Negative,Positive,,3.12906988505627,"Less than 10,000 copies/mL",,,VL,2023-07-05 00:00:00,2023-07-05 00:00:00,2023-07-15 00:00:00,Yes,68,Female,Female at birth,White,Non-Hispanic,No,No,No,No,No,4
131265-24,8,30.78,415008,133755-1,Resident,Illness Day 9,2023-07-13 00:00:00,8,,Negative,Positive,,3.12906988505627,"Less than 10,000 copies/mL",,,Ct,2023-07-05 00:00:00,2023-07-05 00:00:00,2023-07-15 00:00:00,Yes,68,Female,Female at birth,White,Non-Hispanic,No,No,No,No,No,4
131265-24,9,699591.566377757,415008,133755-1,Resident,Illness Day 10,2023-07-14 00:00:00,9,,Positive,Positive,,5.84484456538972,Within detectable range,,,VL,2023-07-05 00:00:00,2023-07-05 00:00:00,2023-07-15 00:00:00,Yes,68,Female,Female at birth,White,Non-Hispanic,No,No,No,No,No,4
131265-24,9,23.67,415008,133755-1,Resident,Illness Day 10,2023-07-14 00:00:00,9,,Positive,Positive,,5.84484456538972,Within detectable range,,,Ct,2023-07-05 00:00:00,2023-07-05 00:00:00,2023-07-15 00:00:00,Yes,68,Female,Female at birth,White,Non-Hispanic,No,No,No,No,No,4
131265-31,0,61678766.8066675,415008,133755-1,Resident,Illness Day 1,2023-07-08 00:00:00,0,,Positive,Positive,,7.79013568192984,Within detectable range,,,VL,2023-07-08 00:00:00,2023-07-08 00:00:00,2023-07-11 00:00:00,Yes,79,Female,Female at birth,White,Non-Hispanic,No,No,No,No,No,4
131265-31,0,17.33,415008,133755-1,Resident,Illness Day 1,2023-07-08 00:00:00,0,,Positive,Positive,,7.79013568192984,Within detectable range,,,Ct,2023-07-08 00:00:00,2023-07-08 00:00:00,2023-07-11 00:00:00,Yes,79,Female,Female at birth,White,Non-Hispanic,No,No,No,No,No,4
131265-31,1,512987203.053909,415008,133755-1,Resident,Illness Day 2,2023-07-09 00:00:00,1,,Positive,Positive,,8.71010653136447,Within detectable range,Omicron,XBB.1.16,VL,2023-07-08 00:00:00,2023-07-08 00:00:00,2023-07-11 00:00:00,Yes,79,Female,Female at birth,White,Non-Hispanic,No,No,No,No,No,4
131265-31,1,14.95,415008,133755-1,Resident,Illness Day 2,2023-07-09 00:00:00,1,,Positive,Positive,,8.71010653136447,Within detectable range,Omicron,XBB.1.16,Ct,2023-07-08 00:00:00,2023-07-08 00:00:00,2023-07-11 00:00:00,Yes,79,Female,Female at birth,White,Non-Hispanic,No,No,No,No,No,4
131265-31,2,323510310.046231,415008,133755-1,Resident,Illness Day 3,2023-07-10 00:00:00,2,,Positive,Positive,,8.5098881258852,Within detectable range,,,VL,2023-07-08 00:00:00,2023-07-08 00:00:00,2023-07-11 00:00:00,Yes,79,Female,Female at birth,White,Non-Hispanic,No,No,No,No,No,4
131265-31,2,15.65,415008,133755-1,Resident,Illness Day 3,2023-07-10 00:00:00,2,,Positive,Positive,,8.5098881258852,Within detectable range,,,Ct,2023-07-08 00:00:00,2023-07-08 00:00:00,2023-07-11 00:00:00,Yes,79,Female,Female at birth,White,Non-Hispanic,No,No,No,No,No,4
131265-31,3,37562654.2679361,415008,133755-1,Resident,Illness Day 4,2023-07-11 00:00:00,3,,Positive,Positive,,7.57475627297612,Within detectable range,,,VL,2023-07-08 00:00:00,2023-07-08 00:00:00,2023-07-11 00:00:00,Yes,79,Female,Female at birth,White,Non-Hispanic,No,No,No,No,No,4
131265-31,3,17.92,415008,133755-1,Resident,Illness Day 4,2023-07-11 00:00:00,3,,Positive,Positive,,7.57475627297612,Within detectable range,,,Ct,2023-07-08 00:00:00,2023-07-08 00:00:00,2023-07-11 00:00:00,Yes,79,Female,Female at birth,White,Non-Hispanic,No,No,No,No,No,4
131265-32,0,8109.09790711272,415008,133755-1,Resident,Illness Day 1,2023-07-10 00:00:00,0,,Positive,Positive,,3.90897254400725,"Less than 10,000 copies/mL",,,VL,2023-07-10 00:00:00,2023-07-10 00:00:00,2023-10-09 00:00:00,Yes,61,Male,Male at birth,White,Non-Hispanic,No,No,No,No,No,4
131265-32,0,31.08,415008,133755-1,Resident,Illness Day 1,2023-07-10 00:00:00,0,,Positive,Positive,,3.90897254400725,"Less than 10,000 copies/mL",,,Ct,2023-07-10 00:00:00,2023-07-10 00:00:00,2023-10-09 00:00:00,Yes,61,Male,Male at birth,White,Non-Hispanic,No,No,No,No,No,4
131265-32,1,2740443.22014846,415008,133755-1,Resident,Illness Day 2,2023-07-11 00:00:00,1,,Positive,Positive,,6.43782080825764,Within detectable range,,,VL,2023-07-10 00:00:00,2023-07-10 00:00:00,2023-10-09 00:00:00,Yes,61,Male,Male at birth,White,Non-Hispanic,No,No,No,No,No,4
131265-32,1,22.18,415008,133755-1,Resident,Illness Day 2,2023-07-11 00:00:00,1,,Positive,Positive,,6.43782080825764,Within detectable range,,,Ct,2023-07-10 00:00:00,2023-07-10 00:00:00,2023-10-09 00:00:00,Yes,61,Male,Male at birth,White,Non-Hispanic,No,No,No,No,No,4
131265-32,2,1901131.53142497,415008,133755-1,Resident,Illness Day 3,2023-07-12 00:00:00,2,,Positive,Positive,,6.27901216494327,Within detectable range,Omicron,XBB.1.16,VL,2023-07-10 00:00:00,2023-07-10 00:00:00,2023-10-09 00:00:00,Yes,61,Male,Male at birth,White,Non-Hispanic,No,No,No,No,No,4
131265-32,2,21.52,415008,133755-1,Resident,Illness Day 3,2023-07-12 00:00:00,2,,Positive,Positive,,6.27901216494327,Within detectable range,Omicron,XBB.1.16,Ct,2023-07-10 00:00:00,2023-07-10 00:00:00,2023-10-09 00:00:00,Yes,61,Male,Male at birth,White,Non-Hispanic,No,No,No,No,No,4
131265-32,3,38957.5526713765,415008,133755-1,Resident,Illness Day 4,2023-07-13 00:00:00,3,,Positive,Positive,,4.59059166651509,Within detectable range,,,VL,2023-07-10 00:00:00,2023-07-10 00:00:00,2023-10-09 00:00:00,Yes,61,Male,Male at birth,White,Non-Hispanic,No,No,No,No,No,4
131265-32,3,27.81,415008,133755-1,Resident,Illness Day 4,2023-07-13 00:00:00,3,,Positive,Positive,,4.59059166651509,Within detectable range,,,Ct,2023-07-10 00:00:00,2023-07-10 00:00:00,2023-10-09 00:00:00,Yes,61,Male,Male at birth,White,Non-Hispanic,No,No,No,No,No,4
131265-32,4,11670.484441133,415008,133755-1,Resident,Illness Day 5,2023-07-14 00:00:00,4,,Positive,Positive,,4.06708888395832,Within detectable range,,,VL,2023-07-10 00:00:00,2023-07-10 00:00:00,2023-10-09 00:00:00,Yes,61,Male,Male at birth,White,Non-Hispanic,No,No,No,No,No,4
131265-32,4,28.9,415008,133755-1,Resident,Illness Day 5,2023-07-14 00:00:00,4,,Positive,Positive,,4.06708888395832,Within detectable range,,,Ct,2023-07-10 00:00:00,2023-07-10 00:00:00,2023-10-09 00:00:00,Yes,61,Male,Male at birth,White,Non-Hispanic,No,No,No,No,No,4
131265-32,5,51709.7371834848,415008,133755-1,Resident,Illness Day 6,2023-07-15 00:00:00,5,,Positive,Positive,,4.71357233046106,Within detectable range,,,VL,2023-07-10 00:00:00,2023-07-10 00:00:00,2023-10-09 00:00:00,Yes,61,Male,Male at birth,White,Non-Hispanic,No,No,No,No,No,4
131265-32,5,27.23,415008,133755-1,Resident,Illness Day 6,2023-07-15 00:00:00,5,,Positive,Positive,,4.71357233046106,Within detectable range,,,Ct,2023-07-10 00:00:00,2023-07-10 00:00:00,2023-10-09 00:00:00,Yes,61,Male,Male at birth,White,Non-Hispanic,No,No,No,No,No,4
131265-32,6,453.493742841472,415008,133755-1,Resident,Illness Day 7,2023-07-16 00:00:00,6,,Positive,Positive,,2.65657129918406,"Less than 10,000 copies/mL",,,VL,2023-07-10 00:00:00,2023-07-10 00:00:00,2023-10-09 00:00:00,Yes,61,Male,Male at birth,White,Non-Hispanic,No,No,No,No,No,4
131265-32,6,33.97,415008,133755-1,Resident,Illness Day 7,2023-07-16 00:00:00,6,,Positive,Positive,,2.65657129918406,"Less than 10,000 copies/mL",,,Ct,2023-07-10 00:00:00,2023-07-10 00:00:00,2023-10-09 00:00:00,Yes,61,Male,Male at birth,White,Non-Hispanic,No,No,No,No,No,4
131265-32,7,1500.36725545962,415008,133755-1,Resident,Illness Day 8,2023-07-17 00:00:00,7,,Negative,Positive,,3.17619757738726,"Less than 10,000 copies/mL",,,VL,2023-07-10 00:00:00,2023-07-10 00:00:00,2023-10-09 00:00:00,Yes,61,Male,Male at birth,White,Non-Hispanic,No,No,No,No,No,4
131265-32,7,31.05,415008,133755-1,Resident,Illness Day 8,2023-07-17 00:00:00,7,,Negative,Positive,,3.17619757738726,"Less than 10,000 copies/mL",,,Ct,2023-07-10 00:00:00,2023-07-10 00:00:00,2023-10-09 00:00:00,Yes,61,Male,Male at birth,White,Non-Hispanic,No,No,No,No,No,4
131265-32,8,,415008,133755-1,Resident,Illness Day 9,2023-07-18 00:00:00,8,,Negative,Negative,,,"Undetectable, will not be done",,,VL,2023-07-10 00:00:00,2023-07-10 00:00:00,2023-10-09 00:00:00,Yes,61,Male,Male at birth,White,Non-Hispanic,No,No,No,No,No,4
131265-32,8,44.43,415008,133755-1,Resident,Illness Day 9,2023-07-18 00:00:00,8,,Negative,Negative,,,"Undetectable, will not be done",,,Ct,2023-07-10 00:00:00,2023-07-10 00:00:00,2023-10-09 00:00:00,Yes,61,Male,Male at birth,White,Non-Hispanic,No,No,No,No,No,4
131265-32,10,,415008,133755-1,Resident,Illness Day 11,2023-07-20 00:00:00,10,,Negative,Negative,0,,"Undetectable, will not be done",,,VL,2023-07-10 00:00:00,2023-07-10 00:00:00,2023-10-09 00:00:00,Yes,61,Male,Male at birth,White,Non-Hispanic,No,No,No,No,No,4
131265-32,10,Not available,415008,133755-1,Resident,Illness Day 11,2023-07-20 00:00:00,10,,Negative,Negative,0,,"Undetectable, will not be done",,,Ct,2023-07-10 00:00:00,2023-07-10 00:00:00,2023-10-09 00:00:00,Yes,61,Male,Male at birth,White,Non-Hispanic,No,No,No,No,No,4
131265-32,11,480.963651931853,415008,133755-1,Resident,Illness Day 12,2023-07-21 00:00:00,11,,Negative,Positive,0,2.68211225649462,"Less than 10,000 copies/mL",,,VL,2023-07-10 00:00:00,2023-07-10 00:00:00,2023-10-09 00:00:00,Yes,61,Male,Male at birth,White,Non-Hispanic,No,No,No,No,No,4
131265-32,11,33.21,415008,133755-1,Resident,Illness Day 12,2023-07-21 00:00:00,11,,Negative,Positive,0,2.68211225649462,"Less than 10,000 copies/mL",,,Ct,2023-07-10 00:00:00,2023-07-10 00:00:00,2023-10-09 00:00:00,Yes,61,Male,Male at birth,White,Non-Hispanic,No,No,No,No,No,4
131265-32,12,,415008,133755-1,Resident,Illness Day 13,2023-07-22 00:00:00,12,,Negative,Negative,0,,"Undetectable, will not be done",,,VL,2023-07-10 00:00:00,2023-07-10 00:00:00,2023-10-09 00:00:00,Yes,61,Male,Male at birth,White,Non-Hispanic,No,No,No,No,No,4
131265-32,12,38.41,415008,133755-1,Resident,Illness Day 13,2023-07-22 00:00:00,12,,Negative,Negative,0,,"Undetectable, will not be done",,,Ct,2023-07-10 00:00:00,2023-07-10 00:00:00,2023-10-09 00:00:00,Yes,61,Male,Male at birth,White,Non-Hispanic,No,No,No,No,No,4
131265-32,13,,415008,133755-1,Resident,Illness Day 14,2023-07-23 00:00:00,13,,Negative,Negative,0,,"Undetectable, will not be done",,,VL,2023-07-10 00:00:00,2023-07-10 00:00:00,2023-10-09 00:00:00,Yes,61,Male,Male at birth,White,Non-Hispanic,No,No,No,No,No,4
131265-32,13,Not available,415008,133755-1,Resident,Illness Day 14,2023-07-23 00:00:00,13,,Negative,Negative,0,,"Undetectable, will not be done",,,Ct,2023-07-10 00:00:00,2023-07-10 00:00:00,2023-10-09 00:00:00,Yes,61,Male,Male at birth,White,Non-Hispanic,No,No,No,No,No,4
131265-32,17,,415008,133755-1,Resident,Op ill w3 t1,2023-07-27 00:00:00,17,,Negative,Negative,0,,"Undetectable, will not be done",,,VL,2023-07-10 00:00:00,2023-07-10 00:00:00,2023-10-09 00:00:00,Yes,61,Male,Male at birth,White,Non-Hispanic,No,No,No,No,No,4
131265-32,17,Not available,415008,133755-1,Resident,Op ill w3 t1,2023-07-27 00:00:00,17,,Negative,Negative,0,,"Undetectable, will not be done",,,Ct,2023-07-10 00:00:00,2023-07-10 00:00:00,2023-10-09 00:00:00,Yes,61,Male,Male at birth,White,Non-Hispanic,No,No,No,No,No,4
131265-32,21,,415008,133755-1,Resident,Op ill w3 t2,2023-07-31 00:00:00,21,,Negative,Negative,0,,"Undetectable, will not be done",,,VL,2023-07-10 00:00:00,2023-07-10 00:00:00,2023-10-09 00:00:00,Yes,61,Male,Male at birth,White,Non-Hispanic,No,No,No,No,No,4
131265-32,21,39.43,415008,133755-1,Resident,Op ill w3 t2,2023-07-31 00:00:00,21,,Negative,Negative,0,,"Undetectable, will not be done",,,Ct,2023-07-10 00:00:00,2023-07-10 00:00:00,2023-10-09 00:00:00,Yes,61,Male,Male at birth,White,Non-Hispanic,No,No,No,No,No,4
131265-32,24,30798.9557545051,415008,133755-1,Resident,Op ill w4 t1,2023-08-03 00:00:00,24,,Positive,Positive,0,4.48853599189836,Within detectable range,,Unassigned,VL,2023-07-10 00:00:00,2023-07-10 00:00:00,2023-10-09 00:00:00,Yes,61,Male,Male at birth,White,Non-Hispanic,No,No,No,No,No,4
131265-32,24,28.86,415008,133755-1,Resident,Op ill w4 t1,2023-08-03 00:00:00,24,,Positive,Positive,0,4.48853599189836,Within detectable range,,Unassigned,Ct,2023-07-10 00:00:00,2023-07-10 00:00:00,2023-10-09 00:00:00,Yes,61,Male,Male at birth,White,Non-Hispanic,No,No,No,No,No,4
131265-32,28,,415008,133755-1,Resident,Op ill w4 t2,2023-08-07 00:00:00,28,,Negative,Negative,0,,"Undetectable, will not be done",,,VL,2023-07-10 00:00:00,2023-07-10 00:00:00,2023-10-09 00:00:00,Yes,61,Male,Male at birth,White,Non-Hispanic,No,No,No,No,No,4
131265-32,28,41.45,415008,133755-1,Resident,Op ill w4 t2,2023-08-07 00:00:00,28,,Negative,Negative,0,,"Undetectable, will not be done",,,Ct,2023-07-10 00:00:00,2023-07-10 00:00:00,2023-10-09 00:00:00,Yes,61,Male,Male at birth,White,Non-Hispanic,No,No,No,No,No,4
131265-32,35,,415008,133755-1,Resident,Op ill week 5,2023-08-14 00:00:00,35,,Negative,Negative,0,,"Undetectable, will not be done",,,VL,2023-07-10 00:00:00,2023-07-10 00:00:00,2023-10-09 00:00:00,Yes,61,Male,Male at birth,White,Non-Hispanic,No,No,No,No,No,4
131265-32,35,Not available,415008,133755-1,Resident,Op ill week 5,2023-08-14 00:00:00,35,,Negative,Negative,0,,"Undetectable, will not be done",,,Ct,2023-07-10 00:00:00,2023-07-10 00:00:00,2023-10-09 00:00:00,Yes,61,Male,Male at birth,White,Non-Hispanic,No,No,No,No,No,4
131265-32,42,,415008,133755-1,Resident,Op ill week 6,2023-08-21 00:00:00,42,,Negative,Negative,0,,"Undetectable, will not be done",,,VL,2023-07-10 00:00:00,2023-07-10 00:00:00,2023-10-09 00:00:00,Yes,61,Male,Male at birth,White,Non-Hispanic,No,No,No,No,No,4
131265-32,42,Not available,415008,133755-1,Resident,Op ill week 6,2023-08-21 00:00:00,42,,Negative,Negative,0,,"Undetectable, will not be done",,,Ct,2023-07-10 00:00:00,2023-07-10 00:00:00,2023-10-09 00:00:00,Yes,61,Male,Male at birth,White,Non-Hispanic,No,No,No,No,No,4
131265-32,49,,415008,133755-1,Resident,Op ill week 7,2023-08-28 00:00:00,49,,Negative,Negative,0,,"Undetectable, will not be done",,,VL,2023-07-10 00:00:00,2023-07-10 00:00:00,2023-10-09 00:00:00,Yes,61,Male,Male at birth,White,Non-Hispanic,No,No,No,No,No,4
131265-32,49,Not available,415008,133755-1,Resident,Op ill week 7,2023-08-28 00:00:00,49,,Negative,Negative,0,,"Undetectable, will not be done",,,Ct,2023-07-10 00:00:00,2023-07-10 00:00:00,2023-10-09 00:00:00,Yes,61,Male,Male at birth,White,Non-Hispanic,No,No,No,No,No,4
131265-32,57,,415008,133755-1,Resident,Op ill week 8,2023-09-05 00:00:00,57,,Negative,Negative,0,,"Undetectable, will not be done",,,VL,2023-07-10 00:00:00,2023-07-10 00:00:00,2023-10-09 00:00:00,Yes,61,Male,Male at birth,White,Non-Hispanic,No,No,No,No,No,4
131265-32,57,Not available,415008,133755-1,Resident,Op ill week 8,2023-09-05 00:00:00,57,,Negative,Negative,0,,"Undetectable, will not be done",,,Ct,2023-07-10 00:00:00,2023-07-10 00:00:00,2023-10-09 00:00:00,Yes,61,Male,Male at birth,White,Non-Hispanic,No,No,No,No,No,4
131265-32,63,,415008,133755-1,Resident,Op ill week 9,2023-09-11 00:00:00,63,,Negative,Negative,0,,"Undetectable, will not be done",,,VL,2023-07-10 00:00:00,2023-07-10 00:00:00,2023-10-09 00:00:00,Yes,61,Male,Male at birth,White,Non-Hispanic,No,No,No,No,No,4
131265-32,63,Not available,415008,133755-1,Resident,Op ill week 9,2023-09-11 00:00:00,63,,Negative,Negative,0,,"Undetectable, will not be done",,,Ct,2023-07-10 00:00:00,2023-07-10 00:00:00,2023-10-09 00:00:00,Yes,61,Male,Male at birth,White,Non-Hispanic,No,No,No,No,No,4
131265-32,72,,415008,133755-1,Resident,Op ill week 10,2023-09-20 00:00:00,72,,Negative,Negative,0,,"Undetectable, will not be done",,,VL,2023-07-10 00:00:00,2023-07-10 00:00:00,2023-10-09 00:00:00,Yes,61,Male,Male at birth,White,Non-Hispanic,No,No,No,No,No,4
131265-32,72,Not available,415008,133755-1,Resident,Op ill week 10,2023-09-20 00:00:00,72,,Negative,Negative,0,,"Undetectable, will not be done",,,Ct,2023-07-10 00:00:00,2023-07-10 00:00:00,2023-10-09 00:00:00,Yes,61,Male,Male at birth,White,Non-Hispanic,No,No,No,No,No,4
131265-32,79,,415008,133755-1,Resident,Op ill week 11,2023-09-27 00:00:00,79,,Negative,Negative,0,,"Undetectable, will not be done",,,VL,2023-07-10 00:00:00,2023-07-10 00:00:00,2023-10-09 00:00:00,Yes,61,Male,Male at birth,White,Non-Hispanic,No,No,No,No,No,4
131265-32,79,Not available,415008,133755-1,Resident,Op ill week 11,2023-09-27 00:00:00,79,,Negative,Negative,0,,"Undetectable, will not be done",,,Ct,2023-07-10 00:00:00,2023-07-10 00:00:00,2023-10-09 00:00:00,Yes,61,Male,Male at birth,White,Non-Hispanic,No,No,No,No,No,4
131265-32,86,,415008,133755-1,Resident,Op ill week 12,2023-10-04 00:00:00,86,,Negative,Negative,0,,"Undetectable, will not be done",,,VL,2023-07-10 00:00:00,2023-07-10 00:00:00,2023-10-09 00:00:00,Yes,61,Male,Male at birth,White,Non-Hispanic,No,No,No,No,No,4
131265-32,86,Not available,415008,133755-1,Resident,Op ill week 12,2023-10-04 00:00:00,86,,Negative,Negative,0,,"Undetectable, will not be done",,,Ct,2023-07-10 00:00:00,2023-07-10 00:00:00,2023-10-09 00:00:00,Yes,61,Male,Male at birth,White,Non-Hispanic,No,No,No,No,No,4
131265-32,91,,415008,133755-1,Resident,Op ill week 13,2023-10-09 00:00:00,91,,Negative,Negative,0,,"Undetectable, will not be done",,,VL,2023-07-10 00:00:00,2023-07-10 00:00:00,2023-10-09 00:00:00,Yes,61,Male,Male at birth,White,Non-Hispanic,No,No,No,No,No,4
131265-32,91,Not available,415008,133755-1,Resident,Op ill week 13,2023-10-09 00:00:00,91,,Negative,Negative,0,,"Undetectable, will not be done",,,Ct,2023-07-10 00:00:00,2023-07-10 00:00:00,2023-10-09 00:00:00,Yes,61,Male,Male at birth,White,Non-Hispanic,No,No,No,No,No,4
131265-34,0,95320.9599596664,415008,133755-1,Resident,Illness Day 1,2023-07-10 00:00:00,0,,Positive,Positive,,4.97918840739543,Within detectable range,,,VL,2023-07-10 00:00:00,2023-07-10 00:00:00,2023-07-21 00:00:00,Yes,68,Female,Female at birth,White,Non-Hispanic,No,No,No,No,No,2
131265-34,0,25.21,415008,133755-1,Resident,Illness Day 1,2023-07-10 00:00:00,0,,Positive,Positive,,4.97918840739543,Within detectable range,,,Ct,2023-07-10 00:00:00,2023-07-10 00:00:00,2023-07-21 00:00:00,Yes,68,Female,Female at birth,White,Non-Hispanic,No,No,No,No,No,2
131265-34,1,103349460.269775,415008,133755-1,Resident,Illness Day 2,2023-07-11 00:00:00,1,,Positive,Positive,,8.01430821291812,Within detectable range,Probable Omicron,XBB.1.16,VL,2023-07-10 00:00:00,2023-07-10 00:00:00,2023-07-21 00:00:00,Yes,68,Female,Female at birth,White,Non-Hispanic,No,No,No,No,No,2
131265-34,1,16.49,415008,133755-1,Resident,Illness Day 2,2023-07-11 00:00:00,1,,Positive,Positive,,8.01430821291812,Within detectable range,Probable Omicron,XBB.1.16,Ct,2023-07-10 00:00:00,2023-07-10 00:00:00,2023-07-21 00:00:00,Yes,68,Female,Female at birth,White,Non-Hispanic,No,No,No,No,No,2
131265-34,2,46143.3368591457,415008,133755-1,Resident,Illness Day 3,2023-07-12 00:00:00,2,,Positive,Positive,,4.66410899736136,Within detectable range,,,VL,2023-07-10 00:00:00,2023-07-10 00:00:00,2023-07-21 00:00:00,Yes,68,Female,Female at birth,White,Non-Hispanic,No,No,No,No,No,2
131265-34,2,26.48,415008,133755-1,Resident,Illness Day 3,2023-07-12 00:00:00,2,,Positive,Positive,,4.66410899736136,Within detectable range,,,Ct,2023-07-10 00:00:00,2023-07-10 00:00:00,2023-07-21 00:00:00,Yes,68,Female,Female at birth,White,Non-Hispanic,No,No,No,No,No,2
131265-34,3,174842872.950576,415008,133755-1,Resident,Illness Day 4,2023-07-13 00:00:00,3,,Positive,Positive,,8.24264793403548,Within detectable range,,,VL,2023-07-10 00:00:00,2023-07-10 00:00:00,2023-07-21 00:00:00,Yes,68,Female,Female at birth,White,Non-Hispanic,No,No,No,No,No,2
131265-34,3,16.64,415008,133755-1,Resident,Illness Day 4,2023-07-13 00:00:00,3,,Positive,Positive,,8.24264793403548,Within detectable range,,,Ct,2023-07-10 00:00:00,2023-07-10 00:00:00,2023-07-21 00:00:00,Yes,68,Female,Female at birth,White,Non-Hispanic,No,No,No,No,No,2
131265-34,4,1077423.24751025,415008,133755-1,Resident,Illness Day 5,2023-07-14 00:00:00,4,,Positive,Positive,,6.03238634206245,Within detectable range,,,VL,2023-07-10 00:00:00,2023-07-10 00:00:00,2023-07-21 00:00:00,Yes,68,Female,Female at birth,White,Non-Hispanic,No,No,No,No,No,2
131265-34,4,23.64,415008,133755-1,Resident,Illness Day 5,2023-07-14 00:00:00,4,,Positive,Positive,,6.03238634206245,Within detectable range,,,Ct,2023-07-10 00:00:00,2023-07-10 00:00:00,2023-07-21 00:00:00,Yes,68,Female,Female at birth,White,Non-Hispanic,No,No,No,No,No,2
131265-34,5,7418528.46340515,415008,133755-1,Resident,Illness Day 6,2023-07-15 00:00:00,5,,Positive,Positive,,6.87031776732718,Within detectable range,,,VL,2023-07-10 00:00:00,2023-07-10 00:00:00,2023-07-21 00:00:00,Yes,68,Female,Female at birth,White,Non-Hispanic,No,No,No,No,No,2
131265-34,5,21.95,415008,133755-1,Resident,Illness Day 6,2023-07-15 00:00:00,5,,Positive,Positive,,6.87031776732718,Within detectable range,,,Ct,2023-07-10 00:00:00,2023-07-10 00:00:00,2023-07-21 00:00:00,Yes,68,Female,Female at birth,White,Non-Hispanic,No,No,No,No,No,2
131265-34,6,556832.06350553,415008,133755-1,Resident,Illness Day 7,2023-07-16 00:00:00,6,,Positive,Positive,,5.74572423486867,Within detectable range,,,VL,2023-07-10 00:00:00,2023-07-10 00:00:00,2023-07-21 00:00:00,Yes,68,Female,Female at birth,White,Non-Hispanic,No,No,No,No,No,2
131265-34,6,24.12,415008,133755-1,Resident,Illness Day 7,2023-07-16 00:00:00,6,,Positive,Positive,,5.74572423486867,Within detectable range,,,Ct,2023-07-10 00:00:00,2023-07-10 00:00:00,2023-07-21 00:00:00,Yes,68,Female,Female at birth,White,Non-Hispanic,No,No,No,No,No,2
131265-34,8,11724362.8370488,415008,133755-1,Resident,Illness Day 9,2023-07-18 00:00:00,8,,Negative,Positive,,7.06908925020395,Within detectable range,,,VL,2023-07-10 00:00:00,2023-07-10 00:00:00,2023-07-21 00:00:00,Yes,68,Female,Female at birth,White,Non-Hispanic,No,No,No,No,No,2
131265-34,8,19.81,415008,133755-1,Resident,Illness Day 9,2023-07-18 00:00:00,8,,Negative,Positive,,7.06908925020395,Within detectable range,,,Ct,2023-07-10 00:00:00,2023-07-10 00:00:00,2023-07-21 00:00:00,Yes,68,Female,Female at birth,White,Non-Hispanic,No,No,No,No,No,2
131265-34,9,4777.88932135186,415008,133755-1,Resident,Illness Day 10,2023-07-19 00:00:00,9,,Negative,Positive,,3.67923608520396,"Less than 10,000 copies/mL",,,VL,2023-07-10 00:00:00,2023-07-10 00:00:00,2023-07-21 00:00:00,Yes,68,Female,Female at birth,White,Non-Hispanic,No,No,No,No,No,2
131265-34,9,30.96,415008,133755-1,Resident,Illness Day 10,2023-07-19 00:00:00,9,,Negative,Positive,,3.67923608520396,"Less than 10,000 copies/mL",,,Ct,2023-07-10 00:00:00,2023-07-10 00:00:00,2023-07-21 00:00:00,Yes,68,Female,Female at birth,White,Non-Hispanic,No,No,No,No,No,2
131265-34,10,64360.811685813,415008,133755-1,Resident,Illness Day 11,2023-07-20 00:00:00,10,,Negative,Positive,0,4.80862151256259,Within detectable range,,,VL,2023-07-10 00:00:00,2023-07-10 00:00:00,2023-07-21 00:00:00,Yes,68,Female,Female at birth,White,Non-Hispanic,No,No,No,No,No,2
131265-34,10,26.32,415008,133755-1,Resident,Illness Day 11,2023-07-20 00:00:00,10,,Negative,Positive,0,4.80862151256259,Within detectable range,,,Ct,2023-07-10 00:00:00,2023-07-10 00:00:00,2023-07-21 00:00:00,Yes,68,Female,Female at birth,White,Non-Hispanic,No,No,No,No,No,2
131265-34,11,149483.019271639,415008,133755-1,Resident,Illness Day 12,2023-07-21 00:00:00,11,,Negative,Positive,0,5.17459186118569,Within detectable range,,,VL,2023-07-10 00:00:00,2023-07-10 00:00:00,2023-07-21 00:00:00,Yes,68,Female,Female at birth,White,Non-Hispanic,No,No,No,No,No,2
131265-34,11,24.94,415008,133755-1,Resident,Illness Day 12,2023-07-21 00:00:00,11,,Negative,Positive,0,5.17459186118569,Within detectable range,,,Ct,2023-07-10 00:00:00,2023-07-10 00:00:00,2023-07-21 00:00:00,Yes,68,Female,Female at birth,White,Non-Hispanic,No,No,No,No,No,2
131265-38,0,240553380.436702,415008,133755-1,Resident,Illness Day 1,2023-07-14 00:00:00,0,,Positive,Positive,,8.38121146431358,Within detectable range,,,VL,2023-07-14 00:00:00,2023-07-14 00:00:00,2023-07-27 00:00:00,Yes,75,Male,Male at birth,White,Non-Hispanic,No,No,No,No,No,2
131265-38,0,16.21,415008,133755-1,Resident,Illness Day 1,2023-07-14 00:00:00,0,,Positive,Positive,,8.38121146431358,Within detectable range,,,Ct,2023-07-14 00:00:00,2023-07-14 00:00:00,2023-07-27 00:00:00,Yes,75,Male,Male at birth,White,Non-Hispanic,No,No,No,No,No,2
131265-38,1,316798303.589356,415008,133755-1,Resident,Illness Day 2,2023-07-15 00:00:00,1,,Positive,Positive,,8.50078284733742,Within detectable range,,,VL,2023-07-14 00:00:00,2023-07-14 00:00:00,2023-07-27 00:00:00,Yes,75,Male,Male at birth,White,Non-Hispanic,No,No,No,No,No,2
131265-38,1,16.16,415008,133755-1,Resident,Illness Day 2,2023-07-15 00:00:00,1,,Positive,Positive,,8.50078284733742,Within detectable range,,,Ct,2023-07-14 00:00:00,2023-07-14 00:00:00,2023-07-27 00:00:00,Yes,75,Male,Male at birth,White,Non-Hispanic,No,No,No,No,No,2
131265-38,2,1162852486.48214,415008,133755-1,Resident,Illness Day 3,2023-07-16 00:00:00,2,,Positive,Positive,,9.06552462584618,More than 1 billion copies/mL,,,VL,2023-07-14 00:00:00,2023-07-14 00:00:00,2023-07-27 00:00:00,Yes,75,Male,Male at birth,White,Non-Hispanic,No,No,No,No,No,2
131265-38,2,13.42,415008,133755-1,Resident,Illness Day 3,2023-07-16 00:00:00,2,,Positive,Positive,,9.06552462584618,More than 1 billion copies/mL,,,Ct,2023-07-14 00:00:00,2023-07-14 00:00:00,2023-07-27 00:00:00,Yes,75,Male,Male at birth,White,Non-Hispanic,No,No,No,No,No,2
131265-38,3,18698563.1930894,415008,133755-1,Resident,Illness Day 4,2023-07-17 00:00:00,3,,Positive,Positive,,7.27180823641424,Within detectable range,,,VL,2023-07-14 00:00:00,2023-07-14 00:00:00,2023-07-27 00:00:00,Yes,75,Male,Male at birth,White,Non-Hispanic,No,No,No,No,No,2
131265-38,3,19.81,415008,133755-1,Resident,Illness Day 4,2023-07-17 00:00:00,3,,Positive,Positive,,7.27180823641424,Within detectable range,,,Ct,2023-07-14 00:00:00,2023-07-14 00:00:00,2023-07-27 00:00:00,Yes,75,Male,Male at birth,White,Non-Hispanic,No,No,No,No,No,2
131265-38,4,347100054.618981,415008,133755-1,Resident,Illness Day 5,2023-07-18 00:00:00,4,,Positive,Positive,,8.54045468201114,Within detectable range,,,VL,2023-07-14 00:00:00,2023-07-14 00:00:00,2023-07-27 00:00:00,Yes,75,Male,Male at birth,White,Non-Hispanic,No,No,No,No,No,2
131265-38,4,15.75,415008,133755-1,Resident,Illness Day 5,2023-07-18 00:00:00,4,,Positive,Positive,,8.54045468201114,Within detectable range,,,Ct,2023-07-14 00:00:00,2023-07-14 00:00:00,2023-07-27 00:00:00,Yes,75,Male,Male at birth,White,Non-Hispanic,No,No,No,No,No,2
131265-38,5,279846004.394571,415008,133755-1,Resident,Illness Day 6,2023-07-19 00:00:00,5,,Positive,Positive,,8.446919110486,Within detectable range,,,VL,2023-07-14 00:00:00,2023-07-14 00:00:00,2023-07-27 00:00:00,Yes,75,Male,Male at birth,White,Non-Hispanic,No,No,No,No,No,2
131265-38,5,15.8,415008,133755-1,Resident,Illness Day 6,2023-07-19 00:00:00,5,,Positive,Positive,,8.446919110486,Within detectable range,,,Ct,2023-07-14 00:00:00,2023-07-14 00:00:00,2023-07-27 00:00:00,Yes,75,Male,Male at birth,White,Non-Hispanic,No,No,No,No,No,2
131265-38,6,1946538720.24536,415008,133755-1,Resident,Illness Day 7,2023-07-20 00:00:00,6,,Positive,Positive,0,9.28926304705837,More than 1 billion copies/mL,Omicron,XBB.1.16,VL,2023-07-14 00:00:00,2023-07-14 00:00:00,2023-07-27 00:00:00,Yes,75,Male,Male at birth,White,Non-Hispanic,No,No,No,No,No,2
131265-38,6,11.98,415008,133755-1,Resident,Illness Day 7,2023-07-20 00:00:00,6,,Positive,Positive,0,9.28926304705837,More than 1 billion copies/mL,Omicron,XBB.1.16,Ct,2023-07-14 00:00:00,2023-07-14 00:00:00,2023-07-27 00:00:00,Yes,75,Male,Male at birth,White,Non-Hispanic,No,No,No,No,No,2
131265-38,7,156434451.847096,415008,133755-1,Resident,Illness Day 8,2023-07-21 00:00:00,7,,Positive,Positive,0,8.19433240473011,Within detectable range,,,VL,2023-07-14 00:00:00,2023-07-14 00:00:00,2023-07-27 00:00:00,Yes,75,Male,Male at birth,White,Non-Hispanic,No,No,No,No,No,2
131265-38,7,16.25,415008,133755-1,Resident,Illness Day 8,2023-07-21 00:00:00,7,,Positive,Positive,0,8.19433240473011,Within detectable range,,,Ct,2023-07-14 00:00:00,2023-07-14 00:00:00,2023-07-27 00:00:00,Yes,75,Male,Male at birth,White,Non-Hispanic,No,No,No,No,No,2
131265-38,8,337496024.076745,415008,133755-1,Resident,Illness Day 9,2023-07-22 00:00:00,8,,Positive,Positive,0,8.52826866092497,Within detectable range,,,VL,2023-07-14 00:00:00,2023-07-14 00:00:00,2023-07-27 00:00:00,Yes,75,Male,Male at birth,White,Non-Hispanic,No,No,No,No,No,2
131265-38,8,15.92,415008,133755-1,Resident,Illness Day 9,2023-07-22 00:00:00,8,,Positive,Positive,0,8.52826866092497,Within detectable range,,,Ct,2023-07-14 00:00:00,2023-07-14 00:00:00,2023-07-27 00:00:00,Yes,75,Male,Male at birth,White,Non-Hispanic,No,No,No,No,No,2
131265-38,9,31746609.5436346,415008,133755-1,Resident,Illness Day 10,2023-07-23 00:00:00,9,,Positive,Positive,0,7.50169735056925,Within detectable range,,,VL,2023-07-14 00:00:00,2023-07-14 00:00:00,2023-07-27 00:00:00,Yes,75,Male,Male at birth,White,Non-Hispanic,No,No,No,No,No,2
131265-38,9,18.48,415008,133755-1,Resident,Illness Day 10,2023-07-23 00:00:00,9,,Positive,Positive,0,7.50169735056925,Within detectable range,,,Ct,2023-07-14 00:00:00,2023-07-14 00:00:00,2023-07-27 00:00:00,Yes,75,Male,Male at birth,White,Non-Hispanic,No,No,No,No,No,2
131265-38,10,147024.8730597,415008,133755-1,Resident,Illness Day 11,2023-07-24 00:00:00,10,,Positive,Positive,0,5.16739081310726,Within detectable range,,,VL,2023-07-14 00:00:00,2023-07-14 00:00:00,2023-07-27 00:00:00,Yes,75,Male,Male at birth,White,Non-Hispanic,No,No,No,No,No,2
131265-38,10,25.97,415008,133755-1,Resident,Illness Day 11,2023-07-24 00:00:00,10,,Positive,Positive,0,5.16739081310726,Within detectable range,,,Ct,2023-07-14 00:00:00,2023-07-14 00:00:00,2023-07-27 00:00:00,Yes,75,Male,Male at birth,White,Non-Hispanic,No,No,No,No,No,2
131265-38,11,4311.02111514092,415008,133755-1,Resident,Illness Day 12,2023-07-25 00:00:00,11,,Positive,Positive,0,3.63458015000924,"Less than 10,000 copies/mL",,,VL,2023-07-14 00:00:00,2023-07-14 00:00:00,2023-07-27 00:00:00,Yes,75,Male,Male at birth,White,Non-Hispanic,No,No,No,No,No,2
131265-38,11,31.64,415008,133755-1,Resident,Illness Day 12,2023-07-25 00:00:00,11,,Positive,Positive,0,3.63458015000924,"Less than 10,000 copies/mL",,,Ct,2023-07-14 00:00:00,2023-07-14 00:00:00,2023-07-27 00:00:00,Yes,75,Male,Male at birth,White,Non-Hispanic,No,No,No,No,No,2
131265-38,12,2579.86039857645,415008,133755-1,Resident,Illness Day 13,2023-07-26 00:00:00,12,,Positive,Positive,0,3.41159620605306,"Less than 10,000 copies/mL",,,VL,2023-07-14 00:00:00,2023-07-14 00:00:00,2023-07-27 00:00:00,Yes,75,Male,Male at birth,White,Non-Hispanic,No,No,No,No,No,2
131265-38,12,32.4,415008,133755-1,Resident,Illness Day 13,2023-07-26 00:00:00,12,,Positive,Positive,0,3.41159620605306,"Less than 10,000 copies/mL",,,Ct,2023-07-14 00:00:00,2023-07-14 00:00:00,2023-07-27 00:00:00,Yes,75,Male,Male at birth,White,Non-Hispanic,No,No,No,No,No,2
131265-38,13,6543.04225846414,415008,133755-1,Resident,Illness Day 14,2023-07-27 00:00:00,13,,Positive,Positive,0,3.81577972521331,"Less than 10,000 copies/mL",,,VL,2023-07-14 00:00:00,2023-07-14 00:00:00,2023-07-27 00:00:00,Yes,75,Male,Male at birth,White,Non-Hispanic,No,No,No,No,No,2
131265-38,13,30.75,415008,133755-1,Resident,Illness Day 14,2023-07-27 00:00:00,13,,Positive,Positive,0,3.81577972521331,"Less than 10,000 copies/mL",,,Ct,2023-07-14 00:00:00,2023-07-14 00:00:00,2023-07-27 00:00:00,Yes,75,Male,Male at birth,White,Non-Hispanic,No,No,No,No,No,2
131265-9,0,1217686.85643048,415008,133755-1,Resident,Illness Day 1,2023-07-10 00:00:00,0,,Positive,Positive,,6.0855356183384,Within detectable range,Omicron,XBB.1.16,VL,2023-05-16 00:00:00,2023-07-10 00:00:00,2023-10-09 00:00:00,Yes,75,Female,Female at birth,White,Non-Hispanic,No,No,No,No,No,5
131265-9,0,22.28,415008,133755-1,Resident,Illness Day 1,2023-07-10 00:00:00,0,,Positive,Positive,,6.0855356183384,Within detectable range,Omicron,XBB.1.16,Ct,2023-05-16 00:00:00,2023-07-10 00:00:00,2023-10-09 00:00:00,Yes,75,Female,Female at birth,White,Non-Hispanic,No,No,No,No,No,5
131265-9,1,1517.23858493371,415008,133755-1,Resident,Illness Day 2,2023-07-11 00:00:00,1,,Positive,Positive,,3.1810538787254,"Less than 10,000 copies/mL",,,VL,2023-05-16 00:00:00,2023-07-10 00:00:00,2023-10-09 00:00:00,Yes,75,Female,Female at birth,White,Non-Hispanic,No,No,No,No,No,5
131265-9,1,32.53,415008,133755-1,Resident,Illness Day 2,2023-07-11 00:00:00,1,,Positive,Positive,,3.1810538787254,"Less than 10,000 copies/mL",,,Ct,2023-05-16 00:00:00,2023-07-10 00:00:00,2023-10-09 00:00:00,Yes,75,Female,Female at birth,White,Non-Hispanic,No,No,No,No,No,5
131265-9,2,1164.86568762245,415008,133755-1,Resident,Illness Day 3,2023-07-12 00:00:00,2,,Positive,Positive,,3.06627585284087,"Less than 10,000 copies/mL",,,VL,2023-05-16 00:00:00,2023-07-10 00:00:00,2023-10-09 00:00:00,Yes,75,Female,Female at birth,White,Non-Hispanic,No,No,No,No,No,5
131265-9,2,32.12,415008,133755-1,Resident,Illness Day 3,2023-07-12 00:00:00,2,,Positive,Positive,,3.06627585284087,"Less than 10,000 copies/mL",,,Ct,2023-05-16 00:00:00,2023-07-10 00:00:00,2023-10-09 00:00:00,Yes,75,Female,Female at birth,White,Non-Hispanic,No,No,No,No,No,5
131265-9,3,3926.83372252821,415008,133755-1,Resident,Illness Day 4,2023-07-13 00:00:00,3,,Negative,Positive,,3.59404251193573,"Less than 10,000 copies/mL",,,VL,2023-05-16 00:00:00,2023-07-10 00:00:00,2023-10-09 00:00:00,Yes,75,Female,Female at birth,White,Non-Hispanic,No,No,No,No,No,5
131265-9,3,31.45,415008,133755-1,Resident,Illness Day 4,2023-07-13 00:00:00,3,,Negative,Positive,,3.59404251193573,"Less than 10,000 copies/mL",,,Ct,2023-05-16 00:00:00,2023-07-10 00:00:00,2023-10-09 00:00:00,Yes,75,Female,Female at birth,White,Non-Hispanic,No,No,No,No,No,5
131265-9,5,1262.22907332196,415008,133755-1,Resident,Illness Day 6,2023-07-15 00:00:00,5,,Negative,Positive,,3.10113817919629,"Less than 10,000 copies/mL",,,VL,2023-05-16 00:00:00,2023-07-10 00:00:00,2023-10-09 00:00:00,Yes,75,Female,Female at birth,White,Non-Hispanic,No,No,No,No,No,5
131265-9,5,32.56,415008,133755-1,Resident,Illness Day 6,2023-07-15 00:00:00,5,,Negative,Positive,,3.10113817919629,"Less than 10,000 copies/mL",,,Ct,2023-05-16 00:00:00,2023-07-10 00:00:00,2023-10-09 00:00:00,Yes,75,Female,Female at birth,White,Non-Hispanic,No,No,No,No,No,5
131265-9,6,,415008,133755-1,Resident,Illness Day 7,2023-07-16 00:00:00,6,,Negative,Negative,,,"Undetectable, will not be done",,,VL,2023-05-16 00:00:00,2023-07-10 00:00:00,2023-10-09 00:00:00,Yes,75,Female,Female at birth,White,Non-Hispanic,No,No,No,No,No,5
131265-9,6,37.71,415008,133755-1,Resident,Illness Day 7,2023-07-16 00:00:00,6,,Negative,Negative,,,"Undetectable, will not be done",,,Ct,2023-05-16 00:00:00,2023-07-10 00:00:00,2023-10-09 00:00:00,Yes,75,Female,Female at birth,White,Non-Hispanic,No,No,No,No,No,5
131265-9,7,1887.01710641738,415008,133755-1,Resident,Illness Day 8,2023-07-17 00:00:00,7,,Inconclusive,Positive,,3.27577583720203,"Less than 10,000 copies/mL",,,VL,2023-05-16 00:00:00,2023-07-10 00:00:00,2023-10-09 00:00:00,Yes,75,Female,Female at birth,White,Non-Hispanic,No,No,No,No,No,5
131265-9,7,27.16,415008,133755-1,Resident,Illness Day 8,2023-07-17 00:00:00,7,,Inconclusive,Positive,,3.27577583720203,"Less than 10,000 copies/mL",,,Ct,2023-05-16 00:00:00,2023-07-10 00:00:00,2023-10-09 00:00:00,Yes,75,Female,Female at birth,White,Non-Hispanic,No,No,No,No,No,5
131265-9,8,359.081837439219,415008,133755-1,Resident,Illness Day 9,2023-07-18 00:00:00,8,,Negative,Positive,,2.55519343882307,"Less than 10,000 copies/mL",,,VL,2023-05-16 00:00:00,2023-07-10 00:00:00,2023-10-09 00:00:00,Yes,75,Female,Female at birth,White,Non-Hispanic,No,No,No,No,No,5
131265-9,8,32.96,415008,133755-1,Resident,Illness Day 9,2023-07-18 00:00:00,8,,Negative,Positive,,2.55519343882307,"Less than 10,000 copies/mL",,,Ct,2023-05-16 00:00:00,2023-07-10 00:00:00,2023-10-09 00:00:00,Yes,75,Female,Female at birth,White,Non-Hispanic,No,No,No,No,No,5
131265-9,10,,415008,133755-1,Resident,Illness Day 11,2023-07-20 00:00:00,10,,Negative,Negative,0,,"Undetectable, will not be done",,,VL,2023-05-16 00:00:00,2023-07-10 00:00:00,2023-10-09 00:00:00,Yes,75,Female,Female at birth,White,Non-Hispanic,No,No,No,No,No,5
131265-9,10,Not available,415008,133755-1,Resident,Illness Day 11,2023-07-20 00:00:00,10,,Negative,Negative,0,,"Undetectable, will not be done",,,Ct,2023-05-16 00:00:00,2023-07-10 00:00:00,2023-10-09 00:00:00,Yes,75,Female,Female at birth,White,Non-Hispanic,No,No,No,No,No,5
131265-9,11,,415008,133755-1,Resident,Illness Day 12,2023-07-21 00:00:00,11,,Negative,Negative,0,,"Undetectable, will not be done",,,VL,2023-05-16 00:00:00,2023-07-10 00:00:00,2023-10-09 00:00:00,Yes,75,Female,Female at birth,White,Non-Hispanic,No,No,No,No,No,5
131265-9,11,Not available,415008,133755-1,Resident,Illness Day 12,2023-07-21 00:00:00,11,,Negative,Negative,0,,"Undetectable, will not be done",,,Ct,2023-05-16 00:00:00,2023-07-10 00:00:00,2023-10-09 00:00:00,Yes,75,Female,Female at birth,White,Non-Hispanic,No,No,No,No,No,5
131265-9,12,,415008,133755-1,Resident,Illness Day 13,2023-07-22 00:00:00,12,,Negative,Negative,0,,"Undetectable, will not be done",,,VL,2023-05-16 00:00:00,2023-07-10 00:00:00,2023-10-09 00:00:00,Yes,75,Female,Female at birth,White,Non-Hispanic,No,No,No,No,No,5
131265-9,12,Not available,415008,133755-1,Resident,Illness Day 13,2023-07-22 00:00:00,12,,Negative,Negative,0,,"Undetectable, will not be done",,,Ct,2023-05-16 00:00:00,2023-07-10 00:00:00,2023-10-09 00:00:00,Yes,75,Female,Female at birth,White,Non-Hispanic,No,No,No,No,No,5
131265-9,13,,415008,133755-1,Resident,Illness Day 14,2023-07-23 00:00:00,13,,Negative,Negative,0,,"Undetectable, will not be done",,,VL,2023-05-16 00:00:00,2023-07-10 00:00:00,2023-10-09 00:00:00,Yes,75,Female,Female at birth,White,Non-Hispanic,No,No,No,No,No,5
131265-9,13,Not available,415008,133755-1,Resident,Illness Day 14,2023-07-23 00:00:00,13,,Negative,Negative,0,,"Undetectable, will not be done",,,Ct,2023-05-16 00:00:00,2023-07-10 00:00:00,2023-10-09 00:00:00,Yes,75,Female,Female at birth,White,Non-Hispanic,No,No,No,No,No,5
131265-9,17,,415008,133755-1,Resident,Op ill w3 t1,2023-07-27 00:00:00,17,,Negative,Negative,0,,"Undetectable, will not be done",,,VL,2023-05-16 00:00:00,2023-07-10 00:00:00,2023-10-09 00:00:00,Yes,75,Female,Female at birth,White,Non-Hispanic,No,No,No,No,No,5
131265-9,17,Not available,415008,133755-1,Resident,Op ill w3 t1,2023-07-27 00:00:00,17,,Negative,Negative,0,,"Undetectable, will not be done",,,Ct,2023-05-16 00:00:00,2023-07-10 00:00:00,2023-10-09 00:00:00,Yes,75,Female,Female at birth,White,Non-Hispanic,No,No,No,No,No,5
131265-9,21,,415008,133755-1,Resident,Op ill w3 t2,2023-07-31 00:00:00,21,,Negative,Negative,0,,"Undetectable, will not be done",,,VL,2023-05-16 00:00:00,2023-07-10 00:00:00,2023-10-09 00:00:00,Yes,75,Female,Female at birth,White,Non-Hispanic,No,No,No,No,No,5
131265-9,21,Not available,415008,133755-1,Resident,Op ill w3 t2,2023-07-31 00:00:00,21,,Negative,Negative,0,,"Undetectable, will not be done",,,Ct,2023-05-16 00:00:00,2023-07-10 00:00:00,2023-10-09 00:00:00,Yes,75,Female,Female at birth,White,Non-Hispanic,No,No,No,No,No,5
131265-9,24,,415008,133755-1,Resident,Op ill w4 t1,2023-08-03 00:00:00,24,,Negative,Negative,0,,"Undetectable, will not be done",,,VL,2023-05-16 00:00:00,2023-07-10 00:00:00,2023-10-09 00:00:00,Yes,75,Female,Female at birth,White,Non-Hispanic,No,No,No,No,No,5
131265-9,24,Not available,415008,133755-1,Resident,Op ill w4 t1,2023-08-03 00:00:00,24,,Negative,Negative,0,,"Undetectable, will not be done",,,Ct,2023-05-16 00:00:00,2023-07-10 00:00:00,2023-10-09 00:00:00,Yes,75,Female,Female at birth,White,Non-Hispanic,No,No,No,No,No,5
131265-9,28,,415008,133755-1,Resident,Op ill w4 t2,2023-08-07 00:00:00,28,,Negative,Negative,0,,"Undetectable, will not be done",,,VL,2023-05-16 00:00:00,2023-07-10 00:00:00,2023-10-09 00:00:00,Yes,75,Female,Female at birth,White,Non-Hispanic,No,No,No,No,No,5
131265-9,28,Not available,415008,133755-1,Resident,Op ill w4 t2,2023-08-07 00:00:00,28,,Negative,Negative,0,,"Undetectable, will not be done",,,Ct,2023-05-16 00:00:00,2023-07-10 00:00:00,2023-10-09 00:00:00,Yes,75,Female,Female at birth,White,Non-Hispanic,No,No,No,No,No,5
131265-9,36,,415008,133755-1,Resident,Op ill week 5,2023-08-15 00:00:00,36,,Negative,Negative,0,,"Undetectable, will not be done",,,VL,2023-05-16 00:00:00,2023-07-10 00:00:00,2023-10-09 00:00:00,Yes,75,Female,Female at birth,White,Non-Hispanic,No,No,No,No,No,5
131265-9,36,Not available,415008,133755-1,Resident,Op ill week 5,2023-08-15 00:00:00,36,,Negative,Negative,0,,"Undetectable, will not be done",,,Ct,2023-05-16 00:00:00,2023-07-10 00:00:00,2023-10-09 00:00:00,Yes,75,Female,Female at birth,White,Non-Hispanic,No,No,No,No,No,5
131265-9,42,,415008,133755-1,Resident,Op ill week 6,2023-08-21 00:00:00,42,,Negative,Negative,0,,"Undetectable, will not be done",,,VL,2023-05-16 00:00:00,2023-07-10 00:00:00,2023-10-09 00:00:00,Yes,75,Female,Female at birth,White,Non-Hispanic,No,No,No,No,No,5
131265-9,42,Not available,415008,133755-1,Resident,Op ill week 6,2023-08-21 00:00:00,42,,Negative,Negative,0,,"Undetectable, will not be done",,,Ct,2023-05-16 00:00:00,2023-07-10 00:00:00,2023-10-09 00:00:00,Yes,75,Female,Female at birth,White,Non-Hispanic,No,No,No,No,No,5
131265-9,49,,415008,133755-1,Resident,Op ill week 7,2023-08-28 00:00:00,49,,Negative,Negative,0,,"Undetectable, will not be done",,,VL,2023-05-16 00:00:00,2023-07-10 00:00:00,2023-10-09 00:00:00,Yes,75,Female,Female at birth,White,Non-Hispanic,No,No,No,No,No,5
131265-9,49,Not available,415008,133755-1,Resident,Op ill week 7,2023-08-28 00:00:00,49,,Negative,Negative,0,,"Undetectable, will not be done",,,Ct,2023-05-16 00:00:00,2023-07-10 00:00:00,2023-10-09 00:00:00,Yes,75,Female,Female at birth,White,Non-Hispanic,No,No,No,No,No,5
131265-9,57,,415008,133755-1,Resident,Op ill week 8,2023-09-05 00:00:00,57,,Negative,Negative,0,,"Undetectable, will not be done",,,VL,2023-05-16 00:00:00,2023-07-10 00:00:00,2023-10-09 00:00:00,Yes,75,Female,Female at birth,White,Non-Hispanic,No,No,No,No,No,5
131265-9,57,Not available,415008,133755-1,Resident,Op ill week 8,2023-09-05 00:00:00,57,,Negative,Negative,0,,"Undetectable, will not be done",,,Ct,2023-05-16 00:00:00,2023-07-10 00:00:00,2023-10-09 00:00:00,Yes,75,Female,Female at birth,White,Non-Hispanic,No,No,No,No,No,5
131265-9,63,,415008,133755-1,Resident,Op ill week 9,2023-09-11 00:00:00,63,,Negative,Negative,0,,"Undetectable, will not be done",,,VL,2023-05-16 00:00:00,2023-07-10 00:00:00,2023-10-09 00:00:00,Yes,75,Female,Female at birth,White,Non-Hispanic,No,No,No,No,No,5
131265-9,63,Not available,415008,133755-1,Resident,Op ill week 9,2023-09-11 00:00:00,63,,Negative,Negative,0,,"Undetectable, will not be done",,,Ct,2023-05-16 00:00:00,2023-07-10 00:00:00,2023-10-09 00:00:00,Yes,75,Female,Female at birth,White,Non-Hispanic,No,No,No,No,No,5
131265-9,72,,415008,133755-1,Resident,Op ill week 10,2023-09-20 00:00:00,72,,Negative,Negative,0,,"Undetectable, will not be done",,,VL,2023-05-16 00:00:00,2023-07-10 00:00:00,2023-10-09 00:00:00,Yes,75,Female,Female at birth,White,Non-Hispanic,No,No,No,No,No,5
131265-9,72,Not available,415008,133755-1,Resident,Op ill week 10,2023-09-20 00:00:00,72,,Negative,Negative,0,,"Undetectable, will not be done",,,Ct,2023-05-16 00:00:00,2023-07-10 00:00:00,2023-10-09 00:00:00,Yes,75,Female,Female at birth,White,Non-Hispanic,No,No,No,No,No,5
131265-9,79,,415008,133755-1,Resident,Op ill week 11,2023-09-27 00:00:00,79,,Negative,Negative,0,,"Undetectable, will not be done",,,VL,2023-05-16 00:00:00,2023-07-10 00:00:00,2023-10-09 00:00:00,Yes,75,Female,Female at birth,White,Non-Hispanic,No,No,No,No,No,5
131265-9,79,Not available,415008,133755-1,Resident,Op ill week 11,2023-09-27 00:00:00,79,,Negative,Negative,0,,"Undetectable, will not be done",,,Ct,2023-05-16 00:00:00,2023-07-10 00:00:00,2023-10-09 00:00:00,Yes,75,Female,Female at birth,White,Non-Hispanic,No,No,No,No,No,5
131265-9,86,,415008,133755-1,Resident,Op ill week 12,2023-10-04 00:00:00,86,,Negative,Negative,0,,"Undetectable, will not be done",,,VL,2023-05-16 00:00:00,2023-07-10 00:00:00,2023-10-09 00:00:00,Yes,75,Female,Female at birth,White,Non-Hispanic,No,No,No,No,No,5
131265-9,86,Not available,415008,133755-1,Resident,Op ill week 12,2023-10-04 00:00:00,86,,Negative,Negative,0,,"Undetectable, will not be done",,,Ct,2023-05-16 00:00:00,2023-07-10 00:00:00,2023-10-09 00:00:00,Yes,75,Female,Female at birth,White,Non-Hispanic,No,No,No,No,No,5
131265-9,91,,415008,133755-1,Resident,Op ill week 13,2023-10-09 00:00:00,91,,Negative,Negative,0,,"Undetectable, will not be done",,,VL,2023-05-16 00:00:00,2023-07-10 00:00:00,2023-10-09 00:00:00,Yes,75,Female,Female at birth,White,Non-Hispanic,No,No,No,No,No,5
131265-9,91,Not available,415008,133755-1,Resident,Op ill week 13,2023-10-09 00:00:00,91,,Negative,Negative,0,,"Undetectable, will not be done",,,Ct,2023-05-16 00:00:00,2023-07-10 00:00:00,2023-10-09 00:00:00,Yes,75,Female,Female at birth,White,Non-Hispanic,No,No,No,No,No,5
131265-49,3,119507938.087073,415034,133755-2,Staff,Illness Day 3,2023-08-17 00:00:00,3,,Positive,Positive,0,8.0773967534257,Within detectable range,,,VL,2023-08-17 00:00:00,2023-08-14 00:00:00,2023-09-08 00:00:00,Yes,32,Female,Female at birth,White,Non-Hispanic,No,No,No,No,No,4
131265-49,3,18.01,415034,133755-2,Staff,Illness Day 3,2023-08-17 00:00:00,3,,Positive,Positive,0,8.0773967534257,Within detectable range,,,Ct,2023-08-17 00:00:00,2023-08-14 00:00:00,2023-09-08 00:00:00,Yes,32,Female,Female at birth,White,Non-Hispanic,No,No,No,No,No,4
131265-49,4,517490426.014158,415034,133755-2,Staff,Illness Day 4,2023-08-18 00:00:00,4,,Positive,Positive,0,8.7139023194088,Within detectable range,Omicron,XBB.1.16.6,VL,2023-08-17 00:00:00,2023-08-14 00:00:00,2023-09-08 00:00:00,Yes,32,Female,Female at birth,White,Non-Hispanic,No,No,No,No,No,4
131265-49,4,15.9,415034,133755-2,Staff,Illness Day 4,2023-08-18 00:00:00,4,,Positive,Positive,0,8.7139023194088,Within detectable range,Omicron,XBB.1.16.6,Ct,2023-08-17 00:00:00,2023-08-14 00:00:00,2023-09-08 00:00:00,Yes,32,Female,Female at birth,White,Non-Hispanic,No,No,No,No,No,4
131265-49,5,15321436.5998009,415034,133755-2,Staff,Illness Day 5,2023-08-19 00:00:00,5,,Positive,Positive,0,7.18529948841116,Within detectable range,,,VL,2023-08-17 00:00:00,2023-08-14 00:00:00,2023-09-08 00:00:00,Yes,32,Female,Female at birth,White,Non-Hispanic,No,No,No,No,No,4
131265-49,5,20.9,415034,133755-2,Staff,Illness Day 5,2023-08-19 00:00:00,5,,Positive,Positive,0,7.18529948841116,Within detectable range,,,Ct,2023-08-17 00:00:00,2023-08-14 00:00:00,2023-09-08 00:00:00,Yes,32,Female,Female at birth,White,Non-Hispanic,No,No,No,No,No,4
131265-49,6,371146.90453221,415034,133755-2,Staff,Illness Day 6,2023-08-20 00:00:00,6,,Positive,Positive,0,5.56954584276777,Within detectable range,,,VL,2023-08-17 00:00:00,2023-08-14 00:00:00,2023-09-08 00:00:00,Yes,32,Female,Female at birth,White,Non-Hispanic,No,No,No,No,No,4
131265-49,6,27.48,415034,133755-2,Staff,Illness Day 6,2023-08-20 00:00:00,6,,Positive,Positive,0,5.56954584276777,Within detectable range,,,Ct,2023-08-17 00:00:00,2023-08-14 00:00:00,2023-09-08 00:00:00,Yes,32,Female,Female at birth,White,Non-Hispanic,No,No,No,No,No,4
131265-49,7,52217.9464829266,415034,133755-2,Staff,Illness Day 7,2023-08-21 00:00:00,7,,Positive,Positive,0,4.71781978880693,Within detectable range,,,VL,2023-08-17 00:00:00,2023-08-14 00:00:00,2023-09-08 00:00:00,Yes,32,Female,Female at birth,White,Non-Hispanic,No,No,No,No,No,4
131265-49,7,29.4,415034,133755-2,Staff,Illness Day 7,2023-08-21 00:00:00,7,,Positive,Positive,0,4.71781978880693,Within detectable range,,,Ct,2023-08-17 00:00:00,2023-08-14 00:00:00,2023-09-08 00:00:00,Yes,32,Female,Female at birth,White,Non-Hispanic,No,No,No,No,No,4
131265-49,8,31355.6457144178,415034,133755-2,Staff,Illness Day 8,2023-08-22 00:00:00,8,,Negative,Positive,0,4.49631574873507,Within detectable range,,,VL,2023-08-17 00:00:00,2023-08-14 00:00:00,2023-09-08 00:00:00,Yes,32,Female,Female at birth,White,Non-Hispanic,No,No,No,No,No,4
131265-49,8,28.39,415034,133755-2,Staff,Illness Day 8,2023-08-22 00:00:00,8,,Negative,Positive,0,4.49631574873507,Within detectable range,,,Ct,2023-08-17 00:00:00,2023-08-14 00:00:00,2023-09-08 00:00:00,Yes,32,Female,Female at birth,White,Non-Hispanic,No,No,No,No,No,4
131265-49,9,6967.86288458307,415034,133755-2,Staff,Illness Day 9,2023-08-23 00:00:00,9,,Negative,Positive,0,3.843099595924,"Less than 10,000 copies/mL",,,VL,2023-08-17 00:00:00,2023-08-14 00:00:00,2023-09-08 00:00:00,Yes,32,Female,Female at birth,White,Non-Hispanic,No,No,No,No,No,4
131265-49,9,31.56,415034,133755-2,Staff,Illness Day 9,2023-08-23 00:00:00,9,,Negative,Positive,0,3.843099595924,"Less than 10,000 copies/mL",,,Ct,2023-08-17 00:00:00,2023-08-14 00:00:00,2023-09-08 00:00:00,Yes,32,Female,Female at birth,White,Non-Hispanic,No,No,No,No,No,4
131265-49,10,,415034,133755-2,Staff,Illness Day 10,2023-08-24 00:00:00,10,,Negative,Negative,0,,"Undetectable, will not be done",,,VL,2023-08-17 00:00:00,2023-08-14 00:00:00,2023-09-08 00:00:00,Yes,32,Female,Female at birth,White,Non-Hispanic,No,No,No,No,No,4
131265-49,10,38.12,415034,133755-2,Staff,Illness Day 10,2023-08-24 00:00:00,10,,Negative,Negative,0,,"Undetectable, will not be done",,,Ct,2023-08-17 00:00:00,2023-08-14 00:00:00,2023-09-08 00:00:00,Yes,32,Female,Female at birth,White,Non-Hispanic,No,No,No,No,No,4
131265-49,11,,415034,133755-2,Staff,Illness Day 11,2023-08-25 00:00:00,11,,Negative,Positive,0,,"VL run, not detected",,,VL,2023-08-17 00:00:00,2023-08-14 00:00:00,2023-09-08 00:00:00,Yes,32,Female,Female at birth,White,Non-Hispanic,No,No,No,No,No,4
131265-49,11,34,415034,133755-2,Staff,Illness Day 11,2023-08-25 00:00:00,11,,Negative,Positive,0,,"VL run, not detected",,,Ct,2023-08-17 00:00:00,2023-08-14 00:00:00,2023-09-08 00:00:00,Yes,32,Female,Female at birth,White,Non-Hispanic,No,No,No,No,No,4
131265-49,12,,415034,133755-2,Staff,Illness Day 12,2023-08-26 00:00:00,12,,Negative,Negative,0,,"Undetectable, will not be done",,,VL,2023-08-17 00:00:00,2023-08-14 00:00:00,2023-09-08 00:00:00,Yes,32,Female,Female at birth,White,Non-Hispanic,No,No,No,No,No,4
131265-49,12,41.26,415034,133755-2,Staff,Illness Day 12,2023-08-26 00:00:00,12,,Negative,Negative,0,,"Undetectable, will not be done",,,Ct,2023-08-17 00:00:00,2023-08-14 00:00:00,2023-09-08 00:00:00,Yes,32,Female,Female at birth,White,Non-Hispanic,No,No,No,No,No,4
131265-49,13,553.158175614562,415034,133755-2,Staff,Illness Day 13,2023-08-27 00:00:00,13,,Negative,Positive,0,2.74284933559764,"Less than 10,000 copies/mL",,,VL,2023-08-17 00:00:00,2023-08-14 00:00:00,2023-09-08 00:00:00,Yes,32,Female,Female at birth,White,Non-Hispanic,No,No,No,No,No,4
131265-49,13,36.58,415034,133755-2,Staff,Illness Day 13,2023-08-27 00:00:00,13,,Negative,Positive,0,2.74284933559764,"Less than 10,000 copies/mL",,,Ct,2023-08-17 00:00:00,2023-08-14 00:00:00,2023-09-08 00:00:00,Yes,32,Female,Female at birth,White,Non-Hispanic,No,No,No,No,No,4
131265-49,14,,415034,133755-2,Staff,Illness Day 14,2023-08-28 00:00:00,14,,Inconclusive,Positive,0,,"VL run, not detected",,,VL,2023-08-17 00:00:00,2023-08-14 00:00:00,2023-09-08 00:00:00,Yes,32,Female,Female at birth,White,Non-Hispanic,No,No,No,No,No,4
131265-49,14,33.65,415034,133755-2,Staff,Illness Day 14,2023-08-28 00:00:00,14,,Inconclusive,Positive,0,,"VL run, not detected",,,Ct,2023-08-17 00:00:00,2023-08-14 00:00:00,2023-09-08 00:00:00,Yes,32,Female,Female at birth,White,Non-Hispanic,No,No,No,No,No,4
131265-49,16,,415034,133755-2,Staff,Op ill w3 t1,2023-08-30 00:00:00,16,,Negative,Negative,0,,"Undetectable, will not be done",,,VL,2023-08-17 00:00:00,2023-08-14 00:00:00,2023-09-08 00:00:00,Yes,32,Female,Female at birth,White,Non-Hispanic,No,No,No,No,No,4
131265-49,16,Not available,415034,133755-2,Staff,Op ill w3 t1,2023-08-30 00:00:00,16,,Negative,Negative,0,,"Undetectable, will not be done",,,Ct,2023-08-17 00:00:00,2023-08-14 00:00:00,2023-09-08 00:00:00,Yes,32,Female,Female at birth,White,Non-Hispanic,No,No,No,No,No,4
131265-49,18,,415034,133755-2,Staff,Op ill w3 t2,2023-09-01 00:00:00,18,,Negative,Negative,0,,"Undetectable, will not be done",,,VL,2023-08-17 00:00:00,2023-08-14 00:00:00,2023-09-08 00:00:00,Yes,32,Female,Female at birth,White,Non-Hispanic,No,No,No,No,No,4
131265-49,18,40.43,415034,133755-2,Staff,Op ill w3 t2,2023-09-01 00:00:00,18,,Negative,Negative,0,,"Undetectable, will not be done",,,Ct,2023-08-17 00:00:00,2023-08-14 00:00:00,2023-09-08 00:00:00,Yes,32,Female,Female at birth,White,Non-Hispanic,No,No,No,No,No,4
131265-49,22,,415034,133755-2,Staff,Op ill w4 t2,2023-09-05 00:00:00,22,,Negative,Negative,0,,"Undetectable, will not be done",,,VL,2023-08-17 00:00:00,2023-08-14 00:00:00,2023-09-08 00:00:00,Yes,32,Female,Female at birth,White,Non-Hispanic,No,No,No,No,No,4
131265-49,22,Not available,415034,133755-2,Staff,Op ill w4 t2,2023-09-05 00:00:00,22,,Negative,Negative,0,,"Undetectable, will not be done",,,Ct,2023-08-17 00:00:00,2023-08-14 00:00:00,2023-09-08 00:00:00,Yes,32,Female,Female at birth,White,Non-Hispanic,No,No,No,No,No,4
131265-49,25,,415034,133755-2,Staff,Op ill w4 t1,2023-09-08 00:00:00,25,,Negative,Negative,0,,"Undetectable, will not be done",,,VL,2023-08-17 00:00:00,2023-08-14 00:00:00,2023-09-08 00:00:00,Yes,32,Female,Female at birth,White,Non-Hispanic,No,No,No,No,No,4
131265-49,25,Not available,415034,133755-2,Staff,Op ill w4 t1,2023-09-08 00:00:00,25,,Negative,Negative,0,,"Undetectable, will not be done",,,Ct,2023-08-17 00:00:00,2023-08-14 00:00:00,2023-09-08 00:00:00,Yes,32,Female,Female at birth,White,Non-Hispanic,No,No,No,No,No,4
131265-4,1,3616182.52150109,415008,133755-4,Resident,Illness Day 2,2023-09-11 00:00:00,1,,Positive,Positive,0,6.5582503427326,Within detectable range,Omicron,EG.5.1.1,VL,2023-05-08 00:00:00,2023-09-10 00:00:00,2023-12-11 00:00:00,Yes,67,Male,Male at birth,White,Non-Hispanic,No,No,No,No,No,6
131265-4,1,21.72,415008,133755-4,Resident,Illness Day 2,2023-09-11 00:00:00,1,,Positive,Positive,0,6.5582503427326,Within detectable range,Omicron,EG.5.1.1,Ct,2023-05-08 00:00:00,2023-09-10 00:00:00,2023-12-11 00:00:00,Yes,67,Male,Male at birth,White,Non-Hispanic,No,No,No,No,No,6
131265-4,2,111370.159558113,415008,133755-4,Resident,Illness Day 3,2023-09-12 00:00:00,2,,Positive,Positive,0,5.04676884186752,Within detectable range,,,VL,2023-05-08 00:00:00,2023-09-10 00:00:00,2023-12-11 00:00:00,Yes,67,Male,Male at birth,White,Non-Hispanic,No,No,No,No,No,6
131265-4,2,26.5,415008,133755-4,Resident,Illness Day 3,2023-09-12 00:00:00,2,,Positive,Positive,0,5.04676884186752,Within detectable range,,,Ct,2023-05-08 00:00:00,2023-09-10 00:00:00,2023-12-11 00:00:00,Yes,67,Male,Male at birth,White,Non-Hispanic,No,No,No,No,No,6
131265-4,3,203827.086015154,415008,133755-4,Resident,Illness Day 4,2023-09-13 00:00:00,3,,Positive,Positive,0,5.30926189569242,Within detectable range,,,VL,2023-05-08 00:00:00,2023-09-10 00:00:00,2023-12-11 00:00:00,Yes,67,Male,Male at birth,White,Non-Hispanic,No,No,No,No,No,6
131265-4,3,25.72,415008,133755-4,Resident,Illness Day 4,2023-09-13 00:00:00,3,,Positive,Positive,0,5.30926189569242,Within detectable range,,,Ct,2023-05-08 00:00:00,2023-09-10 00:00:00,2023-12-11 00:00:00,Yes,67,Male,Male at birth,White,Non-Hispanic,No,No,No,No,No,6
131265-4,4,3333.53115512682,415008,133755-4,Resident,Illness Day 5,2023-09-14 00:00:00,4,,Positive,Positive,0,3.52290451838957,"Less than 10,000 copies/mL",,,VL,2023-05-08 00:00:00,2023-09-10 00:00:00,2023-12-11 00:00:00,Yes,67,Male,Male at birth,White,Non-Hispanic,No,No,No,No,No,6
131265-4,4,32.17,415008,133755-4,Resident,Illness Day 5,2023-09-14 00:00:00,4,,Positive,Positive,0,3.52290451838957,"Less than 10,000 copies/mL",,,Ct,2023-05-08 00:00:00,2023-09-10 00:00:00,2023-12-11 00:00:00,Yes,67,Male,Male at birth,White,Non-Hispanic,No,No,No,No,No,6
131265-4,5,332.146189297278,415008,133755-4,Resident,Illness Day 6,2023-09-15 00:00:00,5,,Positive,Positive,0,2.5213292741593,"Less than 10,000 copies/mL",,,VL,2023-05-08 00:00:00,2023-09-10 00:00:00,2023-12-11 00:00:00,Yes,67,Male,Male at birth,White,Non-Hispanic,No,No,No,No,No,6
131265-4,5,35.58,415008,133755-4,Resident,Illness Day 6,2023-09-15 00:00:00,5,,Positive,Positive,0,2.5213292741593,"Less than 10,000 copies/mL",,,Ct,2023-05-08 00:00:00,2023-09-10 00:00:00,2023-12-11 00:00:00,Yes,67,Male,Male at birth,White,Non-Hispanic,No,No,No,No,No,6
131265-4,6,,415008,133755-4,Resident,Illness Day 7,2023-09-16 00:00:00,6,,Positive,Negative,0,,"Undetectable, will not be done",,,VL,2023-05-08 00:00:00,2023-09-10 00:00:00,2023-12-11 00:00:00,Yes,67,Male,Male at birth,White,Non-Hispanic,No,No,No,No,No,6
131265-4,6,Not available,415008,133755-4,Resident,Illness Day 7,2023-09-16 00:00:00,6,,Positive,Negative,0,,"Undetectable, will not be done",,,Ct,2023-05-08 00:00:00,2023-09-10 00:00:00,2023-12-11 00:00:00,Yes,67,Male,Male at birth,White,Non-Hispanic,No,No,No,No,No,6
131265-4,7,,415008,133755-4,Resident,Illness Day 8,2023-09-17 00:00:00,7,,Negative,Negative,0,,"Undetectable, will not be done",,,VL,2023-05-08 00:00:00,2023-09-10 00:00:00,2023-12-11 00:00:00,Yes,67,Male,Male at birth,White,Non-Hispanic,No,No,No,No,No,6
131265-4,7,Not available,415008,133755-4,Resident,Illness Day 8,2023-09-17 00:00:00,7,,Negative,Negative,0,,"Undetectable, will not be done",,,Ct,2023-05-08 00:00:00,2023-09-10 00:00:00,2023-12-11 00:00:00,Yes,67,Male,Male at birth,White,Non-Hispanic,No,No,No,No,No,6
131265-4,8,,415008,133755-4,Resident,Illness Day 9,2023-09-18 00:00:00,8,,Negative,Negative,0,,"Undetectable, will not be done",,,VL,2023-05-08 00:00:00,2023-09-10 00:00:00,2023-12-11 00:00:00,Yes,67,Male,Male at birth,White,Non-Hispanic,No,No,No,No,No,6
131265-4,8,Not available,415008,133755-4,Resident,Illness Day 9,2023-09-18 00:00:00,8,,Negative,Negative,0,,"Undetectable, will not be done",,,Ct,2023-05-08 00:00:00,2023-09-10 00:00:00,2023-12-11 00:00:00,Yes,67,Male,Male at birth,White,Non-Hispanic,No,No,No,No,No,6
131265-4,9,,415008,133755-4,Resident,Illness Day 10,2023-09-19 00:00:00,9,,Negative,Negative,0,,"Undetectable, will not be done",,,VL,2023-05-08 00:00:00,2023-09-10 00:00:00,2023-12-11 00:00:00,Yes,67,Male,Male at birth,White,Non-Hispanic,No,No,No,No,No,6
131265-4,9,37.27,415008,133755-4,Resident,Illness Day 10,2023-09-19 00:00:00,9,,Negative,Negative,0,,"Undetectable, will not be done",,,Ct,2023-05-08 00:00:00,2023-09-10 00:00:00,2023-12-11 00:00:00,Yes,67,Male,Male at birth,White,Non-Hispanic,No,No,No,No,No,6
131265-4,10,,415008,133755-4,Resident,Illness Day 11,2023-09-20 00:00:00,10,,Negative,Negative,0,,"Undetectable, will not be done",,,VL,2023-05-08 00:00:00,2023-09-10 00:00:00,2023-12-11 00:00:00,Yes,67,Male,Male at birth,White,Non-Hispanic,No,No,No,No,No,6
131265-4,10,38.63,415008,133755-4,Resident,Illness Day 11,2023-09-20 00:00:00,10,,Negative,Negative,0,,"Undetectable, will not be done",,,Ct,2023-05-08 00:00:00,2023-09-10 00:00:00,2023-12-11 00:00:00,Yes,67,Male,Male at birth,White,Non-Hispanic,No,No,No,No,No,6
131265-4,11,,415008,133755-4,Resident,Illness Day 12,2023-09-21 00:00:00,11,,Negative,Negative,0,,"Undetectable, will not be done",,,VL,2023-05-08 00:00:00,2023-09-10 00:00:00,2023-12-11 00:00:00,Yes,67,Male,Male at birth,White,Non-Hispanic,No,No,No,No,No,6
131265-4,11,37.42,415008,133755-4,Resident,Illness Day 12,2023-09-21 00:00:00,11,,Negative,Negative,0,,"Undetectable, will not be done",,,Ct,2023-05-08 00:00:00,2023-09-10 00:00:00,2023-12-11 00:00:00,Yes,67,Male,Male at birth,White,Non-Hispanic,No,No,No,No,No,6
131265-4,12,,415008,133755-4,Resident,Illness Day 13,2023-09-22 00:00:00,12,,Negative,Negative,0,,"Undetectable, will not be done",,,VL,2023-05-08 00:00:00,2023-09-10 00:00:00,2023-12-11 00:00:00,Yes,67,Male,Male at birth,White,Non-Hispanic,No,No,No,No,No,6
131265-4,12,38.08,415008,133755-4,Resident,Illness Day 13,2023-09-22 00:00:00,12,,Negative,Negative,0,,"Undetectable, will not be done",,,Ct,2023-05-08 00:00:00,2023-09-10 00:00:00,2023-12-11 00:00:00,Yes,67,Male,Male at birth,White,Non-Hispanic,No,No,No,No,No,6
131265-4,13,,415008,133755-4,Resident,Illness Day 14,2023-09-23 00:00:00,13,,Negative,Negative,0,,"Undetectable, will not be done",,,VL,2023-05-08 00:00:00,2023-09-10 00:00:00,2023-12-11 00:00:00,Yes,67,Male,Male at birth,White,Non-Hispanic,No,No,No,No,No,6
131265-4,13,Not available,415008,133755-4,Resident,Illness Day 14,2023-09-23 00:00:00,13,,Negative,Negative,0,,"Undetectable, will not be done",,,Ct,2023-05-08 00:00:00,2023-09-10 00:00:00,2023-12-11 00:00:00,Yes,67,Male,Male at birth,White,Non-Hispanic,No,No,No,No,No,6
131265-4,16,,415008,133755-4,Resident,Op ill w3 t1,2023-09-26 00:00:00,16,,Negative,Negative,0,,"Undetectable, will not be done",,,VL,2023-05-08 00:00:00,2023-09-10 00:00:00,2023-12-11 00:00:00,Yes,67,Male,Male at birth,White,Non-Hispanic,No,No,No,No,No,6
131265-4,16,Not available,415008,133755-4,Resident,Op ill w3 t1,2023-09-26 00:00:00,16,,Negative,Negative,0,,"Undetectable, will not be done",,,Ct,2023-05-08 00:00:00,2023-09-10 00:00:00,2023-12-11 00:00:00,Yes,67,Male,Male at birth,White,Non-Hispanic,No,No,No,No,No,6
131265-4,19,,415008,133755-4,Resident,Op ill w3 t2,2023-09-29 00:00:00,19,,Negative,Negative,0,,"Undetectable, will not be done",,,VL,2023-05-08 00:00:00,2023-09-10 00:00:00,2023-12-11 00:00:00,Yes,67,Male,Male at birth,White,Non-Hispanic,No,No,No,No,No,6
131265-4,19,Not available,415008,133755-4,Resident,Op ill w3 t2,2023-09-29 00:00:00,19,,Negative,Negative,0,,"Undetectable, will not be done",,,Ct,2023-05-08 00:00:00,2023-09-10 00:00:00,2023-12-11 00:00:00,Yes,67,Male,Male at birth,White,Non-Hispanic,No,No,No,No,No,6
131265-4,23,,415008,133755-4,Resident,Op ill w4 t1,2023-10-03 00:00:00,23,,Negative,Negative,0,,"Undetectable, will not be done",,,VL,2023-05-08 00:00:00,2023-09-10 00:00:00,2023-12-11 00:00:00,Yes,67,Male,Male at birth,White,Non-Hispanic,No,No,No,No,No,6
131265-4,23,Not available,415008,133755-4,Resident,Op ill w4 t1,2023-10-03 00:00:00,23,,Negative,Negative,0,,"Undetectable, will not be done",,,Ct,2023-05-08 00:00:00,2023-09-10 00:00:00,2023-12-11 00:00:00,Yes,67,Male,Male at birth,White,Non-Hispanic,No,No,No,No,No,6
131265-4,29,,415008,133755-4,Resident,Op ill w4 t2,2023-10-09 00:00:00,29,,Negative,Negative,0,,"Undetectable, will not be done",,,VL,2023-05-08 00:00:00,2023-09-10 00:00:00,2023-12-11 00:00:00,Yes,67,Male,Male at birth,White,Non-Hispanic,No,No,No,No,No,6
131265-4,29,Not available,415008,133755-4,Resident,Op ill w4 t2,2023-10-09 00:00:00,29,,Negative,Negative,0,,"Undetectable, will not be done",,,Ct,2023-05-08 00:00:00,2023-09-10 00:00:00,2023-12-11 00:00:00,Yes,67,Male,Male at birth,White,Non-Hispanic,No,No,No,No,No,6
131265-4,36,,415008,133755-4,Resident,Op ill week 5,2023-10-16 00:00:00,36,,Negative,Negative,0,,"Undetectable, will not be done",,,VL,2023-05-08 00:00:00,2023-09-10 00:00:00,2023-12-11 00:00:00,Yes,67,Male,Male at birth,White,Non-Hispanic,No,No,No,No,No,6
131265-4,36,Not available,415008,133755-4,Resident,Op ill week 5,2023-10-16 00:00:00,36,,Negative,Negative,0,,"Undetectable, will not be done",,,Ct,2023-05-08 00:00:00,2023-09-10 00:00:00,2023-12-11 00:00:00,Yes,67,Male,Male at birth,White,Non-Hispanic,No,No,No,No,No,6
131265-4,44,,415008,133755-4,Resident,Op ill week 6,2023-10-24 00:00:00,44,,Negative,Negative,0,,"Undetectable, will not be done",,,VL,2023-05-08 00:00:00,2023-09-10 00:00:00,2023-12-11 00:00:00,Yes,67,Male,Male at birth,White,Non-Hispanic,No,No,No,No,No,6
131265-4,44,Not available,415008,133755-4,Resident,Op ill week 6,2023-10-24 00:00:00,44,,Negative,Negative,0,,"Undetectable, will not be done",,,Ct,2023-05-08 00:00:00,2023-09-10 00:00:00,2023-12-11 00:00:00,Yes,67,Male,Male at birth,White,Non-Hispanic,No,No,No,No,No,6
131265-4,50,,415008,133755-4,Resident,Op ill week 7,2023-10-30 00:00:00,50,,Negative,Negative,0,,"Undetectable, will not be done",,,VL,2023-05-08 00:00:00,2023-09-10 00:00:00,2023-12-11 00:00:00,Yes,67,Male,Male at birth,White,Non-Hispanic,No,No,No,No,No,6
131265-4,50,Not available,415008,133755-4,Resident,Op ill week 7,2023-10-30 00:00:00,50,,Negative,Negative,0,,"Undetectable, will not be done",,,Ct,2023-05-08 00:00:00,2023-09-10 00:00:00,2023-12-11 00:00:00,Yes,67,Male,Male at birth,White,Non-Hispanic,No,No,No,No,No,6
131265-4,57,,415008,133755-4,Resident,Op ill week 8,2023-11-06 00:00:00,57,,Negative,Negative,0,,"Undetectable, will not be done",,,VL,2023-05-08 00:00:00,2023-09-10 00:00:00,2023-12-11 00:00:00,Yes,67,Male,Male at birth,White,Non-Hispanic,No,No,No,No,No,6
131265-4,57,Not available,415008,133755-4,Resident,Op ill week 8,2023-11-06 00:00:00,57,,Negative,Negative,0,,"Undetectable, will not be done",,,Ct,2023-05-08 00:00:00,2023-09-10 00:00:00,2023-12-11 00:00:00,Yes,67,Male,Male at birth,White,Non-Hispanic,No,No,No,No,No,6
131265-4,64,,415008,133755-4,Resident,Op ill week 9,2023-11-13 00:00:00,64,,Negative,Negative,0,,"Undetectable, will not be done",,,VL,2023-05-08 00:00:00,2023-09-10 00:00:00,2023-12-11 00:00:00,Yes,67,Male,Male at birth,White,Non-Hispanic,No,No,No,No,No,6
131265-4,64,Not available,415008,133755-4,Resident,Op ill week 9,2023-11-13 00:00:00,64,,Negative,Negative,0,,"Undetectable, will not be done",,,Ct,2023-05-08 00:00:00,2023-09-10 00:00:00,2023-12-11 00:00:00,Yes,67,Male,Male at birth,White,Non-Hispanic,No,No,No,No,No,6
131265-4,72,,415008,133755-4,Resident,Op ill week 10,2023-11-21 00:00:00,72,,Negative,Negative,0,,"Undetectable, will not be done",,,VL,2023-05-08 00:00:00,2023-09-10 00:00:00,2023-12-11 00:00:00,Yes,67,Male,Male at birth,White,Non-Hispanic,No,No,No,No,No,6
131265-4,72,Not available,415008,133755-4,Resident,Op ill week 10,2023-11-21 00:00:00,72,,Negative,Negative,0,,"Undetectable, will not be done",,,Ct,2023-05-08 00:00:00,2023-09-10 00:00:00,2023-12-11 00:00:00,Yes,67,Male,Male at birth,White,Non-Hispanic,No,No,No,No,No,6
131265-4,79,,415008,133755-4,Resident,Op ill week 11,2023-11-28 00:00:00,79,,Negative,Negative,0,,"Undetectable, will not be done",,,VL,2023-05-08 00:00:00,2023-09-10 00:00:00,2023-12-11 00:00:00,Yes,67,Male,Male at birth,White,Non-Hispanic,No,No,No,No,No,6
131265-4,79,Not available,415008,133755-4,Resident,Op ill week 11,2023-11-28 00:00:00,79,,Negative,Negative,0,,"Undetectable, will not be done",,,Ct,2023-05-08 00:00:00,2023-09-10 00:00:00,2023-12-11 00:00:00,Yes,67,Male,Male at birth,White,Non-Hispanic,No,No,No,No,No,6
131265-4,86,,415008,133755-4,Resident,Op ill week 12,2023-12-05 00:00:00,86,,Negative,Negative,0,,"Undetectable, will not be done",,,VL,2023-05-08 00:00:00,2023-09-10 00:00:00,2023-12-11 00:00:00,Yes,67,Male,Male at birth,White,Non-Hispanic,No,No,No,No,No,6
131265-4,86,Not available,415008,133755-4,Resident,Op ill week 12,2023-12-05 00:00:00,86,,Negative,Negative,0,,"Undetectable, will not be done",,,Ct,2023-05-08 00:00:00,2023-09-10 00:00:00,2023-12-11 00:00:00,Yes,67,Male,Male at birth,White,Non-Hispanic,No,No,No,No,No,6
131265-4,92,,415008,133755-4,Resident,Op ill week 13,2023-12-11 00:00:00,92,,Negative,Negative,0,,"Undetectable, will not be done",,,VL,2023-05-08 00:00:00,2023-09-10 00:00:00,2023-12-11 00:00:00,Yes,67,Male,Male at birth,White,Non-Hispanic,No,No,No,No,No,6
131265-4,92,Not available,415008,133755-4,Resident,Op ill week 13,2023-12-11 00:00:00,92,,Negative,Negative,0,,"Undetectable, will not be done",,,Ct,2023-05-08 00:00:00,2023-09-10 00:00:00,2023-12-11 00:00:00,Yes,67,Male,Male at birth,White,Non-Hispanic,No,No,No,No,No,6
131265-68,1,11869998.6889502,415008,133755-4,Resident,Illness Day 1,2023-09-05 00:00:00,1,,Positive,Positive,0,7.07445067098646,Within detectable range,Omicron,EG.5.1.1,VL,2023-09-05 00:00:00,2023-09-04 00:00:00,2023-12-05 00:00:00,Yes,71,Female,Female at birth,White,Non-Hispanic,No,No,No,No,No,5
131265-68,1,20.08,415008,133755-4,Resident,Illness Day 1,2023-09-05 00:00:00,1,,Positive,Positive,0,7.07445067098646,Within detectable range,Omicron,EG.5.1.1,Ct,2023-09-05 00:00:00,2023-09-04 00:00:00,2023-12-05 00:00:00,Yes,71,Female,Female at birth,White,Non-Hispanic,No,No,No,No,No,5
131265-68,2,113050.980722494,415008,133755-4,Resident,Illness Day 2,2023-09-06 00:00:00,2,,Positive,Positive,0,5.05327433422247,Within detectable range,,,VL,2023-09-05 00:00:00,2023-09-04 00:00:00,2023-12-05 00:00:00,Yes,71,Female,Female at birth,White,Non-Hispanic,No,No,No,No,No,5
131265-68,2,27.01,415008,133755-4,Resident,Illness Day 2,2023-09-06 00:00:00,2,,Positive,Positive,0,5.05327433422247,Within detectable range,,,Ct,2023-09-05 00:00:00,2023-09-04 00:00:00,2023-12-05 00:00:00,Yes,71,Female,Female at birth,White,Non-Hispanic,No,No,No,No,No,5
131265-68,3,132405.908571088,415008,133755-4,Resident,Illness Day 3,2023-09-07 00:00:00,3,,Positive,Positive,0,5.1219073657877,Within detectable range,,,VL,2023-09-05 00:00:00,2023-09-04 00:00:00,2023-12-05 00:00:00,Yes,71,Female,Female at birth,White,Non-Hispanic,No,No,No,No,No,5
131265-68,3,25.89,415008,133755-4,Resident,Illness Day 3,2023-09-07 00:00:00,3,,Positive,Positive,0,5.1219073657877,Within detectable range,,,Ct,2023-09-05 00:00:00,2023-09-04 00:00:00,2023-12-05 00:00:00,Yes,71,Female,Female at birth,White,Non-Hispanic,No,No,No,No,No,5
131265-68,4,20712.3606371245,415008,133755-4,Resident,Illness Day 4,2023-09-08 00:00:00,4,,Positive,Positive,0,4.3162295992919,Within detectable range,,,VL,2023-09-05 00:00:00,2023-09-04 00:00:00,2023-12-05 00:00:00,Yes,71,Female,Female at birth,White,Non-Hispanic,No,No,No,No,No,5
131265-68,4,27.55,415008,133755-4,Resident,Illness Day 4,2023-09-08 00:00:00,4,,Positive,Positive,0,4.3162295992919,Within detectable range,,,Ct,2023-09-05 00:00:00,2023-09-04 00:00:00,2023-12-05 00:00:00,Yes,71,Female,Female at birth,White,Non-Hispanic,No,No,No,No,No,5
131265-68,5,1222173.55005645,415008,133755-4,Resident,Illness Day 5,2023-09-09 00:00:00,5,,Positive,Positive,0,6.08713288060388,Within detectable range,,,VL,2023-09-05 00:00:00,2023-09-04 00:00:00,2023-12-05 00:00:00,Yes,71,Female,Female at birth,White,Non-Hispanic,No,No,No,No,No,5
131265-68,5,23.38,415008,133755-4,Resident,Illness Day 5,2023-09-09 00:00:00,5,,Positive,Positive,0,6.08713288060388,Within detectable range,,,Ct,2023-09-05 00:00:00,2023-09-04 00:00:00,2023-12-05 00:00:00,Yes,71,Female,Female at birth,White,Non-Hispanic,No,No,No,No,No,5
131265-68,6,13681.7327190476,415008,133755-4,Resident,Illness Day 6,2023-09-10 00:00:00,6,,Positive,Positive,0,4.13614110196512,Within detectable range,,,VL,2023-09-05 00:00:00,2023-09-04 00:00:00,2023-12-05 00:00:00,Yes,71,Female,Female at birth,White,Non-Hispanic,No,No,No,No,No,5
131265-68,6,29.58,415008,133755-4,Resident,Illness Day 6,2023-09-10 00:00:00,6,,Positive,Positive,0,4.13614110196512,Within detectable range,,,Ct,2023-09-05 00:00:00,2023-09-04 00:00:00,2023-12-05 00:00:00,Yes,71,Female,Female at birth,White,Non-Hispanic,No,No,No,No,No,5
131265-68,7,22819.4506536498,415008,133755-4,Resident,Illness Day 7,2023-09-11 00:00:00,7,,Positive,Positive,0,4.35830518517596,Within detectable range,,,VL,2023-09-05 00:00:00,2023-09-04 00:00:00,2023-12-05 00:00:00,Yes,71,Female,Female at birth,White,Non-Hispanic,No,No,No,No,No,5
131265-68,7,28.69,415008,133755-4,Resident,Illness Day 7,2023-09-11 00:00:00,7,,Positive,Positive,0,4.35830518517596,Within detectable range,,,Ct,2023-09-05 00:00:00,2023-09-04 00:00:00,2023-12-05 00:00:00,Yes,71,Female,Female at birth,White,Non-Hispanic,No,No,No,No,No,5
131265-68,8,9383.59791238693,415008,133755-4,Resident,Illness Day 8,2023-09-12 00:00:00,8,,Positive,Positive,0,3.97236938996714,"Less than 10,000 copies/mL",,,VL,2023-09-05 00:00:00,2023-09-04 00:00:00,2023-12-05 00:00:00,Yes,71,Female,Female at birth,White,Non-Hispanic,No,No,No,No,No,5
131265-68,8,29.86,415008,133755-4,Resident,Illness Day 8,2023-09-12 00:00:00,8,,Positive,Positive,0,3.97236938996714,"Less than 10,000 copies/mL",,,Ct,2023-09-05 00:00:00,2023-09-04 00:00:00,2023-12-05 00:00:00,Yes,71,Female,Female at birth,White,Non-Hispanic,No,No,No,No,No,5
131265-68,9,29158.6622270861,415008,133755-4,Resident,Illness Day 9,2023-09-13 00:00:00,9,,Positive,Positive,0,4.464767595067,Within detectable range,,,VL,2023-09-05 00:00:00,2023-09-04 00:00:00,2023-12-05 00:00:00,Yes,71,Female,Female at birth,White,Non-Hispanic,No,No,No,No,No,5
131265-68,9,29.22,415008,133755-4,Resident,Illness Day 9,2023-09-13 00:00:00,9,,Positive,Positive,0,4.464767595067,Within detectable range,,,Ct,2023-09-05 00:00:00,2023-09-04 00:00:00,2023-12-05 00:00:00,Yes,71,Female,Female at birth,White,Non-Hispanic,No,No,No,No,No,5
131265-68,10,1118.2533346423,415008,133755-4,Resident,Illness Day 10,2023-09-14 00:00:00,10,,Positive,Positive,0,3.04854020191699,"Less than 10,000 copies/mL",,,VL,2023-09-05 00:00:00,2023-09-04 00:00:00,2023-12-05 00:00:00,Yes,71,Female,Female at birth,White,Non-Hispanic,No,No,No,No,No,5
131265-68,10,33.44,415008,133755-4,Resident,Illness Day 10,2023-09-14 00:00:00,10,,Positive,Positive,0,3.04854020191699,"Less than 10,000 copies/mL",,,Ct,2023-09-05 00:00:00,2023-09-04 00:00:00,2023-12-05 00:00:00,Yes,71,Female,Female at birth,White,Non-Hispanic,No,No,No,No,No,5
131265-68,11,599.861769298428,415008,133755-4,Resident,Illness Day 11,2023-09-15 00:00:00,11,,Positive,Positive,0,2.77805118413814,"Less than 10,000 copies/mL",,,VL,2023-09-05 00:00:00,2023-09-04 00:00:00,2023-12-05 00:00:00,Yes,71,Female,Female at birth,White,Non-Hispanic,No,No,No,No,No,5
131265-68,11,34.49,415008,133755-4,Resident,Illness Day 11,2023-09-15 00:00:00,11,,Positive,Positive,0,2.77805118413814,"Less than 10,000 copies/mL",,,Ct,2023-09-05 00:00:00,2023-09-04 00:00:00,2023-12-05 00:00:00,Yes,71,Female,Female at birth,White,Non-Hispanic,No,No,No,No,No,5
131265-68,12,235.77371271459,415008,133755-4,Resident,Illness Day 12,2023-09-16 00:00:00,12,,Negative,Positive,0,2.37249538235617,"Less than 10,000 copies/mL",,,VL,2023-09-05 00:00:00,2023-09-04 00:00:00,2023-12-05 00:00:00,Yes,71,Female,Female at birth,White,Non-Hispanic,No,No,No,No,No,5
131265-68,12,35.91,415008,133755-4,Resident,Illness Day 12,2023-09-16 00:00:00,12,,Negative,Positive,0,2.37249538235617,"Less than 10,000 copies/mL",,,Ct,2023-09-05 00:00:00,2023-09-04 00:00:00,2023-12-05 00:00:00,Yes,71,Female,Female at birth,White,Non-Hispanic,No,No,No,No,No,5
131265-68,13,,415008,133755-4,Resident,Illness Day 13,2023-09-17 00:00:00,13,,Negative,Negative,0,,"Undetectable, will not be done",,,VL,2023-09-05 00:00:00,2023-09-04 00:00:00,2023-12-05 00:00:00,Yes,71,Female,Female at birth,White,Non-Hispanic,No,No,No,No,No,5
131265-68,13,Not available,415008,133755-4,Resident,Illness Day 13,2023-09-17 00:00:00,13,,Negative,Negative,0,,"Undetectable, will not be done",,,Ct,2023-09-05 00:00:00,2023-09-04 00:00:00,2023-12-05 00:00:00,Yes,71,Female,Female at birth,White,Non-Hispanic,No,No,No,No,No,5
131265-68,14,,415008,133755-4,Resident,Illness Day 14,2023-09-18 00:00:00,14,,Negative,Negative,0,,"Undetectable, will not be done",,,VL,2023-09-05 00:00:00,2023-09-04 00:00:00,2023-12-05 00:00:00,Yes,71,Female,Female at birth,White,Non-Hispanic,No,No,No,No,No,5
131265-68,14,40.78,415008,133755-4,Resident,Illness Day 14,2023-09-18 00:00:00,14,,Negative,Negative,0,,"Undetectable, will not be done",,,Ct,2023-09-05 00:00:00,2023-09-04 00:00:00,2023-12-05 00:00:00,Yes,71,Female,Female at birth,White,Non-Hispanic,No,No,No,No,No,5
131265-68,18,,415008,133755-4,Resident,Op ill w3 t1,2023-09-22 00:00:00,18,,Negative,Negative,0,,"Undetectable, will not be done",,,VL,2023-09-05 00:00:00,2023-09-04 00:00:00,2023-12-05 00:00:00,Yes,71,Female,Female at birth,White,Non-Hispanic,No,No,No,No,No,5
131265-68,18,Not available,415008,133755-4,Resident,Op ill w3 t1,2023-09-22 00:00:00,18,,Negative,Negative,0,,"Undetectable, will not be done",,,Ct,2023-09-05 00:00:00,2023-09-04 00:00:00,2023-12-05 00:00:00,Yes,71,Female,Female at birth,White,Non-Hispanic,No,No,No,No,No,5
131265-68,22,,415008,133755-4,Resident,Op ill w3 t2,2023-09-26 00:00:00,22,,Negative,Negative,0,,"Undetectable, will not be done",,,VL,2023-09-05 00:00:00,2023-09-04 00:00:00,2023-12-05 00:00:00,Yes,71,Female,Female at birth,White,Non-Hispanic,No,No,No,No,No,5
131265-68,22,Not available,415008,133755-4,Resident,Op ill w3 t2,2023-09-26 00:00:00,22,,Negative,Negative,0,,"Undetectable, will not be done",,,Ct,2023-09-05 00:00:00,2023-09-04 00:00:00,2023-12-05 00:00:00,Yes,71,Female,Female at birth,White,Non-Hispanic,No,No,No,No,No,5
131265-68,25,,415008,133755-4,Resident,Op ill w4 t1,2023-09-29 00:00:00,25,,Negative,Negative,0,,"Undetectable, will not be done",,,VL,2023-09-05 00:00:00,2023-09-04 00:00:00,2023-12-05 00:00:00,Yes,71,Female,Female at birth,White,Non-Hispanic,No,No,No,No,No,5
131265-68,25,Not available,415008,133755-4,Resident,Op ill w4 t1,2023-09-29 00:00:00,25,,Negative,Negative,0,,"Undetectable, will not be done",,,Ct,2023-09-05 00:00:00,2023-09-04 00:00:00,2023-12-05 00:00:00,Yes,71,Female,Female at birth,White,Non-Hispanic,No,No,No,No,No,5
131265-68,29,,415008,133755-4,Resident,Op ill w4 t2,2023-10-03 00:00:00,29,,Negative,Negative,0,,"Undetectable, will not be done",,,VL,2023-09-05 00:00:00,2023-09-04 00:00:00,2023-12-05 00:00:00,Yes,71,Female,Female at birth,White,Non-Hispanic,No,No,No,No,No,5
131265-68,29,Not available,415008,133755-4,Resident,Op ill w4 t2,2023-10-03 00:00:00,29,,Negative,Negative,0,,"Undetectable, will not be done",,,Ct,2023-09-05 00:00:00,2023-09-04 00:00:00,2023-12-05 00:00:00,Yes,71,Female,Female at birth,White,Non-Hispanic,No,No,No,No,No,5
131265-68,35,,415008,133755-4,Resident,Op ill week 5,2023-10-09 00:00:00,35,,Negative,Negative,0,,"Undetectable, will not be done",,,VL,2023-09-05 00:00:00,2023-09-04 00:00:00,2023-12-05 00:00:00,Yes,71,Female,Female at birth,White,Non-Hispanic,No,No,No,No,No,5
131265-68,35,Not available,415008,133755-4,Resident,Op ill week 5,2023-10-09 00:00:00,35,,Negative,Negative,0,,"Undetectable, will not be done",,,Ct,2023-09-05 00:00:00,2023-09-04 00:00:00,2023-12-05 00:00:00,Yes,71,Female,Female at birth,White,Non-Hispanic,No,No,No,No,No,5
131265-68,43,,415008,133755-4,Resident,Op ill week 6,2023-10-17 00:00:00,43,,Negative,Negative,0,,"Undetectable, will not be done",,,VL,2023-09-05 00:00:00,2023-09-04 00:00:00,2023-12-05 00:00:00,Yes,71,Female,Female at birth,White,Non-Hispanic,No,No,No,No,No,5
131265-68,43,Not available,415008,133755-4,Resident,Op ill week 6,2023-10-17 00:00:00,43,,Negative,Negative,0,,"Undetectable, will not be done",,,Ct,2023-09-05 00:00:00,2023-09-04 00:00:00,2023-12-05 00:00:00,Yes,71,Female,Female at birth,White,Non-Hispanic,No,No,No,No,No,5
131265-68,50,,415008,133755-4,Resident,Op ill week 7,2023-10-24 00:00:00,50,,Negative,Negative,0,,"Undetectable, will not be done",,,VL,2023-09-05 00:00:00,2023-09-04 00:00:00,2023-12-05 00:00:00,Yes,71,Female,Female at birth,White,Non-Hispanic,No,No,No,No,No,5
131265-68,50,Not available,415008,133755-4,Resident,Op ill week 7,2023-10-24 00:00:00,50,,Negative,Negative,0,,"Undetectable, will not be done",,,Ct,2023-09-05 00:00:00,2023-09-04 00:00:00,2023-12-05 00:00:00,Yes,71,Female,Female at birth,White,Non-Hispanic,No,No,No,No,No,5
131265-68,56,,415008,133755-4,Resident,Op ill week 8,2023-10-30 00:00:00,56,,Negative,Negative,0,,"Undetectable, will not be done",,,VL,2023-09-05 00:00:00,2023-09-04 00:00:00,2023-12-05 00:00:00,Yes,71,Female,Female at birth,White,Non-Hispanic,No,No,No,No,No,5
131265-68,56,Not available,415008,133755-4,Resident,Op ill week 8,2023-10-30 00:00:00,56,,Negative,Negative,0,,"Undetectable, will not be done",,,Ct,2023-09-05 00:00:00,2023-09-04 00:00:00,2023-12-05 00:00:00,Yes,71,Female,Female at birth,White,Non-Hispanic,No,No,No,No,No,5
131265-68,63,,415008,133755-4,Resident,Op ill week 9,2023-11-06 00:00:00,63,,Negative,Negative,0,,"Undetectable, will not be done",,,VL,2023-09-05 00:00:00,2023-09-04 00:00:00,2023-12-05 00:00:00,Yes,71,Female,Female at birth,White,Non-Hispanic,No,No,No,No,No,5
131265-68,63,Not available,415008,133755-4,Resident,Op ill week 9,2023-11-06 00:00:00,63,,Negative,Negative,0,,"Undetectable, will not be done",,,Ct,2023-09-05 00:00:00,2023-09-04 00:00:00,2023-12-05 00:00:00,Yes,71,Female,Female at birth,White,Non-Hispanic,No,No,No,No,No,5
131265-68,70,,415008,133755-4,Resident,Op ill week 10,2023-11-13 00:00:00,70,,Negative,Negative,0,,"Undetectable, will not be done",,,VL,2023-09-05 00:00:00,2023-09-04 00:00:00,2023-12-05 00:00:00,Yes,71,Female,Female at birth,White,Non-Hispanic,No,No,No,No,No,5
131265-68,70,Not available,415008,133755-4,Resident,Op ill week 10,2023-11-13 00:00:00,70,,Negative,Negative,0,,"Undetectable, will not be done",,,Ct,2023-09-05 00:00:00,2023-09-04 00:00:00,2023-12-05 00:00:00,Yes,71,Female,Female at birth,White,Non-Hispanic,No,No,No,No,No,5
131265-68,78,,415008,133755-4,Resident,Op ill week 11,2023-11-21 00:00:00,78,,Negative,Negative,0,,"Undetectable, will not be done",,,VL,2023-09-05 00:00:00,2023-09-04 00:00:00,2023-12-05 00:00:00,Yes,71,Female,Female at birth,White,Non-Hispanic,No,No,No,No,No,5
131265-68,78,Not available,415008,133755-4,Resident,Op ill week 11,2023-11-21 00:00:00,78,,Negative,Negative,0,,"Undetectable, will not be done",,,Ct,2023-09-05 00:00:00,2023-09-04 00:00:00,2023-12-05 00:00:00,Yes,71,Female,Female at birth,White,Non-Hispanic,No,No,No,No,No,5
131265-68,85,,415008,133755-4,Resident,Op ill week 12,2023-11-28 00:00:00,85,,Negative,Negative,0,,"Undetectable, will not be done",,,VL,2023-09-05 00:00:00,2023-09-04 00:00:00,2023-12-05 00:00:00,Yes,71,Female,Female at birth,White,Non-Hispanic,No,No,No,No,No,5
131265-68,85,Not available,415008,133755-4,Resident,Op ill week 12,2023-11-28 00:00:00,85,,Negative,Negative,0,,"Undetectable, will not be done",,,Ct,2023-09-05 00:00:00,2023-09-04 00:00:00,2023-12-05 00:00:00,Yes,71,Female,Female at birth,White,Non-Hispanic,No,No,No,No,No,5
131265-68,92,,415008,133755-4,Resident,Op ill week 13,2023-12-05 00:00:00,92,,Negative,Negative,0,,"Undetectable, will not be done",,,VL,2023-09-05 00:00:00,2023-09-04 00:00:00,2023-12-05 00:00:00,Yes,71,Female,Female at birth,White,Non-Hispanic,No,No,No,No,No,5
131265-68,92,Not available,415008,133755-4,Resident,Op ill week 13,2023-12-05 00:00:00,92,,Negative,Negative,0,,"Undetectable, will not be done",,,Ct,2023-09-05 00:00:00,2023-09-04 00:00:00,2023-12-05 00:00:00,Yes,71,Female,Female at birth,White,Non-Hispanic,No,No,No,No,No,5
131265-69,0,51634.7176627941,415008,133755-4,Resident,Illness Day 1,2023-09-06 00:00:00,0,,Positive,Positive,0,4.71294180665323,Within detectable range,,,VL,2023-09-05 00:00:00,2023-09-06 00:00:00,2023-11-06 00:00:00,Yes,65,Female,Female at birth,Black or African American,Non-Hispanic,No,No,No,No,No,2
131265-69,0,26.35,415008,133755-4,Resident,Illness Day 1,2023-09-06 00:00:00,0,,Positive,Positive,0,4.71294180665323,Within detectable range,,,Ct,2023-09-05 00:00:00,2023-09-06 00:00:00,2023-11-06 00:00:00,Yes,65,Female,Female at birth,Black or African American,Non-Hispanic,No,No,No,No,No,2
131265-69,1,148047.583686785,415008,133755-4,Resident,Illness Day 2,2023-09-07 00:00:00,1,,Positive,Positive,0,5.17040132357902,Within detectable range,,,VL,2023-09-05 00:00:00,2023-09-06 00:00:00,2023-11-06 00:00:00,Yes,65,Female,Female at birth,Black or African American,Non-Hispanic,No,No,No,No,No,2
131265-69,1,25.76,415008,133755-4,Resident,Illness Day 2,2023-09-07 00:00:00,1,,Positive,Positive,0,5.17040132357902,Within detectable range,,,Ct,2023-09-05 00:00:00,2023-09-06 00:00:00,2023-11-06 00:00:00,Yes,65,Female,Female at birth,Black or African American,Non-Hispanic,No,No,No,No,No,2
131265-69,2,27041.5164081075,415008,133755-4,Resident,Illness Day 3,2023-09-08 00:00:00,2,,Positive,Positive,0,4.43203104190007,Within detectable range,,,VL,2023-09-05 00:00:00,2023-09-06 00:00:00,2023-11-06 00:00:00,Yes,65,Female,Female at birth,Black or African American,Non-Hispanic,No,No,No,No,No,2
131265-69,2,27.74,415008,133755-4,Resident,Illness Day 3,2023-09-08 00:00:00,2,,Positive,Positive,0,4.43203104190007,Within detectable range,,,Ct,2023-09-05 00:00:00,2023-09-06 00:00:00,2023-11-06 00:00:00,Yes,65,Female,Female at birth,Black or African American,Non-Hispanic,No,No,No,No,No,2
131265-69,3,1860149.79295806,415008,133755-4,Resident,Illness Day 4,2023-09-09 00:00:00,3,,Positive,Positive,0,6.26954791821562,Within detectable range,Omicron,EG.5.1.1,VL,2023-09-05 00:00:00,2023-09-06 00:00:00,2023-11-06 00:00:00,Yes,65,Female,Female at birth,Black or African American,Non-Hispanic,No,No,No,No,No,2
131265-69,3,23.43,415008,133755-4,Resident,Illness Day 4,2023-09-09 00:00:00,3,,Positive,Positive,0,6.26954791821562,Within detectable range,Omicron,EG.5.1.1,Ct,2023-09-05 00:00:00,2023-09-06 00:00:00,2023-11-06 00:00:00,Yes,65,Female,Female at birth,Black or African American,Non-Hispanic,No,No,No,No,No,2
131265-69,4,613.81686529418,415008,133755-4,Resident,Illness Day 5,2023-09-10 00:00:00,4,,Negative,Positive,0,2.78803881697878,"Less than 10,000 copies/mL",,,VL,2023-09-05 00:00:00,2023-09-06 00:00:00,2023-11-06 00:00:00,Yes,65,Female,Female at birth,Black or African American,Non-Hispanic,No,No,No,No,No,2
131265-69,4,33.41,415008,133755-4,Resident,Illness Day 5,2023-09-10 00:00:00,4,,Negative,Positive,0,2.78803881697878,"Less than 10,000 copies/mL",,,Ct,2023-09-05 00:00:00,2023-09-06 00:00:00,2023-11-06 00:00:00,Yes,65,Female,Female at birth,Black or African American,Non-Hispanic,No,No,No,No,No,2
131265-69,5,264.164390404659,415008,133755-4,Resident,Illness Day 6,2023-09-11 00:00:00,5,,Negative,Positive,0,2.42187427394064,"Less than 10,000 copies/mL",,,VL,2023-09-05 00:00:00,2023-09-06 00:00:00,2023-11-06 00:00:00,Yes,65,Female,Female at birth,Black or African American,Non-Hispanic,No,No,No,No,No,2
131265-69,5,31.98,415008,133755-4,Resident,Illness Day 6,2023-09-11 00:00:00,5,,Negative,Positive,0,2.42187427394064,"Less than 10,000 copies/mL",,,Ct,2023-09-05 00:00:00,2023-09-06 00:00:00,2023-11-06 00:00:00,Yes,65,Female,Female at birth,Black or African American,Non-Hispanic,No,No,No,No,No,2
131265-69,6,,415008,133755-4,Resident,Illness Day 7,2023-09-12 00:00:00,6,,Negative,Negative,0,,"Undetectable, will not be done",,,VL,2023-09-05 00:00:00,2023-09-06 00:00:00,2023-11-06 00:00:00,Yes,65,Female,Female at birth,Black or African American,Non-Hispanic,No,No,No,No,No,2
131265-69,6,Not available,415008,133755-4,Resident,Illness Day 7,2023-09-12 00:00:00,6,,Negative,Negative,0,,"Undetectable, will not be done",,,Ct,2023-09-05 00:00:00,2023-09-06 00:00:00,2023-11-06 00:00:00,Yes,65,Female,Female at birth,Black or African American,Non-Hispanic,No,No,No,No,No,2
131265-69,7,,415008,133755-4,Resident,Illness Day 8,2023-09-13 00:00:00,7,,Negative,Negative,0,,"Undetectable, will not be done",,,VL,2023-09-05 00:00:00,2023-09-06 00:00:00,2023-11-06 00:00:00,Yes,65,Female,Female at birth,Black or African American,Non-Hispanic,No,No,No,No,No,2
131265-69,7,Not available,415008,133755-4,Resident,Illness Day 8,2023-09-13 00:00:00,7,,Negative,Negative,0,,"Undetectable, will not be done",,,Ct,2023-09-05 00:00:00,2023-09-06 00:00:00,2023-11-06 00:00:00,Yes,65,Female,Female at birth,Black or African American,Non-Hispanic,No,No,No,No,No,2
131265-69,8,,415008,133755-4,Resident,Illness Day 9,2023-09-14 00:00:00,8,,Negative,Negative,0,,"Undetectable, will not be done",,,VL,2023-09-05 00:00:00,2023-09-06 00:00:00,2023-11-06 00:00:00,Yes,65,Female,Female at birth,Black or African American,Non-Hispanic,No,No,No,No,No,2
131265-69,8,Not available,415008,133755-4,Resident,Illness Day 9,2023-09-14 00:00:00,8,,Negative,Negative,0,,"Undetectable, will not be done",,,Ct,2023-09-05 00:00:00,2023-09-06 00:00:00,2023-11-06 00:00:00,Yes,65,Female,Female at birth,Black or African American,Non-Hispanic,No,No,No,No,No,2
131265-69,9,,415008,133755-4,Resident,Illness Day 10,2023-09-15 00:00:00,9,,Negative,Negative,0,,"Undetectable, will not be done",,,VL,2023-09-05 00:00:00,2023-09-06 00:00:00,2023-11-06 00:00:00,Yes,65,Female,Female at birth,Black or African American,Non-Hispanic,No,No,No,No,No,2
131265-69,9,Not available,415008,133755-4,Resident,Illness Day 10,2023-09-15 00:00:00,9,,Negative,Negative,0,,"Undetectable, will not be done",,,Ct,2023-09-05 00:00:00,2023-09-06 00:00:00,2023-11-06 00:00:00,Yes,65,Female,Female at birth,Black or African American,Non-Hispanic,No,No,No,No,No,2
131265-69,10,,415008,133755-4,Resident,Illness Day 11,2023-09-16 00:00:00,10,,Negative,Negative,0,,"Undetectable, will not be done",,,VL,2023-09-05 00:00:00,2023-09-06 00:00:00,2023-11-06 00:00:00,Yes,65,Female,Female at birth,Black or African American,Non-Hispanic,No,No,No,No,No,2
131265-69,10,Not available,415008,133755-4,Resident,Illness Day 11,2023-09-16 00:00:00,10,,Negative,Negative,0,,"Undetectable, will not be done",,,Ct,2023-09-05 00:00:00,2023-09-06 00:00:00,2023-11-06 00:00:00,Yes,65,Female,Female at birth,Black or African American,Non-Hispanic,No,No,No,No,No,2
131265-69,11,,415008,133755-4,Resident,Illness Day 12,2023-09-17 00:00:00,11,,Negative,Negative,0,,"Undetectable, will not be done",,,VL,2023-09-05 00:00:00,2023-09-06 00:00:00,2023-11-06 00:00:00,Yes,65,Female,Female at birth,Black or African American,Non-Hispanic,No,No,No,No,No,2
131265-69,11,Not available,415008,133755-4,Resident,Illness Day 12,2023-09-17 00:00:00,11,,Negative,Negative,0,,"Undetectable, will not be done",,,Ct,2023-09-05 00:00:00,2023-09-06 00:00:00,2023-11-06 00:00:00,Yes,65,Female,Female at birth,Black or African American,Non-Hispanic,No,No,No,No,No,2
131265-69,12,,415008,133755-4,Resident,Illness Day 13,2023-09-18 00:00:00,12,,Negative,Negative,0,,"Undetectable, will not be done",,,VL,2023-09-05 00:00:00,2023-09-06 00:00:00,2023-11-06 00:00:00,Yes,65,Female,Female at birth,Black or African American,Non-Hispanic,No,No,No,No,No,2
131265-69,12,Not available,415008,133755-4,Resident,Illness Day 13,2023-09-18 00:00:00,12,,Negative,Negative,0,,"Undetectable, will not be done",,,Ct,2023-09-05 00:00:00,2023-09-06 00:00:00,2023-11-06 00:00:00,Yes,65,Female,Female at birth,Black or African American,Non-Hispanic,No,No,No,No,No,2
131265-69,13,,415008,133755-4,Resident,Illness Day 14,2023-09-19 00:00:00,13,,Negative,Negative,0,,"Undetectable, will not be done",,,VL,2023-09-05 00:00:00,2023-09-06 00:00:00,2023-11-06 00:00:00,Yes,65,Female,Female at birth,Black or African American,Non-Hispanic,No,No,No,No,No,2
131265-69,13,Not available,415008,133755-4,Resident,Illness Day 14,2023-09-19 00:00:00,13,,Negative,Negative,0,,"Undetectable, will not be done",,,Ct,2023-09-05 00:00:00,2023-09-06 00:00:00,2023-11-06 00:00:00,Yes,65,Female,Female at birth,Black or African American,Non-Hispanic,No,No,No,No,No,2
131265-69,16,,415008,133755-4,Resident,Op ill w3 t1,2023-09-22 00:00:00,16,,Negative,Negative,0,,"Undetectable, will not be done",,,VL,2023-09-05 00:00:00,2023-09-06 00:00:00,2023-11-06 00:00:00,Yes,65,Female,Female at birth,Black or African American,Non-Hispanic,No,No,No,No,No,2
131265-69,16,Not available,415008,133755-4,Resident,Op ill w3 t1,2023-09-22 00:00:00,16,,Negative,Negative,0,,"Undetectable, will not be done",,,Ct,2023-09-05 00:00:00,2023-09-06 00:00:00,2023-11-06 00:00:00,Yes,65,Female,Female at birth,Black or African American,Non-Hispanic,No,No,No,No,No,2
131265-69,20,,415008,133755-4,Resident,Op ill w3 t2,2023-09-26 00:00:00,20,,Negative,Negative,0,,"Undetectable, will not be done",,,VL,2023-09-05 00:00:00,2023-09-06 00:00:00,2023-11-06 00:00:00,Yes,65,Female,Female at birth,Black or African American,Non-Hispanic,No,No,No,No,No,2
131265-69,20,Not available,415008,133755-4,Resident,Op ill w3 t2,2023-09-26 00:00:00,20,,Negative,Negative,0,,"Undetectable, will not be done",,,Ct,2023-09-05 00:00:00,2023-09-06 00:00:00,2023-11-06 00:00:00,Yes,65,Female,Female at birth,Black or African American,Non-Hispanic,No,No,No,No,No,2
131265-69,23,,415008,133755-4,Resident,Op ill w4 t1,2023-09-29 00:00:00,23,,Negative,Negative,0,,"Undetectable, will not be done",,,VL,2023-09-05 00:00:00,2023-09-06 00:00:00,2023-11-06 00:00:00,Yes,65,Female,Female at birth,Black or African American,Non-Hispanic,No,No,No,No,No,2
131265-69,23,Not available,415008,133755-4,Resident,Op ill w4 t1,2023-09-29 00:00:00,23,,Negative,Negative,0,,"Undetectable, will not be done",,,Ct,2023-09-05 00:00:00,2023-09-06 00:00:00,2023-11-06 00:00:00,Yes,65,Female,Female at birth,Black or African American,Non-Hispanic,No,No,No,No,No,2
131265-69,27,,415008,133755-4,Resident,Op ill w4 t2,2023-10-03 00:00:00,27,,Negative,Negative,0,,"Undetectable, will not be done",,,VL,2023-09-05 00:00:00,2023-09-06 00:00:00,2023-11-06 00:00:00,Yes,65,Female,Female at birth,Black or African American,Non-Hispanic,No,No,No,No,No,2
131265-69,27,Not available,415008,133755-4,Resident,Op ill w4 t2,2023-10-03 00:00:00,27,,Negative,Negative,0,,"Undetectable, will not be done",,,Ct,2023-09-05 00:00:00,2023-09-06 00:00:00,2023-11-06 00:00:00,Yes,65,Female,Female at birth,Black or African American,Non-Hispanic,No,No,No,No,No,2
131265-69,33,,415008,133755-4,Resident,Op ill week 5,2023-10-09 00:00:00,33,,Negative,Negative,0,,"Undetectable, will not be done",,,VL,2023-09-05 00:00:00,2023-09-06 00:00:00,2023-11-06 00:00:00,Yes,65,Female,Female at birth,Black or African American,Non-Hispanic,No,No,No,No,No,2
131265-69,33,Not available,415008,133755-4,Resident,Op ill week 5,2023-10-09 00:00:00,33,,Negative,Negative,0,,"Undetectable, will not be done",,,Ct,2023-09-05 00:00:00,2023-09-06 00:00:00,2023-11-06 00:00:00,Yes,65,Female,Female at birth,Black or African American,Non-Hispanic,No,No,No,No,No,2
131265-69,40,,415008,133755-4,Resident,Op ill week 6,2023-10-16 00:00:00,40,,Negative,Negative,0,,"Undetectable, will not be done",,,VL,2023-09-05 00:00:00,2023-09-06 00:00:00,2023-11-06 00:00:00,Yes,65,Female,Female at birth,Black or African American,Non-Hispanic,No,No,No,No,No,2
131265-69,40,Not available,415008,133755-4,Resident,Op ill week 6,2023-10-16 00:00:00,40,,Negative,Negative,0,,"Undetectable, will not be done",,,Ct,2023-09-05 00:00:00,2023-09-06 00:00:00,2023-11-06 00:00:00,Yes,65,Female,Female at birth,Black or African American,Non-Hispanic,No,No,No,No,No,2
131265-69,48,,415008,133755-4,Resident,Op ill week 7,2023-10-24 00:00:00,48,,Negative,Negative,0,,"Undetectable, will not be done",,,VL,2023-09-05 00:00:00,2023-09-06 00:00:00,2023-11-06 00:00:00,Yes,65,Female,Female at birth,Black or African American,Non-Hispanic,No,No,No,No,No,2
131265-69,48,Not available,415008,133755-4,Resident,Op ill week 7,2023-10-24 00:00:00,48,,Negative,Negative,0,,"Undetectable, will not be done",,,Ct,2023-09-05 00:00:00,2023-09-06 00:00:00,2023-11-06 00:00:00,Yes,65,Female,Female at birth,Black or African American,Non-Hispanic,No,No,No,No,No,2
131265-69,54,,415008,133755-4,Resident,Op ill week 8,2023-10-30 00:00:00,54,,Negative,Negative,0,,"Undetectable, will not be done",,,VL,2023-09-05 00:00:00,2023-09-06 00:00:00,2023-11-06 00:00:00,Yes,65,Female,Female at birth,Black or African American,Non-Hispanic,No,No,No,No,No,2
131265-69,54,Not available,415008,133755-4,Resident,Op ill week 8,2023-10-30 00:00:00,54,,Negative,Negative,0,,"Undetectable, will not be done",,,Ct,2023-09-05 00:00:00,2023-09-06 00:00:00,2023-11-06 00:00:00,Yes,65,Female,Female at birth,Black or African American,Non-Hispanic,No,No,No,No,No,2
131265-69,61,,415008,133755-4,Resident,Op ill week 9,2023-11-06 00:00:00,61,,Negative,Negative,0,,"Undetectable, will not be done",,,VL,2023-09-05 00:00:00,2023-09-06 00:00:00,2023-11-06 00:00:00,Yes,65,Female,Female at birth,Black or African American,Non-Hispanic,No,No,No,No,No,2
131265-69,61,Not available,415008,133755-4,Resident,Op ill week 9,2023-11-06 00:00:00,61,,Negative,Negative,0,,"Undetectable, will not be done",,,Ct,2023-09-05 00:00:00,2023-09-06 00:00:00,2023-11-06 00:00:00,Yes,65,Female,Female at birth,Black or African American,Non-Hispanic,No,No,No,No,No,2
131265-70,0,2817721.17196238,415008,133755-4,Resident,Illness Day 1,2023-09-06 00:00:00,0,1,Positive,Positive,0,6.44989801522141,Within detectable range,,,VL,2023-09-05 00:00:00,2023-09-06 00:00:00,2023-12-06 00:00:00,Yes,83,Female,Female at birth,White,Non-Hispanic,No,No,Yes,No,No,5
131265-70,0,21.99,415008,133755-4,Resident,Illness Day 1,2023-09-06 00:00:00,0,1,Positive,Positive,0,6.44989801522141,Within detectable range,,,Ct,2023-09-05 00:00:00,2023-09-06 00:00:00,2023-12-06 00:00:00,Yes,83,Female,Female at birth,White,Non-Hispanic,No,No,Yes,No,No,5
131265-70,1,13583077.0466417,415008,133755-4,Resident,Illness Day 2,2023-09-07 00:00:00,1,,Positive,Positive,0,7.13299816412718,Within detectable range,,,VL,2023-09-05 00:00:00,2023-09-06 00:00:00,2023-12-06 00:00:00,Yes,83,Female,Female at birth,White,Non-Hispanic,No,No,Yes,No,No,5
131265-70,1,20.12,415008,133755-4,Resident,Illness Day 2,2023-09-07 00:00:00,1,,Positive,Positive,0,7.13299816412718,Within detectable range,,,Ct,2023-09-05 00:00:00,2023-09-06 00:00:00,2023-12-06 00:00:00,Yes,83,Female,Female at birth,White,Non-Hispanic,No,No,Yes,No,No,5
131265-70,2,74482721.0966149,415008,133755-4,Resident,Illness Day 3,2023-09-08 00:00:00,2,,Positive,Positive,0,7.87205553445634,Within detectable range,Omicron,EG.5.1.1,VL,2023-09-05 00:00:00,2023-09-06 00:00:00,2023-12-06 00:00:00,Yes,83,Female,Female at birth,White,Non-Hispanic,No,No,Yes,No,No,5
131265-70,2,17.18,415008,133755-4,Resident,Illness Day 3,2023-09-08 00:00:00,2,,Positive,Positive,0,7.87205553445634,Within detectable range,Omicron,EG.5.1.1,Ct,2023-09-05 00:00:00,2023-09-06 00:00:00,2023-12-06 00:00:00,Yes,83,Female,Female at birth,White,Non-Hispanic,No,No,Yes,No,No,5
131265-70,3,4780461.73783618,415008,133755-4,Resident,Illness Day 4,2023-09-09 00:00:00,3,,Positive,Positive,0,6.67946984650952,Within detectable range,,,VL,2023-09-05 00:00:00,2023-09-06 00:00:00,2023-12-06 00:00:00,Yes,83,Female,Female at birth,White,Non-Hispanic,No,No,Yes,No,No,5
131265-70,3,21.5,415008,133755-4,Resident,Illness Day 4,2023-09-09 00:00:00,3,,Positive,Positive,0,6.67946984650952,Within detectable range,,,Ct,2023-09-05 00:00:00,2023-09-06 00:00:00,2023-12-06 00:00:00,Yes,83,Female,Female at birth,White,Non-Hispanic,No,No,Yes,No,No,5
131265-70,4,24654.2149785052,415008,133755-4,Resident,Illness Day 5,2023-09-10 00:00:00,4,,Negative,Positive,0,4.39189117859982,Within detectable range,,,VL,2023-09-05 00:00:00,2023-09-06 00:00:00,2023-12-06 00:00:00,Yes,83,Female,Female at birth,White,Non-Hispanic,No,No,Yes,No,No,5
131265-70,4,28.95,415008,133755-4,Resident,Illness Day 5,2023-09-10 00:00:00,4,,Negative,Positive,0,4.39189117859982,Within detectable range,,,Ct,2023-09-05 00:00:00,2023-09-06 00:00:00,2023-12-06 00:00:00,Yes,83,Female,Female at birth,White,Non-Hispanic,No,No,Yes,No,No,5
131265-70,5,58348.5769835345,415008,133755-4,Resident,Illness Day 6,2023-09-11 00:00:00,5,,Positive,Positive,0,4.76603026885209,Within detectable range,,,VL,2023-09-05 00:00:00,2023-09-06 00:00:00,2023-12-06 00:00:00,Yes,83,Female,Female at birth,White,Non-Hispanic,No,No,Yes,No,No,5
131265-70,5,28.16,415008,133755-4,Resident,Illness Day 6,2023-09-11 00:00:00,5,,Positive,Positive,0,4.76603026885209,Within detectable range,,,Ct,2023-09-05 00:00:00,2023-09-06 00:00:00,2023-12-06 00:00:00,Yes,83,Female,Female at birth,White,Non-Hispanic,No,No,Yes,No,No,5
131265-70,6,470814.693974857,415008,133755-4,Resident,Illness Day 7,2023-09-12 00:00:00,6,,Positive,Positive,0,5.67285000857372,Within detectable range,,,VL,2023-09-05 00:00:00,2023-09-06 00:00:00,2023-12-06 00:00:00,Yes,83,Female,Female at birth,White,Non-Hispanic,No,No,Yes,No,No,5
131265-70,6,26.25,415008,133755-4,Resident,Illness Day 7,2023-09-12 00:00:00,6,,Positive,Positive,0,5.67285000857372,Within detectable range,,,Ct,2023-09-05 00:00:00,2023-09-06 00:00:00,2023-12-06 00:00:00,Yes,83,Female,Female at birth,White,Non-Hispanic,No,No,Yes,No,No,5
131265-70,7,17365595.8513074,415008,133755-4,Resident,Illness Day 8,2023-09-13 00:00:00,7,,Positive,Positive,0,7.2396896894893,Within detectable range,,,VL,2023-09-05 00:00:00,2023-09-06 00:00:00,2023-12-06 00:00:00,Yes,83,Female,Female at birth,White,Non-Hispanic,No,No,Yes,No,No,5
131265-70,7,21.09,415008,133755-4,Resident,Illness Day 8,2023-09-13 00:00:00,7,,Positive,Positive,0,7.2396896894893,Within detectable range,,,Ct,2023-09-05 00:00:00,2023-09-06 00:00:00,2023-12-06 00:00:00,Yes,83,Female,Female at birth,White,Non-Hispanic,No,No,Yes,No,No,5
131265-70,8,813601.163269729,415008,133755-4,Resident,Illness Day 9,2023-09-14 00:00:00,8,,Positive,Positive,0,5.91041156086019,Within detectable range,,,VL,2023-09-05 00:00:00,2023-09-06 00:00:00,2023-12-06 00:00:00,Yes,83,Female,Female at birth,White,Non-Hispanic,No,No,Yes,No,No,5
131265-70,8,24.69,415008,133755-4,Resident,Illness Day 9,2023-09-14 00:00:00,8,,Positive,Positive,0,5.91041156086019,Within detectable range,,,Ct,2023-09-05 00:00:00,2023-09-06 00:00:00,2023-12-06 00:00:00,Yes,83,Female,Female at birth,White,Non-Hispanic,No,No,Yes,No,No,5
131265-70,9,720724.44077561,415008,133755-4,Resident,Illness Day 10,2023-09-15 00:00:00,9,,Positive,Positive,0,5.85776924984355,Within detectable range,,,VL,2023-09-05 00:00:00,2023-09-06 00:00:00,2023-12-06 00:00:00,Yes,83,Female,Female at birth,White,Non-Hispanic,No,No,Yes,No,No,5
131265-70,9,24.86,415008,133755-4,Resident,Illness Day 10,2023-09-15 00:00:00,9,,Positive,Positive,0,5.85776924984355,Within detectable range,,,Ct,2023-09-05 00:00:00,2023-09-06 00:00:00,2023-12-06 00:00:00,Yes,83,Female,Female at birth,White,Non-Hispanic,No,No,Yes,No,No,5
131265-70,10,28478977.1632521,415008,133755-4,Resident,Illness Day 11,2023-09-16 00:00:00,10,,Positive,Positive,0,7.45452438734079,Within detectable range,,,VL,2023-09-05 00:00:00,2023-09-06 00:00:00,2023-12-06 00:00:00,Yes,83,Female,Female at birth,White,Non-Hispanic,No,No,Yes,No,No,5
131265-70,10,20.08,415008,133755-4,Resident,Illness Day 11,2023-09-16 00:00:00,10,,Positive,Positive,0,7.45452438734079,Within detectable range,,,Ct,2023-09-05 00:00:00,2023-09-06 00:00:00,2023-12-06 00:00:00,Yes,83,Female,Female at birth,White,Non-Hispanic,No,No,Yes,No,No,5
131265-70,11,,415008,133755-4,Resident,Illness Day 12,2023-09-17 00:00:00,11,,Negative,Positive,0,,"VL run, not detected",,,VL,2023-09-05 00:00:00,2023-09-06 00:00:00,2023-12-06 00:00:00,Yes,83,Female,Female at birth,White,Non-Hispanic,No,No,Yes,No,No,5
131265-70,11,36.19,415008,133755-4,Resident,Illness Day 12,2023-09-17 00:00:00,11,,Negative,Positive,0,,"VL run, not detected",,,Ct,2023-09-05 00:00:00,2023-09-06 00:00:00,2023-12-06 00:00:00,Yes,83,Female,Female at birth,White,Non-Hispanic,No,No,Yes,No,No,5
131265-70,12,1294.81801024092,415008,133755-4,Resident,Illness Day 13,2023-09-18 00:00:00,12,,Negative,Positive,0,3.11220873158152,"Less than 10,000 copies/mL",,,VL,2023-09-05 00:00:00,2023-09-06 00:00:00,2023-12-06 00:00:00,Yes,83,Female,Female at birth,White,Non-Hispanic,No,No,Yes,No,No,5
131265-70,12,33.84,415008,133755-4,Resident,Illness Day 13,2023-09-18 00:00:00,12,,Negative,Positive,0,3.11220873158152,"Less than 10,000 copies/mL",,,Ct,2023-09-05 00:00:00,2023-09-06 00:00:00,2023-12-06 00:00:00,Yes,83,Female,Female at birth,White,Non-Hispanic,No,No,Yes,No,No,5
131265-70,13,,415008,133755-4,Resident,Illness Day 14,2023-09-19 00:00:00,13,,Negative,Negative,0,,"Undetectable, will not be done",,,VL,2023-09-05 00:00:00,2023-09-06 00:00:00,2023-12-06 00:00:00,Yes,83,Female,Female at birth,White,Non-Hispanic,No,No,Yes,No,No,5
131265-70,13,Not available,415008,133755-4,Resident,Illness Day 14,2023-09-19 00:00:00,13,,Negative,Negative,0,,"Undetectable, will not be done",,,Ct,2023-09-05 00:00:00,2023-09-06 00:00:00,2023-12-06 00:00:00,Yes,83,Female,Female at birth,White,Non-Hispanic,No,No,Yes,No,No,5
131265-70,16,,415008,133755-4,Resident,Op ill w3 t1,2023-09-22 00:00:00,16,,Negative,Negative,0,,"Undetectable, will not be done",,,VL,2023-09-05 00:00:00,2023-09-06 00:00:00,2023-12-06 00:00:00,Yes,83,Female,Female at birth,White,Non-Hispanic,No,No,Yes,No,No,5
131265-70,16,Not available,415008,133755-4,Resident,Op ill w3 t1,2023-09-22 00:00:00,16,,Negative,Negative,0,,"Undetectable, will not be done",,,Ct,2023-09-05 00:00:00,2023-09-06 00:00:00,2023-12-06 00:00:00,Yes,83,Female,Female at birth,White,Non-Hispanic,No,No,Yes,No,No,5
131265-70,20,,415008,133755-4,Resident,Op ill w3 t2,2023-09-26 00:00:00,20,,Negative,Negative,0,,"Undetectable, will not be done",,,VL,2023-09-05 00:00:00,2023-09-06 00:00:00,2023-12-06 00:00:00,Yes,83,Female,Female at birth,White,Non-Hispanic,No,No,Yes,No,No,5
131265-70,20,Not available,415008,133755-4,Resident,Op ill w3 t2,2023-09-26 00:00:00,20,,Negative,Negative,0,,"Undetectable, will not be done",,,Ct,2023-09-05 00:00:00,2023-09-06 00:00:00,2023-12-06 00:00:00,Yes,83,Female,Female at birth,White,Non-Hispanic,No,No,Yes,No,No,5
131265-70,23,,415008,133755-4,Resident,Op ill w4 t1,2023-09-29 00:00:00,23,,Negative,Negative,0,,"Undetectable, will not be done",,,VL,2023-09-05 00:00:00,2023-09-06 00:00:00,2023-12-06 00:00:00,Yes,83,Female,Female at birth,White,Non-Hispanic,No,No,Yes,No,No,5
131265-70,23,Not available,415008,133755-4,Resident,Op ill w4 t1,2023-09-29 00:00:00,23,,Negative,Negative,0,,"Undetectable, will not be done",,,Ct,2023-09-05 00:00:00,2023-09-06 00:00:00,2023-12-06 00:00:00,Yes,83,Female,Female at birth,White,Non-Hispanic,No,No,Yes,No,No,5
131265-70,27,,415008,133755-4,Resident,Op ill w4 t2,2023-10-03 00:00:00,27,,Negative,Negative,0,,"Undetectable, will not be done",,,VL,2023-09-05 00:00:00,2023-09-06 00:00:00,2023-12-06 00:00:00,Yes,83,Female,Female at birth,White,Non-Hispanic,No,No,Yes,No,No,5
131265-70,27,Not available,415008,133755-4,Resident,Op ill w4 t2,2023-10-03 00:00:00,27,,Negative,Negative,0,,"Undetectable, will not be done",,,Ct,2023-09-05 00:00:00,2023-09-06 00:00:00,2023-12-06 00:00:00,Yes,83,Female,Female at birth,White,Non-Hispanic,No,No,Yes,No,No,5
131265-70,34,,415008,133755-4,Resident,Op ill week 5,2023-10-10 00:00:00,34,,Negative,Negative,0,,"Undetectable, will not be done",,,VL,2023-09-05 00:00:00,2023-09-06 00:00:00,2023-12-06 00:00:00,Yes,83,Female,Female at birth,White,Non-Hispanic,No,No,Yes,No,No,5
131265-70,34,Not available,415008,133755-4,Resident,Op ill week 5,2023-10-10 00:00:00,34,,Negative,Negative,0,,"Undetectable, will not be done",,,Ct,2023-09-05 00:00:00,2023-09-06 00:00:00,2023-12-06 00:00:00,Yes,83,Female,Female at birth,White,Non-Hispanic,No,No,Yes,No,No,5
131265-70,40,,415008,133755-4,Resident,Op ill week 6,2023-10-16 00:00:00,40,,Negative,Negative,0,,"Undetectable, will not be done",,,VL,2023-09-05 00:00:00,2023-09-06 00:00:00,2023-12-06 00:00:00,Yes,83,Female,Female at birth,White,Non-Hispanic,No,No,Yes,No,No,5
131265-70,40,Not available,415008,133755-4,Resident,Op ill week 6,2023-10-16 00:00:00,40,,Negative,Negative,0,,"Undetectable, will not be done",,,Ct,2023-09-05 00:00:00,2023-09-06 00:00:00,2023-12-06 00:00:00,Yes,83,Female,Female at birth,White,Non-Hispanic,No,No,Yes,No,No,5
131265-70,48,,415008,133755-4,Resident,Op ill week 7,2023-10-24 00:00:00,48,,Negative,Negative,0,,"Undetectable, will not be done",,,VL,2023-09-05 00:00:00,2023-09-06 00:00:00,2023-12-06 00:00:00,Yes,83,Female,Female at birth,White,Non-Hispanic,No,No,Yes,No,No,5
131265-70,48,Not available,415008,133755-4,Resident,Op ill week 7,2023-10-24 00:00:00,48,,Negative,Negative,0,,"Undetectable, will not be done",,,Ct,2023-09-05 00:00:00,2023-09-06 00:00:00,2023-12-06 00:00:00,Yes,83,Female,Female at birth,White,Non-Hispanic,No,No,Yes,No,No,5
131265-70,56,,415008,133755-4,Resident,Op ill week 8,2023-11-01 00:00:00,56,,Negative,Negative,0,,"Undetectable, will not be done",,,VL,2023-09-05 00:00:00,2023-09-06 00:00:00,2023-12-06 00:00:00,Yes,83,Female,Female at birth,White,Non-Hispanic,No,No,Yes,No,No,5
131265-70,56,Not available,415008,133755-4,Resident,Op ill week 8,2023-11-01 00:00:00,56,,Negative,Negative,0,,"Undetectable, will not be done",,,Ct,2023-09-05 00:00:00,2023-09-06 00:00:00,2023-12-06 00:00:00,Yes,83,Female,Female at birth,White,Non-Hispanic,No,No,Yes,No,No,5
131265-70,61,,415008,133755-4,Resident,Op ill week 9,2023-11-06 00:00:00,61,,Negative,Negative,0,,"Undetectable, will not be done",,,VL,2023-09-05 00:00:00,2023-09-06 00:00:00,2023-12-06 00:00:00,Yes,83,Female,Female at birth,White,Non-Hispanic,No,No,Yes,No,No,5
131265-70,61,Not available,415008,133755-4,Resident,Op ill week 9,2023-11-06 00:00:00,61,,Negative,Negative,0,,"Undetectable, will not be done",,,Ct,2023-09-05 00:00:00,2023-09-06 00:00:00,2023-12-06 00:00:00,Yes,83,Female,Female at birth,White,Non-Hispanic,No,No,Yes,No,No,5
131265-70,68,,415008,133755-4,Resident,Op ill week 10,2023-11-13 00:00:00,68,,Negative,Negative,0,,"Undetectable, will not be done",,,VL,2023-09-05 00:00:00,2023-09-06 00:00:00,2023-12-06 00:00:00,Yes,83,Female,Female at birth,White,Non-Hispanic,No,No,Yes,No,No,5
131265-70,68,Not available,415008,133755-4,Resident,Op ill week 10,2023-11-13 00:00:00,68,,Negative,Negative,0,,"Undetectable, will not be done",,,Ct,2023-09-05 00:00:00,2023-09-06 00:00:00,2023-12-06 00:00:00,Yes,83,Female,Female at birth,White,Non-Hispanic,No,No,Yes,No,No,5
131265-70,76,,415008,133755-4,Resident,Op ill week 11,2023-11-21 00:00:00,76,,Negative,Negative,0,,"Undetectable, will not be done",,,VL,2023-09-05 00:00:00,2023-09-06 00:00:00,2023-12-06 00:00:00,Yes,83,Female,Female at birth,White,Non-Hispanic,No,No,Yes,No,No,5
131265-70,76,Not available,415008,133755-4,Resident,Op ill week 11,2023-11-21 00:00:00,76,,Negative,Negative,0,,"Undetectable, will not be done",,,Ct,2023-09-05 00:00:00,2023-09-06 00:00:00,2023-12-06 00:00:00,Yes,83,Female,Female at birth,White,Non-Hispanic,No,No,Yes,No,No,5
131265-70,83,,415008,133755-4,Resident,Op ill week 12,2023-11-28 00:00:00,83,,Negative,Negative,0,,"Undetectable, will not be done",,,VL,2023-09-05 00:00:00,2023-09-06 00:00:00,2023-12-06 00:00:00,Yes,83,Female,Female at birth,White,Non-Hispanic,No,No,Yes,No,No,5
131265-70,83,Not available,415008,133755-4,Resident,Op ill week 12,2023-11-28 00:00:00,83,,Negative,Negative,0,,"Undetectable, will not be done",,,Ct,2023-09-05 00:00:00,2023-09-06 00:00:00,2023-12-06 00:00:00,Yes,83,Female,Female at birth,White,Non-Hispanic,No,No,Yes,No,No,5
131265-70,91,,415008,133755-4,Resident,Op ill week 13,2023-12-06 00:00:00,91,,Negative,Negative,0,,"Undetectable, will not be done",,,VL,2023-09-05 00:00:00,2023-09-06 00:00:00,2023-12-06 00:00:00,Yes,83,Female,Female at birth,White,Non-Hispanic,No,No,Yes,No,No,5
131265-70,91,Not available,415008,133755-4,Resident,Op ill week 13,2023-12-06 00:00:00,91,,Negative,Negative,0,,"Undetectable, will not be done",,,Ct,2023-09-05 00:00:00,2023-09-06 00:00:00,2023-12-06 00:00:00,Yes,83,Female,Female at birth,White,Non-Hispanic,No,No,Yes,No,No,5
131265-71,2,226177.562333776,415008,133755-4,Resident,Illness Day 2,2023-09-07 00:00:00,2,,Positive,Positive,0,5.35444951907768,Within detectable range,Omicron,EG.5.1.1,VL,2023-09-05 00:00:00,2023-09-05 00:00:00,2023-09-19 00:00:00,Yes,90,Female,Female at birth,White,Non-Hispanic,No,No,No,No,No,5
131265-71,2,24.65,415008,133755-4,Resident,Illness Day 2,2023-09-07 00:00:00,2,,Positive,Positive,0,5.35444951907768,Within detectable range,Omicron,EG.5.1.1,Ct,2023-09-05 00:00:00,2023-09-05 00:00:00,2023-09-19 00:00:00,Yes,90,Female,Female at birth,White,Non-Hispanic,No,No,No,No,No,5
131265-71,3,106273.225109491,415008,133755-4,Resident,Illness Day 3,2023-09-08 00:00:00,3,,Positive,Positive,0,5.02642386046023,Within detectable range,,,VL,2023-09-05 00:00:00,2023-09-05 00:00:00,2023-09-19 00:00:00,Yes,90,Female,Female at birth,White,Non-Hispanic,No,No,No,No,No,5
131265-71,3,25.85,415008,133755-4,Resident,Illness Day 3,2023-09-08 00:00:00,3,,Positive,Positive,0,5.02642386046023,Within detectable range,,,Ct,2023-09-05 00:00:00,2023-09-05 00:00:00,2023-09-19 00:00:00,Yes,90,Female,Female at birth,White,Non-Hispanic,No,No,No,No,No,5
131265-71,5,192507.255870673,415008,133755-4,Resident,Illness Day 5,2023-09-10 00:00:00,5,,Positive,Positive,0,5.28444710332612,Within detectable range,,,VL,2023-09-05 00:00:00,2023-09-05 00:00:00,2023-09-19 00:00:00,Yes,90,Female,Female at birth,White,Non-Hispanic,No,No,No,No,No,5
131265-71,5,26.06,415008,133755-4,Resident,Illness Day 5,2023-09-10 00:00:00,5,,Positive,Positive,0,5.28444710332612,Within detectable range,,,Ct,2023-09-05 00:00:00,2023-09-05 00:00:00,2023-09-19 00:00:00,Yes,90,Female,Female at birth,White,Non-Hispanic,No,No,No,No,No,5
131265-71,7,133909.912507015,415008,133755-4,Resident,Illness Day 7,2023-09-12 00:00:00,7,,Positive,Positive,0,5.1268127262858,Within detectable range,,,VL,2023-09-05 00:00:00,2023-09-05 00:00:00,2023-09-19 00:00:00,Yes,90,Female,Female at birth,White,Non-Hispanic,No,No,No,No,No,5
131265-71,7,25.33,415008,133755-4,Resident,Illness Day 7,2023-09-12 00:00:00,7,,Positive,Positive,0,5.1268127262858,Within detectable range,,,Ct,2023-09-05 00:00:00,2023-09-05 00:00:00,2023-09-19 00:00:00,Yes,90,Female,Female at birth,White,Non-Hispanic,No,No,No,No,No,5
131265-71,9,34733.9299246493,415008,133755-4,Resident,Illness Day 9,2023-09-14 00:00:00,9,,Positive,Positive,0,4.54075392376663,Within detectable range,,,VL,2023-09-05 00:00:00,2023-09-05 00:00:00,2023-09-19 00:00:00,Yes,90,Female,Female at birth,White,Non-Hispanic,No,No,No,No,No,5
131265-71,9,28.11,415008,133755-4,Resident,Illness Day 9,2023-09-14 00:00:00,9,,Positive,Positive,0,4.54075392376663,Within detectable range,,,Ct,2023-09-05 00:00:00,2023-09-05 00:00:00,2023-09-19 00:00:00,Yes,90,Female,Female at birth,White,Non-Hispanic,No,No,No,No,No,5
131265-71,12,1828.65696020555,415008,133755-4,Resident,Illness Day 12,2023-09-17 00:00:00,12,,Negative,Positive,0,3.26213224333174,"Less than 10,000 copies/mL",,,VL,2023-09-05 00:00:00,2023-09-05 00:00:00,2023-09-19 00:00:00,Yes,90,Female,Female at birth,White,Non-Hispanic,No,No,No,No,No,5
131265-71,12,33.03,415008,133755-4,Resident,Illness Day 12,2023-09-17 00:00:00,12,,Negative,Positive,0,3.26213224333174,"Less than 10,000 copies/mL",,,Ct,2023-09-05 00:00:00,2023-09-05 00:00:00,2023-09-19 00:00:00,Yes,90,Female,Female at birth,White,Non-Hispanic,No,No,No,No,No,5
131265-71,13,,415008,133755-4,Resident,Illness Day 13,2023-09-18 00:00:00,13,,Negative,Negative,0,,"Undetectable, will not be done",,,VL,2023-09-05 00:00:00,2023-09-05 00:00:00,2023-09-19 00:00:00,Yes,90,Female,Female at birth,White,Non-Hispanic,No,No,No,No,No,5
131265-71,13,38.24,415008,133755-4,Resident,Illness Day 13,2023-09-18 00:00:00,13,,Negative,Negative,0,,"Undetectable, will not be done",,,Ct,2023-09-05 00:00:00,2023-09-05 00:00:00,2023-09-19 00:00:00,Yes,90,Female,Female at birth,White,Non-Hispanic,No,No,No,No,No,5
131265-71,14,,415008,133755-4,Resident,Illness Day 14,2023-09-19 00:00:00,14,,Negative,Positive,0,,"VL run, not detected",,,VL,2023-09-05 00:00:00,2023-09-05 00:00:00,2023-09-19 00:00:00,Yes,90,Female,Female at birth,White,Non-Hispanic,No,No,No,No,No,5
131265-71,14,33.3,415008,133755-4,Resident,Illness Day 14,2023-09-19 00:00:00,14,,Negative,Positive,0,,"VL run, not detected",,,Ct,2023-09-05 00:00:00,2023-09-05 00:00:00,2023-09-19 00:00:00,Yes,90,Female,Female at birth,White,Non-Hispanic,No,No,No,No,No,5
131265-72,0,15105981.8343352,415008,133755-4,Resident,Illness Day 1,2023-09-06 00:00:00,0,1,Positive,Positive,0,7.1791489581016,Within detectable range,Omicron,EG.5.1.1,VL,2023-09-05 00:00:00,2023-09-06 00:00:00,2023-09-19 00:00:00,Yes,78,Female,Female at birth,White,Non-Hispanic,No,No,Yes,No,No,4
131265-72,0,19.66,415008,133755-4,Resident,Illness Day 1,2023-09-06 00:00:00,0,1,Positive,Positive,0,7.1791489581016,Within detectable range,Omicron,EG.5.1.1,Ct,2023-09-05 00:00:00,2023-09-06 00:00:00,2023-09-19 00:00:00,Yes,78,Female,Female at birth,White,Non-Hispanic,No,No,Yes,No,No,4
131265-72,1,418728.174631291,415008,133755-4,Resident,Illness Day 2,2023-09-07 00:00:00,1,,Positive,Positive,0,5.62193218390348,Within detectable range,,,VL,2023-09-05 00:00:00,2023-09-06 00:00:00,2023-09-19 00:00:00,Yes,78,Female,Female at birth,White,Non-Hispanic,No,No,Yes,No,No,4
131265-72,1,23.98,415008,133755-4,Resident,Illness Day 2,2023-09-07 00:00:00,1,,Positive,Positive,0,5.62193218390348,Within detectable range,,,Ct,2023-09-05 00:00:00,2023-09-06 00:00:00,2023-09-19 00:00:00,Yes,78,Female,Female at birth,White,Non-Hispanic,No,No,Yes,No,No,4
131265-72,2,13529864.601854,415008,133755-4,Resident,Illness Day 3,2023-09-08 00:00:00,2,,Positive,Positive,0,7.13129345048071,Within detectable range,,,VL,2023-09-05 00:00:00,2023-09-06 00:00:00,2023-09-19 00:00:00,Yes,78,Female,Female at birth,White,Non-Hispanic,No,No,Yes,No,No,4
131265-72,2,20.99,415008,133755-4,Resident,Illness Day 3,2023-09-08 00:00:00,2,,Positive,Positive,0,7.13129345048071,Within detectable range,,,Ct,2023-09-05 00:00:00,2023-09-06 00:00:00,2023-09-19 00:00:00,Yes,78,Female,Female at birth,White,Non-Hispanic,No,No,Yes,No,No,4
131265-72,3,6480949.68336254,415008,133755-4,Resident,Illness Day 4,2023-09-09 00:00:00,3,,Positive,Positive,0,6.81163864970144,Within detectable range,,,VL,2023-09-05 00:00:00,2023-09-06 00:00:00,2023-09-19 00:00:00,Yes,78,Female,Female at birth,White,Non-Hispanic,No,No,Yes,No,No,4
131265-72,3,20.1,415008,133755-4,Resident,Illness Day 4,2023-09-09 00:00:00,3,,Positive,Positive,0,6.81163864970144,Within detectable range,,,Ct,2023-09-05 00:00:00,2023-09-06 00:00:00,2023-09-19 00:00:00,Yes,78,Female,Female at birth,White,Non-Hispanic,No,No,Yes,No,No,4
131265-72,4,6957832.872428,415008,133755-4,Resident,Illness Day 5,2023-09-10 00:00:00,4,,Positive,Positive,0,6.84247399275679,Within detectable range,,,VL,2023-09-05 00:00:00,2023-09-06 00:00:00,2023-09-19 00:00:00,Yes,78,Female,Female at birth,White,Non-Hispanic,No,No,Yes,No,No,4
131265-72,4,20.7,415008,133755-4,Resident,Illness Day 5,2023-09-10 00:00:00,4,,Positive,Positive,0,6.84247399275679,Within detectable range,,,Ct,2023-09-05 00:00:00,2023-09-06 00:00:00,2023-09-19 00:00:00,Yes,78,Female,Female at birth,White,Non-Hispanic,No,No,Yes,No,No,4
131265-72,5,1097137.06672489,415008,133755-4,Resident,Illness Day 6,2023-09-11 00:00:00,5,,Positive,Positive,0,6.04026088792449,Within detectable range,,,VL,2023-09-05 00:00:00,2023-09-06 00:00:00,2023-09-19 00:00:00,Yes,78,Female,Female at birth,White,Non-Hispanic,No,No,Yes,No,No,4
131265-72,5,22.83,415008,133755-4,Resident,Illness Day 6,2023-09-11 00:00:00,5,,Positive,Positive,0,6.04026088792449,Within detectable range,,,Ct,2023-09-05 00:00:00,2023-09-06 00:00:00,2023-09-19 00:00:00,Yes,78,Female,Female at birth,White,Non-Hispanic,No,No,Yes,No,No,4
131265-72,7,62375.4775584313,415008,133755-4,Resident,Illness Day 8,2023-09-13 00:00:00,7,,Positive,Positive,0,4.79501388368472,Within detectable range,,,VL,2023-09-05 00:00:00,2023-09-06 00:00:00,2023-09-19 00:00:00,Yes,78,Female,Female at birth,White,Non-Hispanic,No,No,Yes,No,No,4
131265-72,7,27.15,415008,133755-4,Resident,Illness Day 8,2023-09-13 00:00:00,7,,Positive,Positive,0,4.79501388368472,Within detectable range,,,Ct,2023-09-05 00:00:00,2023-09-06 00:00:00,2023-09-19 00:00:00,Yes,78,Female,Female at birth,White,Non-Hispanic,No,No,Yes,No,No,4
131265-72,8,65755.7863776492,415008,133755-4,Resident,Illness Day 9,2023-09-14 00:00:00,8,,Positive,Positive,0,4.81793397588896,Within detectable range,,,VL,2023-09-05 00:00:00,2023-09-06 00:00:00,2023-09-19 00:00:00,Yes,78,Female,Female at birth,White,Non-Hispanic,No,No,Yes,No,No,4
131265-72,8,27.09,415008,133755-4,Resident,Illness Day 9,2023-09-14 00:00:00,8,,Positive,Positive,0,4.81793397588896,Within detectable range,,,Ct,2023-09-05 00:00:00,2023-09-06 00:00:00,2023-09-19 00:00:00,Yes,78,Female,Female at birth,White,Non-Hispanic,No,No,Yes,No,No,4
131265-72,9,5342.29883103203,415008,133755-4,Resident,Illness Day 10,2023-09-15 00:00:00,9,,Positive,Positive,0,3.72772817740277,"Less than 10,000 copies/mL",,,VL,2023-09-05 00:00:00,2023-09-06 00:00:00,2023-09-19 00:00:00,Yes,78,Female,Female at birth,White,Non-Hispanic,No,No,Yes,No,No,4
131265-72,9,30.43,415008,133755-4,Resident,Illness Day 10,2023-09-15 00:00:00,9,,Positive,Positive,0,3.72772817740277,"Less than 10,000 copies/mL",,,Ct,2023-09-05 00:00:00,2023-09-06 00:00:00,2023-09-19 00:00:00,Yes,78,Female,Female at birth,White,Non-Hispanic,No,No,Yes,No,No,4
131265-72,13,2599.75646370157,415008,133755-4,Resident,Illness Day 14,2023-09-19 00:00:00,13,,Negative,Positive,0,3.41493266665377,"Less than 10,000 copies/mL",,,VL,2023-09-05 00:00:00,2023-09-06 00:00:00,2023-09-19 00:00:00,Yes,78,Female,Female at birth,White,Non-Hispanic,No,No,Yes,No,No,4
131265-72,13,30.71,415008,133755-4,Resident,Illness Day 14,2023-09-19 00:00:00,13,,Negative,Positive,0,3.41493266665377,"Less than 10,000 copies/mL",,,Ct,2023-09-05 00:00:00,2023-09-06 00:00:00,2023-09-19 00:00:00,Yes,78,Female,Female at birth,White,Non-Hispanic,No,No,Yes,No,No,4
131265-73,0,26627131.2758819,415008,133755-4,Resident,Illness Day 1,2023-09-07 00:00:00,0,,Positive,Positive,0,7.4253243794256,Within detectable range,Omicron,EG.5.1.1,VL,2023-09-06 00:00:00,2023-09-07 00:00:00,2023-10-09 00:00:00,Unknown,56,Female,Female at birth,White,Non-Hispanic,No,No,No,No,No,2
131265-73,0,18.34,415008,133755-4,Resident,Illness Day 1,2023-09-07 00:00:00,0,,Positive,Positive,0,7.4253243794256,Within detectable range,Omicron,EG.5.1.1,Ct,2023-09-06 00:00:00,2023-09-07 00:00:00,2023-10-09 00:00:00,Unknown,56,Female,Female at birth,White,Non-Hispanic,No,No,No,No,No,2
131265-73,1,83238.495407148,415008,133755-4,Resident,Illness Day 2,2023-09-08 00:00:00,1,,Positive,Positive,0,4.92032422144013,Within detectable range,,,VL,2023-09-06 00:00:00,2023-09-07 00:00:00,2023-10-09 00:00:00,Unknown,56,Female,Female at birth,White,Non-Hispanic,No,No,No,No,No,2
131265-73,1,26.4,415008,133755-4,Resident,Illness Day 2,2023-09-08 00:00:00,1,,Positive,Positive,0,4.92032422144013,Within detectable range,,,Ct,2023-09-06 00:00:00,2023-09-07 00:00:00,2023-10-09 00:00:00,Unknown,56,Female,Female at birth,White,Non-Hispanic,No,No,No,No,No,2
131265-73,2,212434.052473244,415008,133755-4,Resident,Illness Day 3,2023-09-09 00:00:00,2,,Positive,Positive,0,5.32722413395305,Within detectable range,,,VL,2023-09-06 00:00:00,2023-09-07 00:00:00,2023-10-09 00:00:00,Unknown,56,Female,Female at birth,White,Non-Hispanic,No,No,No,No,No,2
131265-73,2,25.22,415008,133755-4,Resident,Illness Day 3,2023-09-09 00:00:00,2,,Positive,Positive,0,5.32722413395305,Within detectable range,,,Ct,2023-09-06 00:00:00,2023-09-07 00:00:00,2023-10-09 00:00:00,Unknown,56,Female,Female at birth,White,Non-Hispanic,No,No,No,No,No,2
131265-73,3,45721.9784313009,415008,133755-4,Resident,Illness Day 4,2023-09-10 00:00:00,3,,Positive,Positive,0,4.66012501444431,Within detectable range,,,VL,2023-09-06 00:00:00,2023-09-07 00:00:00,2023-10-09 00:00:00,Unknown,56,Female,Female at birth,White,Non-Hispanic,No,No,No,No,No,2
131265-73,3,27.21,415008,133755-4,Resident,Illness Day 4,2023-09-10 00:00:00,3,,Positive,Positive,0,4.66012501444431,Within detectable range,,,Ct,2023-09-06 00:00:00,2023-09-07 00:00:00,2023-10-09 00:00:00,Unknown,56,Female,Female at birth,White,Non-Hispanic,No,No,No,No,No,2
131265-73,4,1840.79617011779,415008,133755-4,Resident,Illness Day 5,2023-09-11 00:00:00,4,,Negative,Positive,0,3.2650057020869,"Less than 10,000 copies/mL",,,VL,2023-09-06 00:00:00,2023-09-07 00:00:00,2023-10-09 00:00:00,Unknown,56,Female,Female at birth,White,Non-Hispanic,No,No,No,No,No,2
131265-73,4,32.48,415008,133755-4,Resident,Illness Day 5,2023-09-11 00:00:00,4,,Negative,Positive,0,3.2650057020869,"Less than 10,000 copies/mL",,,Ct,2023-09-06 00:00:00,2023-09-07 00:00:00,2023-10-09 00:00:00,Unknown,56,Female,Female at birth,White,Non-Hispanic,No,No,No,No,No,2
131265-73,5,1725.5271053572,415008,133755-4,Resident,Illness Day 6,2023-09-12 00:00:00,5,,Negative,Positive,0,3.23692178577448,"Less than 10,000 copies/mL",,,VL,2023-09-06 00:00:00,2023-09-07 00:00:00,2023-10-09 00:00:00,Unknown,56,Female,Female at birth,White,Non-Hispanic,No,No,No,No,No,2
131265-73,5,30.06,415008,133755-4,Resident,Illness Day 6,2023-09-12 00:00:00,5,,Negative,Positive,0,3.23692178577448,"Less than 10,000 copies/mL",,,Ct,2023-09-06 00:00:00,2023-09-07 00:00:00,2023-10-09 00:00:00,Unknown,56,Female,Female at birth,White,Non-Hispanic,No,No,No,No,No,2
131265-73,6,2396.5848966167,415008,133755-4,Resident,Illness Day 7,2023-09-13 00:00:00,6,,Negative,Positive,0,3.37959281804682,"Less than 10,000 copies/mL",,,VL,2023-09-06 00:00:00,2023-09-07 00:00:00,2023-10-09 00:00:00,Unknown,56,Female,Female at birth,White,Non-Hispanic,No,No,No,No,No,2
131265-73,6,33.44,415008,133755-4,Resident,Illness Day 7,2023-09-13 00:00:00,6,,Negative,Positive,0,3.37959281804682,"Less than 10,000 copies/mL",,,Ct,2023-09-06 00:00:00,2023-09-07 00:00:00,2023-10-09 00:00:00,Unknown,56,Female,Female at birth,White,Non-Hispanic,No,No,No,No,No,2
131265-73,7,3123.88176324024,415008,133755-4,Resident,Illness Day 8,2023-09-14 00:00:00,7,,Negative,Positive,0,3.49469458777118,"Less than 10,000 copies/mL",,,VL,2023-09-06 00:00:00,2023-09-07 00:00:00,2023-10-09 00:00:00,Unknown,56,Female,Female at birth,White,Non-Hispanic,No,No,No,No,No,2
131265-73,7,32.38,415008,133755-4,Resident,Illness Day 8,2023-09-14 00:00:00,7,,Negative,Positive,0,3.49469458777118,"Less than 10,000 copies/mL",,,Ct,2023-09-06 00:00:00,2023-09-07 00:00:00,2023-10-09 00:00:00,Unknown,56,Female,Female at birth,White,Non-Hispanic,No,No,No,No,No,2
131265-73,8,739.672985795634,415008,133755-4,Resident,Illness Day 9,2023-09-15 00:00:00,8,,Negative,Positive,0,2.86903975776622,"Less than 10,000 copies/mL",,,VL,2023-09-06 00:00:00,2023-09-07 00:00:00,2023-10-09 00:00:00,Unknown,56,Female,Female at birth,White,Non-Hispanic,No,No,No,No,No,2
131265-73,8,34.73,415008,133755-4,Resident,Illness Day 9,2023-09-15 00:00:00,8,,Negative,Positive,0,2.86903975776622,"Less than 10,000 copies/mL",,,Ct,2023-09-06 00:00:00,2023-09-07 00:00:00,2023-10-09 00:00:00,Unknown,56,Female,Female at birth,White,Non-Hispanic,No,No,No,No,No,2
131265-73,9,,415008,133755-4,Resident,Illness Day 10,2023-09-16 00:00:00,9,,Negative,Negative,0,,"Undetectable, will not be done",,,VL,2023-09-06 00:00:00,2023-09-07 00:00:00,2023-10-09 00:00:00,Unknown,56,Female,Female at birth,White,Non-Hispanic,No,No,No,No,No,2
131265-73,9,37.67,415008,133755-4,Resident,Illness Day 10,2023-09-16 00:00:00,9,,Negative,Negative,0,,"Undetectable, will not be done",,,Ct,2023-09-06 00:00:00,2023-09-07 00:00:00,2023-10-09 00:00:00,Unknown,56,Female,Female at birth,White,Non-Hispanic,No,No,No,No,No,2
131265-73,10,398.371929059804,415008,133755-4,Resident,Illness Day 11,2023-09-17 00:00:00,10,,Negative,Positive,0,2.60028872863737,"Less than 10,000 copies/mL",,,VL,2023-09-06 00:00:00,2023-09-07 00:00:00,2023-10-09 00:00:00,Unknown,56,Female,Female at birth,White,Non-Hispanic,No,No,No,No,No,2
131265-73,10,36.2,415008,133755-4,Resident,Illness Day 11,2023-09-17 00:00:00,10,,Negative,Positive,0,2.60028872863737,"Less than 10,000 copies/mL",,,Ct,2023-09-06 00:00:00,2023-09-07 00:00:00,2023-10-09 00:00:00,Unknown,56,Female,Female at birth,White,Non-Hispanic,No,No,No,No,No,2
131265-73,11,253.608000713774,415008,133755-4,Resident,Illness Day 12,2023-09-18 00:00:00,11,,Negative,Positive,0,2.40416295035731,"Less than 10,000 copies/mL",,,VL,2023-09-06 00:00:00,2023-09-07 00:00:00,2023-10-09 00:00:00,Unknown,56,Female,Female at birth,White,Non-Hispanic,No,No,No,No,No,2
131265-73,11,36.8,415008,133755-4,Resident,Illness Day 12,2023-09-18 00:00:00,11,,Negative,Positive,0,2.40416295035731,"Less than 10,000 copies/mL",,,Ct,2023-09-06 00:00:00,2023-09-07 00:00:00,2023-10-09 00:00:00,Unknown,56,Female,Female at birth,White,Non-Hispanic,No,No,No,No,No,2
131265-73,12,1835.04647510623,415008,133755-4,Resident,Illness Day 13,2023-09-19 00:00:00,12,,Negative,Positive,0,3.26364706783965,"Less than 10,000 copies/mL",,,VL,2023-09-06 00:00:00,2023-09-07 00:00:00,2023-10-09 00:00:00,Unknown,56,Female,Female at birth,White,Non-Hispanic,No,No,No,No,No,2
131265-73,12,33.88,415008,133755-4,Resident,Illness Day 13,2023-09-19 00:00:00,12,,Negative,Positive,0,3.26364706783965,"Less than 10,000 copies/mL",,,Ct,2023-09-06 00:00:00,2023-09-07 00:00:00,2023-10-09 00:00:00,Unknown,56,Female,Female at birth,White,Non-Hispanic,No,No,No,No,No,2
131265-73,13,,415008,133755-4,Resident,Illness Day 14,2023-09-20 00:00:00,13,,Negative,Negative,0,,"Undetectable, will not be done",,,VL,2023-09-06 00:00:00,2023-09-07 00:00:00,2023-10-09 00:00:00,Unknown,56,Female,Female at birth,White,Non-Hispanic,No,No,No,No,No,2
131265-73,13,37.71,415008,133755-4,Resident,Illness Day 14,2023-09-20 00:00:00,13,,Negative,Negative,0,,"Undetectable, will not be done",,,Ct,2023-09-06 00:00:00,2023-09-07 00:00:00,2023-10-09 00:00:00,Unknown,56,Female,Female at birth,White,Non-Hispanic,No,No,No,No,No,2
131265-73,17,,415008,133755-4,Resident,Op ill w3 t1,2023-09-24 00:00:00,17,,Negative,Negative,0,,"Undetectable, will not be done",,,VL,2023-09-06 00:00:00,2023-09-07 00:00:00,2023-10-09 00:00:00,Unknown,56,Female,Female at birth,White,Non-Hispanic,No,No,No,No,No,2
131265-73,17,37.81,415008,133755-4,Resident,Op ill w3 t1,2023-09-24 00:00:00,17,,Negative,Negative,0,,"Undetectable, will not be done",,,Ct,2023-09-06 00:00:00,2023-09-07 00:00:00,2023-10-09 00:00:00,Unknown,56,Female,Female at birth,White,Non-Hispanic,No,No,No,No,No,2
131265-73,21,,415008,133755-4,Resident,Op ill w3 t2,2023-09-28 00:00:00,21,,Negative,Negative,0,,"Undetectable, will not be done",,,VL,2023-09-06 00:00:00,2023-09-07 00:00:00,2023-10-09 00:00:00,Unknown,56,Female,Female at birth,White,Non-Hispanic,No,No,No,No,No,2
131265-73,21,Not available,415008,133755-4,Resident,Op ill w3 t2,2023-09-28 00:00:00,21,,Negative,Negative,0,,"Undetectable, will not be done",,,Ct,2023-09-06 00:00:00,2023-09-07 00:00:00,2023-10-09 00:00:00,Unknown,56,Female,Female at birth,White,Non-Hispanic,No,No,No,No,No,2
131265-73,25,,415008,133755-4,Resident,Op ill w4 t1,2023-10-02 00:00:00,25,,Negative,Negative,0,,"Undetectable, will not be done",,,VL,2023-09-06 00:00:00,2023-09-07 00:00:00,2023-10-09 00:00:00,Unknown,56,Female,Female at birth,White,Non-Hispanic,No,No,No,No,No,2
131265-73,25,Not available,415008,133755-4,Resident,Op ill w4 t1,2023-10-02 00:00:00,25,,Negative,Negative,0,,"Undetectable, will not be done",,,Ct,2023-09-06 00:00:00,2023-09-07 00:00:00,2023-10-09 00:00:00,Unknown,56,Female,Female at birth,White,Non-Hispanic,No,No,No,No,No,2
131265-73,32,,415008,133755-4,Resident,Op ill week 5,2023-10-09 00:00:00,32,,Negative,Negative,0,,"Undetectable, will not be done",,,VL,2023-09-06 00:00:00,2023-09-07 00:00:00,2023-10-09 00:00:00,Unknown,56,Female,Female at birth,White,Non-Hispanic,No,No,No,No,No,2
131265-73,32,Not available,415008,133755-4,Resident,Op ill week 5,2023-10-09 00:00:00,32,,Negative,Negative,0,,"Undetectable, will not be done",,,Ct,2023-09-06 00:00:00,2023-09-07 00:00:00,2023-10-09 00:00:00,Unknown,56,Female,Female at birth,White,Non-Hispanic,No,No,No,No,No,2
131265-75,0,10796546.5063346,415008,133755-4,Staff,Tier 1 Testing,2023-09-07 00:00:00,0,1,Positive,Positive,0,7.03328485983023,Within detectable range,,,VL,2023-09-06 00:00:00,2023-09-07 00:00:00,2023-12-04 00:00:00,Yes,53,Male,Male at birth,White,Non-Hispanic,Yes,No,No,No,No,4
131265-75,0,20.23,415008,133755-4,Staff,Tier 1 Testing,2023-09-07 00:00:00,0,1,Positive,Positive,0,7.03328485983023,Within detectable range,,,Ct,2023-09-06 00:00:00,2023-09-07 00:00:00,2023-12-04 00:00:00,Yes,53,Male,Male at birth,White,Non-Hispanic,Yes,No,No,No,No,4
131265-75,1,336880.384739664,415008,133755-4,Staff,Illness Day 1,2023-09-08 00:00:00,1,,Positive,Positive,0,5.52747572440549,Within detectable range,,,VL,2023-09-06 00:00:00,2023-09-07 00:00:00,2023-12-04 00:00:00,Yes,53,Male,Male at birth,White,Non-Hispanic,Yes,No,No,No,No,4
131265-75,1,24.71,415008,133755-4,Staff,Illness Day 1,2023-09-08 00:00:00,1,,Positive,Positive,0,5.52747572440549,Within detectable range,,,Ct,2023-09-06 00:00:00,2023-09-07 00:00:00,2023-12-04 00:00:00,Yes,53,Male,Male at birth,White,Non-Hispanic,Yes,No,No,No,No,4
131265-75,2,1421234.45711155,415008,133755-4,Staff,Illness Day 2,2023-09-09 00:00:00,2,,Positive,Positive,0,6.15266572819529,Within detectable range,Omicron,EG.5.1.1,VL,2023-09-06 00:00:00,2023-09-07 00:00:00,2023-12-04 00:00:00,Yes,53,Male,Male at birth,White,Non-Hispanic,Yes,No,No,No,No,4
131265-75,2,22.55,415008,133755-4,Staff,Illness Day 2,2023-09-09 00:00:00,2,,Positive,Positive,0,6.15266572819529,Within detectable range,Omicron,EG.5.1.1,Ct,2023-09-06 00:00:00,2023-09-07 00:00:00,2023-12-04 00:00:00,Yes,53,Male,Male at birth,White,Non-Hispanic,Yes,No,No,No,No,4
131265-75,3,1708.9676517723,415008,133755-4,Staff,Illness Day 3,2023-09-10 00:00:00,3,,Negative,Positive,0,3.23273384224692,"Less than 10,000 copies/mL",,,VL,2023-09-06 00:00:00,2023-09-07 00:00:00,2023-12-04 00:00:00,Yes,53,Male,Male at birth,White,Non-Hispanic,Yes,No,No,No,No,4
131265-75,3,33.34,415008,133755-4,Staff,Illness Day 3,2023-09-10 00:00:00,3,,Negative,Positive,0,3.23273384224692,"Less than 10,000 copies/mL",,,Ct,2023-09-06 00:00:00,2023-09-07 00:00:00,2023-12-04 00:00:00,Yes,53,Male,Male at birth,White,Non-Hispanic,Yes,No,No,No,No,4
131265-75,4,,415008,133755-4,Staff,Illness Day 4,2023-09-11 00:00:00,4,,Negative,Negative,0,,"Undetectable, will not be done",,,VL,2023-09-06 00:00:00,2023-09-07 00:00:00,2023-12-04 00:00:00,Yes,53,Male,Male at birth,White,Non-Hispanic,Yes,No,No,No,No,4
131265-75,4,39.47,415008,133755-4,Staff,Illness Day 4,2023-09-11 00:00:00,4,,Negative,Negative,0,,"Undetectable, will not be done",,,Ct,2023-09-06 00:00:00,2023-09-07 00:00:00,2023-12-04 00:00:00,Yes,53,Male,Male at birth,White,Non-Hispanic,Yes,No,No,No,No,4
131265-75,11,,415008,133755-4,Staff,Illness Day 11,2023-09-18 00:00:00,11,,Negative,Negative,0,,"Undetectable, will not be done",,,VL,2023-09-06 00:00:00,2023-09-07 00:00:00,2023-12-04 00:00:00,Yes,53,Male,Male at birth,White,Non-Hispanic,Yes,No,No,No,No,4
131265-75,11,Not available,415008,133755-4,Staff,Illness Day 11,2023-09-18 00:00:00,11,,Negative,Negative,0,,"Undetectable, will not be done",,,Ct,2023-09-06 00:00:00,2023-09-07 00:00:00,2023-12-04 00:00:00,Yes,53,Male,Male at birth,White,Non-Hispanic,Yes,No,No,No,No,4
131265-75,12,,415008,133755-4,Staff,Illness Day 12,2023-09-19 00:00:00,12,,Negative,Negative,0,,"Undetectable, will not be done",,,VL,2023-09-06 00:00:00,2023-09-07 00:00:00,2023-12-04 00:00:00,Yes,53,Male,Male at birth,White,Non-Hispanic,Yes,No,No,No,No,4
131265-75,12,Not available,415008,133755-4,Staff,Illness Day 12,2023-09-19 00:00:00,12,,Negative,Negative,0,,"Undetectable, will not be done",,,Ct,2023-09-06 00:00:00,2023-09-07 00:00:00,2023-12-04 00:00:00,Yes,53,Male,Male at birth,White,Non-Hispanic,Yes,No,No,No,No,4
131265-75,13,,415008,133755-4,Staff,Illness Day 13,2023-09-20 00:00:00,13,,Negative,Positive,0,,"VL run, not detected",,,VL,2023-09-06 00:00:00,2023-09-07 00:00:00,2023-12-04 00:00:00,Yes,53,Male,Male at birth,White,Non-Hispanic,Yes,No,No,No,No,4
131265-75,13,34.02,415008,133755-4,Staff,Illness Day 13,2023-09-20 00:00:00,13,,Negative,Positive,0,,"VL run, not detected",,,Ct,2023-09-06 00:00:00,2023-09-07 00:00:00,2023-12-04 00:00:00,Yes,53,Male,Male at birth,White,Non-Hispanic,Yes,No,No,No,No,4
131265-75,14,,415008,133755-4,Staff,Illness Day 14,2023-09-21 00:00:00,14,,Negative,Negative,0,,"Undetectable, will not be done",,,VL,2023-09-06 00:00:00,2023-09-07 00:00:00,2023-12-04 00:00:00,Yes,53,Male,Male at birth,White,Non-Hispanic,Yes,No,No,No,No,4
131265-75,14,Not available,415008,133755-4,Staff,Illness Day 14,2023-09-21 00:00:00,14,,Negative,Negative,0,,"Undetectable, will not be done",,,Ct,2023-09-06 00:00:00,2023-09-07 00:00:00,2023-12-04 00:00:00,Yes,53,Male,Male at birth,White,Non-Hispanic,Yes,No,No,No,No,4
131265-75,18,,415008,133755-4,Staff,Op ill w3 t1,2023-09-25 00:00:00,18,,Negative,Negative,0,,"Undetectable, will not be done",,,VL,2023-09-06 00:00:00,2023-09-07 00:00:00,2023-12-04 00:00:00,Yes,53,Male,Male at birth,White,Non-Hispanic,Yes,No,No,No,No,4
131265-75,18,Not available,415008,133755-4,Staff,Op ill w3 t1,2023-09-25 00:00:00,18,,Negative,Negative,0,,"Undetectable, will not be done",,,Ct,2023-09-06 00:00:00,2023-09-07 00:00:00,2023-12-04 00:00:00,Yes,53,Male,Male at birth,White,Non-Hispanic,Yes,No,No,No,No,4
131265-75,21,,415008,133755-4,Staff,Op ill w3 t2,2023-09-28 00:00:00,21,,Negative,Negative,0,,"Undetectable, will not be done",,,VL,2023-09-06 00:00:00,2023-09-07 00:00:00,2023-12-04 00:00:00,Yes,53,Male,Male at birth,White,Non-Hispanic,Yes,No,No,No,No,4
131265-75,21,Not available,415008,133755-4,Staff,Op ill w3 t2,2023-09-28 00:00:00,21,,Negative,Negative,0,,"Undetectable, will not be done",,,Ct,2023-09-06 00:00:00,2023-09-07 00:00:00,2023-12-04 00:00:00,Yes,53,Male,Male at birth,White,Non-Hispanic,Yes,No,No,No,No,4
131265-75,25,,415008,133755-4,Staff,Op ill w4 t1,2023-10-02 00:00:00,25,,Negative,Negative,0,,"Undetectable, will not be done",,,VL,2023-09-06 00:00:00,2023-09-07 00:00:00,2023-12-04 00:00:00,Yes,53,Male,Male at birth,White,Non-Hispanic,Yes,No,No,No,No,4
131265-75,25,Not available,415008,133755-4,Staff,Op ill w4 t1,2023-10-02 00:00:00,25,,Negative,Negative,0,,"Undetectable, will not be done",,,Ct,2023-09-06 00:00:00,2023-09-07 00:00:00,2023-12-04 00:00:00,Yes,53,Male,Male at birth,White,Non-Hispanic,Yes,No,No,No,No,4
131265-75,28,,415008,133755-4,Staff,Op ill w4 t2,2023-10-05 00:00:00,28,,Negative,Negative,0,,"Undetectable, will not be done",,,VL,2023-09-06 00:00:00,2023-09-07 00:00:00,2023-12-04 00:00:00,Yes,53,Male,Male at birth,White,Non-Hispanic,Yes,No,No,No,No,4
131265-75,28,Not available,415008,133755-4,Staff,Op ill w4 t2,2023-10-05 00:00:00,28,,Negative,Negative,0,,"Undetectable, will not be done",,,Ct,2023-09-06 00:00:00,2023-09-07 00:00:00,2023-12-04 00:00:00,Yes,53,Male,Male at birth,White,Non-Hispanic,Yes,No,No,No,No,4
131265-75,32,,415008,133755-4,Staff,Op ill week 5,2023-10-09 00:00:00,32,,Negative,Negative,0,,"Undetectable, will not be done",,,VL,2023-09-06 00:00:00,2023-09-07 00:00:00,2023-12-04 00:00:00,Yes,53,Male,Male at birth,White,Non-Hispanic,Yes,No,No,No,No,4
131265-75,32,Not available,415008,133755-4,Staff,Op ill week 5,2023-10-09 00:00:00,32,,Negative,Negative,0,,"Undetectable, will not be done",,,Ct,2023-09-06 00:00:00,2023-09-07 00:00:00,2023-12-04 00:00:00,Yes,53,Male,Male at birth,White,Non-Hispanic,Yes,No,No,No,No,4
131265-75,39,8686.88729910936,415008,133755-4,Staff,Op ill week 6,2023-10-16 00:00:00,39,,Negative,Positive,0,3.93886418715217,"Less than 10,000 copies/mL",,,VL,2023-09-06 00:00:00,2023-09-07 00:00:00,2023-12-04 00:00:00,Yes,53,Male,Male at birth,White,Non-Hispanic,Yes,No,No,No,No,4
131265-75,39,29.21,415008,133755-4,Staff,Op ill week 6,2023-10-16 00:00:00,39,,Negative,Positive,0,3.93886418715217,"Less than 10,000 copies/mL",,,Ct,2023-09-06 00:00:00,2023-09-07 00:00:00,2023-12-04 00:00:00,Yes,53,Male,Male at birth,White,Non-Hispanic,Yes,No,No,No,No,4
131265-75,46,,415008,133755-4,Staff,Op ill week 7,2023-10-23 00:00:00,46,,Negative,Negative,0,,"Undetectable, will not be done",,,VL,2023-09-06 00:00:00,2023-09-07 00:00:00,2023-12-04 00:00:00,Yes,53,Male,Male at birth,White,Non-Hispanic,Yes,No,No,No,No,4
131265-75,46,Not available,415008,133755-4,Staff,Op ill week 7,2023-10-23 00:00:00,46,,Negative,Negative,0,,"Undetectable, will not be done",,,Ct,2023-09-06 00:00:00,2023-09-07 00:00:00,2023-12-04 00:00:00,Yes,53,Male,Male at birth,White,Non-Hispanic,Yes,No,No,No,No,4
131265-75,53,,415008,133755-4,Staff,Op ill week 8,2023-10-30 00:00:00,53,,Negative,Negative,0,,"Undetectable, will not be done",,,VL,2023-09-06 00:00:00,2023-09-07 00:00:00,2023-12-04 00:00:00,Yes,53,Male,Male at birth,White,Non-Hispanic,Yes,No,No,No,No,4
131265-75,53,Not available,415008,133755-4,Staff,Op ill week 8,2023-10-30 00:00:00,53,,Negative,Negative,0,,"Undetectable, will not be done",,,Ct,2023-09-06 00:00:00,2023-09-07 00:00:00,2023-12-04 00:00:00,Yes,53,Male,Male at birth,White,Non-Hispanic,Yes,No,No,No,No,4
131265-75,60,,415008,133755-4,Staff,Op ill week 9,2023-11-06 00:00:00,60,,Negative,Negative,0,,"Undetectable, will not be done",,,VL,2023-09-06 00:00:00,2023-09-07 00:00:00,2023-12-04 00:00:00,Yes,53,Male,Male at birth,White,Non-Hispanic,Yes,No,No,No,No,4
131265-75,60,Not available,415008,133755-4,Staff,Op ill week 9,2023-11-06 00:00:00,60,,Negative,Negative,0,,"Undetectable, will not be done",,,Ct,2023-09-06 00:00:00,2023-09-07 00:00:00,2023-12-04 00:00:00,Yes,53,Male,Male at birth,White,Non-Hispanic,Yes,No,No,No,No,4
131265-75,67,,415008,133755-4,Staff,Op ill week 10,2023-11-13 00:00:00,67,,Negative,Negative,0,,"Undetectable, will not be done",,,VL,2023-09-06 00:00:00,2023-09-07 00:00:00,2023-12-04 00:00:00,Yes,53,Male,Male at birth,White,Non-Hispanic,Yes,No,No,No,No,4
131265-75,67,Not available,415008,133755-4,Staff,Op ill week 10,2023-11-13 00:00:00,67,,Negative,Negative,0,,"Undetectable, will not be done",,,Ct,2023-09-06 00:00:00,2023-09-07 00:00:00,2023-12-04 00:00:00,Yes,53,Male,Male at birth,White,Non-Hispanic,Yes,No,No,No,No,4
131265-75,74,,415008,133755-4,Staff,Op ill week 11,2023-11-20 00:00:00,74,,Negative,Negative,0,,"Undetectable, will not be done",,,VL,2023-09-06 00:00:00,2023-09-07 00:00:00,2023-12-04 00:00:00,Yes,53,Male,Male at birth,White,Non-Hispanic,Yes,No,No,No,No,4
131265-75,74,Not available,415008,133755-4,Staff,Op ill week 11,2023-11-20 00:00:00,74,,Negative,Negative,0,,"Undetectable, will not be done",,,Ct,2023-09-06 00:00:00,2023-09-07 00:00:00,2023-12-04 00:00:00,Yes,53,Male,Male at birth,White,Non-Hispanic,Yes,No,No,No,No,4
131265-75,81,,415008,133755-4,Staff,Op ill week 12,2023-11-27 00:00:00,81,,Negative,Positive,0,,"VL run, not detected",,,VL,2023-09-06 00:00:00,2023-09-07 00:00:00,2023-12-04 00:00:00,Yes,53,Male,Male at birth,White,Non-Hispanic,Yes,No,No,No,No,4
131265-75,81,33.74,415008,133755-4,Staff,Op ill week 12,2023-11-27 00:00:00,81,,Negative,Positive,0,,"VL run, not detected",,,Ct,2023-09-06 00:00:00,2023-09-07 00:00:00,2023-12-04 00:00:00,Yes,53,Male,Male at birth,White,Non-Hispanic,Yes,No,No,No,No,4
131265-75,88,,415008,133755-4,Staff,Op ill week 13,2023-12-04 00:00:00,88,,Negative,Negative,0,,"Undetectable, will not be done",,,VL,2023-09-06 00:00:00,2023-09-07 00:00:00,2023-12-04 00:00:00,Yes,53,Male,Male at birth,White,Non-Hispanic,Yes,No,No,No,No,4
131265-75,88,Not available,415008,133755-4,Staff,Op ill week 13,2023-12-04 00:00:00,88,,Negative,Negative,0,,"Undetectable, will not be done",,,Ct,2023-09-06 00:00:00,2023-09-07 00:00:00,2023-12-04 00:00:00,Yes,53,Male,Male at birth,White,Non-Hispanic,Yes,No,No,No,No,4
131265-77,0,960383807.567725,415008,133755-4,Staff,Illness Day 1,2023-09-08 00:00:00,0,,Positive,Positive,0,8.98244482907838,Within detectable range,Omicron,EG.5.1.1,VL,2023-09-07 00:00:00,2023-09-08 00:00:00,2023-12-04 00:00:00,Yes,24,Female,Female at birth,White,Non-Hispanic,No,No,No,No,No,3
131265-77,0,12.03,415008,133755-4,Staff,Illness Day 1,2023-09-08 00:00:00,0,,Positive,Positive,0,8.98244482907838,Within detectable range,Omicron,EG.5.1.1,Ct,2023-09-07 00:00:00,2023-09-08 00:00:00,2023-12-04 00:00:00,Yes,24,Female,Female at birth,White,Non-Hispanic,No,No,No,No,No,3
131265-77,1,10645368.8293975,415008,133755-4,Staff,Illness Day 2,2023-09-09 00:00:00,1,,Positive,Positive,0,7.02716071300752,Within detectable range,,,VL,2023-09-07 00:00:00,2023-09-08 00:00:00,2023-12-04 00:00:00,Yes,24,Female,Female at birth,White,Non-Hispanic,No,No,No,No,No,3
131265-77,1,18.29,415008,133755-4,Staff,Illness Day 2,2023-09-09 00:00:00,1,,Positive,Positive,0,7.02716071300752,Within detectable range,,,Ct,2023-09-07 00:00:00,2023-09-08 00:00:00,2023-12-04 00:00:00,Yes,24,Female,Female at birth,White,Non-Hispanic,No,No,No,No,No,3
131265-77,2,209531.886428975,415008,133755-4,Staff,Illness Day 3,2023-09-10 00:00:00,2,,Positive,Positive,0,5.32125012298919,Within detectable range,,,VL,2023-09-07 00:00:00,2023-09-08 00:00:00,2023-12-04 00:00:00,Yes,24,Female,Female at birth,White,Non-Hispanic,No,No,No,No,No,3
131265-77,2,24.97,415008,133755-4,Staff,Illness Day 3,2023-09-10 00:00:00,2,,Positive,Positive,0,5.32125012298919,Within detectable range,,,Ct,2023-09-07 00:00:00,2023-09-08 00:00:00,2023-12-04 00:00:00,Yes,24,Female,Female at birth,White,Non-Hispanic,No,No,No,No,No,3
131265-77,3,11318.4509062473,415008,133755-4,Staff,Illness Day 4,2023-09-11 00:00:00,3,,Negative,Positive,0,4.05378699143659,Within detectable range,,,VL,2023-09-07 00:00:00,2023-09-08 00:00:00,2023-12-04 00:00:00,Yes,24,Female,Female at birth,White,Non-Hispanic,No,No,No,No,No,3
131265-77,3,29.23,415008,133755-4,Staff,Illness Day 4,2023-09-11 00:00:00,3,,Negative,Positive,0,4.05378699143659,Within detectable range,,,Ct,2023-09-07 00:00:00,2023-09-08 00:00:00,2023-12-04 00:00:00,Yes,24,Female,Female at birth,White,Non-Hispanic,No,No,No,No,No,3
131265-77,4,33507.4350006008,415008,133755-4,Staff,Illness Day 5,2023-09-12 00:00:00,4,,Inconclusive,Positive,0,4.52514118379704,Within detectable range,,,VL,2023-09-07 00:00:00,2023-09-08 00:00:00,2023-12-04 00:00:00,Yes,24,Female,Female at birth,White,Non-Hispanic,No,No,No,No,No,3
131265-77,4,28.19,415008,133755-4,Staff,Illness Day 5,2023-09-12 00:00:00,4,,Inconclusive,Positive,0,4.52514118379704,Within detectable range,,,Ct,2023-09-07 00:00:00,2023-09-08 00:00:00,2023-12-04 00:00:00,Yes,24,Female,Female at birth,White,Non-Hispanic,No,No,No,No,No,3
131265-77,5,337.827327583426,415008,133755-4,Staff,Illness Day 6,2023-09-13 00:00:00,5,,Inconclusive,Positive,0,2.52869477767623,"Less than 10,000 copies/mL",,,VL,2023-09-07 00:00:00,2023-09-08 00:00:00,2023-12-04 00:00:00,Yes,24,Female,Female at birth,White,Non-Hispanic,No,No,No,No,No,3
131265-77,5,36.04,415008,133755-4,Staff,Illness Day 6,2023-09-13 00:00:00,5,,Inconclusive,Positive,0,2.52869477767623,"Less than 10,000 copies/mL",,,Ct,2023-09-07 00:00:00,2023-09-08 00:00:00,2023-12-04 00:00:00,Yes,24,Female,Female at birth,White,Non-Hispanic,No,No,No,No,No,3
131265-77,6,,415008,133755-4,Staff,Illness Day 7,2023-09-14 00:00:00,6,,Inconclusive,Negative,0,,"Undetectable, will not be done",,,VL,2023-09-07 00:00:00,2023-09-08 00:00:00,2023-12-04 00:00:00,Yes,24,Female,Female at birth,White,Non-Hispanic,No,No,No,No,No,3
131265-77,6,38.18,415008,133755-4,Staff,Illness Day 7,2023-09-14 00:00:00,6,,Inconclusive,Negative,0,,"Undetectable, will not be done",,,Ct,2023-09-07 00:00:00,2023-09-08 00:00:00,2023-12-04 00:00:00,Yes,24,Female,Female at birth,White,Non-Hispanic,No,No,No,No,No,3
131265-77,7,,415008,133755-4,Staff,Illness Day 8,2023-09-15 00:00:00,7,,Negative,Negative,0,,"Undetectable, will not be done",,,VL,2023-09-07 00:00:00,2023-09-08 00:00:00,2023-12-04 00:00:00,Yes,24,Female,Female at birth,White,Non-Hispanic,No,No,No,No,No,3
131265-77,7,Not available,415008,133755-4,Staff,Illness Day 8,2023-09-15 00:00:00,7,,Negative,Negative,0,,"Undetectable, will not be done",,,Ct,2023-09-07 00:00:00,2023-09-08 00:00:00,2023-12-04 00:00:00,Yes,24,Female,Female at birth,White,Non-Hispanic,No,No,No,No,No,3
131265-77,8,,415008,133755-4,Staff,Illness Day 9,2023-09-16 00:00:00,8,,Negative,Negative,0,,"Undetectable, will not be done",,,VL,2023-09-07 00:00:00,2023-09-08 00:00:00,2023-12-04 00:00:00,Yes,24,Female,Female at birth,White,Non-Hispanic,No,No,No,No,No,3
131265-77,8,45.31,415008,133755-4,Staff,Illness Day 9,2023-09-16 00:00:00,8,,Negative,Negative,0,,"Undetectable, will not be done",,,Ct,2023-09-07 00:00:00,2023-09-08 00:00:00,2023-12-04 00:00:00,Yes,24,Female,Female at birth,White,Non-Hispanic,No,No,No,No,No,3
131265-77,9,,415008,133755-4,Staff,Illness Day 10,2023-09-17 00:00:00,9,,Negative,Negative,0,,"Undetectable, will not be done",,,VL,2023-09-07 00:00:00,2023-09-08 00:00:00,2023-12-04 00:00:00,Yes,24,Female,Female at birth,White,Non-Hispanic,No,No,No,No,No,3
131265-77,9,43.58,415008,133755-4,Staff,Illness Day 10,2023-09-17 00:00:00,9,,Negative,Negative,0,,"Undetectable, will not be done",,,Ct,2023-09-07 00:00:00,2023-09-08 00:00:00,2023-12-04 00:00:00,Yes,24,Female,Female at birth,White,Non-Hispanic,No,No,No,No,No,3
131265-77,10,,415008,133755-4,Staff,Illness Day 11,2023-09-18 00:00:00,10,,Negative,Negative,0,,"Undetectable, will not be done",,,VL,2023-09-07 00:00:00,2023-09-08 00:00:00,2023-12-04 00:00:00,Yes,24,Female,Female at birth,White,Non-Hispanic,No,No,No,No,No,3
131265-77,10,Not available,415008,133755-4,Staff,Illness Day 11,2023-09-18 00:00:00,10,,Negative,Negative,0,,"Undetectable, will not be done",,,Ct,2023-09-07 00:00:00,2023-09-08 00:00:00,2023-12-04 00:00:00,Yes,24,Female,Female at birth,White,Non-Hispanic,No,No,No,No,No,3
131265-77,11,,415008,133755-4,Staff,Illness Day 12,2023-09-19 00:00:00,11,,Negative,Negative,0,,"Undetectable, will not be done",,,VL,2023-09-07 00:00:00,2023-09-08 00:00:00,2023-12-04 00:00:00,Yes,24,Female,Female at birth,White,Non-Hispanic,No,No,No,No,No,3
131265-77,11,Not available,415008,133755-4,Staff,Illness Day 12,2023-09-19 00:00:00,11,,Negative,Negative,0,,"Undetectable, will not be done",,,Ct,2023-09-07 00:00:00,2023-09-08 00:00:00,2023-12-04 00:00:00,Yes,24,Female,Female at birth,White,Non-Hispanic,No,No,No,No,No,3
131265-77,12,,415008,133755-4,Staff,Illness Day 13,2023-09-20 00:00:00,12,,Inconclusive,Negative,0,,"Undetectable, will not be done",,,VL,2023-09-07 00:00:00,2023-09-08 00:00:00,2023-12-04 00:00:00,Yes,24,Female,Female at birth,White,Non-Hispanic,No,No,No,No,No,3
131265-77,12,Not available,415008,133755-4,Staff,Illness Day 13,2023-09-20 00:00:00,12,,Inconclusive,Negative,0,,"Undetectable, will not be done",,,Ct,2023-09-07 00:00:00,2023-09-08 00:00:00,2023-12-04 00:00:00,Yes,24,Female,Female at birth,White,Non-Hispanic,No,No,No,No,No,3
131265-77,13,,415008,133755-4,Staff,Illness Day 14,2023-09-21 00:00:00,13,,Negative,Negative,0,,"Undetectable, will not be done",,,VL,2023-09-07 00:00:00,2023-09-08 00:00:00,2023-12-04 00:00:00,Yes,24,Female,Female at birth,White,Non-Hispanic,No,No,No,No,No,3
131265-77,13,Not available,415008,133755-4,Staff,Illness Day 14,2023-09-21 00:00:00,13,,Negative,Negative,0,,"Undetectable, will not be done",,,Ct,2023-09-07 00:00:00,2023-09-08 00:00:00,2023-12-04 00:00:00,Yes,24,Female,Female at birth,White,Non-Hispanic,No,No,No,No,No,3
131265-77,17,,415008,133755-4,Staff,Op ill w3 t1,2023-09-25 00:00:00,17,,Negative,Negative,0,,"Undetectable, will not be done",,,VL,2023-09-07 00:00:00,2023-09-08 00:00:00,2023-12-04 00:00:00,Yes,24,Female,Female at birth,White,Non-Hispanic,No,No,No,No,No,3
131265-77,17,Not available,415008,133755-4,Staff,Op ill w3 t1,2023-09-25 00:00:00,17,,Negative,Negative,0,,"Undetectable, will not be done",,,Ct,2023-09-07 00:00:00,2023-09-08 00:00:00,2023-12-04 00:00:00,Yes,24,Female,Female at birth,White,Non-Hispanic,No,No,No,No,No,3
131265-77,20,,415008,133755-4,Staff,Op ill w3 t2,2023-09-28 00:00:00,20,,Negative,Negative,0,,"Undetectable, will not be done",,,VL,2023-09-07 00:00:00,2023-09-08 00:00:00,2023-12-04 00:00:00,Yes,24,Female,Female at birth,White,Non-Hispanic,No,No,No,No,No,3
131265-77,20,Not available,415008,133755-4,Staff,Op ill w3 t2,2023-09-28 00:00:00,20,,Negative,Negative,0,,"Undetectable, will not be done",,,Ct,2023-09-07 00:00:00,2023-09-08 00:00:00,2023-12-04 00:00:00,Yes,24,Female,Female at birth,White,Non-Hispanic,No,No,No,No,No,3
131265-77,24,,415008,133755-4,Staff,Op ill w4 t1,2023-10-02 00:00:00,24,,Negative,Negative,0,,"Undetectable, will not be done",,,VL,2023-09-07 00:00:00,2023-09-08 00:00:00,2023-12-04 00:00:00,Yes,24,Female,Female at birth,White,Non-Hispanic,No,No,No,No,No,3
131265-77,24,Not available,415008,133755-4,Staff,Op ill w4 t1,2023-10-02 00:00:00,24,,Negative,Negative,0,,"Undetectable, will not be done",,,Ct,2023-09-07 00:00:00,2023-09-08 00:00:00,2023-12-04 00:00:00,Yes,24,Female,Female at birth,White,Non-Hispanic,No,No,No,No,No,3
131265-77,27,,415008,133755-4,Staff,Op ill w4 t2,2023-10-05 00:00:00,27,,Negative,Negative,0,,"Undetectable, will not be done",,,VL,2023-09-07 00:00:00,2023-09-08 00:00:00,2023-12-04 00:00:00,Yes,24,Female,Female at birth,White,Non-Hispanic,No,No,No,No,No,3
131265-77,27,Not available,415008,133755-4,Staff,Op ill w4 t2,2023-10-05 00:00:00,27,,Negative,Negative,0,,"Undetectable, will not be done",,,Ct,2023-09-07 00:00:00,2023-09-08 00:00:00,2023-12-04 00:00:00,Yes,24,Female,Female at birth,White,Non-Hispanic,No,No,No,No,No,3
131265-77,31,,415008,133755-4,Staff,Op ill week 5,2023-10-09 00:00:00,31,,Negative,Negative,0,,"Undetectable, will not be done",,,VL,2023-09-07 00:00:00,2023-09-08 00:00:00,2023-12-04 00:00:00,Yes,24,Female,Female at birth,White,Non-Hispanic,No,No,No,No,No,3
131265-77,31,Not available,415008,133755-4,Staff,Op ill week 5,2023-10-09 00:00:00,31,,Negative,Negative,0,,"Undetectable, will not be done",,,Ct,2023-09-07 00:00:00,2023-09-08 00:00:00,2023-12-04 00:00:00,Yes,24,Female,Female at birth,White,Non-Hispanic,No,No,No,No,No,3
131265-77,38,,415008,133755-4,Staff,Op ill week 6,2023-10-16 00:00:00,38,,Negative,Negative,0,,"Undetectable, will not be done",,,VL,2023-09-07 00:00:00,2023-09-08 00:00:00,2023-12-04 00:00:00,Yes,24,Female,Female at birth,White,Non-Hispanic,No,No,No,No,No,3
131265-77,38,Not available,415008,133755-4,Staff,Op ill week 6,2023-10-16 00:00:00,38,,Negative,Negative,0,,"Undetectable, will not be done",,,Ct,2023-09-07 00:00:00,2023-09-08 00:00:00,2023-12-04 00:00:00,Yes,24,Female,Female at birth,White,Non-Hispanic,No,No,No,No,No,3
131265-77,45,,415008,133755-4,Staff,Op ill week 7,2023-10-23 00:00:00,45,,Negative,Negative,0,,"Undetectable, will not be done",,,VL,2023-09-07 00:00:00,2023-09-08 00:00:00,2023-12-04 00:00:00,Yes,24,Female,Female at birth,White,Non-Hispanic,No,No,No,No,No,3
131265-77,45,Not available,415008,133755-4,Staff,Op ill week 7,2023-10-23 00:00:00,45,,Negative,Negative,0,,"Undetectable, will not be done",,,Ct,2023-09-07 00:00:00,2023-09-08 00:00:00,2023-12-04 00:00:00,Yes,24,Female,Female at birth,White,Non-Hispanic,No,No,No,No,No,3
131265-77,52,,415008,133755-4,Staff,Op ill week 8,2023-10-30 00:00:00,52,,Negative,Negative,0,,"Undetectable, will not be done",,,VL,2023-09-07 00:00:00,2023-09-08 00:00:00,2023-12-04 00:00:00,Yes,24,Female,Female at birth,White,Non-Hispanic,No,No,No,No,No,3
131265-77,52,Not available,415008,133755-4,Staff,Op ill week 8,2023-10-30 00:00:00,52,,Negative,Negative,0,,"Undetectable, will not be done",,,Ct,2023-09-07 00:00:00,2023-09-08 00:00:00,2023-12-04 00:00:00,Yes,24,Female,Female at birth,White,Non-Hispanic,No,No,No,No,No,3
131265-77,66,,415008,133755-4,Staff,Op ill week 10,2023-11-13 00:00:00,66,,Negative,Negative,0,,"Undetectable, will not be done",,,VL,2023-09-07 00:00:00,2023-09-08 00:00:00,2023-12-04 00:00:00,Yes,24,Female,Female at birth,White,Non-Hispanic,No,No,No,No,No,3
131265-77,66,Not available,415008,133755-4,Staff,Op ill week 10,2023-11-13 00:00:00,66,,Negative,Negative,0,,"Undetectable, will not be done",,,Ct,2023-09-07 00:00:00,2023-09-08 00:00:00,2023-12-04 00:00:00,Yes,24,Female,Female at birth,White,Non-Hispanic,No,No,No,No,No,3
131265-77,73,,415008,133755-4,Staff,Op ill week 11,2023-11-20 00:00:00,73,,Negative,Negative,0,,"Undetectable, will not be done",,,VL,2023-09-07 00:00:00,2023-09-08 00:00:00,2023-12-04 00:00:00,Yes,24,Female,Female at birth,White,Non-Hispanic,No,No,No,No,No,3
131265-77,73,Not available,415008,133755-4,Staff,Op ill week 11,2023-11-20 00:00:00,73,,Negative,Negative,0,,"Undetectable, will not be done",,,Ct,2023-09-07 00:00:00,2023-09-08 00:00:00,2023-12-04 00:00:00,Yes,24,Female,Female at birth,White,Non-Hispanic,No,No,No,No,No,3
131265-77,80,,415008,133755-4,Staff,Op ill week 12,2023-11-27 00:00:00,80,,Negative,Negative,0,,"Undetectable, will not be done",,,VL,2023-09-07 00:00:00,2023-09-08 00:00:00,2023-12-04 00:00:00,Yes,24,Female,Female at birth,White,Non-Hispanic,No,No,No,No,No,3
131265-77,80,Not available,415008,133755-4,Staff,Op ill week 12,2023-11-27 00:00:00,80,,Negative,Negative,0,,"Undetectable, will not be done",,,Ct,2023-09-07 00:00:00,2023-09-08 00:00:00,2023-12-04 00:00:00,Yes,24,Female,Female at birth,White,Non-Hispanic,No,No,No,No,No,3
131265-77,87,,415008,133755-4,Staff,Op ill week 13,2023-12-04 00:00:00,87,,Negative,Negative,0,,"Undetectable, will not be done",,,VL,2023-09-07 00:00:00,2023-09-08 00:00:00,2023-12-04 00:00:00,Yes,24,Female,Female at birth,White,Non-Hispanic,No,No,No,No,No,3
131265-77,87,Not available,415008,133755-4,Staff,Op ill week 13,2023-12-04 00:00:00,87,,Negative,Negative,0,,"Undetectable, will not be done",,,Ct,2023-09-07 00:00:00,2023-09-08 00:00:00,2023-12-04 00:00:00,Yes,24,Female,Female at birth,White,Non-Hispanic,No,No,No,No,No,3
131265-81,0,32186056.0010296,415008,133755-4,Resident,Illness Day 1,2023-09-12 00:00:00,0,,Positive,Positive,0,7.50766776258404,Within detectable range,Omicron,EG.5.1.1,VL,2023-09-11 00:00:00,2023-09-12 00:00:00,2023-11-06 00:00:00,Yes,65,Male,Male at birth,White,Non-Hispanic,No,No,No,No,No,5
131265-81,0,19,415008,133755-4,Resident,Illness Day 1,2023-09-12 00:00:00,0,,Positive,Positive,0,7.50766776258404,Within detectable range,Omicron,EG.5.1.1,Ct,2023-09-11 00:00:00,2023-09-12 00:00:00,2023-11-06 00:00:00,Yes,65,Male,Male at birth,White,Non-Hispanic,No,No,No,No,No,5
131265-81,1,3992792.13008277,415008,133755-4,Resident,Illness Day 2,2023-09-13 00:00:00,1,,Positive,Positive,0,6.60127670085101,Within detectable range,,,VL,2023-09-11 00:00:00,2023-09-12 00:00:00,2023-11-06 00:00:00,Yes,65,Male,Male at birth,White,Non-Hispanic,No,No,No,No,No,5
131265-81,1,21.8,415008,133755-4,Resident,Illness Day 2,2023-09-13 00:00:00,1,,Positive,Positive,0,6.60127670085101,Within detectable range,,,Ct,2023-09-11 00:00:00,2023-09-12 00:00:00,2023-11-06 00:00:00,Yes,65,Male,Male at birth,White,Non-Hispanic,No,No,No,No,No,5
131265-81,2,45754.8986959396,415008,133755-4,Resident,Illness Day 3,2023-09-14 00:00:00,2,,Positive,Positive,0,4.66043759813412,Within detectable range,,,VL,2023-09-11 00:00:00,2023-09-12 00:00:00,2023-11-06 00:00:00,Yes,65,Male,Male at birth,White,Non-Hispanic,No,No,No,No,No,5
131265-81,2,27.76,415008,133755-4,Resident,Illness Day 3,2023-09-14 00:00:00,2,,Positive,Positive,0,4.66043759813412,Within detectable range,,,Ct,2023-09-11 00:00:00,2023-09-12 00:00:00,2023-11-06 00:00:00,Yes,65,Male,Male at birth,White,Non-Hispanic,No,No,No,No,No,5
131265-81,3,24753.0587434445,415008,133755-4,Resident,Illness Day 4,2023-09-15 00:00:00,3,,Inconclusive,Positive,0,4.39362887249468,Within detectable range,,,VL,2023-09-11 00:00:00,2023-09-12 00:00:00,2023-11-06 00:00:00,Yes,65,Male,Male at birth,White,Non-Hispanic,No,No,No,No,No,5
131265-81,3,28.59,415008,133755-4,Resident,Illness Day 4,2023-09-15 00:00:00,3,,Inconclusive,Positive,0,4.39362887249468,Within detectable range,,,Ct,2023-09-11 00:00:00,2023-09-12 00:00:00,2023-11-06 00:00:00,Yes,65,Male,Male at birth,White,Non-Hispanic,No,No,No,No,No,5
131265-81,4,36831.5982362623,415008,133755-4,Resident,Illness Day 5,2023-09-16 00:00:00,4,,Positive,Positive,0,4.56622056463633,Within detectable range,,,VL,2023-09-11 00:00:00,2023-09-12 00:00:00,2023-11-06 00:00:00,Yes,65,Male,Male at birth,White,Non-Hispanic,No,No,No,No,No,5
131265-81,4,28.49,415008,133755-4,Resident,Illness Day 5,2023-09-16 00:00:00,4,,Positive,Positive,0,4.56622056463633,Within detectable range,,,Ct,2023-09-11 00:00:00,2023-09-12 00:00:00,2023-11-06 00:00:00,Yes,65,Male,Male at birth,White,Non-Hispanic,No,No,No,No,No,5
131265-81,5,393.874805414528,415008,133755-4,Resident,Illness Day 6,2023-09-17 00:00:00,5,,Negative,Positive,0,2.59535820162816,"Less than 10,000 copies/mL",,,VL,2023-09-11 00:00:00,2023-09-12 00:00:00,2023-11-06 00:00:00,Yes,65,Male,Male at birth,White,Non-Hispanic,No,No,No,No,No,5
131265-81,5,33.58,415008,133755-4,Resident,Illness Day 6,2023-09-17 00:00:00,5,,Negative,Positive,0,2.59535820162816,"Less than 10,000 copies/mL",,,Ct,2023-09-11 00:00:00,2023-09-12 00:00:00,2023-11-06 00:00:00,Yes,65,Male,Male at birth,White,Non-Hispanic,No,No,No,No,No,5
131265-81,6,988.727698702576,415008,133755-4,Resident,Illness Day 7,2023-09-18 00:00:00,6,,Negative,Positive,0,2.99507670086514,"Less than 10,000 copies/mL",,,VL,2023-09-11 00:00:00,2023-09-12 00:00:00,2023-11-06 00:00:00,Yes,65,Male,Male at birth,White,Non-Hispanic,No,No,No,No,No,5
131265-81,6,33.37,415008,133755-4,Resident,Illness Day 7,2023-09-18 00:00:00,6,,Negative,Positive,0,2.99507670086514,"Less than 10,000 copies/mL",,,Ct,2023-09-11 00:00:00,2023-09-12 00:00:00,2023-11-06 00:00:00,Yes,65,Male,Male at birth,White,Non-Hispanic,No,No,No,No,No,5
131265-81,7,,415008,133755-4,Resident,Illness Day 8,2023-09-19 00:00:00,7,,Negative,Negative,0,,"Undetectable, will not be done",,,VL,2023-09-11 00:00:00,2023-09-12 00:00:00,2023-11-06 00:00:00,Yes,65,Male,Male at birth,White,Non-Hispanic,No,No,No,No,No,5
131265-81,7,37.01,415008,133755-4,Resident,Illness Day 8,2023-09-19 00:00:00,7,,Negative,Negative,0,,"Undetectable, will not be done",,,Ct,2023-09-11 00:00:00,2023-09-12 00:00:00,2023-11-06 00:00:00,Yes,65,Male,Male at birth,White,Non-Hispanic,No,No,No,No,No,5
131265-81,8,1080.97768421454,415008,133755-4,Resident,Illness Day 9,2023-09-20 00:00:00,8,,Negative,Positive,0,3.03381672843757,"Less than 10,000 copies/mL",,,VL,2023-09-11 00:00:00,2023-09-12 00:00:00,2023-11-06 00:00:00,Yes,65,Male,Male at birth,White,Non-Hispanic,No,No,No,No,No,5
131265-81,8,36.16,415008,133755-4,Resident,Illness Day 9,2023-09-20 00:00:00,8,,Negative,Positive,0,3.03381672843757,"Less than 10,000 copies/mL",,,Ct,2023-09-11 00:00:00,2023-09-12 00:00:00,2023-11-06 00:00:00,Yes,65,Male,Male at birth,White,Non-Hispanic,No,No,No,No,No,5
131265-81,9,,415008,133755-4,Resident,Illness Day 10,2023-09-21 00:00:00,9,,Negative,Negative,0,,"Undetectable, will not be done",,,VL,2023-09-11 00:00:00,2023-09-12 00:00:00,2023-11-06 00:00:00,Yes,65,Male,Male at birth,White,Non-Hispanic,No,No,No,No,No,5
131265-81,9,39.7,415008,133755-4,Resident,Illness Day 10,2023-09-21 00:00:00,9,,Negative,Negative,0,,"Undetectable, will not be done",,,Ct,2023-09-11 00:00:00,2023-09-12 00:00:00,2023-11-06 00:00:00,Yes,65,Male,Male at birth,White,Non-Hispanic,No,No,No,No,No,5
131265-81,10,,415008,133755-4,Resident,Illness Day 11,2023-09-22 00:00:00,10,,Negative,Negative,0,,"Undetectable, will not be done",,,VL,2023-09-11 00:00:00,2023-09-12 00:00:00,2023-11-06 00:00:00,Yes,65,Male,Male at birth,White,Non-Hispanic,No,No,No,No,No,5
131265-81,10,Not available,415008,133755-4,Resident,Illness Day 11,2023-09-22 00:00:00,10,,Negative,Negative,0,,"Undetectable, will not be done",,,Ct,2023-09-11 00:00:00,2023-09-12 00:00:00,2023-11-06 00:00:00,Yes,65,Male,Male at birth,White,Non-Hispanic,No,No,No,No,No,5
131265-81,11,,415008,133755-4,Resident,Illness Day 12,2023-09-23 00:00:00,11,,Negative,Negative,0,,"Undetectable, will not be done",,,VL,2023-09-11 00:00:00,2023-09-12 00:00:00,2023-11-06 00:00:00,Yes,65,Male,Male at birth,White,Non-Hispanic,No,No,No,No,No,5
131265-81,11,Not available,415008,133755-4,Resident,Illness Day 12,2023-09-23 00:00:00,11,,Negative,Negative,0,,"Undetectable, will not be done",,,Ct,2023-09-11 00:00:00,2023-09-12 00:00:00,2023-11-06 00:00:00,Yes,65,Male,Male at birth,White,Non-Hispanic,No,No,No,No,No,5
131265-81,12,,415008,133755-4,Resident,Illness Day 13,2023-09-24 00:00:00,12,,Negative,Negative,0,,"Undetectable, will not be done",,,VL,2023-09-11 00:00:00,2023-09-12 00:00:00,2023-11-06 00:00:00,Yes,65,Male,Male at birth,White,Non-Hispanic,No,No,No,No,No,5
131265-81,12,Not available,415008,133755-4,Resident,Illness Day 13,2023-09-24 00:00:00,12,,Negative,Negative,0,,"Undetectable, will not be done",,,Ct,2023-09-11 00:00:00,2023-09-12 00:00:00,2023-11-06 00:00:00,Yes,65,Male,Male at birth,White,Non-Hispanic,No,No,No,No,No,5
131265-81,13,,415008,133755-4,Resident,Illness Day 14,2023-09-25 00:00:00,13,,Negative,Negative,0,,"Undetectable, will not be done",,,VL,2023-09-11 00:00:00,2023-09-12 00:00:00,2023-11-06 00:00:00,Yes,65,Male,Male at birth,White,Non-Hispanic,No,No,No,No,No,5
131265-81,13,Not available,415008,133755-4,Resident,Illness Day 14,2023-09-25 00:00:00,13,,Negative,Negative,0,,"Undetectable, will not be done",,,Ct,2023-09-11 00:00:00,2023-09-12 00:00:00,2023-11-06 00:00:00,Yes,65,Male,Male at birth,White,Non-Hispanic,No,No,No,No,No,5
131265-81,16,,415008,133755-4,Resident,Op ill w3 t1,2023-09-28 00:00:00,16,,Negative,Negative,0,,"Undetectable, will not be done",,,VL,2023-09-11 00:00:00,2023-09-12 00:00:00,2023-11-06 00:00:00,Yes,65,Male,Male at birth,White,Non-Hispanic,No,No,No,No,No,5
131265-81,16,Not available,415008,133755-4,Resident,Op ill w3 t1,2023-09-28 00:00:00,16,,Negative,Negative,0,,"Undetectable, will not be done",,,Ct,2023-09-11 00:00:00,2023-09-12 00:00:00,2023-11-06 00:00:00,Yes,65,Male,Male at birth,White,Non-Hispanic,No,No,No,No,No,5
131265-81,20,,415008,133755-4,Resident,Op ill w3 t2,2023-10-02 00:00:00,20,,Negative,Negative,0,,"Undetectable, will not be done",,,VL,2023-09-11 00:00:00,2023-09-12 00:00:00,2023-11-06 00:00:00,Yes,65,Male,Male at birth,White,Non-Hispanic,No,No,No,No,No,5
131265-81,20,Not available,415008,133755-4,Resident,Op ill w3 t2,2023-10-02 00:00:00,20,,Negative,Negative,0,,"Undetectable, will not be done",,,Ct,2023-09-11 00:00:00,2023-09-12 00:00:00,2023-11-06 00:00:00,Yes,65,Male,Male at birth,White,Non-Hispanic,No,No,No,No,No,5
131265-81,24,,415008,133755-4,Resident,Op ill w4 t1,2023-10-06 00:00:00,24,,Negative,Negative,0,,"Undetectable, will not be done",,,VL,2023-09-11 00:00:00,2023-09-12 00:00:00,2023-11-06 00:00:00,Yes,65,Male,Male at birth,White,Non-Hispanic,No,No,No,No,No,5
131265-81,24,Not available,415008,133755-4,Resident,Op ill w4 t1,2023-10-06 00:00:00,24,,Negative,Negative,0,,"Undetectable, will not be done",,,Ct,2023-09-11 00:00:00,2023-09-12 00:00:00,2023-11-06 00:00:00,Yes,65,Male,Male at birth,White,Non-Hispanic,No,No,No,No,No,5
131265-81,27,,415008,133755-4,Resident,Op ill w4 t2,2023-10-09 00:00:00,27,,Negative,Negative,0,,"Undetectable, will not be done",,,VL,2023-09-11 00:00:00,2023-09-12 00:00:00,2023-11-06 00:00:00,Yes,65,Male,Male at birth,White,Non-Hispanic,No,No,No,No,No,5
131265-81,27,38.4,415008,133755-4,Resident,Op ill w4 t2,2023-10-09 00:00:00,27,,Negative,Negative,0,,"Undetectable, will not be done",,,Ct,2023-09-11 00:00:00,2023-09-12 00:00:00,2023-11-06 00:00:00,Yes,65,Male,Male at birth,White,Non-Hispanic,No,No,No,No,No,5
131265-81,34,,415008,133755-4,Resident,Op ill week 5,2023-10-16 00:00:00,34,,Negative,Negative,0,,"Undetectable, will not be done",,,VL,2023-09-11 00:00:00,2023-09-12 00:00:00,2023-11-06 00:00:00,Yes,65,Male,Male at birth,White,Non-Hispanic,No,No,No,No,No,5
131265-81,34,Not available,415008,133755-4,Resident,Op ill week 5,2023-10-16 00:00:00,34,,Negative,Negative,0,,"Undetectable, will not be done",,,Ct,2023-09-11 00:00:00,2023-09-12 00:00:00,2023-11-06 00:00:00,Yes,65,Male,Male at birth,White,Non-Hispanic,No,No,No,No,No,5
131265-81,42,,415008,133755-4,Resident,Op ill week 6,2023-10-24 00:00:00,42,,Negative,Negative,0,,"Undetectable, will not be done",,,VL,2023-09-11 00:00:00,2023-09-12 00:00:00,2023-11-06 00:00:00,Yes,65,Male,Male at birth,White,Non-Hispanic,No,No,No,No,No,5
131265-81,42,Not available,415008,133755-4,Resident,Op ill week 6,2023-10-24 00:00:00,42,,Negative,Negative,0,,"Undetectable, will not be done",,,Ct,2023-09-11 00:00:00,2023-09-12 00:00:00,2023-11-06 00:00:00,Yes,65,Male,Male at birth,White,Non-Hispanic,No,No,No,No,No,5
131265-81,48,,415008,133755-4,Resident,Op ill week 7,2023-10-30 00:00:00,48,,Negative,Negative,0,,"Undetectable, will not be done",,,VL,2023-09-11 00:00:00,2023-09-12 00:00:00,2023-11-06 00:00:00,Yes,65,Male,Male at birth,White,Non-Hispanic,No,No,No,No,No,5
131265-81,48,Not available,415008,133755-4,Resident,Op ill week 7,2023-10-30 00:00:00,48,,Negative,Negative,0,,"Undetectable, will not be done",,,Ct,2023-09-11 00:00:00,2023-09-12 00:00:00,2023-11-06 00:00:00,Yes,65,Male,Male at birth,White,Non-Hispanic,No,No,No,No,No,5
131265-104,0,7807061.61001878,415009,133755-5,Resident,Illness Day 1,2023-10-04 00:00:00,1,,Positive,Positive,0,6.89248760664605,Within detectable range,Omicron,FL.1.5.1,VL,2023-10-03 00:00:00,2023-10-03 00:00:00,2023-10-08 00:00:00,Yes,67,Female,Female at birth,White,Non-Hispanic,No,No,Yes,No,No,6
131265-104,0,21.12,415009,133755-5,Resident,Illness Day 1,2023-10-04 00:00:00,1,,Positive,Positive,0,6.89248760664605,Within detectable range,Omicron,FL.1.5.1,Ct,2023-10-03 00:00:00,2023-10-03 00:00:00,2023-10-08 00:00:00,Yes,67,Female,Female at birth,White,Non-Hispanic,No,No,Yes,No,No,6
131265-104,2,164774.089881758,415009,133755-5,Resident,Illness Day 3,2023-10-06 00:00:00,3,,Positive,Positive,0,5.21688892152343,Within detectable range,,,VL,2023-10-03 00:00:00,2023-10-03 00:00:00,2023-10-08 00:00:00,Yes,67,Female,Female at birth,White,Non-Hispanic,No,No,Yes,No,No,6
131265-104,2,29.58,415009,133755-5,Resident,Illness Day 3,2023-10-06 00:00:00,3,,Positive,Positive,0,5.21688892152343,Within detectable range,,,Ct,2023-10-03 00:00:00,2023-10-03 00:00:00,2023-10-08 00:00:00,Yes,67,Female,Female at birth,White,Non-Hispanic,No,No,Yes,No,No,6
131265-83,-2,,415009,133755-5,Resident,Tier 1 Testing,2023-09-15 00:00:00,-2,,Negative,Negative,0,,"Undetectable, will not be done",,,VL,2023-09-15 00:00:00,2023-09-17 00:00:00,2023-09-21 00:00:00,Yes,72,Female,Female at birth,White,Non-Hispanic,,,,,,5
131265-83,-2,Not available,415009,133755-5,Resident,Tier 1 Testing,2023-09-15 00:00:00,-2,,Negative,Negative,0,,"Undetectable, will not be done",,,Ct,2023-09-15 00:00:00,2023-09-17 00:00:00,2023-09-21 00:00:00,Yes,72,Female,Female at birth,White,Non-Hispanic,,,,,,5
131265-83,-1,,415009,133755-5,Resident,Tier 1 Testing,2023-09-16 00:00:00,-1,,Negative,Negative,0,,"Undetectable, will not be done",,,VL,2023-09-15 00:00:00,2023-09-17 00:00:00,2023-09-21 00:00:00,Yes,72,Female,Female at birth,White,Non-Hispanic,,,,,,5
131265-83,-1,Not available,415009,133755-5,Resident,Tier 1 Testing,2023-09-16 00:00:00,-1,,Negative,Negative,0,,"Undetectable, will not be done",,,Ct,2023-09-15 00:00:00,2023-09-17 00:00:00,2023-09-21 00:00:00,Yes,72,Female,Female at birth,White,Non-Hispanic,,,,,,5
131265-83,0,,415009,133755-5,Resident,Tier 1 Testing,2023-09-17 00:00:00,0,,Negative,Positive,0,,"VL run, not detected",,,VL,2023-09-15 00:00:00,2023-09-17 00:00:00,2023-09-21 00:00:00,Yes,72,Female,Female at birth,White,Non-Hispanic,,,,,,5
131265-83,0,36.6,415009,133755-5,Resident,Tier 1 Testing,2023-09-17 00:00:00,0,,Negative,Positive,0,,"VL run, not detected",,,Ct,2023-09-15 00:00:00,2023-09-17 00:00:00,2023-09-21 00:00:00,Yes,72,Female,Female at birth,White,Non-Hispanic,,,,,,5
131265-83,1,,415009,133755-5,Resident,Tier 1 Testing,2023-09-18 00:00:00,1,,Negative,Negative,0,,"Undetectable, will not be done",,,VL,2023-09-15 00:00:00,2023-09-17 00:00:00,2023-09-21 00:00:00,Yes,72,Female,Female at birth,White,Non-Hispanic,,,,,,5
131265-83,1,Not available,415009,133755-5,Resident,Tier 1 Testing,2023-09-18 00:00:00,1,,Negative,Negative,0,,"Undetectable, will not be done",,,Ct,2023-09-15 00:00:00,2023-09-17 00:00:00,2023-09-21 00:00:00,Yes,72,Female,Female at birth,White,Non-Hispanic,,,,,,5
131265-83,2,,415009,133755-5,Resident,Tier 1 Testing,2023-09-19 00:00:00,2,,Negative,Negative,0,,"Undetectable, will not be done",,,VL,2023-09-15 00:00:00,2023-09-17 00:00:00,2023-09-21 00:00:00,Yes,72,Female,Female at birth,White,Non-Hispanic,,,,,,5
131265-83,2,Not available,415009,133755-5,Resident,Tier 1 Testing,2023-09-19 00:00:00,2,,Negative,Negative,0,,"Undetectable, will not be done",,,Ct,2023-09-15 00:00:00,2023-09-17 00:00:00,2023-09-21 00:00:00,Yes,72,Female,Female at birth,White,Non-Hispanic,,,,,,5
131265-83,2,,415009,133755-5,Resident,Tier 1 Testing,2023-09-19 00:00:00,2,,Negative,Negative,0,,"Undetectable, will not be done",,,VL,2023-09-15 00:00:00,2023-09-17 00:00:00,2023-09-21 00:00:00,Yes,72,Female,Female at birth,White,Non-Hispanic,,,,,,5
131265-83,2,Not available,415009,133755-5,Resident,Tier 1 Testing,2023-09-19 00:00:00,2,,Negative,Negative,0,,"Undetectable, will not be done",,,Ct,2023-09-15 00:00:00,2023-09-17 00:00:00,2023-09-21 00:00:00,Yes,72,Female,Female at birth,White,Non-Hispanic,,,,,,5
131265-83,3,,415009,133755-5,Resident,Tier 1 Testing,2023-09-20 00:00:00,3,,Negative,Negative,0,,"Undetectable, will not be done",,,VL,2023-09-15 00:00:00,2023-09-17 00:00:00,2023-09-21 00:00:00,Yes,72,Female,Female at birth,White,Non-Hispanic,,,,,,5
131265-83,3,Not available,415009,133755-5,Resident,Tier 1 Testing,2023-09-20 00:00:00,3,,Negative,Negative,0,,"Undetectable, will not be done",,,Ct,2023-09-15 00:00:00,2023-09-17 00:00:00,2023-09-21 00:00:00,Yes,72,Female,Female at birth,White,Non-Hispanic,,,,,,5
131265-83,4,,415009,133755-5,Resident,Tier 1 Testing,2023-09-21 00:00:00,4,,Negative,Negative,0,,"Undetectable, will not be done",,,VL,2023-09-15 00:00:00,2023-09-17 00:00:00,2023-09-21 00:00:00,Yes,72,Female,Female at birth,White,Non-Hispanic,,,,,,5
131265-83,4,Not available,415009,133755-5,Resident,Tier 1 Testing,2023-09-21 00:00:00,4,,Negative,Negative,0,,"Undetectable, will not be done",,,Ct,2023-09-15 00:00:00,2023-09-17 00:00:00,2023-09-21 00:00:00,Yes,72,Female,Female at birth,White,Non-Hispanic,,,,,,5
131265-86,0,92117366.2889787,415009,133755-5,Resident,Illness Day 1,2023-09-19 00:00:00,0,,Positive,Positive,0,7.96434151263442,Within detectable range,,,VL,2023-09-19 00:00:00,2023-09-19 00:00:00,2023-09-26 00:00:00,Yes,81,Female,Female at birth,White,Non-Hispanic,No,No,No,No,No,2
131265-86,0,17.97,415009,133755-5,Resident,Illness Day 1,2023-09-19 00:00:00,0,,Positive,Positive,0,7.96434151263442,Within detectable range,,,Ct,2023-09-19 00:00:00,2023-09-19 00:00:00,2023-09-26 00:00:00,Yes,81,Female,Female at birth,White,Non-Hispanic,No,No,No,No,No,2
131265-86,1,6259375.82579669,415009,133755-5,Resident,Illness Day 2,2023-09-20 00:00:00,1,,Positive,Positive,0,6.79653102826996,Within detectable range,,,VL,2023-09-19 00:00:00,2023-09-19 00:00:00,2023-09-26 00:00:00,Yes,81,Female,Female at birth,White,Non-Hispanic,No,No,No,No,No,2
131265-86,1,21.3,415009,133755-5,Resident,Illness Day 2,2023-09-20 00:00:00,1,,Positive,Positive,0,6.79653102826996,Within detectable range,,,Ct,2023-09-19 00:00:00,2023-09-19 00:00:00,2023-09-26 00:00:00,Yes,81,Female,Female at birth,White,Non-Hispanic,No,No,No,No,No,2
131265-86,2,4479229083.9087,415009,133755-5,Resident,Illness Day 3,2023-09-21 00:00:00,2,,Positive,Positive,0,9.65120327439675,More than 1 billion copies/mL,Omicron,EG.5.1.3,VL,2023-09-19 00:00:00,2023-09-19 00:00:00,2023-09-26 00:00:00,Yes,81,Female,Female at birth,White,Non-Hispanic,No,No,No,No,No,2
131265-86,2,11.48,415009,133755-5,Resident,Illness Day 3,2023-09-21 00:00:00,2,,Positive,Positive,0,9.65120327439675,More than 1 billion copies/mL,Omicron,EG.5.1.3,Ct,2023-09-19 00:00:00,2023-09-19 00:00:00,2023-09-26 00:00:00,Yes,81,Female,Female at birth,White,Non-Hispanic,No,No,No,No,No,2
131265-86,3,16680270.7644176,415009,133755-5,Resident,Illness Day 4,2023-09-22 00:00:00,3,,Positive,Positive,0,7.22220309609417,Within detectable range,,,VL,2023-09-19 00:00:00,2023-09-19 00:00:00,2023-09-26 00:00:00,Yes,81,Female,Female at birth,White,Non-Hispanic,No,No,No,No,No,2
131265-86,3,19.87,415009,133755-5,Resident,Illness Day 4,2023-09-22 00:00:00,3,,Positive,Positive,0,7.22220309609417,Within detectable range,,,Ct,2023-09-19 00:00:00,2023-09-19 00:00:00,2023-09-26 00:00:00,Yes,81,Female,Female at birth,White,Non-Hispanic,No,No,No,No,No,2
131265-86,4,408293489.626157,415009,133755-5,Resident,Illness Day 5,2023-09-23 00:00:00,4,,Positive,Positive,0,8.61097245501,Within detectable range,,,VL,2023-09-19 00:00:00,2023-09-19 00:00:00,2023-09-26 00:00:00,Yes,81,Female,Female at birth,White,Non-Hispanic,No,No,No,No,No,2
131265-86,4,15.87,415009,133755-5,Resident,Illness Day 5,2023-09-23 00:00:00,4,,Positive,Positive,0,8.61097245501,Within detectable range,,,Ct,2023-09-19 00:00:00,2023-09-19 00:00:00,2023-09-26 00:00:00,Yes,81,Female,Female at birth,White,Non-Hispanic,No,No,No,No,No,2
131265-86,5,2079722.65635546,415009,133755-5,Resident,Illness Day 6,2023-09-24 00:00:00,5,,Positive,Positive,0,6.31800542301788,Within detectable range,,,VL,2023-09-19 00:00:00,2023-09-19 00:00:00,2023-09-26 00:00:00,Yes,81,Female,Female at birth,White,Non-Hispanic,No,No,No,No,No,2
131265-86,5,22.79,415009,133755-5,Resident,Illness Day 6,2023-09-24 00:00:00,5,,Positive,Positive,0,6.31800542301788,Within detectable range,,,Ct,2023-09-19 00:00:00,2023-09-19 00:00:00,2023-09-26 00:00:00,Yes,81,Female,Female at birth,White,Non-Hispanic,No,No,No,No,No,2
131265-86,6,264665.614120148,415009,133755-5,Resident,Illness Day 7,2023-09-25 00:00:00,6,,Negative,Positive,0,5.42269752056869,Within detectable range,,,VL,2023-09-19 00:00:00,2023-09-19 00:00:00,2023-09-26 00:00:00,Yes,81,Female,Female at birth,White,Non-Hispanic,No,No,No,No,No,2
131265-86,6,26,415009,133755-5,Resident,Illness Day 7,2023-09-25 00:00:00,6,,Negative,Positive,0,5.42269752056869,Within detectable range,,,Ct,2023-09-19 00:00:00,2023-09-19 00:00:00,2023-09-26 00:00:00,Yes,81,Female,Female at birth,White,Non-Hispanic,No,No,No,No,No,2
131265-86,7,2470846.89991888,415009,133755-5,Resident,Illness Day 8,2023-09-26 00:00:00,7,,Negative,Positive,0,6.39284583622348,Within detectable range,,,VL,2023-09-19 00:00:00,2023-09-19 00:00:00,2023-09-26 00:00:00,Yes,81,Female,Female at birth,White,Non-Hispanic,No,No,No,No,No,2
131265-86,7,22.32,415009,133755-5,Resident,Illness Day 8,2023-09-26 00:00:00,7,,Negative,Positive,0,6.39284583622348,Within detectable range,,,Ct,2023-09-19 00:00:00,2023-09-19 00:00:00,2023-09-26 00:00:00,Yes,81,Female,Female at birth,White,Non-Hispanic,No,No,No,No,No,2
131265-88,0,3708146.14989414,415009,133755-5,Resident,Illness Day 1,2023-09-21 00:00:00,1,,Positive,Positive,0,6.56915684274369,Within detectable range,,,VL,2023-09-20 00:00:00,2023-09-20 00:00:00,2023-10-23 00:00:00,Yes,74,Female,Female at birth,White,Non-Hispanic,No,No,Yes,No,No,3
131265-88,0,22.82,415009,133755-5,Resident,Illness Day 1,2023-09-21 00:00:00,1,,Positive,Positive,0,6.56915684274369,Within detectable range,,,Ct,2023-09-20 00:00:00,2023-09-20 00:00:00,2023-10-23 00:00:00,Yes,74,Female,Female at birth,White,Non-Hispanic,No,No,Yes,No,No,3
131265-88,1,71610.4704566974,415009,133755-5,Resident,Illness Day 2,2023-09-22 00:00:00,2,,Positive,Positive,0,4.85497652690442,Within detectable range,,,VL,2023-09-20 00:00:00,2023-09-20 00:00:00,2023-10-23 00:00:00,Yes,74,Female,Female at birth,White,Non-Hispanic,No,No,Yes,No,No,3
131265-88,1,27.85,415009,133755-5,Resident,Illness Day 2,2023-09-22 00:00:00,2,,Positive,Positive,0,4.85497652690442,Within detectable range,,,Ct,2023-09-20 00:00:00,2023-09-20 00:00:00,2023-10-23 00:00:00,Yes,74,Female,Female at birth,White,Non-Hispanic,No,No,Yes,No,No,3
131265-88,2,190484.767850822,415009,133755-5,Resident,Illness Day 3,2023-09-23 00:00:00,3,,Negative,Positive,0,5.2798602529627,Within detectable range,,,VL,2023-09-20 00:00:00,2023-09-20 00:00:00,2023-10-23 00:00:00,Yes,74,Female,Female at birth,White,Non-Hispanic,No,No,Yes,No,No,3
131265-88,2,27.63,415009,133755-5,Resident,Illness Day 3,2023-09-23 00:00:00,3,,Negative,Positive,0,5.2798602529627,Within detectable range,,,Ct,2023-09-20 00:00:00,2023-09-20 00:00:00,2023-10-23 00:00:00,Yes,74,Female,Female at birth,White,Non-Hispanic,No,No,Yes,No,No,3
131265-88,3,50556.7428894687,415009,133755-5,Resident,Illness Day 4,2023-09-24 00:00:00,4,,Negative,Positive,0,4.70377908681912,Within detectable range,,,VL,2023-09-20 00:00:00,2023-09-20 00:00:00,2023-10-23 00:00:00,Yes,74,Female,Female at birth,White,Non-Hispanic,No,No,Yes,No,No,3
131265-88,3,28.53,415009,133755-5,Resident,Illness Day 4,2023-09-24 00:00:00,4,,Negative,Positive,0,4.70377908681912,Within detectable range,,,Ct,2023-09-20 00:00:00,2023-09-20 00:00:00,2023-10-23 00:00:00,Yes,74,Female,Female at birth,White,Non-Hispanic,No,No,Yes,No,No,3
131265-88,4,1798.62235863756,415009,133755-5,Resident,Illness Day 5,2023-09-25 00:00:00,5,,Positive,Positive,0,3.25493998781677,"Less than 10,000 copies/mL",,,VL,2023-09-20 00:00:00,2023-09-20 00:00:00,2023-10-23 00:00:00,Yes,74,Female,Female at birth,White,Non-Hispanic,No,No,Yes,No,No,3
131265-88,4,31.7,415009,133755-5,Resident,Illness Day 5,2023-09-25 00:00:00,5,,Positive,Positive,0,3.25493998781677,"Less than 10,000 copies/mL",,,Ct,2023-09-20 00:00:00,2023-09-20 00:00:00,2023-10-23 00:00:00,Yes,74,Female,Female at birth,White,Non-Hispanic,No,No,Yes,No,No,3
131265-88,5,4630.06410185446,415009,133755-5,Resident,Illness Day 6,2023-09-26 00:00:00,6,,Negative,Positive,0,3.66558700373695,"Less than 10,000 copies/mL",,,VL,2023-09-20 00:00:00,2023-09-20 00:00:00,2023-10-23 00:00:00,Yes,74,Female,Female at birth,White,Non-Hispanic,No,No,Yes,No,No,3
131265-88,5,32.29,415009,133755-5,Resident,Illness Day 6,2023-09-26 00:00:00,6,,Negative,Positive,0,3.66558700373695,"Less than 10,000 copies/mL",,,Ct,2023-09-20 00:00:00,2023-09-20 00:00:00,2023-10-23 00:00:00,Yes,74,Female,Female at birth,White,Non-Hispanic,No,No,Yes,No,No,3
131265-88,6,,415009,133755-5,Resident,Illness Day 7,2023-09-27 00:00:00,7,,Negative,Positive,0,,"VL run, not detected",,,VL,2023-09-20 00:00:00,2023-09-20 00:00:00,2023-10-23 00:00:00,Yes,74,Female,Female at birth,White,Non-Hispanic,No,No,Yes,No,No,3
131265-88,6,34.38,415009,133755-5,Resident,Illness Day 7,2023-09-27 00:00:00,7,,Negative,Positive,0,,"VL run, not detected",,,Ct,2023-09-20 00:00:00,2023-09-20 00:00:00,2023-10-23 00:00:00,Yes,74,Female,Female at birth,White,Non-Hispanic,No,No,Yes,No,No,3
131265-88,7,10675489.5451468,415009,133755-5,Resident,Illness Day 8,2023-09-28 00:00:00,8,,Positive,Positive,0,7.02838779956414,Within detectable range,Omicron,EG.5.1.3,VL,2023-09-20 00:00:00,2023-09-20 00:00:00,2023-10-23 00:00:00,Yes,74,Female,Female at birth,White,Non-Hispanic,No,No,Yes,No,No,3
131265-88,7,21.24,415009,133755-5,Resident,Illness Day 8,2023-09-28 00:00:00,8,,Positive,Positive,0,7.02838779956414,Within detectable range,Omicron,EG.5.1.3,Ct,2023-09-20 00:00:00,2023-09-20 00:00:00,2023-10-23 00:00:00,Yes,74,Female,Female at birth,White,Non-Hispanic,No,No,Yes,No,No,3
131265-88,8,86629.3825176372,415009,133755-5,Resident,Illness Day 9,2023-09-29 00:00:00,9,,Positive,Positive,0,4.93766521881851,Within detectable range,,,VL,2023-09-20 00:00:00,2023-09-20 00:00:00,2023-10-23 00:00:00,Yes,74,Female,Female at birth,White,Non-Hispanic,No,No,Yes,No,No,3
131265-88,8,27.04,415009,133755-5,Resident,Illness Day 9,2023-09-29 00:00:00,9,,Positive,Positive,0,4.93766521881851,Within detectable range,,,Ct,2023-09-20 00:00:00,2023-09-20 00:00:00,2023-10-23 00:00:00,Yes,74,Female,Female at birth,White,Non-Hispanic,No,No,Yes,No,No,3
131265-88,11,5913.7180681012,415009,133755-5,Resident,Illness Day 12,2023-10-02 00:00:00,12,,Negative,Positive,0,3.77186061603276,"Less than 10,000 copies/mL",,,VL,2023-09-20 00:00:00,2023-09-20 00:00:00,2023-10-23 00:00:00,Yes,74,Female,Female at birth,White,Non-Hispanic,No,No,Yes,No,No,3
131265-88,11,33.54,415009,133755-5,Resident,Illness Day 12,2023-10-02 00:00:00,12,,Negative,Positive,0,3.77186061603276,"Less than 10,000 copies/mL",,,Ct,2023-09-20 00:00:00,2023-09-20 00:00:00,2023-10-23 00:00:00,Yes,74,Female,Female at birth,White,Non-Hispanic,No,No,Yes,No,No,3
131265-88,12,9248.69316026219,415009,133755-5,Resident,Illness Day 13,2023-10-03 00:00:00,13,,Positive,Positive,0,3.96608037129227,"Less than 10,000 copies/mL",,,VL,2023-09-20 00:00:00,2023-09-20 00:00:00,2023-10-23 00:00:00,Yes,74,Female,Female at birth,White,Non-Hispanic,No,No,Yes,No,No,3
131265-88,12,28.73,415009,133755-5,Resident,Illness Day 13,2023-10-03 00:00:00,13,,Positive,Positive,0,3.96608037129227,"Less than 10,000 copies/mL",,,Ct,2023-09-20 00:00:00,2023-09-20 00:00:00,2023-10-23 00:00:00,Yes,74,Female,Female at birth,White,Non-Hispanic,No,No,Yes,No,No,3
131265-88,13,17472.522824324,415009,133755-5,Resident,Illness Day 14,2023-10-04 00:00:00,14,,Negative,Positive,0,4.24235561646431,Within detectable range,,,VL,2023-09-20 00:00:00,2023-09-20 00:00:00,2023-10-23 00:00:00,Yes,74,Female,Female at birth,White,Non-Hispanic,No,No,Yes,No,No,3
131265-88,13,30.21,415009,133755-5,Resident,Illness Day 14,2023-10-04 00:00:00,14,,Negative,Positive,0,4.24235561646431,Within detectable range,,,Ct,2023-09-20 00:00:00,2023-09-20 00:00:00,2023-10-23 00:00:00,Yes,74,Female,Female at birth,White,Non-Hispanic,No,No,Yes,No,No,3
131265-88,18,1437.96396414318,415009,133755-5,Resident,Op ill w3 t1,2023-10-09 00:00:00,19,,Not done,Positive,0,3.15774800261859,"Less than 10,000 copies/mL",,,VL,2023-09-20 00:00:00,2023-09-20 00:00:00,2023-10-23 00:00:00,Yes,74,Female,Female at birth,White,Non-Hispanic,No,No,Yes,No,No,3
131265-88,18,34.74,415009,133755-5,Resident,Op ill w3 t1,2023-10-09 00:00:00,19,,Not done,Positive,0,3.15774800261859,"Less than 10,000 copies/mL",,,Ct,2023-09-20 00:00:00,2023-09-20 00:00:00,2023-10-23 00:00:00,Yes,74,Female,Female at birth,White,Non-Hispanic,No,No,Yes,No,No,3
131265-88,21,,415009,133755-5,Resident,Op ill w3 t2,2023-10-12 00:00:00,22,,Negative,Negative,0,,"Undetectable, will not be done",,,VL,2023-09-20 00:00:00,2023-09-20 00:00:00,2023-10-23 00:00:00,Yes,74,Female,Female at birth,White,Non-Hispanic,No,No,Yes,No,No,3
131265-88,21,38.89,415009,133755-5,Resident,Op ill w3 t2,2023-10-12 00:00:00,22,,Negative,Negative,0,,"Undetectable, will not be done",,,Ct,2023-09-20 00:00:00,2023-09-20 00:00:00,2023-10-23 00:00:00,Yes,74,Female,Female at birth,White,Non-Hispanic,No,No,Yes,No,No,3
131265-88,28,,415009,133755-5,Resident,Op ill w4 t2,2023-10-19 00:00:00,29,,Negative,Negative,0,,"Undetectable, will not be done",,,VL,2023-09-20 00:00:00,2023-09-20 00:00:00,2023-10-23 00:00:00,Yes,74,Female,Female at birth,White,Non-Hispanic,No,No,Yes,No,No,3
131265-88,28,Not available,415009,133755-5,Resident,Op ill w4 t2,2023-10-19 00:00:00,29,,Negative,Negative,0,,"Undetectable, will not be done",,,Ct,2023-09-20 00:00:00,2023-09-20 00:00:00,2023-10-23 00:00:00,Yes,74,Female,Female at birth,White,Non-Hispanic,No,No,Yes,No,No,3
131265-88,32,,415009,133755-5,Resident,Op ill week 5,2023-10-23 00:00:00,33,,Negative,Negative,0,,"Undetectable, will not be done",,,VL,2023-09-20 00:00:00,2023-09-20 00:00:00,2023-10-23 00:00:00,Yes,74,Female,Female at birth,White,Non-Hispanic,No,No,Yes,No,No,3
131265-88,32,Not available,415009,133755-5,Resident,Op ill week 5,2023-10-23 00:00:00,33,,Negative,Negative,0,,"Undetectable, will not be done",,,Ct,2023-09-20 00:00:00,2023-09-20 00:00:00,2023-10-23 00:00:00,Yes,74,Female,Female at birth,White,Non-Hispanic,No,No,Yes,No,No,3
131265-91,2,16760941.8231877,415009,133755-5,Resident,Illness Day 2,2023-09-24 00:00:00,2,,Positive,Positive,0,7.2242984186571,Within detectable range,,,VL,2023-09-24 00:00:00,2023-09-22 00:00:00,2023-10-19 00:00:00,Yes,70,Female,Female at birth,White,Non-Hispanic,Yes,No,No,No,No,3
131265-91,2,20.21,415009,133755-5,Resident,Illness Day 2,2023-09-24 00:00:00,2,,Positive,Positive,0,7.2242984186571,Within detectable range,,,Ct,2023-09-24 00:00:00,2023-09-22 00:00:00,2023-10-19 00:00:00,Yes,70,Female,Female at birth,White,Non-Hispanic,Yes,No,No,No,No,3
131265-91,3,97835722.6177269,415009,133755-5,Resident,Illness Day 3,2023-09-25 00:00:00,3,1,Positive,Positive,0,7.99049745706865,Within detectable range,,,VL,2023-09-24 00:00:00,2023-09-22 00:00:00,2023-10-19 00:00:00,Yes,70,Female,Female at birth,White,Non-Hispanic,Yes,No,No,No,No,3
131265-91,3,17.2,415009,133755-5,Resident,Illness Day 3,2023-09-25 00:00:00,3,1,Positive,Positive,0,7.99049745706865,Within detectable range,,,Ct,2023-09-24 00:00:00,2023-09-22 00:00:00,2023-10-19 00:00:00,Yes,70,Female,Female at birth,White,Non-Hispanic,Yes,No,No,No,No,3
131265-91,4,16469969.5468798,415009,133755-5,Resident,Illness Day 4,2023-09-26 00:00:00,4,,Positive,Positive,0,7.21669279615614,Within detectable range,,,VL,2023-09-24 00:00:00,2023-09-22 00:00:00,2023-10-19 00:00:00,Yes,70,Female,Female at birth,White,Non-Hispanic,Yes,No,No,No,No,3
131265-91,4,19.12,415009,133755-5,Resident,Illness Day 4,2023-09-26 00:00:00,4,,Positive,Positive,0,7.21669279615614,Within detectable range,,,Ct,2023-09-24 00:00:00,2023-09-22 00:00:00,2023-10-19 00:00:00,Yes,70,Female,Female at birth,White,Non-Hispanic,Yes,No,No,No,No,3
131265-91,5,12952146.3016429,415009,133755-5,Resident,Illness Day 5,2023-09-27 00:00:00,5,,Positive,Positive,0,7.11234174136896,Within detectable range,,,VL,2023-09-24 00:00:00,2023-09-22 00:00:00,2023-10-19 00:00:00,Yes,70,Female,Female at birth,White,Non-Hispanic,Yes,No,No,No,No,3
131265-91,5,19.78,415009,133755-5,Resident,Illness Day 5,2023-09-27 00:00:00,5,,Positive,Positive,0,7.11234174136896,Within detectable range,,,Ct,2023-09-24 00:00:00,2023-09-22 00:00:00,2023-10-19 00:00:00,Yes,70,Female,Female at birth,White,Non-Hispanic,Yes,No,No,No,No,3
131265-91,6,183829752.315049,415009,133755-5,Resident,Illness Day 6,2023-09-28 00:00:00,6,,Positive,Positive,0,8.26441580204769,Within detectable range,Omicron,FL.1.5.1,VL,2023-09-24 00:00:00,2023-09-22 00:00:00,2023-10-19 00:00:00,Yes,70,Female,Female at birth,White,Non-Hispanic,Yes,No,No,No,No,3
131265-91,6,15.88,415009,133755-5,Resident,Illness Day 6,2023-09-28 00:00:00,6,,Positive,Positive,0,8.26441580204769,Within detectable range,Omicron,FL.1.5.1,Ct,2023-09-24 00:00:00,2023-09-22 00:00:00,2023-10-19 00:00:00,Yes,70,Female,Female at birth,White,Non-Hispanic,Yes,No,No,No,No,3
131265-91,7,17647530.8289732,415009,133755-5,Resident,Illness Day 7,2023-09-29 00:00:00,7,,Positive,Positive,0,7.24668394924976,Within detectable range,,,VL,2023-09-24 00:00:00,2023-09-22 00:00:00,2023-10-19 00:00:00,Yes,70,Female,Female at birth,White,Non-Hispanic,Yes,No,No,No,No,3
131265-91,7,18.84,415009,133755-5,Resident,Illness Day 7,2023-09-29 00:00:00,7,,Positive,Positive,0,7.24668394924976,Within detectable range,,,Ct,2023-09-24 00:00:00,2023-09-22 00:00:00,2023-10-19 00:00:00,Yes,70,Female,Female at birth,White,Non-Hispanic,Yes,No,No,No,No,3
131265-91,21,27655.2889126545,415009,133755-5,Resident,Op ill w3 t2,2023-10-13 00:00:00,21,,Negative,Positive,0,4.44177819986959,Within detectable range,,,VL,2023-09-24 00:00:00,2023-09-22 00:00:00,2023-10-19 00:00:00,Yes,70,Female,Female at birth,White,Non-Hispanic,Yes,No,No,No,No,3
131265-91,21,29.41,415009,133755-5,Resident,Op ill w3 t2,2023-10-13 00:00:00,21,,Negative,Positive,0,4.44177819986959,Within detectable range,,,Ct,2023-09-24 00:00:00,2023-09-22 00:00:00,2023-10-19 00:00:00,Yes,70,Female,Female at birth,White,Non-Hispanic,Yes,No,No,No,No,3
131265-91,24,7667.40731437762,415009,133755-5,Resident,Op ill w4 t1,2023-10-16 00:00:00,24,,Negative,Positive,0,3.88464853482112,"Less than 10,000 copies/mL",,,VL,2023-09-24 00:00:00,2023-09-22 00:00:00,2023-10-19 00:00:00,Yes,70,Female,Female at birth,White,Non-Hispanic,Yes,No,No,No,No,3
131265-91,24,30.36,415009,133755-5,Resident,Op ill w4 t1,2023-10-16 00:00:00,24,,Negative,Positive,0,3.88464853482112,"Less than 10,000 copies/mL",,,Ct,2023-09-24 00:00:00,2023-09-22 00:00:00,2023-10-19 00:00:00,Yes,70,Female,Female at birth,White,Non-Hispanic,Yes,No,No,No,No,3
131265-91,27,18724.5289843751,415009,133755-5,Resident,Op ill w4 t2,2023-10-19 00:00:00,27,,Negative,Positive,0,4.27241090182894,Within detectable range,,,VL,2023-09-24 00:00:00,2023-09-22 00:00:00,2023-10-19 00:00:00,Yes,70,Female,Female at birth,White,Non-Hispanic,Yes,No,No,No,No,3
131265-91,27,28.43,415009,133755-5,Resident,Op ill w4 t2,2023-10-19 00:00:00,27,,Negative,Positive,0,4.27241090182894,Within detectable range,,,Ct,2023-09-24 00:00:00,2023-09-22 00:00:00,2023-10-19 00:00:00,Yes,70,Female,Female at birth,White,Non-Hispanic,Yes,No,No,No,No,3
131265-97,0,332528507.781325,415009,133755-5,Resident,Illness Day 1,2023-09-28 00:00:00,0,1,Positive,Positive,0,8.52182888344785,Within detectable range,,,VL,2023-09-28 00:00:00,2023-09-28 00:00:00,2023-10-03 00:00:00,Yes,72,Female,Female at birth,White,Unknown,No,No,Yes,No,No,3
131265-97,0,15.75,415009,133755-5,Resident,Illness Day 1,2023-09-28 00:00:00,0,1,Positive,Positive,0,8.52182888344785,Within detectable range,,,Ct,2023-09-28 00:00:00,2023-09-28 00:00:00,2023-10-03 00:00:00,Yes,72,Female,Female at birth,White,Unknown,No,No,Yes,No,No,3
131265-97,1,445390532.871626,415009,133755-5,Resident,Illness Day 2,2023-09-29 00:00:00,1,,Positive,Positive,0,8.6487409815231,Within detectable range,Omicron,FL.1.5.1,VL,2023-09-28 00:00:00,2023-09-28 00:00:00,2023-10-03 00:00:00,Yes,72,Female,Female at birth,White,Unknown,No,No,Yes,No,No,3
131265-97,1,14.95,415009,133755-5,Resident,Illness Day 2,2023-09-29 00:00:00,1,,Positive,Positive,0,8.6487409815231,Within detectable range,Omicron,FL.1.5.1,Ct,2023-09-28 00:00:00,2023-09-28 00:00:00,2023-10-03 00:00:00,Yes,72,Female,Female at birth,White,Unknown,No,No,Yes,No,No,3
131265-97,4,287810.297538731,415009,133755-5,Resident,Illness Day 5,2023-10-02 00:00:00,4,,Positive,Positive,0,5.45910632846175,Within detectable range,,,VL,2023-09-28 00:00:00,2023-09-28 00:00:00,2023-10-03 00:00:00,Yes,72,Female,Female at birth,White,Unknown,No,No,Yes,No,No,3
131265-97,4,26.86,415009,133755-5,Resident,Illness Day 5,2023-10-02 00:00:00,4,,Positive,Positive,0,5.45910632846175,Within detectable range,,,Ct,2023-09-28 00:00:00,2023-09-28 00:00:00,2023-10-03 00:00:00,Yes,72,Female,Female at birth,White,Unknown,No,No,Yes,No,No,3
131265-97,5,24210.6889954667,415009,133755-5,Resident,Illness Day 6,2023-10-03 00:00:00,5,,Negative,Positive,0,4.38400714890772,Within detectable range,,,VL,2023-09-28 00:00:00,2023-09-28 00:00:00,2023-10-03 00:00:00,Yes,72,Female,Female at birth,White,Unknown,No,No,Yes,No,No,3
131265-97,5,28.09,415009,133755-5,Resident,Illness Day 6,2023-10-03 00:00:00,5,,Negative,Positive,0,4.38400714890772,Within detectable range,,,Ct,2023-09-28 00:00:00,2023-09-28 00:00:00,2023-10-03 00:00:00,Yes,72,Female,Female at birth,White,Unknown,No,No,Yes,No,No,3
131265-108,2,75188.8884626848,415008,133755-6,Resident,Illness Day 1,2023-10-09 00:00:00,2,,Positive,Positive,0,4.87615366458237,Within detectable range,,,VL,2023-10-09 00:00:00,2023-10-07 00:00:00,2023-10-13 00:00:00,Yes,58,Female,Female at birth,White,Non-Hispanic,Yes,No,No,No,No,3
131265-108,2,27.21,415008,133755-6,Resident,Illness Day 1,2023-10-09 00:00:00,2,,Positive,Positive,0,4.87615366458237,Within detectable range,,,Ct,2023-10-09 00:00:00,2023-10-07 00:00:00,2023-10-13 00:00:00,Yes,58,Female,Female at birth,White,Non-Hispanic,Yes,No,No,No,No,3
131265-108,3,3867908.58292081,415008,133755-6,Resident,Illness Day 2,2023-10-10 00:00:00,3,,Positive,Positive,0,6.58747620108775,Within detectable range,Omicron,HV.1,VL,2023-10-09 00:00:00,2023-10-07 00:00:00,2023-10-13 00:00:00,Yes,58,Female,Female at birth,White,Non-Hispanic,Yes,No,No,No,No,3
131265-108,3,22.34,415008,133755-6,Resident,Illness Day 2,2023-10-10 00:00:00,3,,Positive,Positive,0,6.58747620108775,Within detectable range,Omicron,HV.1,Ct,2023-10-09 00:00:00,2023-10-07 00:00:00,2023-10-13 00:00:00,Yes,58,Female,Female at birth,White,Non-Hispanic,Yes,No,No,No,No,3
131265-108,4,70657.7759517614,415008,133755-6,Resident,Illness Day 3,2023-10-11 00:00:00,4,,Positive,Positive,0,4.84915996331283,Within detectable range,,,VL,2023-10-09 00:00:00,2023-10-07 00:00:00,2023-10-13 00:00:00,Yes,58,Female,Female at birth,White,Non-Hispanic,Yes,No,No,No,No,3
131265-108,4,30.96,415008,133755-6,Resident,Illness Day 3,2023-10-11 00:00:00,4,,Positive,Positive,0,4.84915996331283,Within detectable range,,,Ct,2023-10-09 00:00:00,2023-10-07 00:00:00,2023-10-13 00:00:00,Yes,58,Female,Female at birth,White,Non-Hispanic,Yes,No,No,No,No,3
131265-108,5,,415008,133755-6,Resident,Illness Day 4,2023-10-12 00:00:00,5,,Negative,Negative,0,,"Undetectable, will not be done",,,VL,2023-10-09 00:00:00,2023-10-07 00:00:00,2023-10-13 00:00:00,Yes,58,Female,Female at birth,White,Non-Hispanic,Yes,No,No,No,No,3
131265-108,5,Not available,415008,133755-6,Resident,Illness Day 4,2023-10-12 00:00:00,5,,Negative,Negative,0,,"Undetectable, will not be done",,,Ct,2023-10-09 00:00:00,2023-10-07 00:00:00,2023-10-13 00:00:00,Yes,58,Female,Female at birth,White,Non-Hispanic,Yes,No,No,No,No,3
131265-108,6,,415008,133755-6,Resident,Illness Day 5,2023-10-13 00:00:00,6,,Negative,Negative,0,,"Undetectable, will not be done",,,VL,2023-10-09 00:00:00,2023-10-07 00:00:00,2023-10-13 00:00:00,Yes,58,Female,Female at birth,White,Non-Hispanic,Yes,No,No,No,No,3
131265-108,6,Not available,415008,133755-6,Resident,Illness Day 5,2023-10-13 00:00:00,6,,Negative,Negative,0,,"Undetectable, will not be done",,,Ct,2023-10-09 00:00:00,2023-10-07 00:00:00,2023-10-13 00:00:00,Yes,58,Female,Female at birth,White,Non-Hispanic,Yes,No,No,No,No,3
131265-109,1,784468.411720336,415008,133755-6,Resident,Illness Day 2,2023-10-09 00:00:00,1,,Positive,Positive,0,5.89457546048924,Within detectable range,,,VL,2023-10-09 00:00:00,2023-10-08 00:00:00,2023-11-02 00:00:00,Yes,65,Male,Male at birth,White,Unknown,No,No,No,No,No,4
131265-109,1,24.7,415008,133755-6,Resident,Illness Day 2,2023-10-09 00:00:00,1,,Positive,Positive,0,5.89457546048924,Within detectable range,,,Ct,2023-10-09 00:00:00,2023-10-08 00:00:00,2023-11-02 00:00:00,Yes,65,Male,Male at birth,White,Unknown,No,No,No,No,No,4
131265-109,2,10867761.5383853,415008,133755-6,Resident,Illness Day 3,2023-10-10 00:00:00,2,,Positive,Positive,0,7.03614010051328,Within detectable range,Omicron,HV.1,VL,2023-10-09 00:00:00,2023-10-08 00:00:00,2023-11-02 00:00:00,Yes,65,Male,Male at birth,White,Unknown,No,No,No,No,No,4
131265-109,2,20.27,415008,133755-6,Resident,Illness Day 3,2023-10-10 00:00:00,2,,Positive,Positive,0,7.03614010051328,Within detectable range,Omicron,HV.1,Ct,2023-10-09 00:00:00,2023-10-08 00:00:00,2023-11-02 00:00:00,Yes,65,Male,Male at birth,White,Unknown,No,No,No,No,No,4
131265-109,3,6574459.61856201,415008,133755-6,Resident,Illness Day 4,2023-10-11 00:00:00,3,,Positive,Positive,0,6.817860062208,Within detectable range,,,VL,2023-10-09 00:00:00,2023-10-08 00:00:00,2023-11-02 00:00:00,Yes,65,Male,Male at birth,White,Unknown,No,No,No,No,No,4
131265-109,3,21.48,415008,133755-6,Resident,Illness Day 4,2023-10-11 00:00:00,3,,Positive,Positive,0,6.817860062208,Within detectable range,,,Ct,2023-10-09 00:00:00,2023-10-08 00:00:00,2023-11-02 00:00:00,Yes,65,Male,Male at birth,White,Unknown,No,No,No,No,No,4
131265-109,4,263942.089318776,415008,133755-6,Resident,Illness Day 5,2023-10-12 00:00:00,4,,Positive,Positive,0,5.42150865017222,Within detectable range,,,VL,2023-10-09 00:00:00,2023-10-08 00:00:00,2023-11-02 00:00:00,Yes,65,Male,Male at birth,White,Unknown,No,No,No,No,No,4
131265-109,4,25.63,415008,133755-6,Resident,Illness Day 5,2023-10-12 00:00:00,4,,Positive,Positive,0,5.42150865017222,Within detectable range,,,Ct,2023-10-09 00:00:00,2023-10-08 00:00:00,2023-11-02 00:00:00,Yes,65,Male,Male at birth,White,Unknown,No,No,No,No,No,4
131265-109,5,204747.382588103,415008,133755-6,Resident,Illness Day 6,2023-10-13 00:00:00,5,,Positive,Positive,0,5.3112183586141,Within detectable range,,,VL,2023-10-09 00:00:00,2023-10-08 00:00:00,2023-11-02 00:00:00,Yes,65,Male,Male at birth,White,Unknown,No,No,No,No,No,4
131265-109,5,25.6,415008,133755-6,Resident,Illness Day 6,2023-10-13 00:00:00,5,,Positive,Positive,0,5.3112183586141,Within detectable range,,,Ct,2023-10-09 00:00:00,2023-10-08 00:00:00,2023-11-02 00:00:00,Yes,65,Male,Male at birth,White,Unknown,No,No,No,No,No,4
131265-109,8,228897.68401181,415008,133755-6,Resident,Illness Day 9,2023-10-16 00:00:00,8,,Positive,Positive,0,5.35964139850251,Within detectable range,,,VL,2023-10-09 00:00:00,2023-10-08 00:00:00,2023-11-02 00:00:00,Yes,65,Male,Male at birth,White,Unknown,No,No,No,No,No,4
131265-109,8,25.45,415008,133755-6,Resident,Illness Day 9,2023-10-16 00:00:00,8,,Positive,Positive,0,5.35964139850251,Within detectable range,,,Ct,2023-10-09 00:00:00,2023-10-08 00:00:00,2023-11-02 00:00:00,Yes,65,Male,Male at birth,White,Unknown,No,No,No,No,No,4
131265-109,9,638227.294220449,415008,133755-6,Resident,Illness Day 10,2023-10-17 00:00:00,9,,Positive,Positive,0,5.80497537315091,Within detectable range,,,VL,2023-10-09 00:00:00,2023-10-08 00:00:00,2023-11-02 00:00:00,Yes,65,Male,Male at birth,White,Unknown,No,No,No,No,No,4
131265-109,9,24.55,415008,133755-6,Resident,Illness Day 10,2023-10-17 00:00:00,9,,Positive,Positive,0,5.80497537315091,Within detectable range,,,Ct,2023-10-09 00:00:00,2023-10-08 00:00:00,2023-11-02 00:00:00,Yes,65,Male,Male at birth,White,Unknown,No,No,No,No,No,4
131265-109,10,19012.9051074227,415008,133755-6,Resident,Illness Day 11,2023-10-18 00:00:00,10,,Negative,Positive,0,4.27904848065968,Within detectable range,,,VL,2023-10-09 00:00:00,2023-10-08 00:00:00,2023-11-02 00:00:00,Yes,65,Male,Male at birth,White,Unknown,No,No,No,No,No,4
131265-109,10,30.26,415008,133755-6,Resident,Illness Day 11,2023-10-18 00:00:00,10,,Negative,Positive,0,4.27904848065968,Within detectable range,,,Ct,2023-10-09 00:00:00,2023-10-08 00:00:00,2023-11-02 00:00:00,Yes,65,Male,Male at birth,White,Unknown,No,No,No,No,No,4
131265-109,11,369.021726793126,415008,133755-6,Resident,Illness Day 12,2023-10-19 00:00:00,11,,Negative,Positive,0,2.56705193675143,"Less than 10,000 copies/mL",,,VL,2023-10-09 00:00:00,2023-10-08 00:00:00,2023-11-02 00:00:00,Yes,65,Male,Male at birth,White,Unknown,No,No,No,No,No,4
131265-109,11,32.47,415008,133755-6,Resident,Illness Day 12,2023-10-19 00:00:00,11,,Negative,Positive,0,2.56705193675143,"Less than 10,000 copies/mL",,,Ct,2023-10-09 00:00:00,2023-10-08 00:00:00,2023-11-02 00:00:00,Yes,65,Male,Male at birth,White,Unknown,No,No,No,No,No,4
131265-109,12,,415008,133755-6,Resident,Illness Day 13,2023-10-20 00:00:00,12,,Negative,Negative,0,,"Undetectable, will not be done",,,VL,2023-10-09 00:00:00,2023-10-08 00:00:00,2023-11-02 00:00:00,Yes,65,Male,Male at birth,White,Unknown,No,No,No,No,No,4
131265-109,12,38.01,415008,133755-6,Resident,Illness Day 13,2023-10-20 00:00:00,12,,Negative,Negative,0,,"Undetectable, will not be done",,,Ct,2023-10-09 00:00:00,2023-10-08 00:00:00,2023-11-02 00:00:00,Yes,65,Male,Male at birth,White,Unknown,No,No,No,No,No,4
131265-109,15,,415008,133755-6,Resident,Op ill w3 t1,2023-10-23 00:00:00,15,,Negative,Negative,0,,"Undetectable, will not be done",,,VL,2023-10-09 00:00:00,2023-10-08 00:00:00,2023-11-02 00:00:00,Yes,65,Male,Male at birth,White,Unknown,No,No,No,No,No,4
131265-109,15,37.24,415008,133755-6,Resident,Op ill w3 t1,2023-10-23 00:00:00,15,,Negative,Negative,0,,"Undetectable, will not be done",,,Ct,2023-10-09 00:00:00,2023-10-08 00:00:00,2023-11-02 00:00:00,Yes,65,Male,Male at birth,White,Unknown,No,No,No,No,No,4
131265-109,18,,415008,133755-6,Resident,Op ill w3 t2,2023-10-26 00:00:00,18,,Negative,Negative,0,,"Undetectable, will not be done",,,VL,2023-10-09 00:00:00,2023-10-08 00:00:00,2023-11-02 00:00:00,Yes,65,Male,Male at birth,White,Unknown,No,No,No,No,No,4
131265-109,18,Not available,415008,133755-6,Resident,Op ill w3 t2,2023-10-26 00:00:00,18,,Negative,Negative,0,,"Undetectable, will not be done",,,Ct,2023-10-09 00:00:00,2023-10-08 00:00:00,2023-11-02 00:00:00,Yes,65,Male,Male at birth,White,Unknown,No,No,No,No,No,4
131265-109,22,,415008,133755-6,Resident,Op ill w4 t1,2023-10-30 00:00:00,22,,Negative,Negative,0,,"Undetectable, will not be done",,,VL,2023-10-09 00:00:00,2023-10-08 00:00:00,2023-11-02 00:00:00,Yes,65,Male,Male at birth,White,Unknown,No,No,No,No,No,4
131265-109,22,40.77,415008,133755-6,Resident,Op ill w4 t1,2023-10-30 00:00:00,22,,Negative,Negative,0,,"Undetectable, will not be done",,,Ct,2023-10-09 00:00:00,2023-10-08 00:00:00,2023-11-02 00:00:00,Yes,65,Male,Male at birth,White,Unknown,No,No,No,No,No,4
131265-109,25,,415008,133755-6,Resident,Op ill w4 t2,2023-11-02 00:00:00,25,,Negative,Negative,0,,"Undetectable, will not be done",,,VL,2023-10-09 00:00:00,2023-10-08 00:00:00,2023-11-02 00:00:00,Yes,65,Male,Male at birth,White,Unknown,No,No,No,No,No,4
131265-109,25,Not available,415008,133755-6,Resident,Op ill w4 t2,2023-11-02 00:00:00,25,,Negative,Negative,0,,"Undetectable, will not be done",,,Ct,2023-10-09 00:00:00,2023-10-08 00:00:00,2023-11-02 00:00:00,Yes,65,Male,Male at birth,White,Unknown,No,No,No,No,No,4
131265-110,0,33229682.4512283,415008,133755-6,Resident,Illness Day 1,2023-10-09 00:00:00,0,,Positive,Positive,0,7.52152619110302,Within detectable range,,,VL,2023-10-09 00:00:00,2023-10-09 00:00:00,2024-01-02 00:00:00,Yes,83,Female,Female at birth,White,Non-Hispanic,No,No,No,No,No,5
131265-110,0,20.01,415008,133755-6,Resident,Illness Day 1,2023-10-09 00:00:00,0,,Positive,Positive,0,7.52152619110302,Within detectable range,,,Ct,2023-10-09 00:00:00,2023-10-09 00:00:00,2024-01-02 00:00:00,Yes,83,Female,Female at birth,White,Non-Hispanic,No,No,No,No,No,5
131265-110,1,27059469.257155,415008,133755-6,Resident,Illness Day 2,2023-10-10 00:00:00,1,,Positive,Positive,0,7.43231927411861,Within detectable range,,,VL,2023-10-09 00:00:00,2023-10-09 00:00:00,2024-01-02 00:00:00,Yes,83,Female,Female at birth,White,Non-Hispanic,No,No,No,No,No,5
131265-110,1,19.47,415008,133755-6,Resident,Illness Day 2,2023-10-10 00:00:00,1,,Positive,Positive,0,7.43231927411861,Within detectable range,,,Ct,2023-10-09 00:00:00,2023-10-09 00:00:00,2024-01-02 00:00:00,Yes,83,Female,Female at birth,White,Non-Hispanic,No,No,No,No,No,5
131265-110,2,335519986.538299,415008,133755-6,Resident,Illness Day 3,2023-10-11 00:00:00,2,,Positive,Positive,0,8.52571839569655,Within detectable range,Omicron,HV.1,VL,2023-10-09 00:00:00,2023-10-09 00:00:00,2024-01-02 00:00:00,Yes,83,Female,Female at birth,White,Non-Hispanic,No,No,No,No,No,5
131265-110,2,15.76,415008,133755-6,Resident,Illness Day 3,2023-10-11 00:00:00,2,,Positive,Positive,0,8.52571839569655,Within detectable range,Omicron,HV.1,Ct,2023-10-09 00:00:00,2023-10-09 00:00:00,2024-01-02 00:00:00,Yes,83,Female,Female at birth,White,Non-Hispanic,No,No,No,No,No,5
131265-110,3,9127489.93265143,415008,133755-6,Resident,Illness Day 4,2023-10-12 00:00:00,3,,Positive,Positive,0,6.9603513626082,Within detectable range,,,VL,2023-10-09 00:00:00,2023-10-09 00:00:00,2024-01-02 00:00:00,Yes,83,Female,Female at birth,White,Non-Hispanic,No,No,No,No,No,5
131265-110,3,21.03,415008,133755-6,Resident,Illness Day 4,2023-10-12 00:00:00,3,,Positive,Positive,0,6.9603513626082,Within detectable range,,,Ct,2023-10-09 00:00:00,2023-10-09 00:00:00,2024-01-02 00:00:00,Yes,83,Female,Female at birth,White,Non-Hispanic,No,No,No,No,No,5
131265-110,4,1047081.36720539,415008,133755-6,Resident,Illness Day 5,2023-10-13 00:00:00,4,,Positive,Positive,0,6.01998043139734,Within detectable range,,,VL,2023-10-09 00:00:00,2023-10-09 00:00:00,2024-01-02 00:00:00,Yes,83,Female,Female at birth,White,Non-Hispanic,No,No,No,No,No,5
131265-110,4,22.92,415008,133755-6,Resident,Illness Day 5,2023-10-13 00:00:00,4,,Positive,Positive,0,6.01998043139734,Within detectable range,,,Ct,2023-10-09 00:00:00,2023-10-09 00:00:00,2024-01-02 00:00:00,Yes,83,Female,Female at birth,White,Non-Hispanic,No,No,No,No,No,5
131265-110,7,65065.6499118111,415008,133755-6,Resident,Illness Day 8,2023-10-16 00:00:00,7,,Positive,Positive,0,4.81335177211808,Within detectable range,,,VL,2023-10-09 00:00:00,2023-10-09 00:00:00,2024-01-02 00:00:00,Yes,83,Female,Female at birth,White,Non-Hispanic,No,No,No,No,No,5
131265-110,7,27.34,415008,133755-6,Resident,Illness Day 8,2023-10-16 00:00:00,7,,Positive,Positive,0,4.81335177211808,Within detectable range,,,Ct,2023-10-09 00:00:00,2023-10-09 00:00:00,2024-01-02 00:00:00,Yes,83,Female,Female at birth,White,Non-Hispanic,No,No,No,No,No,5
131265-110,8,155707.489949811,415008,133755-6,Resident,Illness Day 9,2023-10-17 00:00:00,8,,Negative,Positive,0,5.19230950380535,Within detectable range,,,VL,2023-10-09 00:00:00,2023-10-09 00:00:00,2024-01-02 00:00:00,Yes,83,Female,Female at birth,White,Non-Hispanic,No,No,No,No,No,5
131265-110,8,26.64,415008,133755-6,Resident,Illness Day 9,2023-10-17 00:00:00,8,,Negative,Positive,0,5.19230950380535,Within detectable range,,,Ct,2023-10-09 00:00:00,2023-10-09 00:00:00,2024-01-02 00:00:00,Yes,83,Female,Female at birth,White,Non-Hispanic,No,No,No,No,No,5
131265-110,9,1484256.27721938,415008,133755-6,Resident,Illness Day 10,2023-10-18 00:00:00,9,,Positive,Positive,0,6.171508894321,Within detectable range,,,VL,2023-10-09 00:00:00,2023-10-09 00:00:00,2024-01-02 00:00:00,Yes,83,Female,Female at birth,White,Non-Hispanic,No,No,No,No,No,5
131265-110,9,23.17,415008,133755-6,Resident,Illness Day 10,2023-10-18 00:00:00,9,,Positive,Positive,0,6.171508894321,Within detectable range,,,Ct,2023-10-09 00:00:00,2023-10-09 00:00:00,2024-01-02 00:00:00,Yes,83,Female,Female at birth,White,Non-Hispanic,No,No,No,No,No,5
131265-110,10,5475946.24678377,415008,133755-6,Resident,Illness Day 11,2023-10-19 00:00:00,10,,Positive,Positive,0,6.73845917634293,Within detectable range,,,VL,2023-10-09 00:00:00,2023-10-09 00:00:00,2024-01-02 00:00:00,Yes,83,Female,Female at birth,White,Non-Hispanic,No,No,No,No,No,5
131265-110,10,20.22,415008,133755-6,Resident,Illness Day 11,2023-10-19 00:00:00,10,,Positive,Positive,0,6.73845917634293,Within detectable range,,,Ct,2023-10-09 00:00:00,2023-10-09 00:00:00,2024-01-02 00:00:00,Yes,83,Female,Female at birth,White,Non-Hispanic,No,No,No,No,No,5
131265-110,11,16752.6089575942,415008,133755-6,Resident,Illness Day 12,2023-10-20 00:00:00,11,,Positive,Positive,0,4.22408245123282,Within detectable range,,,VL,2023-10-09 00:00:00,2023-10-09 00:00:00,2024-01-02 00:00:00,Yes,83,Female,Female at birth,White,Non-Hispanic,No,No,No,No,No,5
131265-110,11,26.76,415008,133755-6,Resident,Illness Day 12,2023-10-20 00:00:00,11,,Positive,Positive,0,4.22408245123282,Within detectable range,,,Ct,2023-10-09 00:00:00,2023-10-09 00:00:00,2024-01-02 00:00:00,Yes,83,Female,Female at birth,White,Non-Hispanic,No,No,No,No,No,5
131265-110,14,26379.1825125632,415008,133755-6,Resident,Op ill w3 t1,2023-10-23 00:00:00,14,,Negative,Positive,0,4.42126133268935,Within detectable range,,,VL,2023-10-09 00:00:00,2023-10-09 00:00:00,2024-01-02 00:00:00,Yes,83,Female,Female at birth,White,Non-Hispanic,No,No,No,No,No,5
131265-110,14,28.08,415008,133755-6,Resident,Op ill w3 t1,2023-10-23 00:00:00,14,,Negative,Positive,0,4.42126133268935,Within detectable range,,,Ct,2023-10-09 00:00:00,2023-10-09 00:00:00,2024-01-02 00:00:00,Yes,83,Female,Female at birth,White,Non-Hispanic,No,No,No,No,No,5
131265-110,17,13957.0315434541,415008,133755-6,Resident,Op ill w3 t2,2023-10-26 00:00:00,17,,Negative,Positive,0,4.14479306002187,Within detectable range,,,VL,2023-10-09 00:00:00,2023-10-09 00:00:00,2024-01-02 00:00:00,Yes,83,Female,Female at birth,White,Non-Hispanic,No,No,No,No,No,5
131265-110,17,29.63,415008,133755-6,Resident,Op ill w3 t2,2023-10-26 00:00:00,17,,Negative,Positive,0,4.14479306002187,Within detectable range,,,Ct,2023-10-09 00:00:00,2023-10-09 00:00:00,2024-01-02 00:00:00,Yes,83,Female,Female at birth,White,Non-Hispanic,No,No,No,No,No,5
131265-110,21,74349.7809229715,415008,133755-6,Resident,Op ill w4 t1,2023-10-30 00:00:00,21,,Negative,Positive,0,4.87127969317963,Within detectable range,Omicron,HV.1,VL,2023-10-09 00:00:00,2023-10-09 00:00:00,2024-01-02 00:00:00,Yes,83,Female,Female at birth,White,Non-Hispanic,No,No,No,No,No,5
131265-110,21,27.02,415008,133755-6,Resident,Op ill w4 t1,2023-10-30 00:00:00,21,,Negative,Positive,0,4.87127969317963,Within detectable range,Omicron,HV.1,Ct,2023-10-09 00:00:00,2023-10-09 00:00:00,2024-01-02 00:00:00,Yes,83,Female,Female at birth,White,Non-Hispanic,No,No,No,No,No,5
131265-110,24,3151.48890211195,415008,133755-6,Resident,Op ill w4 t2,2023-11-02 00:00:00,24,,Negative,Positive,0,3.49851578210735,"Less than 10,000 copies/mL",,,VL,2023-10-09 00:00:00,2023-10-09 00:00:00,2024-01-02 00:00:00,Yes,83,Female,Female at birth,White,Non-Hispanic,No,No,No,No,No,5
131265-110,24,29.64,415008,133755-6,Resident,Op ill w4 t2,2023-11-02 00:00:00,24,,Negative,Positive,0,3.49851578210735,"Less than 10,000 copies/mL",,,Ct,2023-10-09 00:00:00,2023-10-09 00:00:00,2024-01-02 00:00:00,Yes,83,Female,Female at birth,White,Non-Hispanic,No,No,No,No,No,5
131265-110,31,,415008,133755-6,Resident,Op ill week 5,2023-11-09 00:00:00,31,,Negative,Negative,0,,"Undetectable, will not be done",,,VL,2023-10-09 00:00:00,2023-10-09 00:00:00,2024-01-02 00:00:00,Yes,83,Female,Female at birth,White,Non-Hispanic,No,No,No,No,No,5
131265-110,31,Not available,415008,133755-6,Resident,Op ill week 5,2023-11-09 00:00:00,31,,Negative,Negative,0,,"Undetectable, will not be done",,,Ct,2023-10-09 00:00:00,2023-10-09 00:00:00,2024-01-02 00:00:00,Yes,83,Female,Female at birth,White,Non-Hispanic,No,No,No,No,No,5
131265-110,36,,415008,133755-6,Resident,Op ill week 6,2023-11-14 00:00:00,36,,Negative,Negative,0,,"Undetectable, will not be done",,,VL,2023-10-09 00:00:00,2023-10-09 00:00:00,2024-01-02 00:00:00,Yes,83,Female,Female at birth,White,Non-Hispanic,No,No,No,No,No,5
131265-110,36,Not available,415008,133755-6,Resident,Op ill week 6,2023-11-14 00:00:00,36,,Negative,Negative,0,,"Undetectable, will not be done",,,Ct,2023-10-09 00:00:00,2023-10-09 00:00:00,2024-01-02 00:00:00,Yes,83,Female,Female at birth,White,Non-Hispanic,No,No,No,No,No,5
131265-110,43,,415008,133755-6,Resident,Op ill week 7,2023-11-21 00:00:00,43,,Negative,Negative,0,,"Undetectable, will not be done",,,VL,2023-10-09 00:00:00,2023-10-09 00:00:00,2024-01-02 00:00:00,Yes,83,Female,Female at birth,White,Non-Hispanic,No,No,No,No,No,5
131265-110,43,Not available,415008,133755-6,Resident,Op ill week 7,2023-11-21 00:00:00,43,,Negative,Negative,0,,"Undetectable, will not be done",,,Ct,2023-10-09 00:00:00,2023-10-09 00:00:00,2024-01-02 00:00:00,Yes,83,Female,Female at birth,White,Non-Hispanic,No,No,No,No,No,5
131265-110,50,,415008,133755-6,Resident,Op ill week 8,2023-11-28 00:00:00,50,,Negative,Negative,0,,"Undetectable, will not be done",,,VL,2023-10-09 00:00:00,2023-10-09 00:00:00,2024-01-02 00:00:00,Yes,83,Female,Female at birth,White,Non-Hispanic,No,No,No,No,No,5
131265-110,50,38.29,415008,133755-6,Resident,Op ill week 8,2023-11-28 00:00:00,50,,Negative,Negative,0,,"Undetectable, will not be done",,,Ct,2023-10-09 00:00:00,2023-10-09 00:00:00,2024-01-02 00:00:00,Yes,83,Female,Female at birth,White,Non-Hispanic,No,No,No,No,No,5
131265-110,57,,415008,133755-6,Resident,Op ill week 9,2023-12-05 00:00:00,57,,Negative,Negative,0,,"Undetectable, will not be done",,,VL,2023-10-09 00:00:00,2023-10-09 00:00:00,2024-01-02 00:00:00,Yes,83,Female,Female at birth,White,Non-Hispanic,No,No,No,No,No,5
131265-110,57,Not available,415008,133755-6,Resident,Op ill week 9,2023-12-05 00:00:00,57,,Negative,Negative,0,,"Undetectable, will not be done",,,Ct,2023-10-09 00:00:00,2023-10-09 00:00:00,2024-01-02 00:00:00,Yes,83,Female,Female at birth,White,Non-Hispanic,No,No,No,No,No,5
131265-110,63,,415008,133755-6,Resident,Op ill week 10,2023-12-11 00:00:00,63,,Negative,Negative,0,,"Undetectable, will not be done",,,VL,2023-10-09 00:00:00,2023-10-09 00:00:00,2024-01-02 00:00:00,Yes,83,Female,Female at birth,White,Non-Hispanic,No,No,No,No,No,5
131265-110,63,Not available,415008,133755-6,Resident,Op ill week 10,2023-12-11 00:00:00,63,,Negative,Negative,0,,"Undetectable, will not be done",,,Ct,2023-10-09 00:00:00,2023-10-09 00:00:00,2024-01-02 00:00:00,Yes,83,Female,Female at birth,White,Non-Hispanic,No,No,No,No,No,5
131265-110,71,,415008,133755-6,Resident,Op ill week 11,2023-12-19 00:00:00,71,,Negative,Negative,0,,"Undetectable, will not be done",,,VL,2023-10-09 00:00:00,2023-10-09 00:00:00,2024-01-02 00:00:00,Yes,83,Female,Female at birth,White,Non-Hispanic,No,No,No,No,No,5
131265-110,71,Not available,415008,133755-6,Resident,Op ill week 11,2023-12-19 00:00:00,71,,Negative,Negative,0,,"Undetectable, will not be done",,,Ct,2023-10-09 00:00:00,2023-10-09 00:00:00,2024-01-02 00:00:00,Yes,83,Female,Female at birth,White,Non-Hispanic,No,No,No,No,No,5
131265-110,80,,415008,133755-6,Resident,Op ill week 12,2023-12-28 00:00:00,80,,Negative,Negative,0,,"Undetectable, will not be done",,,VL,2023-10-09 00:00:00,2023-10-09 00:00:00,2024-01-02 00:00:00,Yes,83,Female,Female at birth,White,Non-Hispanic,No,No,No,No,No,5
131265-110,80,Not available,415008,133755-6,Resident,Op ill week 12,2023-12-28 00:00:00,80,,Negative,Negative,0,,"Undetectable, will not be done",,,Ct,2023-10-09 00:00:00,2023-10-09 00:00:00,2024-01-02 00:00:00,Yes,83,Female,Female at birth,White,Non-Hispanic,No,No,No,No,No,5
131265-110,85,,415008,133755-6,Resident,Op ill week 13,2024-01-02 00:00:00,85,,Negative,Negative,0,,"Undetectable, will not be done",,,VL,2023-10-09 00:00:00,2023-10-09 00:00:00,2024-01-02 00:00:00,Yes,83,Female,Female at birth,White,Non-Hispanic,No,No,No,No,No,5
131265-110,85,Not available,415008,133755-6,Resident,Op ill week 13,2024-01-02 00:00:00,85,,Negative,Negative,0,,"Undetectable, will not be done",,,Ct,2023-10-09 00:00:00,2023-10-09 00:00:00,2024-01-02 00:00:00,Yes,83,Female,Female at birth,White,Non-Hispanic,No,No,No,No,No,5
131265-111,0,43806358.7452865,415008,133755-6,Resident,Illness Day 1,2023-10-11 00:00:00,1,,Positive,Positive,0,7.64153715542536,Within detectable range,Omicron,HV.1,VL,2023-10-11 00:00:00,2023-10-10 00:00:00,2023-10-20 00:00:00,Yes,72,Female,Female at birth,White,Non-Hispanic,No,No,Yes,No,No,4
131265-111,0,18.35,415008,133755-6,Resident,Illness Day 1,2023-10-11 00:00:00,1,,Positive,Positive,0,7.64153715542536,Within detectable range,Omicron,HV.1,Ct,2023-10-11 00:00:00,2023-10-10 00:00:00,2023-10-20 00:00:00,Yes,72,Female,Female at birth,White,Non-Hispanic,No,No,Yes,No,No,4
131265-111,1,910458.412323955,415008,133755-6,Resident,Illness Day 2,2023-10-12 00:00:00,2,,Positive,Positive,0,5.95926011299671,Within detectable range,,,VL,2023-10-11 00:00:00,2023-10-10 00:00:00,2023-10-20 00:00:00,Yes,72,Female,Female at birth,White,Non-Hispanic,No,No,Yes,No,No,4
131265-111,1,24.11,415008,133755-6,Resident,Illness Day 2,2023-10-12 00:00:00,2,,Positive,Positive,0,5.95926011299671,Within detectable range,,,Ct,2023-10-11 00:00:00,2023-10-10 00:00:00,2023-10-20 00:00:00,Yes,72,Female,Female at birth,White,Non-Hispanic,No,No,Yes,No,No,4
131265-111,2,1062564.53213584,415008,133755-6,Resident,Illness Day 3,2023-10-13 00:00:00,3,,Positive,Positive,0,6.02635531528653,Within detectable range,,,VL,2023-10-11 00:00:00,2023-10-10 00:00:00,2023-10-20 00:00:00,Yes,72,Female,Female at birth,White,Non-Hispanic,No,No,Yes,No,No,4
131265-111,2,23.71,415008,133755-6,Resident,Illness Day 3,2023-10-13 00:00:00,3,,Positive,Positive,0,6.02635531528653,Within detectable range,,,Ct,2023-10-11 00:00:00,2023-10-10 00:00:00,2023-10-20 00:00:00,Yes,72,Female,Female at birth,White,Non-Hispanic,No,No,Yes,No,No,4
131265-111,5,,415008,133755-6,Resident,Illness Day 6,2023-10-16 00:00:00,6,,Negative,Positive,0,,"VL run, not detected",,,VL,2023-10-11 00:00:00,2023-10-10 00:00:00,2023-10-20 00:00:00,Yes,72,Female,Female at birth,White,Non-Hispanic,No,No,Yes,No,No,4
131265-111,5,33.56,415008,133755-6,Resident,Illness Day 6,2023-10-16 00:00:00,6,,Negative,Positive,0,,"VL run, not detected",,,Ct,2023-10-11 00:00:00,2023-10-10 00:00:00,2023-10-20 00:00:00,Yes,72,Female,Female at birth,White,Non-Hispanic,No,No,Yes,No,No,4
131265-111,6,,415008,133755-6,Resident,Illness Day 7,2023-10-17 00:00:00,7,,Negative,Negative,0,,"Undetectable, will not be done",,,VL,2023-10-11 00:00:00,2023-10-10 00:00:00,2023-10-20 00:00:00,Yes,72,Female,Female at birth,White,Non-Hispanic,No,No,Yes,No,No,4
131265-111,6,Not available,415008,133755-6,Resident,Illness Day 7,2023-10-17 00:00:00,7,,Negative,Negative,0,,"Undetectable, will not be done",,,Ct,2023-10-11 00:00:00,2023-10-10 00:00:00,2023-10-20 00:00:00,Yes,72,Female,Female at birth,White,Non-Hispanic,No,No,Yes,No,No,4
131265-111,7,,415008,133755-6,Resident,Illness Day 8,2023-10-18 00:00:00,8,,Negative,Negative,0,,"Undetectable, will not be done",,,VL,2023-10-11 00:00:00,2023-10-10 00:00:00,2023-10-20 00:00:00,Yes,72,Female,Female at birth,White,Non-Hispanic,No,No,Yes,No,No,4
131265-111,7,Not available,415008,133755-6,Resident,Illness Day 8,2023-10-18 00:00:00,8,,Negative,Negative,0,,"Undetectable, will not be done",,,Ct,2023-10-11 00:00:00,2023-10-10 00:00:00,2023-10-20 00:00:00,Yes,72,Female,Female at birth,White,Non-Hispanic,No,No,Yes,No,No,4
131265-111,8,,415008,133755-6,Resident,Illness Day 9,2023-10-19 00:00:00,9,,Negative,Negative,0,,"Undetectable, will not be done",,,VL,2023-10-11 00:00:00,2023-10-10 00:00:00,2023-10-20 00:00:00,Yes,72,Female,Female at birth,White,Non-Hispanic,No,No,Yes,No,No,4
131265-111,8,Not available,415008,133755-6,Resident,Illness Day 9,2023-10-19 00:00:00,9,,Negative,Negative,0,,"Undetectable, will not be done",,,Ct,2023-10-11 00:00:00,2023-10-10 00:00:00,2023-10-20 00:00:00,Yes,72,Female,Female at birth,White,Non-Hispanic,No,No,Yes,No,No,4
131265-111,9,888.57844815226,415008,133755-6,Resident,Illness Day 10,2023-10-20 00:00:00,10,,Negative,Positive,0,2.94869577552419,"Less than 10,000 copies/mL",,,VL,2023-10-11 00:00:00,2023-10-10 00:00:00,2023-10-20 00:00:00,Yes,72,Female,Female at birth,White,Non-Hispanic,No,No,Yes,No,No,4
131265-111,9,33.31,415008,133755-6,Resident,Illness Day 10,2023-10-20 00:00:00,10,,Negative,Positive,0,2.94869577552419,"Less than 10,000 copies/mL",,,Ct,2023-10-11 00:00:00,2023-10-10 00:00:00,2023-10-20 00:00:00,Yes,72,Female,Female at birth,White,Non-Hispanic,No,No,Yes,No,No,4
131265-113,1,1255978.83466142,415008,133755-6,Resident,Illness Day 1,2023-10-12 00:00:00,1,,Positive,Positive,0,6.09898232087634,Within detectable range,Omicron,HV.1,VL,2023-10-12 00:00:00,2023-10-11 00:00:00,2024-01-09 00:00:00,Yes,65,Male,Male at birth,White,Non-Hispanic,No,No,Yes,No,No,4
131265-113,1,23.71,415008,133755-6,Resident,Illness Day 1,2023-10-12 00:00:00,1,,Positive,Positive,0,6.09898232087634,Within detectable range,Omicron,HV.1,Ct,2023-10-12 00:00:00,2023-10-11 00:00:00,2024-01-09 00:00:00,Yes,65,Male,Male at birth,White,Non-Hispanic,No,No,Yes,No,No,4
131265-113,2,88389.6427126121,415008,133755-6,Resident,Illness Day 2,2023-10-13 00:00:00,2,,Positive,Positive,0,4.94640137840347,Within detectable range,,,VL,2023-10-12 00:00:00,2023-10-11 00:00:00,2024-01-09 00:00:00,Yes,65,Male,Male at birth,White,Non-Hispanic,No,No,Yes,No,No,4
131265-113,2,24.77,415008,133755-6,Resident,Illness Day 2,2023-10-13 00:00:00,2,,Positive,Positive,0,4.94640137840347,Within detectable range,,,Ct,2023-10-12 00:00:00,2023-10-11 00:00:00,2024-01-09 00:00:00,Yes,65,Male,Male at birth,White,Non-Hispanic,No,No,Yes,No,No,4
131265-113,5,,415008,133755-6,Resident,Illness Day 5,2023-10-16 00:00:00,5,,Positive,Negative,0,,"Undetectable, will not be done",,,VL,2023-10-12 00:00:00,2023-10-11 00:00:00,2024-01-09 00:00:00,Yes,65,Male,Male at birth,White,Non-Hispanic,No,No,Yes,No,No,4
131265-113,5,Not available,415008,133755-6,Resident,Illness Day 5,2023-10-16 00:00:00,5,,Positive,Negative,0,,"Undetectable, will not be done",,,Ct,2023-10-12 00:00:00,2023-10-11 00:00:00,2024-01-09 00:00:00,Yes,65,Male,Male at birth,White,Non-Hispanic,No,No,Yes,No,No,4
131265-113,6,,415008,133755-6,Resident,Illness Day 6,2023-10-17 00:00:00,6,,Negative,Negative,0,,"Undetectable, will not be done",,,VL,2023-10-12 00:00:00,2023-10-11 00:00:00,2024-01-09 00:00:00,Yes,65,Male,Male at birth,White,Non-Hispanic,No,No,Yes,No,No,4
131265-113,6,Not available,415008,133755-6,Resident,Illness Day 6,2023-10-17 00:00:00,6,,Negative,Negative,0,,"Undetectable, will not be done",,,Ct,2023-10-12 00:00:00,2023-10-11 00:00:00,2024-01-09 00:00:00,Yes,65,Male,Male at birth,White,Non-Hispanic,No,No,Yes,No,No,4
131265-113,7,,415008,133755-6,Resident,Illness Day 7,2023-10-18 00:00:00,7,,Negative,Negative,0,,"Undetectable, will not be done",,,VL,2023-10-12 00:00:00,2023-10-11 00:00:00,2024-01-09 00:00:00,Yes,65,Male,Male at birth,White,Non-Hispanic,No,No,Yes,No,No,4
131265-113,7,37.96,415008,133755-6,Resident,Illness Day 7,2023-10-18 00:00:00,7,,Negative,Negative,0,,"Undetectable, will not be done",,,Ct,2023-10-12 00:00:00,2023-10-11 00:00:00,2024-01-09 00:00:00,Yes,65,Male,Male at birth,White,Non-Hispanic,No,No,Yes,No,No,4
131265-113,8,632.275996937447,415008,133755-6,Resident,Illness Day 8,2023-10-19 00:00:00,8,,Negative,Positive,0,2.80090669502612,"Less than 10,000 copies/mL",,,VL,2023-10-12 00:00:00,2023-10-11 00:00:00,2024-01-09 00:00:00,Yes,65,Male,Male at birth,White,Non-Hispanic,No,No,Yes,No,No,4
131265-113,8,33.25,415008,133755-6,Resident,Illness Day 8,2023-10-19 00:00:00,8,,Negative,Positive,0,2.80090669502612,"Less than 10,000 copies/mL",,,Ct,2023-10-12 00:00:00,2023-10-11 00:00:00,2024-01-09 00:00:00,Yes,65,Male,Male at birth,White,Non-Hispanic,No,No,Yes,No,No,4
131265-113,9,,415008,133755-6,Resident,Illness Day 9,2023-10-20 00:00:00,9,,Negative,Negative,0,,"Undetectable, will not be done",,,VL,2023-10-12 00:00:00,2023-10-11 00:00:00,2024-01-09 00:00:00,Yes,65,Male,Male at birth,White,Non-Hispanic,No,No,Yes,No,No,4
131265-113,9,Not available,415008,133755-6,Resident,Illness Day 9,2023-10-20 00:00:00,9,,Negative,Negative,0,,"Undetectable, will not be done",,,Ct,2023-10-12 00:00:00,2023-10-11 00:00:00,2024-01-09 00:00:00,Yes,65,Male,Male at birth,White,Non-Hispanic,No,No,Yes,No,No,4
131265-113,12,55166.3170071351,415008,133755-6,Resident,Illness Day 12,2023-10-23 00:00:00,12,,Positive,Positive,0,4.74167399072102,Within detectable range,,,VL,2023-10-12 00:00:00,2023-10-11 00:00:00,2024-01-09 00:00:00,Yes,65,Male,Male at birth,White,Non-Hispanic,No,No,Yes,No,No,4
131265-113,12,27.29,415008,133755-6,Resident,Illness Day 12,2023-10-23 00:00:00,12,,Positive,Positive,0,4.74167399072102,Within detectable range,,,Ct,2023-10-12 00:00:00,2023-10-11 00:00:00,2024-01-09 00:00:00,Yes,65,Male,Male at birth,White,Non-Hispanic,No,No,Yes,No,No,4
131265-113,13,24530.9832487447,415008,133755-6,Resident,Illness Day 13,2023-10-24 00:00:00,13,,Negative,Positive,0,4.38971495590904,Within detectable range,,,VL,2023-10-12 00:00:00,2023-10-11 00:00:00,2024-01-09 00:00:00,Yes,65,Male,Male at birth,White,Non-Hispanic,No,No,Yes,No,No,4
131265-113,13,27.26,415008,133755-6,Resident,Illness Day 13,2023-10-24 00:00:00,13,,Negative,Positive,0,4.38971495590904,Within detectable range,,,Ct,2023-10-12 00:00:00,2023-10-11 00:00:00,2024-01-09 00:00:00,Yes,65,Male,Male at birth,White,Non-Hispanic,No,No,Yes,No,No,4
131265-113,14,12862.1988309598,415008,133755-6,Resident,Illness Day 14,2023-10-25 00:00:00,14,,Negative,Positive,0,4.10931521886215,Within detectable range,,,VL,2023-10-12 00:00:00,2023-10-11 00:00:00,2024-01-09 00:00:00,Yes,65,Male,Male at birth,White,Non-Hispanic,No,No,Yes,No,No,4
131265-113,14,26.51,415008,133755-6,Resident,Illness Day 14,2023-10-25 00:00:00,14,,Negative,Positive,0,4.10931521886215,Within detectable range,,,Ct,2023-10-12 00:00:00,2023-10-11 00:00:00,2024-01-09 00:00:00,Yes,65,Male,Male at birth,White,Non-Hispanic,No,No,Yes,No,No,4
131265-113,19,,415008,133755-6,Resident,Op ill w3 t1,2023-10-30 00:00:00,19,,Negative,Negative,0,,"Undetectable, will not be done",,,VL,2023-10-12 00:00:00,2023-10-11 00:00:00,2024-01-09 00:00:00,Yes,65,Male,Male at birth,White,Non-Hispanic,No,No,Yes,No,No,4
131265-113,19,Not available,415008,133755-6,Resident,Op ill w3 t1,2023-10-30 00:00:00,19,,Negative,Negative,0,,"Undetectable, will not be done",,,Ct,2023-10-12 00:00:00,2023-10-11 00:00:00,2024-01-09 00:00:00,Yes,65,Male,Male at birth,White,Non-Hispanic,No,No,Yes,No,No,4
131265-113,22,,415008,133755-6,Resident,Op ill w3 t2,2023-11-02 00:00:00,22,,Negative,Negative,0,,"Undetectable, will not be done",,,VL,2023-10-12 00:00:00,2023-10-11 00:00:00,2024-01-09 00:00:00,Yes,65,Male,Male at birth,White,Non-Hispanic,No,No,Yes,No,No,4
131265-113,22,Not available,415008,133755-6,Resident,Op ill w3 t2,2023-11-02 00:00:00,22,,Negative,Negative,0,,"Undetectable, will not be done",,,Ct,2023-10-12 00:00:00,2023-10-11 00:00:00,2024-01-09 00:00:00,Yes,65,Male,Male at birth,White,Non-Hispanic,No,No,Yes,No,No,4
131265-113,26,,415008,133755-6,Resident,Op ill w4 t1,2023-11-06 00:00:00,26,,Negative,Negative,0,,"Undetectable, will not be done",,,VL,2023-10-12 00:00:00,2023-10-11 00:00:00,2024-01-09 00:00:00,Yes,65,Male,Male at birth,White,Non-Hispanic,No,No,Yes,No,No,4
131265-113,26,Not available,415008,133755-6,Resident,Op ill w4 t1,2023-11-06 00:00:00,26,,Negative,Negative,0,,"Undetectable, will not be done",,,Ct,2023-10-12 00:00:00,2023-10-11 00:00:00,2024-01-09 00:00:00,Yes,65,Male,Male at birth,White,Non-Hispanic,No,No,Yes,No,No,4
131265-113,29,,415008,133755-6,Resident,Op ill w4 t2,2023-11-09 00:00:00,29,,Negative,Negative,0,,"Undetectable, will not be done",,,VL,2023-10-12 00:00:00,2023-10-11 00:00:00,2024-01-09 00:00:00,Yes,65,Male,Male at birth,White,Non-Hispanic,No,No,Yes,No,No,4
131265-113,29,Not available,415008,133755-6,Resident,Op ill w4 t2,2023-11-09 00:00:00,29,,Negative,Negative,0,,"Undetectable, will not be done",,,Ct,2023-10-12 00:00:00,2023-10-11 00:00:00,2024-01-09 00:00:00,Yes,65,Male,Male at birth,White,Non-Hispanic,No,No,Yes,No,No,4
131265-113,34,,415008,133755-6,Resident,Op ill week 5,2023-11-14 00:00:00,34,,Negative,Negative,0,,"Undetectable, will not be done",,,VL,2023-10-12 00:00:00,2023-10-11 00:00:00,2024-01-09 00:00:00,Yes,65,Male,Male at birth,White,Non-Hispanic,No,No,Yes,No,No,4
131265-113,34,Not available,415008,133755-6,Resident,Op ill week 5,2023-11-14 00:00:00,34,,Negative,Negative,0,,"Undetectable, will not be done",,,Ct,2023-10-12 00:00:00,2023-10-11 00:00:00,2024-01-09 00:00:00,Yes,65,Male,Male at birth,White,Non-Hispanic,No,No,Yes,No,No,4
131265-113,41,,415008,133755-6,Resident,Op ill week 6,2023-11-21 00:00:00,41,,Negative,Negative,0,,"Undetectable, will not be done",,,VL,2023-10-12 00:00:00,2023-10-11 00:00:00,2024-01-09 00:00:00,Yes,65,Male,Male at birth,White,Non-Hispanic,No,No,Yes,No,No,4
131265-113,41,Not available,415008,133755-6,Resident,Op ill week 6,2023-11-21 00:00:00,41,,Negative,Negative,0,,"Undetectable, will not be done",,,Ct,2023-10-12 00:00:00,2023-10-11 00:00:00,2024-01-09 00:00:00,Yes,65,Male,Male at birth,White,Non-Hispanic,No,No,Yes,No,No,4
131265-113,48,,415008,133755-6,Resident,Op ill week 7,2023-11-28 00:00:00,48,,Negative,Negative,0,,"Undetectable, will not be done",,,VL,2023-10-12 00:00:00,2023-10-11 00:00:00,2024-01-09 00:00:00,Yes,65,Male,Male at birth,White,Non-Hispanic,No,No,Yes,No,No,4
131265-113,48,Not available,415008,133755-6,Resident,Op ill week 7,2023-11-28 00:00:00,48,,Negative,Negative,0,,"Undetectable, will not be done",,,Ct,2023-10-12 00:00:00,2023-10-11 00:00:00,2024-01-09 00:00:00,Yes,65,Male,Male at birth,White,Non-Hispanic,No,No,Yes,No,No,4
131265-113,55,,415008,133755-6,Resident,Op ill week 8,2023-12-05 00:00:00,55,,Negative,Negative,0,,"Undetectable, will not be done",,,VL,2023-10-12 00:00:00,2023-10-11 00:00:00,2024-01-09 00:00:00,Yes,65,Male,Male at birth,White,Non-Hispanic,No,No,Yes,No,No,4
131265-113,55,Not available,415008,133755-6,Resident,Op ill week 8,2023-12-05 00:00:00,55,,Negative,Negative,0,,"Undetectable, will not be done",,,Ct,2023-10-12 00:00:00,2023-10-11 00:00:00,2024-01-09 00:00:00,Yes,65,Male,Male at birth,White,Non-Hispanic,No,No,Yes,No,No,4
131265-113,61,,415008,133755-6,Resident,Op ill week 9,2023-12-11 00:00:00,61,,Negative,Negative,0,,"Undetectable, will not be done",,,VL,2023-10-12 00:00:00,2023-10-11 00:00:00,2024-01-09 00:00:00,Yes,65,Male,Male at birth,White,Non-Hispanic,No,No,Yes,No,No,4
131265-113,61,Not available,415008,133755-6,Resident,Op ill week 9,2023-12-11 00:00:00,61,,Negative,Negative,0,,"Undetectable, will not be done",,,Ct,2023-10-12 00:00:00,2023-10-11 00:00:00,2024-01-09 00:00:00,Yes,65,Male,Male at birth,White,Non-Hispanic,No,No,Yes,No,No,4
131265-113,69,,415008,133755-6,Resident,Op ill week 10,2023-12-19 00:00:00,69,,Negative,Negative,0,,"Undetectable, will not be done",,,VL,2023-10-12 00:00:00,2023-10-11 00:00:00,2024-01-09 00:00:00,Yes,65,Male,Male at birth,White,Non-Hispanic,No,No,Yes,No,No,4
131265-113,69,Not available,415008,133755-6,Resident,Op ill week 10,2023-12-19 00:00:00,69,,Negative,Negative,0,,"Undetectable, will not be done",,,Ct,2023-10-12 00:00:00,2023-10-11 00:00:00,2024-01-09 00:00:00,Yes,65,Male,Male at birth,White,Non-Hispanic,No,No,Yes,No,No,4
131265-113,78,,415008,133755-6,Resident,Op ill week 11,2023-12-28 00:00:00,78,,Negative,Negative,0,,"Undetectable, will not be done",,,VL,2023-10-12 00:00:00,2023-10-11 00:00:00,2024-01-09 00:00:00,Yes,65,Male,Male at birth,White,Non-Hispanic,No,No,Yes,No,No,4
131265-113,78,Not available,415008,133755-6,Resident,Op ill week 11,2023-12-28 00:00:00,78,,Negative,Negative,0,,"Undetectable, will not be done",,,Ct,2023-10-12 00:00:00,2023-10-11 00:00:00,2024-01-09 00:00:00,Yes,65,Male,Male at birth,White,Non-Hispanic,No,No,Yes,No,No,4
131265-113,83,,415008,133755-6,Resident,Op ill week 12,2024-01-02 00:00:00,83,,Negative,Negative,0,,"Undetectable, will not be done",,,VL,2023-10-12 00:00:00,2023-10-11 00:00:00,2024-01-09 00:00:00,Yes,65,Male,Male at birth,White,Non-Hispanic,No,No,Yes,No,No,4
131265-113,83,Not available,415008,133755-6,Resident,Op ill week 12,2024-01-02 00:00:00,83,,Negative,Negative,0,,"Undetectable, will not be done",,,Ct,2023-10-12 00:00:00,2023-10-11 00:00:00,2024-01-09 00:00:00,Yes,65,Male,Male at birth,White,Non-Hispanic,No,No,Yes,No,No,4
131265-113,90,,415008,133755-6,Resident,Op ill week 13,2024-01-09 00:00:00,90,,Negative,Negative,0,,"Undetectable, will not be done",,,VL,2023-10-12 00:00:00,2023-10-11 00:00:00,2024-01-09 00:00:00,Yes,65,Male,Male at birth,White,Non-Hispanic,No,No,Yes,No,No,4
131265-113,90,Not available,415008,133755-6,Resident,Op ill week 13,2024-01-09 00:00:00,90,,Negative,Negative,0,,"Undetectable, will not be done",,,Ct,2023-10-12 00:00:00,2023-10-11 00:00:00,2024-01-09 00:00:00,Yes,65,Male,Male at birth,White,Non-Hispanic,No,No,Yes,No,No,4
131265-64,1,4823894.45477528,415008,133755-6,Staff,Illness Day 1,2023-10-21 00:00:00,1,,Positive,Positive,0,6.68339779701557,Within detectable range,,,VL,2023-08-28 00:00:00,2023-10-20 00:00:00,2023-11-03 00:00:00,Yes,27,Female,Female at birth,Other,Hispanic,No,No,No,No,No,4
131265-64,1,20.58,415008,133755-6,Staff,Illness Day 1,2023-10-21 00:00:00,1,,Positive,Positive,0,6.68339779701557,Within detectable range,,,Ct,2023-08-28 00:00:00,2023-10-20 00:00:00,2023-11-03 00:00:00,Yes,27,Female,Female at birth,Other,Hispanic,No,No,No,No,No,4
131265-64,2,12768034.0510859,415008,133755-6,Staff,Illness Day 2,2023-10-22 00:00:00,2,,Positive,Positive,0,7.1061240322287,Within detectable range,,,VL,2023-08-28 00:00:00,2023-10-20 00:00:00,2023-11-03 00:00:00,Yes,27,Female,Female at birth,Other,Hispanic,No,No,No,No,No,4
131265-64,2,18.74,415008,133755-6,Staff,Illness Day 2,2023-10-22 00:00:00,2,,Positive,Positive,0,7.1061240322287,Within detectable range,,,Ct,2023-08-28 00:00:00,2023-10-20 00:00:00,2023-11-03 00:00:00,Yes,27,Female,Female at birth,Other,Hispanic,No,No,No,No,No,4
131265-64,3,19102530.6087954,415008,133755-6,Staff,Illness Day 3,2023-10-23 00:00:00,3,,Positive,Positive,0,7.28109090424435,Within detectable range,Omicron,HV.1,VL,2023-08-28 00:00:00,2023-10-20 00:00:00,2023-11-03 00:00:00,Yes,27,Female,Female at birth,Other,Hispanic,No,No,No,No,No,4
131265-64,3,17.44,415008,133755-6,Staff,Illness Day 3,2023-10-23 00:00:00,3,,Positive,Positive,0,7.28109090424435,Within detectable range,Omicron,HV.1,Ct,2023-08-28 00:00:00,2023-10-20 00:00:00,2023-11-03 00:00:00,Yes,27,Female,Female at birth,Other,Hispanic,No,No,No,No,No,4
131265-64,4,2250136.07388543,415008,133755-6,Staff,Illness Day 4,2023-10-24 00:00:00,4,,Positive,Positive,0,6.35220878226721,Within detectable range,,,VL,2023-08-28 00:00:00,2023-10-20 00:00:00,2023-11-03 00:00:00,Yes,27,Female,Female at birth,Other,Hispanic,No,No,No,No,No,4
131265-64,4,20.6,415008,133755-6,Staff,Illness Day 4,2023-10-24 00:00:00,4,,Positive,Positive,0,6.35220878226721,Within detectable range,,,Ct,2023-08-28 00:00:00,2023-10-20 00:00:00,2023-11-03 00:00:00,Yes,27,Female,Female at birth,Other,Hispanic,No,No,No,No,No,4
131265-64,5,46514.3555011265,415008,133755-6,Staff,Illness Day 5,2023-10-25 00:00:00,5,,Negative,Positive,0,4.66758700778804,Within detectable range,,,VL,2023-08-28 00:00:00,2023-10-20 00:00:00,2023-11-03 00:00:00,Yes,27,Female,Female at birth,Other,Hispanic,No,No,No,No,No,4
131265-64,5,24.19,415008,133755-6,Staff,Illness Day 5,2023-10-25 00:00:00,5,,Negative,Positive,0,4.66758700778804,Within detectable range,,,Ct,2023-08-28 00:00:00,2023-10-20 00:00:00,2023-11-03 00:00:00,Yes,27,Female,Female at birth,Other,Hispanic,No,No,No,No,No,4
131265-64,6,,415008,133755-6,Staff,Illness Day 6,2023-10-26 00:00:00,6,,Negative,Negative,0,,"Undetectable, will not be done",,,VL,2023-08-28 00:00:00,2023-10-20 00:00:00,2023-11-03 00:00:00,Yes,27,Female,Female at birth,Other,Hispanic,No,No,No,No,No,4
131265-64,6,Not available,415008,133755-6,Staff,Illness Day 6,2023-10-26 00:00:00,6,,Negative,Negative,0,,"Undetectable, will not be done",,,Ct,2023-08-28 00:00:00,2023-10-20 00:00:00,2023-11-03 00:00:00,Yes,27,Female,Female at birth,Other,Hispanic,No,No,No,No,No,4
131265-64,7,,415008,133755-6,Staff,Illness Day 7,2023-10-27 00:00:00,7,,Negative,Negative,0,,"Undetectable, will not be done",,,VL,2023-08-28 00:00:00,2023-10-20 00:00:00,2023-11-03 00:00:00,Yes,27,Female,Female at birth,Other,Hispanic,No,No,No,No,No,4
131265-64,7,Not available,415008,133755-6,Staff,Illness Day 7,2023-10-27 00:00:00,7,,Negative,Negative,0,,"Undetectable, will not be done",,,Ct,2023-08-28 00:00:00,2023-10-20 00:00:00,2023-11-03 00:00:00,Yes,27,Female,Female at birth,Other,Hispanic,No,No,No,No,No,4
131265-64,8,,415008,133755-6,Staff,Illness Day 8,2023-10-28 00:00:00,8,,Negative,Negative,0,,"Undetectable, will not be done",,,VL,2023-08-28 00:00:00,2023-10-20 00:00:00,2023-11-03 00:00:00,Yes,27,Female,Female at birth,Other,Hispanic,No,No,No,No,No,4
131265-64,8,Not available,415008,133755-6,Staff,Illness Day 8,2023-10-28 00:00:00,8,,Negative,Negative,0,,"Undetectable, will not be done",,,Ct,2023-08-28 00:00:00,2023-10-20 00:00:00,2023-11-03 00:00:00,Yes,27,Female,Female at birth,Other,Hispanic,No,No,No,No,No,4
131265-64,9,,415008,133755-6,Staff,Illness Day 9,2023-10-29 00:00:00,9,,Negative,Negative,0,,"Undetectable, will not be done",,,VL,2023-08-28 00:00:00,2023-10-20 00:00:00,2023-11-03 00:00:00,Yes,27,Female,Female at birth,Other,Hispanic,No,No,No,No,No,4
131265-64,9,37.96,415008,133755-6,Staff,Illness Day 9,2023-10-29 00:00:00,9,,Negative,Negative,0,,"Undetectable, will not be done",,,Ct,2023-08-28 00:00:00,2023-10-20 00:00:00,2023-11-03 00:00:00,Yes,27,Female,Female at birth,Other,Hispanic,No,No,No,No,No,4
131265-64,10,,415008,133755-6,Staff,Illness Day 10,2023-10-30 00:00:00,10,,Negative,Negative,0,,"Undetectable, will not be done",,,VL,2023-08-28 00:00:00,2023-10-20 00:00:00,2023-11-03 00:00:00,Yes,27,Female,Female at birth,Other,Hispanic,No,No,No,No,No,4
131265-64,10,Not available,415008,133755-6,Staff,Illness Day 10,2023-10-30 00:00:00,10,,Negative,Negative,0,,"Undetectable, will not be done",,,Ct,2023-08-28 00:00:00,2023-10-20 00:00:00,2023-11-03 00:00:00,Yes,27,Female,Female at birth,Other,Hispanic,No,No,No,No,No,4
131265-64,11,,415008,133755-6,Staff,Illness Day 11,2023-10-31 00:00:00,11,,Not done,Negative,0,,"Undetectable, will not be done",,,VL,2023-08-28 00:00:00,2023-10-20 00:00:00,2023-11-03 00:00:00,Yes,27,Female,Female at birth,Other,Hispanic,No,No,No,No,No,4
131265-64,11,Not available,415008,133755-6,Staff,Illness Day 11,2023-10-31 00:00:00,11,,Not done,Negative,0,,"Undetectable, will not be done",,,Ct,2023-08-28 00:00:00,2023-10-20 00:00:00,2023-11-03 00:00:00,Yes,27,Female,Female at birth,Other,Hispanic,No,No,No,No,No,4
131265-64,12,,415008,133755-6,Staff,Illness Day 12,2023-11-01 00:00:00,12,,Negative,Negative,0,,"Undetectable, will not be done",,,VL,2023-08-28 00:00:00,2023-10-20 00:00:00,2023-11-03 00:00:00,Yes,27,Female,Female at birth,Other,Hispanic,No,No,No,No,No,4
131265-64,12,Not available,415008,133755-6,Staff,Illness Day 12,2023-11-01 00:00:00,12,,Negative,Negative,0,,"Undetectable, will not be done",,,Ct,2023-08-28 00:00:00,2023-10-20 00:00:00,2023-11-03 00:00:00,Yes,27,Female,Female at birth,Other,Hispanic,No,No,No,No,No,4
131265-64,13,,415008,133755-6,Staff,Illness Day 13,2023-11-02 00:00:00,13,,Negative,Negative,0,,"Undetectable, will not be done",,,VL,2023-08-28 00:00:00,2023-10-20 00:00:00,2023-11-03 00:00:00,Yes,27,Female,Female at birth,Other,Hispanic,No,No,No,No,No,4
131265-64,13,Not available,415008,133755-6,Staff,Illness Day 13,2023-11-02 00:00:00,13,,Negative,Negative,0,,"Undetectable, will not be done",,,Ct,2023-08-28 00:00:00,2023-10-20 00:00:00,2023-11-03 00:00:00,Yes,27,Female,Female at birth,Other,Hispanic,No,No,No,No,No,4
131265-64,14,,415008,133755-6,Staff,Illness Day 14,2023-11-03 00:00:00,14,,Negative,Negative,0,,"Undetectable, will not be done",,,VL,2023-08-28 00:00:00,2023-10-20 00:00:00,2023-11-03 00:00:00,Yes,27,Female,Female at birth,Other,Hispanic,No,No,No,No,No,4
131265-64,14,Not available,415008,133755-6,Staff,Illness Day 14,2023-11-03 00:00:00,14,,Negative,Negative,0,,"Undetectable, will not be done",,,Ct,2023-08-28 00:00:00,2023-10-20 00:00:00,2023-11-03 00:00:00,Yes,27,Female,Female at birth,Other,Hispanic,No,No,No,No,No,4
131266-84,18,,366403,133756-1,Resident,Op ill w3 t1,2023-09-11 00:00:00,18,,Negative,Negative,0,,"Undetectable, will not be done",,,VL,2023-08-24 00:00:00,2023-08-24 00:00:00,2023-11-20 00:00:00,Yes,73,Male,Male at birth,White,Non-Hispanic,No,No,No,No,No,4
131266-84,18,Not available,366403,133756-1,Resident,Op ill w3 t1,2023-09-11 00:00:00,18,,Negative,Negative,0,,"Undetectable, will not be done",,,Ct,2023-08-24 00:00:00,2023-08-24 00:00:00,2023-11-20 00:00:00,Yes,73,Male,Male at birth,White,Non-Hispanic,No,No,No,No,No,4
131266-84,25,,366403,133756-1,Resident,Op ill w4 t1,2023-09-18 00:00:00,25,,Negative,Negative,0,,"Undetectable, will not be done",,,VL,2023-08-24 00:00:00,2023-08-24 00:00:00,2023-11-20 00:00:00,Yes,73,Male,Male at birth,White,Non-Hispanic,No,No,No,No,No,4
131266-84,25,Not available,366403,133756-1,Resident,Op ill w4 t1,2023-09-18 00:00:00,25,,Negative,Negative,0,,"Undetectable, will not be done",,,Ct,2023-08-24 00:00:00,2023-08-24 00:00:00,2023-11-20 00:00:00,Yes,73,Male,Male at birth,White,Non-Hispanic,No,No,No,No,No,4
131266-84,27,,366403,133756-1,Resident,Op ill w3 t2,2023-09-20 00:00:00,27,,Negative,Negative,0,,"Undetectable, will not be done",,,VL,2023-08-24 00:00:00,2023-08-24 00:00:00,2023-11-20 00:00:00,Yes,73,Male,Male at birth,White,Non-Hispanic,No,No,No,No,No,4
131266-84,27,38.08,366403,133756-1,Resident,Op ill w3 t2,2023-09-20 00:00:00,27,,Negative,Negative,0,,"Undetectable, will not be done",,,Ct,2023-08-24 00:00:00,2023-08-24 00:00:00,2023-11-20 00:00:00,Yes,73,Male,Male at birth,White,Non-Hispanic,No,No,No,No,No,4
131266-84,29,,366403,133756-1,Resident,Op ill w4 t2,2023-09-22 00:00:00,29,,Negative,Negative,0,,"Undetectable, will not be done",,,VL,2023-08-24 00:00:00,2023-08-24 00:00:00,2023-11-20 00:00:00,Yes,73,Male,Male at birth,White,Non-Hispanic,No,No,No,No,No,4
131266-84,29,Not available,366403,133756-1,Resident,Op ill w4 t2,2023-09-22 00:00:00,29,,Negative,Negative,0,,"Undetectable, will not be done",,,Ct,2023-08-24 00:00:00,2023-08-24 00:00:00,2023-11-20 00:00:00,Yes,73,Male,Male at birth,White,Non-Hispanic,No,No,No,No,No,4
131266-84,35,,366403,133756-1,Resident,Op ill week 5,2023-09-28 00:00:00,35,,Negative,Negative,0,,"Undetectable, will not be done",,,VL,2023-08-24 00:00:00,2023-08-24 00:00:00,2023-11-20 00:00:00,Yes,73,Male,Male at birth,White,Non-Hispanic,No,No,No,No,No,4
131266-84,35,Not available,366403,133756-1,Resident,Op ill week 5,2023-09-28 00:00:00,35,,Negative,Negative,0,,"Undetectable, will not be done",,,Ct,2023-08-24 00:00:00,2023-08-24 00:00:00,2023-11-20 00:00:00,Yes,73,Male,Male at birth,White,Non-Hispanic,No,No,No,No,No,4
131266-84,43,,366403,133756-1,Resident,Op ill week 6,2023-10-06 00:00:00,43,,Negative,Negative,0,,"Undetectable, will not be done",,,VL,2023-08-24 00:00:00,2023-08-24 00:00:00,2023-11-20 00:00:00,Yes,73,Male,Male at birth,White,Non-Hispanic,No,No,No,No,No,4
131266-84,43,Not available,366403,133756-1,Resident,Op ill week 6,2023-10-06 00:00:00,43,,Negative,Negative,0,,"Undetectable, will not be done",,,Ct,2023-08-24 00:00:00,2023-08-24 00:00:00,2023-11-20 00:00:00,Yes,73,Male,Male at birth,White,Non-Hispanic,No,No,No,No,No,4
131266-84,51,,366403,133756-1,Resident,Op ill week 7,2023-10-14 00:00:00,51,,Negative,Negative,0,,"Undetectable, will not be done",,,VL,2023-08-24 00:00:00,2023-08-24 00:00:00,2023-11-20 00:00:00,Yes,73,Male,Male at birth,White,Non-Hispanic,No,No,No,No,No,4
131266-84,51,Not available,366403,133756-1,Resident,Op ill week 7,2023-10-14 00:00:00,51,,Negative,Negative,0,,"Undetectable, will not be done",,,Ct,2023-08-24 00:00:00,2023-08-24 00:00:00,2023-11-20 00:00:00,Yes,73,Male,Male at birth,White,Non-Hispanic,No,No,No,No,No,4
131266-84,71,,366403,133756-1,Resident,Op ill week 9,2023-11-03 00:00:00,71,,Negative,Negative,0,,"Undetectable, will not be done",,,VL,2023-08-24 00:00:00,2023-08-24 00:00:00,2023-11-20 00:00:00,Yes,73,Male,Male at birth,White,Non-Hispanic,No,No,No,No,No,4
131266-84,71,Not available,366403,133756-1,Resident,Op ill week 9,2023-11-03 00:00:00,71,,Negative,Negative,0,,"Undetectable, will not be done",,,Ct,2023-08-24 00:00:00,2023-08-24 00:00:00,2023-11-20 00:00:00,Yes,73,Male,Male at birth,White,Non-Hispanic,No,No,No,No,No,4
131266-84,78,,366403,133756-1,Resident,Op ill week 10,2023-11-10 00:00:00,78,,Negative,Negative,0,,"Undetectable, will not be done",,,VL,2023-08-24 00:00:00,2023-08-24 00:00:00,2023-11-20 00:00:00,Yes,73,Male,Male at birth,White,Non-Hispanic,No,No,No,No,No,4
131266-84,78,Not available,366403,133756-1,Resident,Op ill week 10,2023-11-10 00:00:00,78,,Negative,Negative,0,,"Undetectable, will not be done",,,Ct,2023-08-24 00:00:00,2023-08-24 00:00:00,2023-11-20 00:00:00,Yes,73,Male,Male at birth,White,Non-Hispanic,No,No,No,No,No,4
131266-84,84,,366403,133756-1,Resident,Op ill week 11,2023-11-16 00:00:00,84,,Negative,Negative,0,,"Undetectable, will not be done",,,VL,2023-08-24 00:00:00,2023-08-24 00:00:00,2023-11-20 00:00:00,Yes,73,Male,Male at birth,White,Non-Hispanic,No,No,No,No,No,4
131266-84,84,Not available,366403,133756-1,Resident,Op ill week 11,2023-11-16 00:00:00,84,,Negative,Negative,0,,"Undetectable, will not be done",,,Ct,2023-08-24 00:00:00,2023-08-24 00:00:00,2023-11-20 00:00:00,Yes,73,Male,Male at birth,White,Non-Hispanic,No,No,No,No,No,4
131266-84,88,,366403,133756-1,Resident,Op ill week 12,2023-11-20 00:00:00,88,,Negative,Negative,0,,"Undetectable, will not be done",,,VL,2023-08-24 00:00:00,2023-08-24 00:00:00,2023-11-20 00:00:00,Yes,73,Male,Male at birth,White,Non-Hispanic,No,No,No,No,No,4
131266-84,88,Not available,366403,133756-1,Resident,Op ill week 12,2023-11-20 00:00:00,88,,Negative,Negative,0,,"Undetectable, will not be done",,,Ct,2023-08-24 00:00:00,2023-08-24 00:00:00,2023-11-20 00:00:00,Yes,73,Male,Male at birth,White,Non-Hispanic,No,No,No,No,No,4
131266-107,0,7514335.79642985,365046,133756-2,Resident,Illness Day 1,2023-09-30 00:00:00,0,,Positive,Positive,0,6.87589059866961,Within detectable range,,,VL,2023-09-30 00:00:00,2023-09-30 00:00:00,2023-12-21 00:00:00,Yes,53,Female,Female at birth,Black or African American,Non-Hispanic,No,No,No,No,No,3
131266-107,0,20.43,365046,133756-2,Resident,Illness Day 1,2023-09-30 00:00:00,0,,Positive,Positive,0,6.87589059866961,Within detectable range,,,Ct,2023-09-30 00:00:00,2023-09-30 00:00:00,2023-12-21 00:00:00,Yes,53,Female,Female at birth,Black or African American,Non-Hispanic,No,No,No,No,No,3
131266-107,2,2744598.36165569,365046,133756-2,Resident,Illness Day 3,2023-10-02 00:00:00,2,,Positive,Positive,0,6.43847879975922,Within detectable range,,,VL,2023-09-30 00:00:00,2023-09-30 00:00:00,2023-12-21 00:00:00,Yes,53,Female,Female at birth,Black or African American,Non-Hispanic,No,No,No,No,No,3
131266-107,2,22.82,365046,133756-2,Resident,Illness Day 3,2023-10-02 00:00:00,2,,Positive,Positive,0,6.43847879975922,Within detectable range,,,Ct,2023-09-30 00:00:00,2023-09-30 00:00:00,2023-12-21 00:00:00,Yes,53,Female,Female at birth,Black or African American,Non-Hispanic,No,No,No,No,No,3
131266-107,3,9987528.90357451,365046,133756-2,Resident,Illness Day 4,2023-10-03 00:00:00,3,,Positive,Positive,0,6.99945804915757,Within detectable range,,,VL,2023-09-30 00:00:00,2023-09-30 00:00:00,2023-12-21 00:00:00,Yes,53,Female,Female at birth,Black or African American,Non-Hispanic,No,No,No,No,No,3
131266-107,3,20.06,365046,133756-2,Resident,Illness Day 4,2023-10-03 00:00:00,3,,Positive,Positive,0,6.99945804915757,Within detectable range,,,Ct,2023-09-30 00:00:00,2023-09-30 00:00:00,2023-12-21 00:00:00,Yes,53,Female,Female at birth,Black or African American,Non-Hispanic,No,No,No,No,No,3
131266-107,4,39038132.3924835,365046,133756-2,Resident,Illness Day 5,2023-10-04 00:00:00,4,,Positive,Positive,0,7.59148903258482,Within detectable range,Omicron,XBB.1.16.6,VL,2023-09-30 00:00:00,2023-09-30 00:00:00,2023-12-21 00:00:00,Yes,53,Female,Female at birth,Black or African American,Non-Hispanic,No,No,No,No,No,3
131266-107,4,18.74,365046,133756-2,Resident,Illness Day 5,2023-10-04 00:00:00,4,,Positive,Positive,0,7.59148903258482,Within detectable range,Omicron,XBB.1.16.6,Ct,2023-09-30 00:00:00,2023-09-30 00:00:00,2023-12-21 00:00:00,Yes,53,Female,Female at birth,Black or African American,Non-Hispanic,No,No,No,No,No,3
131266-107,5,389208.973820245,365046,133756-2,Resident,Illness Day 6,2023-10-05 00:00:00,5,,Positive,Positive,0,5.59018284504874,Within detectable range,,,VL,2023-09-30 00:00:00,2023-09-30 00:00:00,2023-12-21 00:00:00,Yes,53,Female,Female at birth,Black or African American,Non-Hispanic,No,No,No,No,No,3
131266-107,5,24.6,365046,133756-2,Resident,Illness Day 6,2023-10-05 00:00:00,5,,Positive,Positive,0,5.59018284504874,Within detectable range,,,Ct,2023-09-30 00:00:00,2023-09-30 00:00:00,2023-12-21 00:00:00,Yes,53,Female,Female at birth,Black or African American,Non-Hispanic,No,No,No,No,No,3
131266-107,6,52018.5396078402,365046,133756-2,Resident,Illness Day 7,2023-10-06 00:00:00,6,,Positive,Positive,0,4.71615815545003,Within detectable range,,,VL,2023-09-30 00:00:00,2023-09-30 00:00:00,2023-12-21 00:00:00,Yes,53,Female,Female at birth,Black or African American,Non-Hispanic,No,No,No,No,No,3
131266-107,6,25.44,365046,133756-2,Resident,Illness Day 7,2023-10-06 00:00:00,6,,Positive,Positive,0,4.71615815545003,Within detectable range,,,Ct,2023-09-30 00:00:00,2023-09-30 00:00:00,2023-12-21 00:00:00,Yes,53,Female,Female at birth,Black or African American,Non-Hispanic,No,No,No,No,No,3
131266-107,7,367633.361074494,365046,133756-2,Resident,Illness Day 8,2023-10-07 00:00:00,7,,Negative,Positive,0,5.56541491477381,Within detectable range,,,VL,2023-09-30 00:00:00,2023-09-30 00:00:00,2023-12-21 00:00:00,Yes,53,Female,Female at birth,Black or African American,Non-Hispanic,No,No,No,No,No,3
131266-107,7,25.17,365046,133756-2,Resident,Illness Day 8,2023-10-07 00:00:00,7,,Negative,Positive,0,5.56541491477381,Within detectable range,,,Ct,2023-09-30 00:00:00,2023-09-30 00:00:00,2023-12-21 00:00:00,Yes,53,Female,Female at birth,Black or African American,Non-Hispanic,No,No,No,No,No,3
131266-107,9,437188.00734212,365046,133756-2,Resident,Illness Day 10,2023-10-09 00:00:00,9,,Positive,Positive,0,5.6406682401565,Within detectable range,,,VL,2023-09-30 00:00:00,2023-09-30 00:00:00,2023-12-21 00:00:00,Yes,53,Female,Female at birth,Black or African American,Non-Hispanic,No,No,No,No,No,3
131266-107,9,24.96,365046,133756-2,Resident,Illness Day 10,2023-10-09 00:00:00,9,,Positive,Positive,0,5.6406682401565,Within detectable range,,,Ct,2023-09-30 00:00:00,2023-09-30 00:00:00,2023-12-21 00:00:00,Yes,53,Female,Female at birth,Black or African American,Non-Hispanic,No,No,No,No,No,3
131266-107,10,1970859.17360711,365046,133756-2,Resident,Illness Day 11,2023-10-10 00:00:00,10,,Positive,Positive,0,6.29465559317322,Within detectable range,,,VL,2023-09-30 00:00:00,2023-09-30 00:00:00,2023-12-21 00:00:00,Yes,53,Female,Female at birth,Black or African American,Non-Hispanic,No,No,No,No,No,3
131266-107,10,22.96,365046,133756-2,Resident,Illness Day 11,2023-10-10 00:00:00,10,,Positive,Positive,0,6.29465559317322,Within detectable range,,,Ct,2023-09-30 00:00:00,2023-09-30 00:00:00,2023-12-21 00:00:00,Yes,53,Female,Female at birth,Black or African American,Non-Hispanic,No,No,No,No,No,3
131266-107,12,,365046,133756-2,Resident,Illness Day 13,2023-10-12 00:00:00,12,,Negative,Negative,0,,"Undetectable, will not be done",,,VL,2023-09-30 00:00:00,2023-09-30 00:00:00,2023-12-21 00:00:00,Yes,53,Female,Female at birth,Black or African American,Non-Hispanic,No,No,No,No,No,3
131266-107,12,39.65,365046,133756-2,Resident,Illness Day 13,2023-10-12 00:00:00,12,,Negative,Negative,0,,"Undetectable, will not be done",,,Ct,2023-09-30 00:00:00,2023-09-30 00:00:00,2023-12-21 00:00:00,Yes,53,Female,Female at birth,Black or African American,Non-Hispanic,No,No,No,No,No,3
131266-107,13,1798.52174334596,365046,133756-2,Resident,Illness Day 14,2023-10-13 00:00:00,13,,Negative,Positive,0,3.25491569261774,"Less than 10,000 copies/mL",,,VL,2023-09-30 00:00:00,2023-09-30 00:00:00,2023-12-21 00:00:00,Yes,53,Female,Female at birth,Black or African American,Non-Hispanic,No,No,No,No,No,3
131266-107,13,31.62,365046,133756-2,Resident,Illness Day 14,2023-10-13 00:00:00,13,,Negative,Positive,0,3.25491569261774,"Less than 10,000 copies/mL",,,Ct,2023-09-30 00:00:00,2023-09-30 00:00:00,2023-12-21 00:00:00,Yes,53,Female,Female at birth,Black or African American,Non-Hispanic,No,No,No,No,No,3
131266-107,14,10184.3231658788,365046,133756-2,Resident,Op ill w3 t1,2023-10-14 00:00:00,14,,Negative,Positive,0,4.0079321717661,Within detectable range,,,VL,2023-09-30 00:00:00,2023-09-30 00:00:00,2023-12-21 00:00:00,Yes,53,Female,Female at birth,Black or African American,Non-Hispanic,No,No,No,No,No,3
131266-107,14,31.09,365046,133756-2,Resident,Op ill w3 t1,2023-10-14 00:00:00,14,,Negative,Positive,0,4.0079321717661,Within detectable range,,,Ct,2023-09-30 00:00:00,2023-09-30 00:00:00,2023-12-21 00:00:00,Yes,53,Female,Female at birth,Black or African American,Non-Hispanic,No,No,No,No,No,3
131266-107,15,2565.47460680663,365046,133756-2,Resident,Illness Day 12,2023-10-15 00:00:00,15,,Positive,Positive,0,3.40916772034462,"Less than 10,000 copies/mL",,,VL,2023-09-30 00:00:00,2023-09-30 00:00:00,2023-12-21 00:00:00,Yes,53,Female,Female at birth,Black or African American,Non-Hispanic,No,No,No,No,No,3
131266-107,15,32.64,365046,133756-2,Resident,Illness Day 12,2023-10-15 00:00:00,15,,Positive,Positive,0,3.40916772034462,"Less than 10,000 copies/mL",,,Ct,2023-09-30 00:00:00,2023-09-30 00:00:00,2023-12-21 00:00:00,Yes,53,Female,Female at birth,Black or African American,Non-Hispanic,No,No,No,No,No,3
131266-107,16,776.137767941427,365046,133756-2,Resident,Op ill w4 t1,2023-10-16 00:00:00,16,,Negative,Positive,0,2.8899388173229,"Less than 10,000 copies/mL",,,VL,2023-09-30 00:00:00,2023-09-30 00:00:00,2023-12-21 00:00:00,Yes,53,Female,Female at birth,Black or African American,Non-Hispanic,No,No,No,No,No,3
131266-107,16,35.6,365046,133756-2,Resident,Op ill w4 t1,2023-10-16 00:00:00,16,,Negative,Positive,0,2.8899388173229,"Less than 10,000 copies/mL",,,Ct,2023-09-30 00:00:00,2023-09-30 00:00:00,2023-12-21 00:00:00,Yes,53,Female,Female at birth,Black or African American,Non-Hispanic,No,No,No,No,No,3
131266-107,24,,365046,133756-2,Resident,Op ill w3 t2,2023-10-24 00:00:00,24,,Negative,Negative,0,,"Undetectable, will not be done",,,VL,2023-09-30 00:00:00,2023-09-30 00:00:00,2023-12-21 00:00:00,Yes,53,Female,Female at birth,Black or African American,Non-Hispanic,No,No,No,No,No,3
131266-107,24,Not available,365046,133756-2,Resident,Op ill w3 t2,2023-10-24 00:00:00,24,,Negative,Negative,0,,"Undetectable, will not be done",,,Ct,2023-09-30 00:00:00,2023-09-30 00:00:00,2023-12-21 00:00:00,Yes,53,Female,Female at birth,Black or African American,Non-Hispanic,No,No,No,No,No,3
131266-107,33,,365046,133756-2,Resident,Op ill week 5,2023-11-02 00:00:00,33,,Negative,Negative,0,,"Undetectable, will not be done",,,VL,2023-09-30 00:00:00,2023-09-30 00:00:00,2023-12-21 00:00:00,Yes,53,Female,Female at birth,Black or African American,Non-Hispanic,No,No,No,No,No,3
131266-107,33,Not available,365046,133756-2,Resident,Op ill week 5,2023-11-02 00:00:00,33,,Negative,Negative,0,,"Undetectable, will not be done",,,Ct,2023-09-30 00:00:00,2023-09-30 00:00:00,2023-12-21 00:00:00,Yes,53,Female,Female at birth,Black or African American,Non-Hispanic,No,No,No,No,No,3
131266-107,38,,365046,133756-2,Resident,Op ill week 6,2023-11-07 00:00:00,38,,Negative,Negative,0,,"Undetectable, will not be done",,,VL,2023-09-30 00:00:00,2023-09-30 00:00:00,2023-12-21 00:00:00,Yes,53,Female,Female at birth,Black or African American,Non-Hispanic,No,No,No,No,No,3
131266-107,38,Not available,365046,133756-2,Resident,Op ill week 6,2023-11-07 00:00:00,38,,Negative,Negative,0,,"Undetectable, will not be done",,,Ct,2023-09-30 00:00:00,2023-09-30 00:00:00,2023-12-21 00:00:00,Yes,53,Female,Female at birth,Black or African American,Non-Hispanic,No,No,No,No,No,3
131266-107,47,,365046,133756-2,Resident,Op ill week 7,2023-11-16 00:00:00,47,,Negative,Negative,0,,"Undetectable, will not be done",,,VL,2023-09-30 00:00:00,2023-09-30 00:00:00,2023-12-21 00:00:00,Yes,53,Female,Female at birth,Black or African American,Non-Hispanic,No,No,No,No,No,3
131266-107,47,Not available,365046,133756-2,Resident,Op ill week 7,2023-11-16 00:00:00,47,,Negative,Negative,0,,"Undetectable, will not be done",,,Ct,2023-09-30 00:00:00,2023-09-30 00:00:00,2023-12-21 00:00:00,Yes,53,Female,Female at birth,Black or African American,Non-Hispanic,No,No,No,No,No,3
131266-107,51,,365046,133756-2,Resident,Op ill week 8,2023-11-20 00:00:00,51,,Negative,Negative,0,,"Undetectable, will not be done",,,VL,2023-09-30 00:00:00,2023-09-30 00:00:00,2023-12-21 00:00:00,Yes,53,Female,Female at birth,Black or African American,Non-Hispanic,No,No,No,No,No,3
131266-107,51,Not available,365046,133756-2,Resident,Op ill week 8,2023-11-20 00:00:00,51,,Negative,Negative,0,,"Undetectable, will not be done",,,Ct,2023-09-30 00:00:00,2023-09-30 00:00:00,2023-12-21 00:00:00,Yes,53,Female,Female at birth,Black or African American,Non-Hispanic,No,No,No,No,No,3
131266-107,59,,365046,133756-2,Resident,Op ill week 9,2023-11-28 00:00:00,59,,Negative,Negative,0,,"Undetectable, will not be done",,,VL,2023-09-30 00:00:00,2023-09-30 00:00:00,2023-12-21 00:00:00,Yes,53,Female,Female at birth,Black or African American,Non-Hispanic,No,No,No,No,No,3
131266-107,59,Not available,365046,133756-2,Resident,Op ill week 9,2023-11-28 00:00:00,59,,Negative,Negative,0,,"Undetectable, will not be done",,,Ct,2023-09-30 00:00:00,2023-09-30 00:00:00,2023-12-21 00:00:00,Yes,53,Female,Female at birth,Black or African American,Non-Hispanic,No,No,No,No,No,3
131266-107,69,,365046,133756-2,Resident,Op ill week 10,2023-12-08 00:00:00,69,,Negative,Negative,0,,"Undetectable, will not be done",,,VL,2023-09-30 00:00:00,2023-09-30 00:00:00,2023-12-21 00:00:00,Yes,53,Female,Female at birth,Black or African American,Non-Hispanic,No,No,No,No,No,3
131266-107,69,Not available,365046,133756-2,Resident,Op ill week 10,2023-12-08 00:00:00,69,,Negative,Negative,0,,"Undetectable, will not be done",,,Ct,2023-09-30 00:00:00,2023-09-30 00:00:00,2023-12-21 00:00:00,Yes,53,Female,Female at birth,Black or African American,Non-Hispanic,No,No,No,No,No,3
131266-107,75,,365046,133756-2,Resident,Op ill week 11,2023-12-14 00:00:00,75,,Negative,Negative,0,,"Undetectable, will not be done",,,VL,2023-09-30 00:00:00,2023-09-30 00:00:00,2023-12-21 00:00:00,Yes,53,Female,Female at birth,Black or African American,Non-Hispanic,No,No,No,No,No,3
131266-107,75,Not available,365046,133756-2,Resident,Op ill week 11,2023-12-14 00:00:00,75,,Negative,Negative,0,,"Undetectable, will not be done",,,Ct,2023-09-30 00:00:00,2023-09-30 00:00:00,2023-12-21 00:00:00,Yes,53,Female,Female at birth,Black or African American,Non-Hispanic,No,No,No,No,No,3
131266-107,82,,365046,133756-2,Resident,Op ill week 12,2023-12-21 00:00:00,82,,Negative,Negative,0,,"Undetectable, will not be done",,,VL,2023-09-30 00:00:00,2023-09-30 00:00:00,2023-12-21 00:00:00,Yes,53,Female,Female at birth,Black or African American,Non-Hispanic,No,No,No,No,No,3
131266-107,82,Not available,365046,133756-2,Resident,Op ill week 12,2023-12-21 00:00:00,82,,Negative,Negative,0,,"Undetectable, will not be done",,,Ct,2023-09-30 00:00:00,2023-09-30 00:00:00,2023-12-21 00:00:00,Yes,53,Female,Female at birth,Black or African American,Non-Hispanic,No,No,No,No,No,3
131266-159,0,538927176.250789,365046,133756-2,Resident,Illness Day 1,2023-10-02 00:00:00,0,,Positive,Positive,0,8.73153008413077,Within detectable range,Omicron,XBB.1.16.6,VL,2023-10-03 00:00:00,2023-10-02 00:00:00,2023-12-21 00:00:00,Yes,90,Male,Male at birth,White,Non-Hispanic,No,No,No,No,No,5
131266-159,0,14.49,365046,133756-2,Resident,Illness Day 1,2023-10-02 00:00:00,0,,Positive,Positive,0,8.73153008413077,Within detectable range,Omicron,XBB.1.16.6,Ct,2023-10-03 00:00:00,2023-10-02 00:00:00,2023-12-21 00:00:00,Yes,90,Male,Male at birth,White,Non-Hispanic,No,No,No,No,No,5
131266-159,1,187355857.142166,365046,133756-2,Resident,Illness Day 2,2023-10-03 00:00:00,1,,Positive,Positive,0,8.27266727461029,Within detectable range,Omicron,XBB.1.16.6,VL,2023-10-03 00:00:00,2023-10-02 00:00:00,2023-12-21 00:00:00,Yes,90,Male,Male at birth,White,Non-Hispanic,No,No,No,No,No,5
131266-159,1,16.06,365046,133756-2,Resident,Illness Day 2,2023-10-03 00:00:00,1,,Positive,Positive,0,8.27266727461029,Within detectable range,Omicron,XBB.1.16.6,Ct,2023-10-03 00:00:00,2023-10-02 00:00:00,2023-12-21 00:00:00,Yes,90,Male,Male at birth,White,Non-Hispanic,No,No,No,No,No,5
131266-159,2,2746925.63118998,365046,133756-2,Resident,Illness Day 3,2023-10-04 00:00:00,2,,Positive,Positive,0,6.43884690172088,Within detectable range,,,VL,2023-10-03 00:00:00,2023-10-02 00:00:00,2023-12-21 00:00:00,Yes,90,Male,Male at birth,White,Non-Hispanic,No,No,No,No,No,5
131266-159,2,21.67,365046,133756-2,Resident,Illness Day 3,2023-10-04 00:00:00,2,,Positive,Positive,0,6.43884690172088,Within detectable range,,,Ct,2023-10-03 00:00:00,2023-10-02 00:00:00,2023-12-21 00:00:00,Yes,90,Male,Male at birth,White,Non-Hispanic,No,No,No,No,No,5
131266-159,3,315857.335064685,365046,133756-2,Resident,Illness Day 4,2023-10-05 00:00:00,3,,Negative,Positive,0,5.49949096684422,Within detectable range,,,VL,2023-10-03 00:00:00,2023-10-02 00:00:00,2023-12-21 00:00:00,Yes,90,Male,Male at birth,White,Non-Hispanic,No,No,No,No,No,5
131266-159,3,24.67,365046,133756-2,Resident,Illness Day 4,2023-10-05 00:00:00,3,,Negative,Positive,0,5.49949096684422,Within detectable range,,,Ct,2023-10-03 00:00:00,2023-10-02 00:00:00,2023-12-21 00:00:00,Yes,90,Male,Male at birth,White,Non-Hispanic,No,No,No,No,No,5
131266-159,4,9965.37822349303,365046,133756-2,Resident,Illness Day 5,2023-10-06 00:00:00,4,,Positive,Positive,0,3.99849378645435,"Less than 10,000 copies/mL",,,VL,2023-10-03 00:00:00,2023-10-02 00:00:00,2023-12-21 00:00:00,Yes,90,Male,Male at birth,White,Non-Hispanic,No,No,No,No,No,5
131266-159,4,30.8,365046,133756-2,Resident,Illness Day 5,2023-10-06 00:00:00,4,,Positive,Positive,0,3.99849378645435,"Less than 10,000 copies/mL",,,Ct,2023-10-03 00:00:00,2023-10-02 00:00:00,2023-12-21 00:00:00,Yes,90,Male,Male at birth,White,Non-Hispanic,No,No,No,No,No,5
131266-159,5,3794.82295348083,365046,133756-2,Resident,Illness Day 6,2023-10-07 00:00:00,5,,Negative,Positive,0,3.57919151880332,"Less than 10,000 copies/mL",,,VL,2023-10-03 00:00:00,2023-10-02 00:00:00,2023-12-21 00:00:00,Yes,90,Male,Male at birth,White,Non-Hispanic,No,No,No,No,No,5
131266-159,5,31.3,365046,133756-2,Resident,Illness Day 6,2023-10-07 00:00:00,5,,Negative,Positive,0,3.57919151880332,"Less than 10,000 copies/mL",,,Ct,2023-10-03 00:00:00,2023-10-02 00:00:00,2023-12-21 00:00:00,Yes,90,Male,Male at birth,White,Non-Hispanic,No,No,No,No,No,5
131266-159,7,,365046,133756-2,Resident,Illness Day 8,2023-10-09 00:00:00,7,,Negative,Negative,0,,"Undetectable, will not be done",,,VL,2023-10-03 00:00:00,2023-10-02 00:00:00,2023-12-21 00:00:00,Yes,90,Male,Male at birth,White,Non-Hispanic,No,No,No,No,No,5
131266-159,7,38.03,365046,133756-2,Resident,Illness Day 8,2023-10-09 00:00:00,7,,Negative,Negative,0,,"Undetectable, will not be done",,,Ct,2023-10-03 00:00:00,2023-10-02 00:00:00,2023-12-21 00:00:00,Yes,90,Male,Male at birth,White,Non-Hispanic,No,No,No,No,No,5
131266-159,8,,365046,133756-2,Resident,Illness Day 9,2023-10-10 00:00:00,8,,Negative,Negative,0,,"Undetectable, will not be done",,,VL,2023-10-03 00:00:00,2023-10-02 00:00:00,2023-12-21 00:00:00,Yes,90,Male,Male at birth,White,Non-Hispanic,No,No,No,No,No,5
131266-159,8,44.31,365046,133756-2,Resident,Illness Day 9,2023-10-10 00:00:00,8,,Negative,Negative,0,,"Undetectable, will not be done",,,Ct,2023-10-03 00:00:00,2023-10-02 00:00:00,2023-12-21 00:00:00,Yes,90,Male,Male at birth,White,Non-Hispanic,No,No,No,No,No,5
131266-159,10,,365046,133756-2,Resident,Illness Day 11,2023-10-12 00:00:00,10,,Negative,Negative,0,,"Undetectable, will not be done",,,VL,2023-10-03 00:00:00,2023-10-02 00:00:00,2023-12-21 00:00:00,Yes,90,Male,Male at birth,White,Non-Hispanic,No,No,No,No,No,5
131266-159,10,38.02,365046,133756-2,Resident,Illness Day 11,2023-10-12 00:00:00,10,,Negative,Negative,0,,"Undetectable, will not be done",,,Ct,2023-10-03 00:00:00,2023-10-02 00:00:00,2023-12-21 00:00:00,Yes,90,Male,Male at birth,White,Non-Hispanic,No,No,No,No,No,5
131266-159,11,,365046,133756-2,Resident,Illness Day 12,2023-10-13 00:00:00,11,,Negative,Negative,0,,"Undetectable, will not be done",,,VL,2023-10-03 00:00:00,2023-10-02 00:00:00,2023-12-21 00:00:00,Yes,90,Male,Male at birth,White,Non-Hispanic,No,No,No,No,No,5
131266-159,11,Not available,365046,133756-2,Resident,Illness Day 12,2023-10-13 00:00:00,11,,Negative,Negative,0,,"Undetectable, will not be done",,,Ct,2023-10-03 00:00:00,2023-10-02 00:00:00,2023-12-21 00:00:00,Yes,90,Male,Male at birth,White,Non-Hispanic,No,No,No,No,No,5
131266-159,12,,365046,133756-2,Resident,Illness Day 13,2023-10-14 00:00:00,12,,Negative,Negative,0,,"Undetectable, will not be done",,,VL,2023-10-03 00:00:00,2023-10-02 00:00:00,2023-12-21 00:00:00,Yes,90,Male,Male at birth,White,Non-Hispanic,No,No,No,No,No,5
131266-159,12,Not available,365046,133756-2,Resident,Illness Day 13,2023-10-14 00:00:00,12,,Negative,Negative,0,,"Undetectable, will not be done",,,Ct,2023-10-03 00:00:00,2023-10-02 00:00:00,2023-12-21 00:00:00,Yes,90,Male,Male at birth,White,Non-Hispanic,No,No,No,No,No,5
131266-159,13,,365046,133756-2,Resident,Illness Day 14,2023-10-15 00:00:00,13,,Negative,Negative,0,,"Undetectable, will not be done",,,VL,2023-10-03 00:00:00,2023-10-02 00:00:00,2023-12-21 00:00:00,Yes,90,Male,Male at birth,White,Non-Hispanic,No,No,No,No,No,5
131266-159,13,Not available,365046,133756-2,Resident,Illness Day 14,2023-10-15 00:00:00,13,,Negative,Negative,0,,"Undetectable, will not be done",,,Ct,2023-10-03 00:00:00,2023-10-02 00:00:00,2023-12-21 00:00:00,Yes,90,Male,Male at birth,White,Non-Hispanic,No,No,No,No,No,5
131266-159,14,,365046,133756-2,Resident,Op ill w3 t1,2023-10-16 00:00:00,14,,Negative,Negative,0,,"Undetectable, will not be done",,,VL,2023-10-03 00:00:00,2023-10-02 00:00:00,2023-12-21 00:00:00,Yes,90,Male,Male at birth,White,Non-Hispanic,No,No,No,No,No,5
131266-159,14,Not available,365046,133756-2,Resident,Op ill w3 t1,2023-10-16 00:00:00,14,,Negative,Negative,0,,"Undetectable, will not be done",,,Ct,2023-10-03 00:00:00,2023-10-02 00:00:00,2023-12-21 00:00:00,Yes,90,Male,Male at birth,White,Non-Hispanic,No,No,No,No,No,5
131266-159,15,,365046,133756-2,Resident,Op ill w3 t2,2023-10-17 00:00:00,15,,Negative,Negative,0,,"Undetectable, will not be done",,,VL,2023-10-03 00:00:00,2023-10-02 00:00:00,2023-12-21 00:00:00,Yes,90,Male,Male at birth,White,Non-Hispanic,No,No,No,No,No,5
131266-159,15,Not available,365046,133756-2,Resident,Op ill w3 t2,2023-10-17 00:00:00,15,,Negative,Negative,0,,"Undetectable, will not be done",,,Ct,2023-10-03 00:00:00,2023-10-02 00:00:00,2023-12-21 00:00:00,Yes,90,Male,Male at birth,White,Non-Hispanic,No,No,No,No,No,5
131266-159,22,,365046,133756-2,Resident,Op ill w4 t1,2023-10-24 00:00:00,22,,Negative,Negative,0,,"Undetectable, will not be done",,,VL,2023-10-03 00:00:00,2023-10-02 00:00:00,2023-12-21 00:00:00,Yes,90,Male,Male at birth,White,Non-Hispanic,No,No,No,No,No,5
131266-159,22,Not available,365046,133756-2,Resident,Op ill w4 t1,2023-10-24 00:00:00,22,,Negative,Negative,0,,"Undetectable, will not be done",,,Ct,2023-10-03 00:00:00,2023-10-02 00:00:00,2023-12-21 00:00:00,Yes,90,Male,Male at birth,White,Non-Hispanic,No,No,No,No,No,5
131266-159,31,,365046,133756-2,Resident,Op ill week 5,2023-11-02 00:00:00,31,,Negative,Negative,0,,"Undetectable, will not be done",,,VL,2023-10-03 00:00:00,2023-10-02 00:00:00,2023-12-21 00:00:00,Yes,90,Male,Male at birth,White,Non-Hispanic,No,No,No,No,No,5
131266-159,31,Not available,365046,133756-2,Resident,Op ill week 5,2023-11-02 00:00:00,31,,Negative,Negative,0,,"Undetectable, will not be done",,,Ct,2023-10-03 00:00:00,2023-10-02 00:00:00,2023-12-21 00:00:00,Yes,90,Male,Male at birth,White,Non-Hispanic,No,No,No,No,No,5
131266-159,36,,365046,133756-2,Resident,Op ill week 6,2023-11-07 00:00:00,36,,Negative,Negative,0,,"Undetectable, will not be done",,,VL,2023-10-03 00:00:00,2023-10-02 00:00:00,2023-12-21 00:00:00,Yes,90,Male,Male at birth,White,Non-Hispanic,No,No,No,No,No,5
131266-159,36,Not available,365046,133756-2,Resident,Op ill week 6,2023-11-07 00:00:00,36,,Negative,Negative,0,,"Undetectable, will not be done",,,Ct,2023-10-03 00:00:00,2023-10-02 00:00:00,2023-12-21 00:00:00,Yes,90,Male,Male at birth,White,Non-Hispanic,No,No,No,No,No,5
131266-159,45,,365046,133756-2,Resident,Op ill week 7,2023-11-16 00:00:00,45,,Negative,Negative,0,,"Undetectable, will not be done",,,VL,2023-10-03 00:00:00,2023-10-02 00:00:00,2023-12-21 00:00:00,Yes,90,Male,Male at birth,White,Non-Hispanic,No,No,No,No,No,5
131266-159,45,Not available,365046,133756-2,Resident,Op ill week 7,2023-11-16 00:00:00,45,,Negative,Negative,0,,"Undetectable, will not be done",,,Ct,2023-10-03 00:00:00,2023-10-02 00:00:00,2023-12-21 00:00:00,Yes,90,Male,Male at birth,White,Non-Hispanic,No,No,No,No,No,5
131266-159,49,,365046,133756-2,Resident,Op ill week 8,2023-11-20 00:00:00,49,,Negative,Negative,0,,"Undetectable, will not be done",,,VL,2023-10-03 00:00:00,2023-10-02 00:00:00,2023-12-21 00:00:00,Yes,90,Male,Male at birth,White,Non-Hispanic,No,No,No,No,No,5
131266-159,49,Not available,365046,133756-2,Resident,Op ill week 8,2023-11-20 00:00:00,49,,Negative,Negative,0,,"Undetectable, will not be done",,,Ct,2023-10-03 00:00:00,2023-10-02 00:00:00,2023-12-21 00:00:00,Yes,90,Male,Male at birth,White,Non-Hispanic,No,No,No,No,No,5
131266-159,57,,365046,133756-2,Resident,Op ill week 9,2023-11-28 00:00:00,57,,Negative,Negative,0,,"Undetectable, will not be done",,,VL,2023-10-03 00:00:00,2023-10-02 00:00:00,2023-12-21 00:00:00,Yes,90,Male,Male at birth,White,Non-Hispanic,No,No,No,No,No,5
131266-159,57,Not available,365046,133756-2,Resident,Op ill week 9,2023-11-28 00:00:00,57,,Negative,Negative,0,,"Undetectable, will not be done",,,Ct,2023-10-03 00:00:00,2023-10-02 00:00:00,2023-12-21 00:00:00,Yes,90,Male,Male at birth,White,Non-Hispanic,No,No,No,No,No,5
131266-159,67,,365046,133756-2,Resident,Op ill week 10,2023-12-08 00:00:00,67,,Negative,Negative,0,,"Undetectable, will not be done",,,VL,2023-10-03 00:00:00,2023-10-02 00:00:00,2023-12-21 00:00:00,Yes,90,Male,Male at birth,White,Non-Hispanic,No,No,No,No,No,5
131266-159,67,Not available,365046,133756-2,Resident,Op ill week 10,2023-12-08 00:00:00,67,,Negative,Negative,0,,"Undetectable, will not be done",,,Ct,2023-10-03 00:00:00,2023-10-02 00:00:00,2023-12-21 00:00:00,Yes,90,Male,Male at birth,White,Non-Hispanic,No,No,No,No,No,5
131266-159,73,,365046,133756-2,Resident,Op ill week 11,2023-12-14 00:00:00,73,,Negative,Negative,0,,"Undetectable, will not be done",,,VL,2023-10-03 00:00:00,2023-10-02 00:00:00,2023-12-21 00:00:00,Yes,90,Male,Male at birth,White,Non-Hispanic,No,No,No,No,No,5
131266-159,73,Not available,365046,133756-2,Resident,Op ill week 11,2023-12-14 00:00:00,73,,Negative,Negative,0,,"Undetectable, will not be done",,,Ct,2023-10-03 00:00:00,2023-10-02 00:00:00,2023-12-21 00:00:00,Yes,90,Male,Male at birth,White,Non-Hispanic,No,No,No,No,No,5
131266-159,80,,365046,133756-2,Resident,Op ill week 12,2023-12-21 00:00:00,80,,Negative,Negative,0,,"Undetectable, will not be done",,,VL,2023-10-03 00:00:00,2023-10-02 00:00:00,2023-12-21 00:00:00,Yes,90,Male,Male at birth,White,Non-Hispanic,No,No,No,No,No,5
131266-159,80,Not available,365046,133756-2,Resident,Op ill week 12,2023-12-21 00:00:00,80,,Negative,Negative,0,,"Undetectable, will not be done",,,Ct,2023-10-03 00:00:00,2023-10-02 00:00:00,2023-12-21 00:00:00,Yes,90,Male,Male at birth,White,Non-Hispanic,No,No,No,No,No,5
131266-194,3,3043.50276703447,365046,133756-2,Resident,Illness Day 1,2023-10-03 00:00:00,3,,Negative,Positive,0,3.48337370093288,"Less than 10,000 copies/mL",,,VL,2023-10-03 00:00:00,2023-09-30 00:00:00,2023-12-21 00:00:00,No,80,Female,Female at birth,Black or African American,Non-Hispanic,No,No,No,No,No,4
131266-194,3,32.42,365046,133756-2,Resident,Illness Day 1,2023-10-03 00:00:00,3,,Negative,Positive,0,3.48337370093288,"Less than 10,000 copies/mL",,,Ct,2023-10-03 00:00:00,2023-09-30 00:00:00,2023-12-21 00:00:00,No,80,Female,Female at birth,Black or African American,Non-Hispanic,No,No,No,No,No,4
131266-194,4,727.784906750636,365046,133756-2,Resident,Illness Day 2,2023-10-04 00:00:00,4,,Negative,Positive,0,2.86200304467852,"Less than 10,000 copies/mL",,,VL,2023-10-03 00:00:00,2023-09-30 00:00:00,2023-12-21 00:00:00,No,80,Female,Female at birth,Black or African American,Non-Hispanic,No,No,No,No,No,4
131266-194,4,33.18,365046,133756-2,Resident,Illness Day 2,2023-10-04 00:00:00,4,,Negative,Positive,0,2.86200304467852,"Less than 10,000 copies/mL",,,Ct,2023-10-03 00:00:00,2023-09-30 00:00:00,2023-12-21 00:00:00,No,80,Female,Female at birth,Black or African American,Non-Hispanic,No,No,No,No,No,4
131266-194,5,618.666506015516,365046,133756-2,Resident,Illness Day 3,2023-10-05 00:00:00,5,,Negative,Positive,0,2.79145660438853,"Less than 10,000 copies/mL",,,VL,2023-10-03 00:00:00,2023-09-30 00:00:00,2023-12-21 00:00:00,No,80,Female,Female at birth,Black or African American,Non-Hispanic,No,No,No,No,No,4
131266-194,5,34.82,365046,133756-2,Resident,Illness Day 3,2023-10-05 00:00:00,5,,Negative,Positive,0,2.79145660438853,"Less than 10,000 copies/mL",,,Ct,2023-10-03 00:00:00,2023-09-30 00:00:00,2023-12-21 00:00:00,No,80,Female,Female at birth,Black or African American,Non-Hispanic,No,No,No,No,No,4
131266-194,6,,365046,133756-2,Resident,Illness Day 4,2023-10-06 00:00:00,6,,Negative,Negative,0,,"Undetectable, will not be done",,,VL,2023-10-03 00:00:00,2023-09-30 00:00:00,2023-12-21 00:00:00,No,80,Female,Female at birth,Black or African American,Non-Hispanic,No,No,No,No,No,4
131266-194,6,41.58,365046,133756-2,Resident,Illness Day 4,2023-10-06 00:00:00,6,,Negative,Negative,0,,"Undetectable, will not be done",,,Ct,2023-10-03 00:00:00,2023-09-30 00:00:00,2023-12-21 00:00:00,No,80,Female,Female at birth,Black or African American,Non-Hispanic,No,No,No,No,No,4
131266-194,7,,365046,133756-2,Resident,Illness Day 5,2023-10-07 00:00:00,7,,Negative,Negative,0,,"Undetectable, will not be done",,,VL,2023-10-03 00:00:00,2023-09-30 00:00:00,2023-12-21 00:00:00,No,80,Female,Female at birth,Black or African American,Non-Hispanic,No,No,No,No,No,4
131266-194,7,Not available,365046,133756-2,Resident,Illness Day 5,2023-10-07 00:00:00,7,,Negative,Negative,0,,"Undetectable, will not be done",,,Ct,2023-10-03 00:00:00,2023-09-30 00:00:00,2023-12-21 00:00:00,No,80,Female,Female at birth,Black or African American,Non-Hispanic,No,No,No,No,No,4
131266-194,9,,365046,133756-2,Resident,Illness Day 7,2023-10-09 00:00:00,9,,Negative,Negative,0,,"Undetectable, will not be done",,,VL,2023-10-03 00:00:00,2023-09-30 00:00:00,2023-12-21 00:00:00,No,80,Female,Female at birth,Black or African American,Non-Hispanic,No,No,No,No,No,4
131266-194,9,Not available,365046,133756-2,Resident,Illness Day 7,2023-10-09 00:00:00,9,,Negative,Negative,0,,"Undetectable, will not be done",,,Ct,2023-10-03 00:00:00,2023-09-30 00:00:00,2023-12-21 00:00:00,No,80,Female,Female at birth,Black or African American,Non-Hispanic,No,No,No,No,No,4
131266-194,10,,365046,133756-2,Resident,Illness Day 8,2023-10-10 00:00:00,10,,Negative,Negative,0,,"Undetectable, will not be done",,,VL,2023-10-03 00:00:00,2023-09-30 00:00:00,2023-12-21 00:00:00,No,80,Female,Female at birth,Black or African American,Non-Hispanic,No,No,No,No,No,4
131266-194,10,Not available,365046,133756-2,Resident,Illness Day 8,2023-10-10 00:00:00,10,,Negative,Negative,0,,"Undetectable, will not be done",,,Ct,2023-10-03 00:00:00,2023-09-30 00:00:00,2023-12-21 00:00:00,No,80,Female,Female at birth,Black or African American,Non-Hispanic,No,No,No,No,No,4
131266-194,12,48085.58018736,365046,133756-2,Resident,Illness Day 10,2023-10-12 00:00:00,12,,Negative,Positive,0,4.68201486049128,Within detectable range,Omicron,XBB.1.16.6,VL,2023-10-03 00:00:00,2023-09-30 00:00:00,2023-12-21 00:00:00,No,80,Female,Female at birth,Black or African American,Non-Hispanic,No,No,No,No,No,4
131266-194,12,27.57,365046,133756-2,Resident,Illness Day 10,2023-10-12 00:00:00,12,,Negative,Positive,0,4.68201486049128,Within detectable range,Omicron,XBB.1.16.6,Ct,2023-10-03 00:00:00,2023-09-30 00:00:00,2023-12-21 00:00:00,No,80,Female,Female at birth,Black or African American,Non-Hispanic,No,No,No,No,No,4
131266-194,13,,365046,133756-2,Resident,Illness Day 11,2023-10-13 00:00:00,13,,Negative,Negative,0,,"Undetectable, will not be done",,,VL,2023-10-03 00:00:00,2023-09-30 00:00:00,2023-12-21 00:00:00,No,80,Female,Female at birth,Black or African American,Non-Hispanic,No,No,No,No,No,4
131266-194,13,Not available,365046,133756-2,Resident,Illness Day 11,2023-10-13 00:00:00,13,,Negative,Negative,0,,"Undetectable, will not be done",,,Ct,2023-10-03 00:00:00,2023-09-30 00:00:00,2023-12-21 00:00:00,No,80,Female,Female at birth,Black or African American,Non-Hispanic,No,No,No,No,No,4
131266-194,14,,365046,133756-2,Resident,Illness Day 12,2023-10-14 00:00:00,14,,Negative,Negative,0,,"Undetectable, will not be done",,,VL,2023-10-03 00:00:00,2023-09-30 00:00:00,2023-12-21 00:00:00,No,80,Female,Female at birth,Black or African American,Non-Hispanic,No,No,No,No,No,4
131266-194,14,Not available,365046,133756-2,Resident,Illness Day 12,2023-10-14 00:00:00,14,,Negative,Negative,0,,"Undetectable, will not be done",,,Ct,2023-10-03 00:00:00,2023-09-30 00:00:00,2023-12-21 00:00:00,No,80,Female,Female at birth,Black or African American,Non-Hispanic,No,No,No,No,No,4
131266-194,15,,365046,133756-2,Resident,Illness Day 13,2023-10-15 00:00:00,15,,Negative,Negative,0,,"Undetectable, will not be done",,,VL,2023-10-03 00:00:00,2023-09-30 00:00:00,2023-12-21 00:00:00,No,80,Female,Female at birth,Black or African American,Non-Hispanic,No,No,No,No,No,4
131266-194,15,Not available,365046,133756-2,Resident,Illness Day 13,2023-10-15 00:00:00,15,,Negative,Negative,0,,"Undetectable, will not be done",,,Ct,2023-10-03 00:00:00,2023-09-30 00:00:00,2023-12-21 00:00:00,No,80,Female,Female at birth,Black or African American,Non-Hispanic,No,No,No,No,No,4
131266-194,16,,365046,133756-2,Resident,Illness Day 14,2023-10-16 00:00:00,16,,Negative,Negative,0,,"Undetectable, will not be done",,,VL,2023-10-03 00:00:00,2023-09-30 00:00:00,2023-12-21 00:00:00,No,80,Female,Female at birth,Black or African American,Non-Hispanic,No,No,No,No,No,4
131266-194,16,Not available,365046,133756-2,Resident,Illness Day 14,2023-10-16 00:00:00,16,,Negative,Negative,0,,"Undetectable, will not be done",,,Ct,2023-10-03 00:00:00,2023-09-30 00:00:00,2023-12-21 00:00:00,No,80,Female,Female at birth,Black or African American,Non-Hispanic,No,No,No,No,No,4
131266-194,17,,365046,133756-2,Resident,Op ill w3 t1,2023-10-17 00:00:00,17,,Negative,Negative,0,,"Undetectable, will not be done",,,VL,2023-10-03 00:00:00,2023-09-30 00:00:00,2023-12-21 00:00:00,No,80,Female,Female at birth,Black or African American,Non-Hispanic,No,No,No,No,No,4
131266-194,17,Not available,365046,133756-2,Resident,Op ill w3 t1,2023-10-17 00:00:00,17,,Negative,Negative,0,,"Undetectable, will not be done",,,Ct,2023-10-03 00:00:00,2023-09-30 00:00:00,2023-12-21 00:00:00,No,80,Female,Female at birth,Black or African American,Non-Hispanic,No,No,No,No,No,4
131266-194,24,,365046,133756-2,Resident,Op ill w4 t1,2023-10-24 00:00:00,24,,Negative,Negative,0,,"Undetectable, will not be done",,,VL,2023-10-03 00:00:00,2023-09-30 00:00:00,2023-12-21 00:00:00,No,80,Female,Female at birth,Black or African American,Non-Hispanic,No,No,No,No,No,4
131266-194,24,Not available,365046,133756-2,Resident,Op ill w4 t1,2023-10-24 00:00:00,24,,Negative,Negative,0,,"Undetectable, will not be done",,,Ct,2023-10-03 00:00:00,2023-09-30 00:00:00,2023-12-21 00:00:00,No,80,Female,Female at birth,Black or African American,Non-Hispanic,No,No,No,No,No,4
131266-194,33,,365046,133756-2,Resident,Op ill week 5,2023-11-02 00:00:00,33,,Negative,Negative,0,,"Undetectable, will not be done",,,VL,2023-10-03 00:00:00,2023-09-30 00:00:00,2023-12-21 00:00:00,No,80,Female,Female at birth,Black or African American,Non-Hispanic,No,No,No,No,No,4
131266-194,33,Not available,365046,133756-2,Resident,Op ill week 5,2023-11-02 00:00:00,33,,Negative,Negative,0,,"Undetectable, will not be done",,,Ct,2023-10-03 00:00:00,2023-09-30 00:00:00,2023-12-21 00:00:00,No,80,Female,Female at birth,Black or African American,Non-Hispanic,No,No,No,No,No,4
131266-194,38,,365046,133756-2,Resident,Op ill week 6,2023-11-07 00:00:00,38,,Negative,Negative,0,,"Undetectable, will not be done",,,VL,2023-10-03 00:00:00,2023-09-30 00:00:00,2023-12-21 00:00:00,No,80,Female,Female at birth,Black or African American,Non-Hispanic,No,No,No,No,No,4
131266-194,38,Not available,365046,133756-2,Resident,Op ill week 6,2023-11-07 00:00:00,38,,Negative,Negative,0,,"Undetectable, will not be done",,,Ct,2023-10-03 00:00:00,2023-09-30 00:00:00,2023-12-21 00:00:00,No,80,Female,Female at birth,Black or African American,Non-Hispanic,No,No,No,No,No,4
131266-194,47,,365046,133756-2,Resident,Op ill week 7,2023-11-16 00:00:00,47,,Negative,Negative,0,,"Undetectable, will not be done",,,VL,2023-10-03 00:00:00,2023-09-30 00:00:00,2023-12-21 00:00:00,No,80,Female,Female at birth,Black or African American,Non-Hispanic,No,No,No,No,No,4
131266-194,47,Not available,365046,133756-2,Resident,Op ill week 7,2023-11-16 00:00:00,47,,Negative,Negative,0,,"Undetectable, will not be done",,,Ct,2023-10-03 00:00:00,2023-09-30 00:00:00,2023-12-21 00:00:00,No,80,Female,Female at birth,Black or African American,Non-Hispanic,No,No,No,No,No,4
131266-194,51,,365046,133756-2,Resident,Op ill week 8,2023-11-20 00:00:00,51,,Negative,Negative,0,,"Undetectable, will not be done",,,VL,2023-10-03 00:00:00,2023-09-30 00:00:00,2023-12-21 00:00:00,No,80,Female,Female at birth,Black or African American,Non-Hispanic,No,No,No,No,No,4
131266-194,51,Not available,365046,133756-2,Resident,Op ill week 8,2023-11-20 00:00:00,51,,Negative,Negative,0,,"Undetectable, will not be done",,,Ct,2023-10-03 00:00:00,2023-09-30 00:00:00,2023-12-21 00:00:00,No,80,Female,Female at birth,Black or African American,Non-Hispanic,No,No,No,No,No,4
131266-194,59,,365046,133756-2,Resident,Op ill week 9,2023-11-28 00:00:00,59,,Negative,Negative,0,,"Undetectable, will not be done",,,VL,2023-10-03 00:00:00,2023-09-30 00:00:00,2023-12-21 00:00:00,No,80,Female,Female at birth,Black or African American,Non-Hispanic,No,No,No,No,No,4
131266-194,59,Not available,365046,133756-2,Resident,Op ill week 9,2023-11-28 00:00:00,59,,Negative,Negative,0,,"Undetectable, will not be done",,,Ct,2023-10-03 00:00:00,2023-09-30 00:00:00,2023-12-21 00:00:00,No,80,Female,Female at birth,Black or African American,Non-Hispanic,No,No,No,No,No,4
131266-194,69,,365046,133756-2,Resident,Op ill week 10,2023-12-08 00:00:00,69,,Negative,Negative,0,,"Undetectable, will not be done",,,VL,2023-10-03 00:00:00,2023-09-30 00:00:00,2023-12-21 00:00:00,No,80,Female,Female at birth,Black or African American,Non-Hispanic,No,No,No,No,No,4
131266-194,69,Not available,365046,133756-2,Resident,Op ill week 10,2023-12-08 00:00:00,69,,Negative,Negative,0,,"Undetectable, will not be done",,,Ct,2023-10-03 00:00:00,2023-09-30 00:00:00,2023-12-21 00:00:00,No,80,Female,Female at birth,Black or African American,Non-Hispanic,No,No,No,No,No,4
131266-194,75,,365046,133756-2,Resident,Op ill week 11,2023-12-14 00:00:00,75,,Negative,Negative,0,,"Undetectable, will not be done",,,VL,2023-10-03 00:00:00,2023-09-30 00:00:00,2023-12-21 00:00:00,No,80,Female,Female at birth,Black or African American,Non-Hispanic,No,No,No,No,No,4
131266-194,75,Not available,365046,133756-2,Resident,Op ill week 11,2023-12-14 00:00:00,75,,Negative,Negative,0,,"Undetectable, will not be done",,,Ct,2023-10-03 00:00:00,2023-09-30 00:00:00,2023-12-21 00:00:00,No,80,Female,Female at birth,Black or African American,Non-Hispanic,No,No,No,No,No,4
131266-194,82,,365046,133756-2,Resident,Op ill week 12,2023-12-21 00:00:00,82,,Negative,Negative,0,,"Undetectable, will not be done",,,VL,2023-10-03 00:00:00,2023-09-30 00:00:00,2023-12-21 00:00:00,No,80,Female,Female at birth,Black or African American,Non-Hispanic,No,No,No,No,No,4
131266-194,82,Not available,365046,133756-2,Resident,Op ill week 12,2023-12-21 00:00:00,82,,Negative,Negative,0,,"Undetectable, will not be done",,,Ct,2023-10-03 00:00:00,2023-09-30 00:00:00,2023-12-21 00:00:00,No,80,Female,Female at birth,Black or African American,Non-Hispanic,No,No,No,No,No,4
131266-197,0,,365046,133756-2,Resident,Illness Day 3,2023-10-02 00:00:00,0,,Negative,Negative,0,,"Undetectable, will not be done",,,VL,2023-10-06 00:00:00,2023-10-02 00:00:00,2024-01-03 00:00:00,No,62,Male,Male at birth,White,Non-Hispanic,No,No,No,No,No,5
131266-197,0,Not available,365046,133756-2,Resident,Illness Day 3,2023-10-02 00:00:00,0,,Negative,Negative,0,,"Undetectable, will not be done",,,Ct,2023-10-06 00:00:00,2023-10-02 00:00:00,2024-01-03 00:00:00,No,62,Male,Male at birth,White,Non-Hispanic,No,No,No,No,No,5
131266-197,4,,365046,133756-2,Resident,Illness Day 1,2023-10-06 00:00:00,4,,Negative,Negative,0,,"Undetectable, will not be done",,,VL,2023-10-06 00:00:00,2023-10-02 00:00:00,2024-01-03 00:00:00,No,62,Male,Male at birth,White,Non-Hispanic,No,No,No,No,No,5
131266-197,4,Not available,365046,133756-2,Resident,Illness Day 1,2023-10-06 00:00:00,4,,Negative,Negative,0,,"Undetectable, will not be done",,,Ct,2023-10-06 00:00:00,2023-10-02 00:00:00,2024-01-03 00:00:00,No,62,Male,Male at birth,White,Non-Hispanic,No,No,No,No,No,5
131266-197,5,,365046,133756-2,Resident,Illness Day 2,2023-10-07 00:00:00,5,,Negative,Negative,0,,"Undetectable, will not be done",,,VL,2023-10-06 00:00:00,2023-10-02 00:00:00,2024-01-03 00:00:00,No,62,Male,Male at birth,White,Non-Hispanic,No,No,No,No,No,5
131266-197,5,Not available,365046,133756-2,Resident,Illness Day 2,2023-10-07 00:00:00,5,,Negative,Negative,0,,"Undetectable, will not be done",,,Ct,2023-10-06 00:00:00,2023-10-02 00:00:00,2024-01-03 00:00:00,No,62,Male,Male at birth,White,Non-Hispanic,No,No,No,No,No,5
131266-197,7,,365046,133756-2,Resident,Illness Day 4,2023-10-09 00:00:00,7,,Negative,Negative,0,,"Undetectable, will not be done",,,VL,2023-10-06 00:00:00,2023-10-02 00:00:00,2024-01-03 00:00:00,No,62,Male,Male at birth,White,Non-Hispanic,No,No,No,No,No,5
131266-197,7,Not available,365046,133756-2,Resident,Illness Day 4,2023-10-09 00:00:00,7,,Negative,Negative,0,,"Undetectable, will not be done",,,Ct,2023-10-06 00:00:00,2023-10-02 00:00:00,2024-01-03 00:00:00,No,62,Male,Male at birth,White,Non-Hispanic,No,No,No,No,No,5
131266-197,8,,365046,133756-2,Resident,Illness Day 5,2023-10-10 00:00:00,8,,Negative,Negative,0,,"Undetectable, will not be done",,,VL,2023-10-06 00:00:00,2023-10-02 00:00:00,2024-01-03 00:00:00,No,62,Male,Male at birth,White,Non-Hispanic,No,No,No,No,No,5
131266-197,8,Not available,365046,133756-2,Resident,Illness Day 5,2023-10-10 00:00:00,8,,Negative,Negative,0,,"Undetectable, will not be done",,,Ct,2023-10-06 00:00:00,2023-10-02 00:00:00,2024-01-03 00:00:00,No,62,Male,Male at birth,White,Non-Hispanic,No,No,No,No,No,5
131266-197,10,,365046,133756-2,Resident,Illness Day 7,2023-10-12 00:00:00,10,,Negative,Negative,0,,"Undetectable, will not be done",,,VL,2023-10-06 00:00:00,2023-10-02 00:00:00,2024-01-03 00:00:00,No,62,Male,Male at birth,White,Non-Hispanic,No,No,No,No,No,5
131266-197,10,Not available,365046,133756-2,Resident,Illness Day 7,2023-10-12 00:00:00,10,,Negative,Negative,0,,"Undetectable, will not be done",,,Ct,2023-10-06 00:00:00,2023-10-02 00:00:00,2024-01-03 00:00:00,No,62,Male,Male at birth,White,Non-Hispanic,No,No,No,No,No,5
131266-197,11,,365046,133756-2,Resident,Illness Day 8,2023-10-13 00:00:00,11,,Negative,Negative,0,,"Undetectable, will not be done",,,VL,2023-10-06 00:00:00,2023-10-02 00:00:00,2024-01-03 00:00:00,No,62,Male,Male at birth,White,Non-Hispanic,No,No,No,No,No,5
131266-197,11,Not available,365046,133756-2,Resident,Illness Day 8,2023-10-13 00:00:00,11,,Negative,Negative,0,,"Undetectable, will not be done",,,Ct,2023-10-06 00:00:00,2023-10-02 00:00:00,2024-01-03 00:00:00,No,62,Male,Male at birth,White,Non-Hispanic,No,No,No,No,No,5
131266-197,12,,365046,133756-2,Resident,Illness Day 9,2023-10-14 00:00:00,12,,Negative,Negative,0,,"Undetectable, will not be done",,,VL,2023-10-06 00:00:00,2023-10-02 00:00:00,2024-01-03 00:00:00,No,62,Male,Male at birth,White,Non-Hispanic,No,No,No,No,No,5
131266-197,12,Not available,365046,133756-2,Resident,Illness Day 9,2023-10-14 00:00:00,12,,Negative,Negative,0,,"Undetectable, will not be done",,,Ct,2023-10-06 00:00:00,2023-10-02 00:00:00,2024-01-03 00:00:00,No,62,Male,Male at birth,White,Non-Hispanic,No,No,No,No,No,5
131266-197,13,,365046,133756-2,Resident,Illness Day 10,2023-10-15 00:00:00,13,,Negative,Negative,0,,"Undetectable, will not be done",,,VL,2023-10-06 00:00:00,2023-10-02 00:00:00,2024-01-03 00:00:00,No,62,Male,Male at birth,White,Non-Hispanic,No,No,No,No,No,5
131266-197,13,Not available,365046,133756-2,Resident,Illness Day 10,2023-10-15 00:00:00,13,,Negative,Negative,0,,"Undetectable, will not be done",,,Ct,2023-10-06 00:00:00,2023-10-02 00:00:00,2024-01-03 00:00:00,No,62,Male,Male at birth,White,Non-Hispanic,No,No,No,No,No,5
131266-197,14,,365046,133756-2,Resident,Illness Day 11,2023-10-16 00:00:00,14,,Negative,Negative,0,,"Undetectable, will not be done",,,VL,2023-10-06 00:00:00,2023-10-02 00:00:00,2024-01-03 00:00:00,No,62,Male,Male at birth,White,Non-Hispanic,No,No,No,No,No,5
131266-197,14,Not available,365046,133756-2,Resident,Illness Day 11,2023-10-16 00:00:00,14,,Negative,Negative,0,,"Undetectable, will not be done",,,Ct,2023-10-06 00:00:00,2023-10-02 00:00:00,2024-01-03 00:00:00,No,62,Male,Male at birth,White,Non-Hispanic,No,No,No,No,No,5
131266-197,15,,365046,133756-2,Resident,Illness Day 12,2023-10-17 00:00:00,15,,Negative,Negative,0,,"Undetectable, will not be done",,,VL,2023-10-06 00:00:00,2023-10-02 00:00:00,2024-01-03 00:00:00,No,62,Male,Male at birth,White,Non-Hispanic,No,No,No,No,No,5
131266-197,15,Not available,365046,133756-2,Resident,Illness Day 12,2023-10-17 00:00:00,15,,Negative,Negative,0,,"Undetectable, will not be done",,,Ct,2023-10-06 00:00:00,2023-10-02 00:00:00,2024-01-03 00:00:00,No,62,Male,Male at birth,White,Non-Hispanic,No,No,No,No,No,5
131266-197,16,,365046,133756-2,Resident,Illness Day 13,2023-10-18 00:00:00,16,,Negative,Negative,0,,"Undetectable, will not be done",,,VL,2023-10-06 00:00:00,2023-10-02 00:00:00,2024-01-03 00:00:00,No,62,Male,Male at birth,White,Non-Hispanic,No,No,No,No,No,5
131266-197,16,Not available,365046,133756-2,Resident,Illness Day 13,2023-10-18 00:00:00,16,,Negative,Negative,0,,"Undetectable, will not be done",,,Ct,2023-10-06 00:00:00,2023-10-02 00:00:00,2024-01-03 00:00:00,No,62,Male,Male at birth,White,Non-Hispanic,No,No,No,No,No,5
131266-197,17,,365046,133756-2,Resident,Illness Day 14,2023-10-19 00:00:00,17,,Negative,Negative,0,,"Undetectable, will not be done",,,VL,2023-10-06 00:00:00,2023-10-02 00:00:00,2024-01-03 00:00:00,No,62,Male,Male at birth,White,Non-Hispanic,No,No,No,No,No,5
131266-197,17,Not available,365046,133756-2,Resident,Illness Day 14,2023-10-19 00:00:00,17,,Negative,Negative,0,,"Undetectable, will not be done",,,Ct,2023-10-06 00:00:00,2023-10-02 00:00:00,2024-01-03 00:00:00,No,62,Male,Male at birth,White,Non-Hispanic,No,No,No,No,No,5
131266-197,22,,365046,133756-2,Resident,Op ill w3 t1,2023-10-24 00:00:00,22,,Negative,Negative,0,,"Undetectable, will not be done",,,VL,2023-10-06 00:00:00,2023-10-02 00:00:00,2024-01-03 00:00:00,No,62,Male,Male at birth,White,Non-Hispanic,No,No,No,No,No,5
131266-197,22,Not available,365046,133756-2,Resident,Op ill w3 t1,2023-10-24 00:00:00,22,,Negative,Negative,0,,"Undetectable, will not be done",,,Ct,2023-10-06 00:00:00,2023-10-02 00:00:00,2024-01-03 00:00:00,No,62,Male,Male at birth,White,Non-Hispanic,No,No,No,No,No,5
131266-197,28,,365046,133756-2,Resident,Op ill w4 t1,2023-10-30 00:00:00,28,,Negative,Negative,0,,"Undetectable, will not be done",,,VL,2023-10-06 00:00:00,2023-10-02 00:00:00,2024-01-03 00:00:00,No,62,Male,Male at birth,White,Non-Hispanic,No,No,No,No,No,5
131266-197,28,Not available,365046,133756-2,Resident,Op ill w4 t1,2023-10-30 00:00:00,28,,Negative,Negative,0,,"Undetectable, will not be done",,,Ct,2023-10-06 00:00:00,2023-10-02 00:00:00,2024-01-03 00:00:00,No,62,Male,Male at birth,White,Non-Hispanic,No,No,No,No,No,5
131266-197,31,,365046,133756-2,Resident,Op ill w4 t2,2023-11-02 00:00:00,31,,Negative,Negative,0,,"Undetectable, will not be done",,,VL,2023-10-06 00:00:00,2023-10-02 00:00:00,2024-01-03 00:00:00,No,62,Male,Male at birth,White,Non-Hispanic,No,No,No,No,No,5
131266-197,31,Not available,365046,133756-2,Resident,Op ill w4 t2,2023-11-02 00:00:00,31,,Negative,Negative,0,,"Undetectable, will not be done",,,Ct,2023-10-06 00:00:00,2023-10-02 00:00:00,2024-01-03 00:00:00,No,62,Male,Male at birth,White,Non-Hispanic,No,No,No,No,No,5
131266-197,36,,365046,133756-2,Resident,Op ill week 5,2023-11-07 00:00:00,36,,Negative,Negative,0,,"Undetectable, will not be done",,,VL,2023-10-06 00:00:00,2023-10-02 00:00:00,2024-01-03 00:00:00,No,62,Male,Male at birth,White,Non-Hispanic,No,No,No,No,No,5
131266-197,36,Not available,365046,133756-2,Resident,Op ill week 5,2023-11-07 00:00:00,36,,Negative,Negative,0,,"Undetectable, will not be done",,,Ct,2023-10-06 00:00:00,2023-10-02 00:00:00,2024-01-03 00:00:00,No,62,Male,Male at birth,White,Non-Hispanic,No,No,No,No,No,5
131266-197,45,,365046,133756-2,Resident,Op ill week 6,2023-11-16 00:00:00,45,,Negative,Negative,0,,"Undetectable, will not be done",,,VL,2023-10-06 00:00:00,2023-10-02 00:00:00,2024-01-03 00:00:00,No,62,Male,Male at birth,White,Non-Hispanic,No,No,No,No,No,5
131266-197,45,Not available,365046,133756-2,Resident,Op ill week 6,2023-11-16 00:00:00,45,,Negative,Negative,0,,"Undetectable, will not be done",,,Ct,2023-10-06 00:00:00,2023-10-02 00:00:00,2024-01-03 00:00:00,No,62,Male,Male at birth,White,Non-Hispanic,No,No,No,No,No,5
131266-197,49,,365046,133756-2,Resident,Op ill week 7,2023-11-20 00:00:00,49,,Negative,Negative,0,,"Undetectable, will not be done",,,VL,2023-10-06 00:00:00,2023-10-02 00:00:00,2024-01-03 00:00:00,No,62,Male,Male at birth,White,Non-Hispanic,No,No,No,No,No,5
131266-197,49,Not available,365046,133756-2,Resident,Op ill week 7,2023-11-20 00:00:00,49,,Negative,Negative,0,,"Undetectable, will not be done",,,Ct,2023-10-06 00:00:00,2023-10-02 00:00:00,2024-01-03 00:00:00,No,62,Male,Male at birth,White,Non-Hispanic,No,No,No,No,No,5
131266-197,57,,365046,133756-2,Resident,Op ill week 8,2023-11-28 00:00:00,57,,Negative,Negative,0,,"Undetectable, will not be done",,,VL,2023-10-06 00:00:00,2023-10-02 00:00:00,2024-01-03 00:00:00,No,62,Male,Male at birth,White,Non-Hispanic,No,No,No,No,No,5
131266-197,57,Not available,365046,133756-2,Resident,Op ill week 8,2023-11-28 00:00:00,57,,Negative,Negative,0,,"Undetectable, will not be done",,,Ct,2023-10-06 00:00:00,2023-10-02 00:00:00,2024-01-03 00:00:00,No,62,Male,Male at birth,White,Non-Hispanic,No,No,No,No,No,5
131266-197,67,,365046,133756-2,Resident,Op ill week 9,2023-12-08 00:00:00,67,,Negative,Negative,0,,"Undetectable, will not be done",,,VL,2023-10-06 00:00:00,2023-10-02 00:00:00,2024-01-03 00:00:00,No,62,Male,Male at birth,White,Non-Hispanic,No,No,No,No,No,5
131266-197,67,Not available,365046,133756-2,Resident,Op ill week 9,2023-12-08 00:00:00,67,,Negative,Negative,0,,"Undetectable, will not be done",,,Ct,2023-10-06 00:00:00,2023-10-02 00:00:00,2024-01-03 00:00:00,No,62,Male,Male at birth,White,Non-Hispanic,No,No,No,No,No,5
131266-197,73,,365046,133756-2,Resident,Op ill week 10,2023-12-14 00:00:00,73,,Negative,Negative,0,,"Undetectable, will not be done",,,VL,2023-10-06 00:00:00,2023-10-02 00:00:00,2024-01-03 00:00:00,No,62,Male,Male at birth,White,Non-Hispanic,No,No,No,No,No,5
131266-197,73,Not available,365046,133756-2,Resident,Op ill week 10,2023-12-14 00:00:00,73,,Negative,Negative,0,,"Undetectable, will not be done",,,Ct,2023-10-06 00:00:00,2023-10-02 00:00:00,2024-01-03 00:00:00,No,62,Male,Male at birth,White,Non-Hispanic,No,No,No,No,No,5
131266-197,80,,365046,133756-2,Resident,Op ill week 11,2023-12-21 00:00:00,80,,Negative,Negative,0,,"Undetectable, will not be done",,,VL,2023-10-06 00:00:00,2023-10-02 00:00:00,2024-01-03 00:00:00,No,62,Male,Male at birth,White,Non-Hispanic,No,No,No,No,No,5
131266-197,80,Not available,365046,133756-2,Resident,Op ill week 11,2023-12-21 00:00:00,80,,Negative,Negative,0,,"Undetectable, will not be done",,,Ct,2023-10-06 00:00:00,2023-10-02 00:00:00,2024-01-03 00:00:00,No,62,Male,Male at birth,White,Non-Hispanic,No,No,No,No,No,5
131266-197,93,,365046,133756-2,Resident,Op ill week 13,2024-01-03 00:00:00,93,,Negative,Negative,0,,"Undetectable, will not be done",,,VL,2023-10-06 00:00:00,2023-10-02 00:00:00,2024-01-03 00:00:00,No,62,Male,Male at birth,White,Non-Hispanic,No,No,No,No,No,5
131266-197,93,Not available,365046,133756-2,Resident,Op ill week 13,2024-01-03 00:00:00,93,,Negative,Negative,0,,"Undetectable, will not be done",,,Ct,2023-10-06 00:00:00,2023-10-02 00:00:00,2024-01-03 00:00:00,No,62,Male,Male at birth,White,Non-Hispanic,No,No,No,No,No,5
131266-199,1,1991.34468803487,366127,133756-3,Resident,Illness Day 2,2023-10-27 00:00:00,1,,Positive,Positive,0,3.29914643991445,"Less than 10,000 copies/mL",,,VL,2023-10-25 00:00:00,2023-10-26 00:00:00,2023-11-16 00:00:00,Yes,81,Female,Female at birth,White,Non-Hispanic,No,No,No,No,No,5
131266-199,1,32.93,366127,133756-3,Resident,Illness Day 2,2023-10-27 00:00:00,1,,Positive,Positive,0,3.29914643991445,"Less than 10,000 copies/mL",,,Ct,2023-10-25 00:00:00,2023-10-26 00:00:00,2023-11-16 00:00:00,Yes,81,Female,Female at birth,White,Non-Hispanic,No,No,No,No,No,5
131266-199,4,,366127,133756-3,Resident,Illness Day 5,2023-10-30 00:00:00,4,,Negative,Negative,0,,"Undetectable, will not be done",,,VL,2023-10-25 00:00:00,2023-10-26 00:00:00,2023-11-16 00:00:00,Yes,81,Female,Female at birth,White,Non-Hispanic,No,No,No,No,No,5
131266-199,4,Not available,366127,133756-3,Resident,Illness Day 5,2023-10-30 00:00:00,4,,Negative,Negative,0,,"Undetectable, will not be done",,,Ct,2023-10-25 00:00:00,2023-10-26 00:00:00,2023-11-16 00:00:00,Yes,81,Female,Female at birth,White,Non-Hispanic,No,No,No,No,No,5
131266-199,5,,366127,133756-3,Resident,Illness Day 6,2023-10-31 00:00:00,5,,Negative,Negative,0,,"Undetectable, will not be done",,,VL,2023-10-25 00:00:00,2023-10-26 00:00:00,2023-11-16 00:00:00,Yes,81,Female,Female at birth,White,Non-Hispanic,No,No,No,No,No,5
131266-199,5,Not available,366127,133756-3,Resident,Illness Day 6,2023-10-31 00:00:00,5,,Negative,Negative,0,,"Undetectable, will not be done",,,Ct,2023-10-25 00:00:00,2023-10-26 00:00:00,2023-11-16 00:00:00,Yes,81,Female,Female at birth,White,Non-Hispanic,No,No,No,No,No,5
131266-199,6,,366127,133756-3,Resident,Illness Day 7,2023-11-01 00:00:00,6,,Negative,Negative,0,,"Undetectable, will not be done",,,VL,2023-10-25 00:00:00,2023-10-26 00:00:00,2023-11-16 00:00:00,Yes,81,Female,Female at birth,White,Non-Hispanic,No,No,No,No,No,5
131266-199,6,Not available,366127,133756-3,Resident,Illness Day 7,2023-11-01 00:00:00,6,,Negative,Negative,0,,"Undetectable, will not be done",,,Ct,2023-10-25 00:00:00,2023-10-26 00:00:00,2023-11-16 00:00:00,Yes,81,Female,Female at birth,White,Non-Hispanic,No,No,No,No,No,5
131266-199,8,1003.76135096393,366127,133756-3,Resident,Illness Day 9,2023-11-03 00:00:00,8,,Negative,Positive,0,3.0016304695028,"Less than 10,000 copies/mL",,,VL,2023-10-25 00:00:00,2023-10-26 00:00:00,2023-11-16 00:00:00,Yes,81,Female,Female at birth,White,Non-Hispanic,No,No,No,No,No,5
131266-199,8,34.72,366127,133756-3,Resident,Illness Day 9,2023-11-03 00:00:00,8,,Negative,Positive,0,3.0016304695028,"Less than 10,000 copies/mL",,,Ct,2023-10-25 00:00:00,2023-10-26 00:00:00,2023-11-16 00:00:00,Yes,81,Female,Female at birth,White,Non-Hispanic,No,No,No,No,No,5
131266-199,9,,366127,133756-3,Resident,Illness Day 10,2023-11-04 00:00:00,9,,Negative,Negative,0,,"Undetectable, will not be done",,,VL,2023-10-25 00:00:00,2023-10-26 00:00:00,2023-11-16 00:00:00,Yes,81,Female,Female at birth,White,Non-Hispanic,No,No,No,No,No,5
131266-199,9,Not available,366127,133756-3,Resident,Illness Day 10,2023-11-04 00:00:00,9,,Negative,Negative,0,,"Undetectable, will not be done",,,Ct,2023-10-25 00:00:00,2023-10-26 00:00:00,2023-11-16 00:00:00,Yes,81,Female,Female at birth,White,Non-Hispanic,No,No,No,No,No,5
131266-199,11,,366127,133756-3,Resident,Illness Day 12,2023-11-06 00:00:00,11,,Negative,Negative,0,,"Undetectable, will not be done",,,VL,2023-10-25 00:00:00,2023-10-26 00:00:00,2023-11-16 00:00:00,Yes,81,Female,Female at birth,White,Non-Hispanic,No,No,No,No,No,5
131266-199,11,Not available,366127,133756-3,Resident,Illness Day 12,2023-11-06 00:00:00,11,,Negative,Negative,0,,"Undetectable, will not be done",,,Ct,2023-10-25 00:00:00,2023-10-26 00:00:00,2023-11-16 00:00:00,Yes,81,Female,Female at birth,White,Non-Hispanic,No,No,No,No,No,5
131266-199,21,,366127,133756-3,Resident,Illness Day 14,2023-11-16 00:00:00,21,,Negative,Negative,0,,"Undetectable, will not be done",,,VL,2023-10-25 00:00:00,2023-10-26 00:00:00,2023-11-16 00:00:00,Yes,81,Female,Female at birth,White,Non-Hispanic,No,No,No,No,No,5
131266-199,21,Not available,366127,133756-3,Resident,Illness Day 14,2023-11-16 00:00:00,21,,Negative,Negative,0,,"Undetectable, will not be done",,,Ct,2023-10-25 00:00:00,2023-10-26 00:00:00,2023-11-16 00:00:00,Yes,81,Female,Female at birth,White,Non-Hispanic,No,No,No,No,No,5
131266-200,4,14919.4062496691,366127,133756-3,Resident,Illness Day 5,2023-10-30 00:00:00,4,,Negative,Positive,0,4.17375153978388,Within detectable range,,,VL,2023-10-25 00:00:00,2023-10-26 00:00:00,2023-11-16 00:00:00,Yes,82,Female,Female at birth,White,Non-Hispanic,No,No,No,No,No,
131266-200,4,29.61,366127,133756-3,Resident,Illness Day 5,2023-10-30 00:00:00,4,,Negative,Positive,0,4.17375153978388,Within detectable range,,,Ct,2023-10-25 00:00:00,2023-10-26 00:00:00,2023-11-16 00:00:00,Yes,82,Female,Female at birth,White,Non-Hispanic,No,No,No,No,No,
131266-200,5,121013.397792843,366127,133756-3,Resident,Illness Day 6,2023-10-31 00:00:00,5,,Negative,Positive,0,5.0828334551544,Within detectable range,Omicron,XBB.1.16.6,VL,2023-10-25 00:00:00,2023-10-26 00:00:00,2023-11-16 00:00:00,Yes,82,Female,Female at birth,White,Non-Hispanic,No,No,No,No,No,
131266-200,5,24.78,366127,133756-3,Resident,Illness Day 6,2023-10-31 00:00:00,5,,Negative,Positive,0,5.0828334551544,Within detectable range,Omicron,XBB.1.16.6,Ct,2023-10-25 00:00:00,2023-10-26 00:00:00,2023-11-16 00:00:00,Yes,82,Female,Female at birth,White,Non-Hispanic,No,No,No,No,No,
131266-200,6,41199.9245866909,366127,133756-3,Resident,Illness Day 7,2023-11-01 00:00:00,6,,Negative,Positive,0,4.61489642109105,Within detectable range,,,VL,2023-10-25 00:00:00,2023-10-26 00:00:00,2023-11-16 00:00:00,Yes,82,Female,Female at birth,White,Non-Hispanic,No,No,No,No,No,
131266-200,6,27.8,366127,133756-3,Resident,Illness Day 7,2023-11-01 00:00:00,6,,Negative,Positive,0,4.61489642109105,Within detectable range,,,Ct,2023-10-25 00:00:00,2023-10-26 00:00:00,2023-11-16 00:00:00,Yes,82,Female,Female at birth,White,Non-Hispanic,No,No,No,No,No,
131266-200,8,55368.0080281908,366127,133756-3,Resident,Illness Day 9,2023-11-03 00:00:00,8,,Negative,Positive,0,4.74325889920407,Within detectable range,,,VL,2023-10-25 00:00:00,2023-10-26 00:00:00,2023-11-16 00:00:00,Yes,82,Female,Female at birth,White,Non-Hispanic,No,No,No,No,No,
131266-200,8,26.91,366127,133756-3,Resident,Illness Day 9,2023-11-03 00:00:00,8,,Negative,Positive,0,4.74325889920407,Within detectable range,,,Ct,2023-10-25 00:00:00,2023-10-26 00:00:00,2023-11-16 00:00:00,Yes,82,Female,Female at birth,White,Non-Hispanic,No,No,No,No,No,
131266-200,9,1364.67933091425,366127,133756-3,Resident,Illness Day 10,2023-11-04 00:00:00,9,,Negative,Positive,0,3.13503061388576,"Less than 10,000 copies/mL",,,VL,2023-10-25 00:00:00,2023-10-26 00:00:00,2023-11-16 00:00:00,Yes,82,Female,Female at birth,White,Non-Hispanic,No,No,No,No,No,
131266-200,9,31.58,366127,133756-3,Resident,Illness Day 10,2023-11-04 00:00:00,9,,Negative,Positive,0,3.13503061388576,"Less than 10,000 copies/mL",,,Ct,2023-10-25 00:00:00,2023-10-26 00:00:00,2023-11-16 00:00:00,Yes,82,Female,Female at birth,White,Non-Hispanic,No,No,No,No,No,
131266-200,12,,366127,133756-3,Resident,Illness Day 12,2023-11-07 00:00:00,12,,Negative,Negative,0,,"Undetectable, will not be done",,,VL,2023-10-25 00:00:00,2023-10-26 00:00:00,2023-11-16 00:00:00,Yes,82,Female,Female at birth,White,Non-Hispanic,No,No,No,No,No,
131266-200,12,39.71,366127,133756-3,Resident,Illness Day 12,2023-11-07 00:00:00,12,,Negative,Negative,0,,"Undetectable, will not be done",,,Ct,2023-10-25 00:00:00,2023-10-26 00:00:00,2023-11-16 00:00:00,Yes,82,Female,Female at birth,White,Non-Hispanic,No,No,No,No,No,
131266-200,21,39644.5368924941,366127,133756-3,Resident,Illness Day 14,2023-11-16 00:00:00,21,,Negative,Positive,0,4.5981833490077,Within detectable range,,,VL,2023-10-25 00:00:00,2023-10-26 00:00:00,2023-11-16 00:00:00,Yes,82,Female,Female at birth,White,Non-Hispanic,No,No,No,No,No,
131266-200,21,26.95,366127,133756-3,Resident,Illness Day 14,2023-11-16 00:00:00,21,,Negative,Positive,0,4.5981833490077,Within detectable range,,,Ct,2023-10-25 00:00:00,2023-10-26 00:00:00,2023-11-16 00:00:00,Yes,82,Female,Female at birth,White,Non-Hispanic,No,No,No,No,No,
131266-37,0,285519915.070553,366127,133756-3,Resident,Illness Day 1,2023-10-24 00:00:00,0,,Positive,Positive,0,8.45563640576438,Within detectable range,Omicron,XBB.1.16.6,VL,2023-07-27 00:00:00,2023-10-24 00:00:00,2023-11-07 00:00:00,No,85,Female,Female at birth,White,Non-Hispanic,No,No,No,No,No,5
131266-37,0,14.63,366127,133756-3,Resident,Illness Day 1,2023-10-24 00:00:00,0,,Positive,Positive,0,8.45563640576438,Within detectable range,Omicron,XBB.1.16.6,Ct,2023-07-27 00:00:00,2023-10-24 00:00:00,2023-11-07 00:00:00,No,85,Female,Female at birth,White,Non-Hispanic,No,No,No,No,No,5
131266-37,3,7062388.29646834,366127,133756-3,Resident,Illness Day 4,2023-10-27 00:00:00,3,,Positive,Positive,0,6.84895159178522,Within detectable range,,,VL,2023-07-27 00:00:00,2023-10-24 00:00:00,2023-11-07 00:00:00,No,85,Female,Female at birth,White,Non-Hispanic,No,No,No,No,No,5
131266-37,3,19.53,366127,133756-3,Resident,Illness Day 4,2023-10-27 00:00:00,3,,Positive,Positive,0,6.84895159178522,Within detectable range,,,Ct,2023-07-27 00:00:00,2023-10-24 00:00:00,2023-11-07 00:00:00,No,85,Female,Female at birth,White,Non-Hispanic,No,No,No,No,No,5
131266-37,6,3447.11265894126,366127,133756-3,Resident,Illness Day 7,2023-10-30 00:00:00,6,,Negative,Positive,0,3.53745547730322,"Less than 10,000 copies/mL",,,VL,2023-07-27 00:00:00,2023-10-24 00:00:00,2023-11-07 00:00:00,No,85,Female,Female at birth,White,Non-Hispanic,No,No,No,No,No,5
131266-37,6,29.23,366127,133756-3,Resident,Illness Day 7,2023-10-30 00:00:00,6,,Negative,Positive,0,3.53745547730322,"Less than 10,000 copies/mL",,,Ct,2023-07-27 00:00:00,2023-10-24 00:00:00,2023-11-07 00:00:00,No,85,Female,Female at birth,White,Non-Hispanic,No,No,No,No,No,5
131266-37,7,317.835446884897,366127,133756-3,Resident,Illness Day 8,2023-10-31 00:00:00,7,,Negative,Positive,0,2.50220233065627,"Less than 10,000 copies/mL",,,VL,2023-07-27 00:00:00,2023-10-24 00:00:00,2023-11-07 00:00:00,No,85,Female,Female at birth,White,Non-Hispanic,No,No,No,No,No,5
131266-37,7,33.87,366127,133756-3,Resident,Illness Day 8,2023-10-31 00:00:00,7,,Negative,Positive,0,2.50220233065627,"Less than 10,000 copies/mL",,,Ct,2023-07-27 00:00:00,2023-10-24 00:00:00,2023-11-07 00:00:00,No,85,Female,Female at birth,White,Non-Hispanic,No,No,No,No,No,5
131266-37,9,,366127,133756-3,Resident,Illness Day 9,2023-11-02 00:00:00,9,,Negative,Negative,0,,"Undetectable, will not be done",,,VL,2023-07-27 00:00:00,2023-10-24 00:00:00,2023-11-07 00:00:00,No,85,Female,Female at birth,White,Non-Hispanic,No,No,No,No,No,5
131266-37,9,37.57,366127,133756-3,Resident,Illness Day 9,2023-11-02 00:00:00,9,,Negative,Negative,0,,"Undetectable, will not be done",,,Ct,2023-07-27 00:00:00,2023-10-24 00:00:00,2023-11-07 00:00:00,No,85,Female,Female at birth,White,Non-Hispanic,No,No,No,No,No,5
131266-37,10,,366127,133756-3,Resident,Illness Day 11,2023-11-03 00:00:00,10,,Negative,Positive,0,,"VL run, not detected",,,VL,2023-07-27 00:00:00,2023-10-24 00:00:00,2023-11-07 00:00:00,No,85,Female,Female at birth,White,Non-Hispanic,No,No,No,No,No,5
131266-37,10,32.86,366127,133756-3,Resident,Illness Day 11,2023-11-03 00:00:00,10,,Negative,Positive,0,,"VL run, not detected",,,Ct,2023-07-27 00:00:00,2023-10-24 00:00:00,2023-11-07 00:00:00,No,85,Female,Female at birth,White,Non-Hispanic,No,No,No,No,No,5
131266-37,11,,366127,133756-3,Resident,Illness Day 12,2023-11-04 00:00:00,11,,Negative,Negative,0,,"Undetectable, will not be done",,,VL,2023-07-27 00:00:00,2023-10-24 00:00:00,2023-11-07 00:00:00,No,85,Female,Female at birth,White,Non-Hispanic,No,No,No,No,No,5
131266-37,11,38.35,366127,133756-3,Resident,Illness Day 12,2023-11-04 00:00:00,11,,Negative,Negative,0,,"Undetectable, will not be done",,,Ct,2023-07-27 00:00:00,2023-10-24 00:00:00,2023-11-07 00:00:00,No,85,Female,Female at birth,White,Non-Hispanic,No,No,No,No,No,5
131266-37,14,,366127,133756-3,Resident,Illness Day 14,2023-11-07 00:00:00,14,,Negative,Negative,0,,"Undetectable, will not be done",,,VL,2023-07-27 00:00:00,2023-10-24 00:00:00,2023-11-07 00:00:00,No,85,Female,Female at birth,White,Non-Hispanic,No,No,No,No,No,5
131266-37,14,Not available,366127,133756-3,Resident,Illness Day 14,2023-11-07 00:00:00,14,,Negative,Negative,0,,"Undetectable, will not be done",,,Ct,2023-07-27 00:00:00,2023-10-24 00:00:00,2023-11-07 00:00:00,No,85,Female,Female at birth,White,Non-Hispanic,No,No,No,No,No,5
131516-293,0,3830746369.14036,115521,133757-1,Resident,Illness Day 1,2023-08-18 00:00:00,0,,Positive,Positive,0,9.58328339862124,More than 1 billion copies/mL,Omicron,XBB.1.16,VL,2023-08-18 00:00:00,2023-08-18 00:00:00,2023-08-31 00:00:00,Yes,86,Female,Female at birth,Black or African American,Non-Hispanic,No,No,No,No,No,5
131516-293,0,12.77,115521,133757-1,Resident,Illness Day 1,2023-08-18 00:00:00,0,,Positive,Positive,0,9.58328339862124,More than 1 billion copies/mL,Omicron,XBB.1.16,Ct,2023-08-18 00:00:00,2023-08-18 00:00:00,2023-08-31 00:00:00,Yes,86,Female,Female at birth,Black or African American,Non-Hispanic,No,No,No,No,No,5
131516-293,1,27494112.2763067,115521,133757-1,Resident,Illness Day 2,2023-08-19 00:00:00,1,,Positive,Positive,0,7.43923970184204,Within detectable range,,,VL,2023-08-18 00:00:00,2023-08-18 00:00:00,2023-08-31 00:00:00,Yes,86,Female,Female at birth,Black or African American,Non-Hispanic,No,No,No,No,No,5
131516-293,1,19.63,115521,133757-1,Resident,Illness Day 2,2023-08-19 00:00:00,1,,Positive,Positive,0,7.43923970184204,Within detectable range,,,Ct,2023-08-18 00:00:00,2023-08-18 00:00:00,2023-08-31 00:00:00,Yes,86,Female,Female at birth,Black or African American,Non-Hispanic,No,No,No,No,No,5
131516-293,3,642523.049139006,115521,133757-1,Resident,Illness Day 4,2023-08-21 00:00:00,3,,Positive,Positive,0,5.80788871166767,Within detectable range,,,VL,2023-08-18 00:00:00,2023-08-18 00:00:00,2023-08-31 00:00:00,Yes,86,Female,Female at birth,Black or African American,Non-Hispanic,No,No,No,No,No,5
131516-293,3,25.53,115521,133757-1,Resident,Illness Day 4,2023-08-21 00:00:00,3,,Positive,Positive,0,5.80788871166767,Within detectable range,,,Ct,2023-08-18 00:00:00,2023-08-18 00:00:00,2023-08-31 00:00:00,Yes,86,Female,Female at birth,Black or African American,Non-Hispanic,No,No,No,No,No,5
131516-293,5,53892.1892727832,115521,133757-1,Resident,Illness Day 6,2023-08-23 00:00:00,5,,Positive,Positive,0,4.73152582638276,Within detectable range,,,VL,2023-08-18 00:00:00,2023-08-18 00:00:00,2023-08-31 00:00:00,Yes,86,Female,Female at birth,Black or African American,Non-Hispanic,No,No,No,No,No,5
131516-293,5,27.75,115521,133757-1,Resident,Illness Day 6,2023-08-23 00:00:00,5,,Positive,Positive,0,4.73152582638276,Within detectable range,,,Ct,2023-08-18 00:00:00,2023-08-18 00:00:00,2023-08-31 00:00:00,Yes,86,Female,Female at birth,Black or African American,Non-Hispanic,No,No,No,No,No,5
131516-293,6,109283.019630862,115521,133757-1,Resident,Illness Day 7,2023-08-24 00:00:00,6,,Inconclusive,Positive,0,5.03855268662024,Within detectable range,,,VL,2023-08-18 00:00:00,2023-08-18 00:00:00,2023-08-31 00:00:00,Yes,86,Female,Female at birth,Black or African American,Non-Hispanic,No,No,No,No,No,5
131516-293,6,26.71,115521,133757-1,Resident,Illness Day 7,2023-08-24 00:00:00,6,,Inconclusive,Positive,0,5.03855268662024,Within detectable range,,,Ct,2023-08-18 00:00:00,2023-08-18 00:00:00,2023-08-31 00:00:00,Yes,86,Female,Female at birth,Black or African American,Non-Hispanic,No,No,No,No,No,5
131516-293,12,10858.6254536781,115521,133757-1,Resident,Illness Day 13,2023-08-30 00:00:00,12,,Negative,Positive,0,4.03577485327638,Within detectable range,,,VL,2023-08-18 00:00:00,2023-08-18 00:00:00,2023-08-31 00:00:00,Yes,86,Female,Female at birth,Black or African American,Non-Hispanic,No,No,No,No,No,5
131516-293,12,30.72,115521,133757-1,Resident,Illness Day 13,2023-08-30 00:00:00,12,,Negative,Positive,0,4.03577485327638,Within detectable range,,,Ct,2023-08-18 00:00:00,2023-08-18 00:00:00,2023-08-31 00:00:00,Yes,86,Female,Female at birth,Black or African American,Non-Hispanic,No,No,No,No,No,5
131516-293,13,1434.17091711545,115521,133757-1,Resident,Illness Day 14,2023-08-31 00:00:00,13,,Negative,Positive,0,3.15660091139932,"Less than 10,000 copies/mL",,,VL,2023-08-18 00:00:00,2023-08-18 00:00:00,2023-08-31 00:00:00,Yes,86,Female,Female at birth,Black or African American,Non-Hispanic,No,No,No,No,No,5
131516-293,13,32.5,115521,133757-1,Resident,Illness Day 14,2023-08-31 00:00:00,13,,Negative,Positive,0,3.15660091139932,"Less than 10,000 copies/mL",,,Ct,2023-08-18 00:00:00,2023-08-18 00:00:00,2023-08-31 00:00:00,Yes,86,Female,Female at birth,Black or African American,Non-Hispanic,No,No,No,No,No,5
131516-426,2,8397868.59898238,115521,133757-1,Resident,Illness Day 1,2023-08-17 00:00:00,2,,Positive,Positive,0,6.92416907497169,Within detectable range,,,VL,2023-08-16 00:00:00,2023-08-15 00:00:00,2023-09-26 00:00:00,Yes,83,Female,Female at birth,White,Non-Hispanic,No,No,No,No,No,4
131516-426,2,21.39,115521,133757-1,Resident,Illness Day 1,2023-08-17 00:00:00,2,,Positive,Positive,0,6.92416907497169,Within detectable range,,,Ct,2023-08-16 00:00:00,2023-08-15 00:00:00,2023-09-26 00:00:00,Yes,83,Female,Female at birth,White,Non-Hispanic,No,No,No,No,No,4
131516-426,3,1685783.33793898,115521,133757-1,Resident,Illness Day 2,2023-08-18 00:00:00,3,,Positive,Positive,0,6.22680175701234,Within detectable range,,,VL,2023-08-16 00:00:00,2023-08-15 00:00:00,2023-09-26 00:00:00,Yes,83,Female,Female at birth,White,Non-Hispanic,No,No,No,No,No,4
131516-426,3,24.9,115521,133757-1,Resident,Illness Day 2,2023-08-18 00:00:00,3,,Positive,Positive,0,6.22680175701234,Within detectable range,,,Ct,2023-08-16 00:00:00,2023-08-15 00:00:00,2023-09-26 00:00:00,Yes,83,Female,Female at birth,White,Non-Hispanic,No,No,No,No,No,4
131516-426,4,1893067.80792573,115521,133757-1,Resident,Illness Day 3,2023-08-19 00:00:00,4,,Positive,Positive,0,6.27716617026626,Within detectable range,,,VL,2023-08-16 00:00:00,2023-08-15 00:00:00,2023-09-26 00:00:00,Yes,83,Female,Female at birth,White,Non-Hispanic,No,No,No,No,No,4
131516-426,4,23.6,115521,133757-1,Resident,Illness Day 3,2023-08-19 00:00:00,4,,Positive,Positive,0,6.27716617026626,Within detectable range,,,Ct,2023-08-16 00:00:00,2023-08-15 00:00:00,2023-09-26 00:00:00,Yes,83,Female,Female at birth,White,Non-Hispanic,No,No,No,No,No,4
131516-426,6,27679778.7624964,115521,133757-1,Resident,Illness Day 5,2023-08-21 00:00:00,6,,Positive,Positive,0,7.44216261459213,Within detectable range,Omicron,XBB.1.16,VL,2023-08-16 00:00:00,2023-08-15 00:00:00,2023-09-26 00:00:00,Yes,83,Female,Female at birth,White,Non-Hispanic,No,No,No,No,No,4
131516-426,6,20.16,115521,133757-1,Resident,Illness Day 5,2023-08-21 00:00:00,6,,Positive,Positive,0,7.44216261459213,Within detectable range,Omicron,XBB.1.16,Ct,2023-08-16 00:00:00,2023-08-15 00:00:00,2023-09-26 00:00:00,Yes,83,Female,Female at birth,White,Non-Hispanic,No,No,No,No,No,4
131516-426,10,359461.676390579,115521,133757-1,Resident,Illness Day 9,2023-08-25 00:00:00,10,,Positive,Positive,0,5.55565259536065,Within detectable range,,,VL,2023-08-16 00:00:00,2023-08-15 00:00:00,2023-09-26 00:00:00,Yes,83,Female,Female at birth,White,Non-Hispanic,No,No,No,No,No,4
131516-426,10,24.88,115521,133757-1,Resident,Illness Day 9,2023-08-25 00:00:00,10,,Positive,Positive,0,5.55565259536065,Within detectable range,,,Ct,2023-08-16 00:00:00,2023-08-15 00:00:00,2023-09-26 00:00:00,Yes,83,Female,Female at birth,White,Non-Hispanic,No,No,No,No,No,4
131516-426,11,18558.4896027503,115521,133757-1,Resident,Illness Day 10,2023-08-26 00:00:00,11,,Negative,Positive,0,4.26854262792363,Within detectable range,,,VL,2023-08-16 00:00:00,2023-08-15 00:00:00,2023-09-26 00:00:00,Yes,83,Female,Female at birth,White,Non-Hispanic,No,No,No,No,No,4
131516-426,11,28.44,115521,133757-1,Resident,Illness Day 10,2023-08-26 00:00:00,11,,Negative,Positive,0,4.26854262792363,Within detectable range,,,Ct,2023-08-16 00:00:00,2023-08-15 00:00:00,2023-09-26 00:00:00,Yes,83,Female,Female at birth,White,Non-Hispanic,No,No,No,No,No,4
131516-426,13,,115521,133757-1,Resident,Illness Day 12,2023-08-28 00:00:00,13,,Negative,Negative,0,,"Undetectable, will not be done",,,VL,2023-08-16 00:00:00,2023-08-15 00:00:00,2023-09-26 00:00:00,Yes,83,Female,Female at birth,White,Non-Hispanic,No,No,No,No,No,4
131516-426,13,Not available,115521,133757-1,Resident,Illness Day 12,2023-08-28 00:00:00,13,,Negative,Negative,0,,"Undetectable, will not be done",,,Ct,2023-08-16 00:00:00,2023-08-15 00:00:00,2023-09-26 00:00:00,Yes,83,Female,Female at birth,White,Non-Hispanic,No,No,No,No,No,4
131516-426,16,2017.22847333883,115521,133757-1,Resident,Op ill w3 t1,2023-08-31 00:00:00,16,,Negative,Positive,0,3.30475508963119,"Less than 10,000 copies/mL",,Unassigned,VL,2023-08-16 00:00:00,2023-08-15 00:00:00,2023-09-26 00:00:00,Yes,83,Female,Female at birth,White,Non-Hispanic,No,No,No,No,No,4
131516-426,16,32.96,115521,133757-1,Resident,Op ill w3 t1,2023-08-31 00:00:00,16,,Negative,Positive,0,3.30475508963119,"Less than 10,000 copies/mL",,Unassigned,Ct,2023-08-16 00:00:00,2023-08-15 00:00:00,2023-09-26 00:00:00,Yes,83,Female,Female at birth,White,Non-Hispanic,No,No,No,No,No,4
131516-426,23,,115521,133757-1,Resident,Op ill w3 t2,2023-09-07 00:00:00,23,,Negative,Negative,0,,"Undetectable, will not be done",,,VL,2023-08-16 00:00:00,2023-08-15 00:00:00,2023-09-26 00:00:00,Yes,83,Female,Female at birth,White,Non-Hispanic,No,No,No,No,No,4
131516-426,23,37.42,115521,133757-1,Resident,Op ill w3 t2,2023-09-07 00:00:00,23,,Negative,Negative,0,,"Undetectable, will not be done",,,Ct,2023-08-16 00:00:00,2023-08-15 00:00:00,2023-09-26 00:00:00,Yes,83,Female,Female at birth,White,Non-Hispanic,No,No,No,No,No,4
131516-426,31,,115521,133757-1,Resident,Op ill w4 t1,2023-09-15 00:00:00,31,,Negative,Negative,0,,"Undetectable, will not be done",,,VL,2023-08-16 00:00:00,2023-08-15 00:00:00,2023-09-26 00:00:00,Yes,83,Female,Female at birth,White,Non-Hispanic,No,No,No,No,No,4
131516-426,31,Not available,115521,133757-1,Resident,Op ill w4 t1,2023-09-15 00:00:00,31,,Negative,Negative,0,,"Undetectable, will not be done",,,Ct,2023-08-16 00:00:00,2023-08-15 00:00:00,2023-09-26 00:00:00,Yes,83,Female,Female at birth,White,Non-Hispanic,No,No,No,No,No,4
131516-426,36,,115521,133757-1,Resident,Op ill w4 t2,2023-09-20 00:00:00,36,,Negative,Negative,0,,"Undetectable, will not be done",,,VL,2023-08-16 00:00:00,2023-08-15 00:00:00,2023-09-26 00:00:00,Yes,83,Female,Female at birth,White,Non-Hispanic,No,No,No,No,No,4
131516-426,36,Not available,115521,133757-1,Resident,Op ill w4 t2,2023-09-20 00:00:00,36,,Negative,Negative,0,,"Undetectable, will not be done",,,Ct,2023-08-16 00:00:00,2023-08-15 00:00:00,2023-09-26 00:00:00,Yes,83,Female,Female at birth,White,Non-Hispanic,No,No,No,No,No,4
131516-427,0,1988745.41668904,115521,133757-1,Staff,Tier 1 Testing,2023-08-19 00:00:00,0,,Negative,Positive,0,6.29857919177019,Within detectable range,,,VL,2023-08-16 00:00:00,2023-08-19 00:00:00,2023-09-28 00:00:00,Yes,54,Female,Female at birth,Black or African American,,,,,,,4
131516-427,0,24.14,115521,133757-1,Staff,Tier 1 Testing,2023-08-19 00:00:00,0,,Negative,Positive,0,6.29857919177019,Within detectable range,,,Ct,2023-08-16 00:00:00,2023-08-19 00:00:00,2023-09-28 00:00:00,Yes,54,Female,Female at birth,Black or African American,,,,,,,4
131516-427,2,323139837.850131,115521,133757-1,Staff,Tier 1 Testing,2023-08-21 00:00:00,2,,Positive,Positive,0,8.50939050271573,Within detectable range,Omicron,XBB.1.16,VL,2023-08-16 00:00:00,2023-08-19 00:00:00,2023-09-28 00:00:00,Yes,54,Female,Female at birth,Black or African American,,,,,,,4
131516-427,2,16.72,115521,133757-1,Staff,Tier 1 Testing,2023-08-21 00:00:00,2,,Positive,Positive,0,8.50939050271573,Within detectable range,Omicron,XBB.1.16,Ct,2023-08-16 00:00:00,2023-08-19 00:00:00,2023-09-28 00:00:00,Yes,54,Female,Female at birth,Black or African American,,,,,,,4
131516-427,3,53725922.2138306,115521,133757-1,Staff,Illness Day 1,2023-08-22 00:00:00,3,,Positive,Positive,0,7.73018387895995,Within detectable range,Omicron,XBB.1.16,VL,2023-08-16 00:00:00,2023-08-19 00:00:00,2023-09-28 00:00:00,Yes,54,Female,Female at birth,Black or African American,,,,,,,4
131516-427,3,17.91,115521,133757-1,Staff,Illness Day 1,2023-08-22 00:00:00,3,,Positive,Positive,0,7.73018387895995,Within detectable range,Omicron,XBB.1.16,Ct,2023-08-16 00:00:00,2023-08-19 00:00:00,2023-09-28 00:00:00,Yes,54,Female,Female at birth,Black or African American,,,,,,,4
131516-427,4,236901.78321695,115521,133757-1,Staff,Illness Day 2,2023-08-23 00:00:00,4,,Positive,Positive,0,5.37456832977455,Within detectable range,,,VL,2023-08-16 00:00:00,2023-08-19 00:00:00,2023-09-28 00:00:00,Yes,54,Female,Female at birth,Black or African American,,,,,,,4
131516-427,4,25.49,115521,133757-1,Staff,Illness Day 2,2023-08-23 00:00:00,4,,Positive,Positive,0,5.37456832977455,Within detectable range,,,Ct,2023-08-16 00:00:00,2023-08-19 00:00:00,2023-09-28 00:00:00,Yes,54,Female,Female at birth,Black or African American,,,,,,,4
131516-427,5,16764834.7761421,115521,133757-1,Staff,Illness Day 3,2023-08-24 00:00:00,5,,Positive,Positive,0,7.22439927764773,Within detectable range,,,VL,2023-08-16 00:00:00,2023-08-19 00:00:00,2023-09-28 00:00:00,Yes,54,Female,Female at birth,Black or African American,,,,,,,4
131516-427,5,19.42,115521,133757-1,Staff,Illness Day 3,2023-08-24 00:00:00,5,,Positive,Positive,0,7.22439927764773,Within detectable range,,,Ct,2023-08-16 00:00:00,2023-08-19 00:00:00,2023-09-28 00:00:00,Yes,54,Female,Female at birth,Black or African American,,,,,,,4
131516-427,9,1811.75866348923,115521,133757-1,Staff,Illness Day 7,2023-08-28 00:00:00,9,,Negative,Positive,0,3.25810034670983,"Less than 10,000 copies/mL",,,VL,2023-08-16 00:00:00,2023-08-19 00:00:00,2023-09-28 00:00:00,Yes,54,Female,Female at birth,Black or African American,,,,,,,4
131516-427,9,31.82,115521,133757-1,Staff,Illness Day 7,2023-08-28 00:00:00,9,,Negative,Positive,0,3.25810034670983,"Less than 10,000 copies/mL",,,Ct,2023-08-16 00:00:00,2023-08-19 00:00:00,2023-09-28 00:00:00,Yes,54,Female,Female at birth,Black or African American,,,,,,,4
131516-427,10,,115521,133757-1,Staff,Illness Day 8,2023-08-29 00:00:00,10,,Negative,Negative,0,,"Undetectable, will not be done",,,VL,2023-08-16 00:00:00,2023-08-19 00:00:00,2023-09-28 00:00:00,Yes,54,Female,Female at birth,Black or African American,,,,,,,4
131516-427,10,39.9,115521,133757-1,Staff,Illness Day 8,2023-08-29 00:00:00,10,,Negative,Negative,0,,"Undetectable, will not be done",,,Ct,2023-08-16 00:00:00,2023-08-19 00:00:00,2023-09-28 00:00:00,Yes,54,Female,Female at birth,Black or African American,,,,,,,4
131516-427,11,15421502.7518792,115521,133757-1,Staff,Illness Day 9,2023-08-30 00:00:00,11,,Negative,Positive,0,7.18812669570259,Within detectable range,,,VL,2023-08-16 00:00:00,2023-08-19 00:00:00,2023-09-28 00:00:00,Yes,54,Female,Female at birth,Black or African American,,,,,,,4
131516-427,11,19.16,115521,133757-1,Staff,Illness Day 9,2023-08-30 00:00:00,11,,Negative,Positive,0,7.18812669570259,Within detectable range,,,Ct,2023-08-16 00:00:00,2023-08-19 00:00:00,2023-09-28 00:00:00,Yes,54,Female,Female at birth,Black or African American,,,,,,,4
131516-427,12,5170.87366961585,115521,133757-1,Staff,Illness Day 10,2023-08-31 00:00:00,12,,Negative,Positive,0,3.71356392758856,"Less than 10,000 copies/mL",,,VL,2023-08-16 00:00:00,2023-08-19 00:00:00,2023-09-28 00:00:00,Yes,54,Female,Female at birth,Black or African American,,,,,,,4
131516-427,12,30.43,115521,133757-1,Staff,Illness Day 10,2023-08-31 00:00:00,12,,Negative,Positive,0,3.71356392758856,"Less than 10,000 copies/mL",,,Ct,2023-08-16 00:00:00,2023-08-19 00:00:00,2023-09-28 00:00:00,Yes,54,Female,Female at birth,Black or African American,,,,,,,4
131516-427,13,850589.676481575,115521,133757-1,Staff,Illness Day 11,2023-09-01 00:00:00,13,,Negative,Positive,0,5.92972010742304,Within detectable range,,,VL,2023-08-16 00:00:00,2023-08-19 00:00:00,2023-09-28 00:00:00,Yes,54,Female,Female at birth,Black or African American,,,,,,,4
131516-427,13,23.35,115521,133757-1,Staff,Illness Day 11,2023-09-01 00:00:00,13,,Negative,Positive,0,5.92972010742304,Within detectable range,,,Ct,2023-08-16 00:00:00,2023-08-19 00:00:00,2023-09-28 00:00:00,Yes,54,Female,Female at birth,Black or African American,,,,,,,4
131516-427,14,48931.820862413,115521,133757-1,Staff,Illness Day 12,2023-09-02 00:00:00,14,,Negative,Positive,0,4.68959137712893,Within detectable range,,,VL,2023-08-16 00:00:00,2023-08-19 00:00:00,2023-09-28 00:00:00,Yes,54,Female,Female at birth,Black or African American,,,,,,,4
131516-427,14,27.77,115521,133757-1,Staff,Illness Day 12,2023-09-02 00:00:00,14,,Negative,Positive,0,4.68959137712893,Within detectable range,,,Ct,2023-08-16 00:00:00,2023-08-19 00:00:00,2023-09-28 00:00:00,Yes,54,Female,Female at birth,Black or African American,,,,,,,4
131516-427,15,9118.45055350526,115521,133757-1,Staff,Illness Day 13,2023-09-03 00:00:00,15,,Negative,Positive,0,3.95992104740387,"Less than 10,000 copies/mL",,,VL,2023-08-16 00:00:00,2023-08-19 00:00:00,2023-09-28 00:00:00,Yes,54,Female,Female at birth,Black or African American,,,,,,,4
131516-427,15,29.99,115521,133757-1,Staff,Illness Day 13,2023-09-03 00:00:00,15,,Negative,Positive,0,3.95992104740387,"Less than 10,000 copies/mL",,,Ct,2023-08-16 00:00:00,2023-08-19 00:00:00,2023-09-28 00:00:00,Yes,54,Female,Female at birth,Black or African American,,,,,,,4
131516-427,18,27651416.8762146,115521,133757-1,Staff,Op ill w3 t1,2023-09-06 00:00:00,18,,Negative,Positive,0,7.44171738973678,Within detectable range,Omicron,XBB.1.16,VL,2023-08-16 00:00:00,2023-08-19 00:00:00,2023-09-28 00:00:00,Yes,54,Female,Female at birth,Black or African American,,,,,,,4
131516-427,18,19.65,115521,133757-1,Staff,Op ill w3 t1,2023-09-06 00:00:00,18,,Negative,Positive,0,7.44171738973678,Within detectable range,Omicron,XBB.1.16,Ct,2023-08-16 00:00:00,2023-08-19 00:00:00,2023-09-28 00:00:00,Yes,54,Female,Female at birth,Black or African American,,,,,,,4
131516-427,22,4965.92541676401,115521,133757-1,Staff,Op ill w3 t2,2023-09-10 00:00:00,22,,Negative,Positive,0,3.69600019259852,"Less than 10,000 copies/mL",,,VL,2023-08-16 00:00:00,2023-08-19 00:00:00,2023-09-28 00:00:00,Yes,54,Female,Female at birth,Black or African American,,,,,,,4
131516-427,22,31.21,115521,133757-1,Staff,Op ill w3 t2,2023-09-10 00:00:00,22,,Negative,Positive,0,3.69600019259852,"Less than 10,000 copies/mL",,,Ct,2023-08-16 00:00:00,2023-08-19 00:00:00,2023-09-28 00:00:00,Yes,54,Female,Female at birth,Black or African American,,,,,,,4
131516-427,25,,115521,133757-1,Staff,Op ill w4 t1,2023-09-13 00:00:00,25,,Negative,Negative,0,,"Undetectable, will not be done",,,VL,2023-08-16 00:00:00,2023-08-19 00:00:00,2023-09-28 00:00:00,Yes,54,Female,Female at birth,Black or African American,,,,,,,4
131516-427,25,Not available,115521,133757-1,Staff,Op ill w4 t1,2023-09-13 00:00:00,25,,Negative,Negative,0,,"Undetectable, will not be done",,,Ct,2023-08-16 00:00:00,2023-08-19 00:00:00,2023-09-28 00:00:00,Yes,54,Female,Female at birth,Black or African American,,,,,,,4
131516-427,29,,115521,133757-1,Staff,Op ill w4 t2,2023-09-17 00:00:00,29,,Negative,Negative,0,,"Undetectable, will not be done",,,VL,2023-08-16 00:00:00,2023-08-19 00:00:00,2023-09-28 00:00:00,Yes,54,Female,Female at birth,Black or African American,,,,,,,4
131516-427,29,41.63,115521,133757-1,Staff,Op ill w4 t2,2023-09-17 00:00:00,29,,Negative,Negative,0,,"Undetectable, will not be done",,,Ct,2023-08-16 00:00:00,2023-08-19 00:00:00,2023-09-28 00:00:00,Yes,54,Female,Female at birth,Black or African American,,,,,,,4
131516-427,33,,115521,133757-1,Staff,Op ill week 5,2023-09-21 00:00:00,33,,Negative,Negative,0,,"Undetectable, will not be done",,,VL,2023-08-16 00:00:00,2023-08-19 00:00:00,2023-09-28 00:00:00,Yes,54,Female,Female at birth,Black or African American,,,,,,,4
131516-427,33,Not available,115521,133757-1,Staff,Op ill week 5,2023-09-21 00:00:00,33,,Negative,Negative,0,,"Undetectable, will not be done",,,Ct,2023-08-16 00:00:00,2023-08-19 00:00:00,2023-09-28 00:00:00,Yes,54,Female,Female at birth,Black or African American,,,,,,,4
131516-427,40,,115521,133757-1,Staff,Op ill week 6,2023-09-28 00:00:00,40,,Negative,Negative,0,,"Undetectable, will not be done",,,VL,2023-08-16 00:00:00,2023-08-19 00:00:00,2023-09-28 00:00:00,Yes,54,Female,Female at birth,Black or African American,,,,,,,4
131516-427,40,Not available,115521,133757-1,Staff,Op ill week 6,2023-09-28 00:00:00,40,,Negative,Negative,0,,"Undetectable, will not be done",,,Ct,2023-08-16 00:00:00,2023-08-19 00:00:00,2023-09-28 00:00:00,Yes,54,Female,Female at birth,Black or African American,,,,,,,4
131516-450,1,67881.7940220276,115521,133757-1,Staff,Illness Day 1,2023-08-18 00:00:00,1,,Inconclusive,Positive,0,4.83175331160043,Within detectable range,,,VL,2023-08-17 00:00:00,2023-08-17 00:00:00,2023-08-30 00:00:00,Yes,59,Female,Female at birth,Black or African American,Non-Hispanic,No,No,No,No,No,3
131516-450,1,29.08,115521,133757-1,Staff,Illness Day 1,2023-08-18 00:00:00,1,,Inconclusive,Positive,0,4.83175331160043,Within detectable range,,,Ct,2023-08-17 00:00:00,2023-08-17 00:00:00,2023-08-30 00:00:00,Yes,59,Female,Female at birth,Black or African American,Non-Hispanic,No,No,No,No,No,3
131516-450,2,28511.6298088639,115521,133757-1,Staff,Illness Day 2,2023-08-19 00:00:00,2,,Positive,Positive,0,4.45502204357271,Within detectable range,,,VL,2023-08-17 00:00:00,2023-08-17 00:00:00,2023-08-30 00:00:00,Yes,59,Female,Female at birth,Black or African American,Non-Hispanic,No,No,No,No,No,3
131516-450,2,29.29,115521,133757-1,Staff,Illness Day 2,2023-08-19 00:00:00,2,,Positive,Positive,0,4.45502204357271,Within detectable range,,,Ct,2023-08-17 00:00:00,2023-08-17 00:00:00,2023-08-30 00:00:00,Yes,59,Female,Female at birth,Black or African American,Non-Hispanic,No,No,No,No,No,3
131516-450,3,8113079.81141177,115521,133757-1,Staff,Illness Day 3,2023-08-20 00:00:00,3,,Positive,Positive,0,6.90918574831672,Within detectable range,Omicron,XBB.1.16,VL,2023-08-17 00:00:00,2023-08-17 00:00:00,2023-08-30 00:00:00,Yes,59,Female,Female at birth,Black or African American,Non-Hispanic,No,No,No,No,No,3
131516-450,3,20.31,115521,133757-1,Staff,Illness Day 3,2023-08-20 00:00:00,3,,Positive,Positive,0,6.90918574831672,Within detectable range,Omicron,XBB.1.16,Ct,2023-08-17 00:00:00,2023-08-17 00:00:00,2023-08-30 00:00:00,Yes,59,Female,Female at birth,Black or African American,Non-Hispanic,No,No,No,No,No,3
131516-450,4,88459.180520701,115521,133757-1,Staff,Illness Day 4,2023-08-21 00:00:00,4,,Positive,Positive,0,4.9467429117803,Within detectable range,,,VL,2023-08-17 00:00:00,2023-08-17 00:00:00,2023-08-30 00:00:00,Yes,59,Female,Female at birth,Black or African American,Non-Hispanic,No,No,No,No,No,3
131516-450,4,28.54,115521,133757-1,Staff,Illness Day 4,2023-08-21 00:00:00,4,,Positive,Positive,0,4.9467429117803,Within detectable range,,,Ct,2023-08-17 00:00:00,2023-08-17 00:00:00,2023-08-30 00:00:00,Yes,59,Female,Female at birth,Black or African American,Non-Hispanic,No,No,No,No,No,3
131516-450,5,1275523.52021172,115521,133757-1,Staff,Illness Day 5,2023-08-22 00:00:00,5,,Negative,Positive,0,6.1056884712594,Within detectable range,,,VL,2023-08-17 00:00:00,2023-08-17 00:00:00,2023-08-30 00:00:00,Yes,59,Female,Female at birth,Black or African American,Non-Hispanic,No,No,No,No,No,3
131516-450,5,23.52,115521,133757-1,Staff,Illness Day 5,2023-08-22 00:00:00,5,,Negative,Positive,0,6.1056884712594,Within detectable range,,,Ct,2023-08-17 00:00:00,2023-08-17 00:00:00,2023-08-30 00:00:00,Yes,59,Female,Female at birth,Black or African American,Non-Hispanic,No,No,No,No,No,3
131516-450,6,8995128.05397108,115521,133757-1,Staff,Illness Day 6,2023-08-23 00:00:00,6,,Positive,Positive,0,6.95400735030938,Within detectable range,,,VL,2023-08-17 00:00:00,2023-08-17 00:00:00,2023-08-30 00:00:00,Yes,59,Female,Female at birth,Black or African American,Non-Hispanic,No,No,No,No,No,3
131516-450,6,21.28,115521,133757-1,Staff,Illness Day 6,2023-08-23 00:00:00,6,,Positive,Positive,0,6.95400735030938,Within detectable range,,,Ct,2023-08-17 00:00:00,2023-08-17 00:00:00,2023-08-30 00:00:00,Yes,59,Female,Female at birth,Black or African American,Non-Hispanic,No,No,No,No,No,3
131516-450,7,109429.592073292,115521,133757-1,Staff,Illness Day 7,2023-08-24 00:00:00,7,,Negative,Positive,0,5.03913478028169,Within detectable range,,,VL,2023-08-17 00:00:00,2023-08-17 00:00:00,2023-08-30 00:00:00,Yes,59,Female,Female at birth,Black or African American,Non-Hispanic,No,No,No,No,No,3
131516-450,7,26.73,115521,133757-1,Staff,Illness Day 7,2023-08-24 00:00:00,7,,Negative,Positive,0,5.03913478028169,Within detectable range,,,Ct,2023-08-17 00:00:00,2023-08-17 00:00:00,2023-08-30 00:00:00,Yes,59,Female,Female at birth,Black or African American,Non-Hispanic,No,No,No,No,No,3
131516-450,8,680043.376565973,115521,133757-1,Staff,Illness Day 8,2023-08-25 00:00:00,8,,Negative,Positive,0,5.83253661506276,Within detectable range,,,VL,2023-08-17 00:00:00,2023-08-17 00:00:00,2023-08-30 00:00:00,Yes,59,Female,Female at birth,Black or African American,Non-Hispanic,No,No,No,No,No,3
131516-450,8,24.52,115521,133757-1,Staff,Illness Day 8,2023-08-25 00:00:00,8,,Negative,Positive,0,5.83253661506276,Within detectable range,,,Ct,2023-08-17 00:00:00,2023-08-17 00:00:00,2023-08-30 00:00:00,Yes,59,Female,Female at birth,Black or African American,Non-Hispanic,No,No,No,No,No,3
131516-450,9,96062.1087244002,115521,133757-1,Staff,Illness Day 9,2023-08-26 00:00:00,9,,Negative,Positive,0,4.98255211589985,Within detectable range,,,VL,2023-08-17 00:00:00,2023-08-17 00:00:00,2023-08-30 00:00:00,Yes,59,Female,Female at birth,Black or African American,Non-Hispanic,No,No,No,No,No,3
131516-450,9,26.04,115521,133757-1,Staff,Illness Day 9,2023-08-26 00:00:00,9,,Negative,Positive,0,4.98255211589985,Within detectable range,,,Ct,2023-08-17 00:00:00,2023-08-17 00:00:00,2023-08-30 00:00:00,Yes,59,Female,Female at birth,Black or African American,Non-Hispanic,No,No,No,No,No,3
131516-450,10,1809.57525507371,115521,133757-1,Staff,Illness Day 10,2023-08-27 00:00:00,10,,Negative,Positive,0,3.25757664888862,"Less than 10,000 copies/mL",,,VL,2023-08-17 00:00:00,2023-08-17 00:00:00,2023-08-30 00:00:00,Yes,59,Female,Female at birth,Black or African American,Non-Hispanic,No,No,No,No,No,3
131516-450,10,32.5,115521,133757-1,Staff,Illness Day 10,2023-08-27 00:00:00,10,,Negative,Positive,0,3.25757664888862,"Less than 10,000 copies/mL",,,Ct,2023-08-17 00:00:00,2023-08-17 00:00:00,2023-08-30 00:00:00,Yes,59,Female,Female at birth,Black or African American,Non-Hispanic,No,No,No,No,No,3
131516-450,11,783.002064332558,115521,133757-1,Staff,Illness Day 11,2023-08-28 00:00:00,11,,Negative,Positive,0,2.8937629070478,"Less than 10,000 copies/mL",,,VL,2023-08-17 00:00:00,2023-08-17 00:00:00,2023-08-30 00:00:00,Yes,59,Female,Female at birth,Black or African American,Non-Hispanic,No,No,No,No,No,3
131516-450,11,33.77,115521,133757-1,Staff,Illness Day 11,2023-08-28 00:00:00,11,,Negative,Positive,0,2.8937629070478,"Less than 10,000 copies/mL",,,Ct,2023-08-17 00:00:00,2023-08-17 00:00:00,2023-08-30 00:00:00,Yes,59,Female,Female at birth,Black or African American,Non-Hispanic,No,No,No,No,No,3
131516-450,12,,115521,133757-1,Staff,Illness Day 12,2023-08-29 00:00:00,12,,Negative,Negative,0,,"Undetectable, will not be done",,,VL,2023-08-17 00:00:00,2023-08-17 00:00:00,2023-08-30 00:00:00,Yes,59,Female,Female at birth,Black or African American,Non-Hispanic,No,No,No,No,No,3
131516-450,12,Not available,115521,133757-1,Staff,Illness Day 12,2023-08-29 00:00:00,12,,Negative,Negative,0,,"Undetectable, will not be done",,,Ct,2023-08-17 00:00:00,2023-08-17 00:00:00,2023-08-30 00:00:00,Yes,59,Female,Female at birth,Black or African American,Non-Hispanic,No,No,No,No,No,3
131516-450,13,,115521,133757-1,Staff,Illness Day 13,2023-08-30 00:00:00,13,,Negative,Negative,0,,"Undetectable, will not be done",,,VL,2023-08-17 00:00:00,2023-08-17 00:00:00,2023-08-30 00:00:00,Yes,59,Female,Female at birth,Black or African American,Non-Hispanic,No,No,No,No,No,3
131516-450,13,Not available,115521,133757-1,Staff,Illness Day 13,2023-08-30 00:00:00,13,,Negative,Negative,0,,"Undetectable, will not be done",,,Ct,2023-08-17 00:00:00,2023-08-17 00:00:00,2023-08-30 00:00:00,Yes,59,Female,Female at birth,Black or African American,Non-Hispanic,No,No,No,No,No,3
131516-451,0,21083200.5017311,115521,133757-1,Resident,Tier 1 Testing,2023-08-17 00:00:00,0,,Positive,Positive,0,7.32393653892834,Within detectable range,,,VL,2023-08-17 00:00:00,2023-08-17 00:00:00,2023-11-08 00:00:00,Yes,83,Female,Female at birth,Black or African American,Non-Hispanic,No,No,No,No,No,5
131516-451,0,20.93,115521,133757-1,Resident,Tier 1 Testing,2023-08-17 00:00:00,0,,Positive,Positive,0,7.32393653892834,Within detectable range,,,Ct,2023-08-17 00:00:00,2023-08-17 00:00:00,2023-11-08 00:00:00,Yes,83,Female,Female at birth,Black or African American,Non-Hispanic,No,No,No,No,No,5
131516-451,1,4583035824.53842,115521,133757-1,Resident,Illness Day 1,2023-08-18 00:00:00,1,,Positive,Positive,0,9.66115325203827,More than 1 billion copies/mL,Omicron,XBB.1.16,VL,2023-08-17 00:00:00,2023-08-17 00:00:00,2023-11-08 00:00:00,Yes,83,Female,Female at birth,Black or African American,Non-Hispanic,No,No,No,No,No,5
131516-451,1,12.79,115521,133757-1,Resident,Illness Day 1,2023-08-18 00:00:00,1,,Positive,Positive,0,9.66115325203827,More than 1 billion copies/mL,Omicron,XBB.1.16,Ct,2023-08-17 00:00:00,2023-08-17 00:00:00,2023-11-08 00:00:00,Yes,83,Female,Female at birth,Black or African American,Non-Hispanic,No,No,No,No,No,5
131516-451,2,149039668.645259,115521,133757-1,Resident,Illness Day 2,2023-08-19 00:00:00,2,,Positive,Positive,0,8.17330187633736,Within detectable range,,,VL,2023-08-17 00:00:00,2023-08-17 00:00:00,2023-11-08 00:00:00,Yes,83,Female,Female at birth,Black or African American,Non-Hispanic,No,No,No,No,No,5
131516-451,2,17.68,115521,133757-1,Resident,Illness Day 2,2023-08-19 00:00:00,2,,Positive,Positive,0,8.17330187633736,Within detectable range,,,Ct,2023-08-17 00:00:00,2023-08-17 00:00:00,2023-11-08 00:00:00,Yes,83,Female,Female at birth,Black or African American,Non-Hispanic,No,No,No,No,No,5
131516-451,4,866045.724609111,115521,133757-1,Resident,Illness Day 4,2023-08-21 00:00:00,4,,Positive,Positive,0,5.93754082206492,Within detectable range,,,VL,2023-08-17 00:00:00,2023-08-17 00:00:00,2023-11-08 00:00:00,Yes,83,Female,Female at birth,Black or African American,Non-Hispanic,No,No,No,No,No,5
131516-451,4,25.25,115521,133757-1,Resident,Illness Day 4,2023-08-21 00:00:00,4,,Positive,Positive,0,5.93754082206492,Within detectable range,,,Ct,2023-08-17 00:00:00,2023-08-17 00:00:00,2023-11-08 00:00:00,Yes,83,Female,Female at birth,Black or African American,Non-Hispanic,No,No,No,No,No,5
131516-451,6,1251670.74087572,115521,133757-1,Resident,Illness Day 6,2023-08-23 00:00:00,6,,Positive,Positive,0,6.09749010025858,Within detectable range,,,VL,2023-08-17 00:00:00,2023-08-17 00:00:00,2023-11-08 00:00:00,Yes,83,Female,Female at birth,Black or African American,Non-Hispanic,No,No,No,No,No,5
131516-451,6,23.34,115521,133757-1,Resident,Illness Day 6,2023-08-23 00:00:00,6,,Positive,Positive,0,6.09749010025858,Within detectable range,,,Ct,2023-08-17 00:00:00,2023-08-17 00:00:00,2023-11-08 00:00:00,Yes,83,Female,Female at birth,Black or African American,Non-Hispanic,No,No,No,No,No,5
131516-451,7,5240357.64509349,115521,133757-1,Resident,Illness Day 7,2023-08-24 00:00:00,7,,Inconclusive,Positive,0,6.71936092782155,Within detectable range,,,VL,2023-08-17 00:00:00,2023-08-17 00:00:00,2023-11-08 00:00:00,Yes,83,Female,Female at birth,Black or African American,Non-Hispanic,No,No,No,No,No,5
131516-451,7,21.2,115521,133757-1,Resident,Illness Day 7,2023-08-24 00:00:00,7,,Inconclusive,Positive,0,6.71936092782155,Within detectable range,,,Ct,2023-08-17 00:00:00,2023-08-17 00:00:00,2023-11-08 00:00:00,Yes,83,Female,Female at birth,Black or African American,Non-Hispanic,No,No,No,No,No,5
131516-451,8,6996727.75894412,115521,133757-1,Resident,Illness Day 8,2023-08-25 00:00:00,8,,Positive,Positive,0,6.84489497594323,Within detectable range,,,VL,2023-08-17 00:00:00,2023-08-17 00:00:00,2023-11-08 00:00:00,Yes,83,Female,Female at birth,Black or African American,Non-Hispanic,No,No,No,No,No,5
131516-451,8,20.51,115521,133757-1,Resident,Illness Day 8,2023-08-25 00:00:00,8,,Positive,Positive,0,6.84489497594323,Within detectable range,,,Ct,2023-08-17 00:00:00,2023-08-17 00:00:00,2023-11-08 00:00:00,Yes,83,Female,Female at birth,Black or African American,Non-Hispanic,No,No,No,No,No,5
131516-451,9,1158203.62866374,115521,133757-1,Resident,Illness Day 9,2023-08-26 00:00:00,9,,Positive,Positive,0,6.06378492124851,Within detectable range,,,VL,2023-08-17 00:00:00,2023-08-17 00:00:00,2023-11-08 00:00:00,Yes,83,Female,Female at birth,Black or African American,Non-Hispanic,No,No,No,No,No,5
131516-451,9,23.57,115521,133757-1,Resident,Illness Day 9,2023-08-26 00:00:00,9,,Positive,Positive,0,6.06378492124851,Within detectable range,,,Ct,2023-08-17 00:00:00,2023-08-17 00:00:00,2023-11-08 00:00:00,Yes,83,Female,Female at birth,Black or African American,Non-Hispanic,No,No,No,No,No,5
131516-451,11,5930.75269454866,115521,133757-1,Resident,Illness Day 11,2023-08-28 00:00:00,11,,Negative,Positive,0,3.77310981483891,"Less than 10,000 copies/mL",,,VL,2023-08-17 00:00:00,2023-08-17 00:00:00,2023-11-08 00:00:00,Yes,83,Female,Female at birth,Black or African American,Non-Hispanic,No,No,No,No,No,5
131516-451,11,29.77,115521,133757-1,Resident,Illness Day 11,2023-08-28 00:00:00,11,,Negative,Positive,0,3.77310981483891,"Less than 10,000 copies/mL",,,Ct,2023-08-17 00:00:00,2023-08-17 00:00:00,2023-11-08 00:00:00,Yes,83,Female,Female at birth,Black or African American,Non-Hispanic,No,No,No,No,No,5
131516-451,13,805.156238954214,115521,133757-1,Resident,Illness Day 13,2023-08-30 00:00:00,13,,Negative,Positive,0,2.90588016251918,"Less than 10,000 copies/mL",,,VL,2023-08-17 00:00:00,2023-08-17 00:00:00,2023-11-08 00:00:00,Yes,83,Female,Female at birth,Black or African American,Non-Hispanic,No,No,No,No,No,5
131516-451,13,35.09,115521,133757-1,Resident,Illness Day 13,2023-08-30 00:00:00,13,,Negative,Positive,0,2.90588016251918,"Less than 10,000 copies/mL",,,Ct,2023-08-17 00:00:00,2023-08-17 00:00:00,2023-11-08 00:00:00,Yes,83,Female,Female at birth,Black or African American,Non-Hispanic,No,No,No,No,No,5
131516-451,14,,115521,133757-1,Resident,Illness Day 14,2023-08-31 00:00:00,14,,Negative,Positive,0,,"VL run, not detected",,,VL,2023-08-17 00:00:00,2023-08-17 00:00:00,2023-11-08 00:00:00,Yes,83,Female,Female at birth,Black or African American,Non-Hispanic,No,No,No,No,No,5
131516-451,14,33.96,115521,133757-1,Resident,Illness Day 14,2023-08-31 00:00:00,14,,Negative,Positive,0,,"VL run, not detected",,,Ct,2023-08-17 00:00:00,2023-08-17 00:00:00,2023-11-08 00:00:00,Yes,83,Female,Female at birth,Black or African American,Non-Hispanic,No,No,No,No,No,5
131516-451,21,111680.246398762,115521,133757-1,Resident,Op ill w3 t1,2023-09-07 00:00:00,21,,Negative,Positive,0,5.04797636345875,Within detectable range,Omicron,XBB.1.16,VL,2023-08-17 00:00:00,2023-08-17 00:00:00,2023-11-08 00:00:00,Yes,83,Female,Female at birth,Black or African American,Non-Hispanic,No,No,No,No,No,5
131516-451,21,26.65,115521,133757-1,Resident,Op ill w3 t1,2023-09-07 00:00:00,21,,Negative,Positive,0,5.04797636345875,Within detectable range,Omicron,XBB.1.16,Ct,2023-08-17 00:00:00,2023-08-17 00:00:00,2023-11-08 00:00:00,Yes,83,Female,Female at birth,Black or African American,Non-Hispanic,No,No,No,No,No,5
131516-451,29,,115521,133757-1,Resident,Op ill week 5,2023-09-15 00:00:00,29,,Negative,Negative,0,,"Undetectable, will not be done",,,VL,2023-08-17 00:00:00,2023-08-17 00:00:00,2023-11-08 00:00:00,Yes,83,Female,Female at birth,Black or African American,Non-Hispanic,No,No,No,No,No,5
131516-451,29,Not available,115521,133757-1,Resident,Op ill week 5,2023-09-15 00:00:00,29,,Negative,Negative,0,,"Undetectable, will not be done",,,Ct,2023-08-17 00:00:00,2023-08-17 00:00:00,2023-11-08 00:00:00,Yes,83,Female,Female at birth,Black or African American,Non-Hispanic,No,No,No,No,No,5
131516-451,34,120047.074576171,115521,133757-1,Resident,Op ill week 6,2023-09-20 00:00:00,34,,Negative,Positive,0,5.07935158121182,Within detectable range,,,VL,2023-08-17 00:00:00,2023-08-17 00:00:00,2023-11-08 00:00:00,Yes,83,Female,Female at birth,Black or African American,Non-Hispanic,No,No,No,No,No,5
131516-451,34,26.78,115521,133757-1,Resident,Op ill week 6,2023-09-20 00:00:00,34,,Negative,Positive,0,5.07935158121182,Within detectable range,,,Ct,2023-08-17 00:00:00,2023-08-17 00:00:00,2023-11-08 00:00:00,Yes,83,Female,Female at birth,Black or African American,Non-Hispanic,No,No,No,No,No,5
131516-451,40,630268.683280098,115521,133757-1,Resident,Op ill week 7,2023-09-26 00:00:00,40,,Negative,Positive,0,5.79952572848603,Within detectable range,Omicron,XBB.1.16,VL,2023-08-17 00:00:00,2023-08-17 00:00:00,2023-11-08 00:00:00,Yes,83,Female,Female at birth,Black or African American,Non-Hispanic,No,No,No,No,No,5
131516-451,40,23.29,115521,133757-1,Resident,Op ill week 7,2023-09-26 00:00:00,40,,Negative,Positive,0,5.79952572848603,Within detectable range,Omicron,XBB.1.16,Ct,2023-08-17 00:00:00,2023-08-17 00:00:00,2023-11-08 00:00:00,Yes,83,Female,Female at birth,Black or African American,Non-Hispanic,No,No,No,No,No,5
131516-451,57,,115521,133757-1,Resident,Op ill week 9,2023-10-13 00:00:00,57,,Negative,Negative,0,,"Undetectable, will not be done",,,VL,2023-08-17 00:00:00,2023-08-17 00:00:00,2023-11-08 00:00:00,Yes,83,Female,Female at birth,Black or African American,Non-Hispanic,No,No,No,No,No,5
131516-451,57,Not available,115521,133757-1,Resident,Op ill week 9,2023-10-13 00:00:00,57,,Negative,Negative,0,,"Undetectable, will not be done",,,Ct,2023-08-17 00:00:00,2023-08-17 00:00:00,2023-11-08 00:00:00,Yes,83,Female,Female at birth,Black or African American,Non-Hispanic,No,No,No,No,No,5
131516-451,61,,115521,133757-1,Resident,Op ill week 10,2023-10-17 00:00:00,61,,Negative,Negative,0,,"Undetectable, will not be done",,,VL,2023-08-17 00:00:00,2023-08-17 00:00:00,2023-11-08 00:00:00,Yes,83,Female,Female at birth,Black or African American,Non-Hispanic,No,No,No,No,No,5
131516-451,61,Not available,115521,133757-1,Resident,Op ill week 10,2023-10-17 00:00:00,61,,Negative,Negative,0,,"Undetectable, will not be done",,,Ct,2023-08-17 00:00:00,2023-08-17 00:00:00,2023-11-08 00:00:00,Yes,83,Female,Female at birth,Black or African American,Non-Hispanic,No,No,No,No,No,5
131516-451,71,,115521,133757-1,Resident,Op ill week 11,2023-10-27 00:00:00,71,,Negative,Negative,0,,"Undetectable, will not be done",,,VL,2023-08-17 00:00:00,2023-08-17 00:00:00,2023-11-08 00:00:00,Yes,83,Female,Female at birth,Black or African American,Non-Hispanic,No,No,No,No,No,5
131516-451,71,Not available,115521,133757-1,Resident,Op ill week 11,2023-10-27 00:00:00,71,,Negative,Negative,0,,"Undetectable, will not be done",,,Ct,2023-08-17 00:00:00,2023-08-17 00:00:00,2023-11-08 00:00:00,Yes,83,Female,Female at birth,Black or African American,Non-Hispanic,No,No,No,No,No,5
131516-451,76,,115521,133757-1,Resident,Op ill week 12,2023-11-01 00:00:00,76,,Negative,Negative,0,,"Undetectable, will not be done",,,VL,2023-08-17 00:00:00,2023-08-17 00:00:00,2023-11-08 00:00:00,Yes,83,Female,Female at birth,Black or African American,Non-Hispanic,No,No,No,No,No,5
131516-451,76,Not available,115521,133757-1,Resident,Op ill week 12,2023-11-01 00:00:00,76,,Negative,Negative,0,,"Undetectable, will not be done",,,Ct,2023-08-17 00:00:00,2023-08-17 00:00:00,2023-11-08 00:00:00,Yes,83,Female,Female at birth,Black or African American,Non-Hispanic,No,No,No,No,No,5
131516-451,83,,115521,133757-1,Resident,Op ill week 13,2023-11-08 00:00:00,83,,Negative,Negative,0,,"Undetectable, will not be done",,,VL,2023-08-17 00:00:00,2023-08-17 00:00:00,2023-11-08 00:00:00,Yes,83,Female,Female at birth,Black or African American,Non-Hispanic,No,No,No,No,No,5
131516-451,83,Not available,115521,133757-1,Resident,Op ill week 13,2023-11-08 00:00:00,83,,Negative,Negative,0,,"Undetectable, will not be done",,,Ct,2023-08-17 00:00:00,2023-08-17 00:00:00,2023-11-08 00:00:00,Yes,83,Female,Female at birth,Black or African American,Non-Hispanic,No,No,No,No,No,5
131516-454,0,76995337.1438144,115521,133757-1,Resident,Tier 1 Testing,2023-08-17 00:00:00,0,,Positive,Positive,0,7.88646442499029,Within detectable range,,,VL,2023-08-17 00:00:00,2023-08-17 00:00:00,2023-08-31 00:00:00,Yes,89,Female,Female at birth,Black or African American,Non-Hispanic,No,No,No,No,No,5
131516-454,0,17.25,115521,133757-1,Resident,Tier 1 Testing,2023-08-17 00:00:00,0,,Positive,Positive,0,7.88646442499029,Within detectable range,,,Ct,2023-08-17 00:00:00,2023-08-17 00:00:00,2023-08-31 00:00:00,Yes,89,Female,Female at birth,Black or African American,Non-Hispanic,No,No,No,No,No,5
131516-454,1,661054845.779042,115521,133757-1,Resident,Illness Day 1,2023-08-18 00:00:00,1,,Positive,Positive,0,8.82023749311811,Within detectable range,,,VL,2023-08-17 00:00:00,2023-08-17 00:00:00,2023-08-31 00:00:00,Yes,89,Female,Female at birth,Black or African American,Non-Hispanic,No,No,No,No,No,5
131516-454,1,15.4,115521,133757-1,Resident,Illness Day 1,2023-08-18 00:00:00,1,,Positive,Positive,0,8.82023749311811,Within detectable range,,,Ct,2023-08-17 00:00:00,2023-08-17 00:00:00,2023-08-31 00:00:00,Yes,89,Female,Female at birth,Black or African American,Non-Hispanic,No,No,No,No,No,5
131516-454,2,1132494639.97346,115521,133757-1,Resident,Illness Day 2,2023-08-19 00:00:00,2,,Inconclusive,Positive,0,9.05403615520102,More than 1 billion copies/mL,Omicron,XBB.1.16,VL,2023-08-17 00:00:00,2023-08-17 00:00:00,2023-08-31 00:00:00,Yes,89,Female,Female at birth,Black or African American,Non-Hispanic,No,No,No,No,No,5
131516-454,2,15.14,115521,133757-1,Resident,Illness Day 2,2023-08-19 00:00:00,2,,Inconclusive,Positive,0,9.05403615520102,More than 1 billion copies/mL,Omicron,XBB.1.16,Ct,2023-08-17 00:00:00,2023-08-17 00:00:00,2023-08-31 00:00:00,Yes,89,Female,Female at birth,Black or African American,Non-Hispanic,No,No,No,No,No,5
131516-454,4,3373840.8513041,115521,133757-1,Resident,Illness Day 4,2023-08-21 00:00:00,4,,Positive,Positive,0,6.52812459247048,Within detectable range,,,VL,2023-08-17 00:00:00,2023-08-17 00:00:00,2023-08-31 00:00:00,Yes,89,Female,Female at birth,Black or African American,Non-Hispanic,No,No,No,No,No,5
131516-454,4,22.86,115521,133757-1,Resident,Illness Day 4,2023-08-21 00:00:00,4,,Positive,Positive,0,6.52812459247048,Within detectable range,,,Ct,2023-08-17 00:00:00,2023-08-17 00:00:00,2023-08-31 00:00:00,Yes,89,Female,Female at birth,Black or African American,Non-Hispanic,No,No,No,No,No,5
131516-454,8,2202186.00459061,115521,133757-1,Resident,Illness Day 8,2023-08-25 00:00:00,8,,Positive,Positive,0,6.34285399826684,Within detectable range,,,VL,2023-08-17 00:00:00,2023-08-17 00:00:00,2023-08-31 00:00:00,Yes,89,Female,Female at birth,Black or African American,Non-Hispanic,No,No,No,No,No,5
131516-454,8,22.29,115521,133757-1,Resident,Illness Day 8,2023-08-25 00:00:00,8,,Positive,Positive,0,6.34285399826684,Within detectable range,,,Ct,2023-08-17 00:00:00,2023-08-17 00:00:00,2023-08-31 00:00:00,Yes,89,Female,Female at birth,Black or African American,Non-Hispanic,No,No,No,No,No,5
131516-454,9,39029.631675844,115521,133757-1,Resident,Illness Day 9,2023-08-26 00:00:00,9,,Positive,Positive,0,4.59139445284663,Within detectable range,,,VL,2023-08-17 00:00:00,2023-08-17 00:00:00,2023-08-31 00:00:00,Yes,89,Female,Female at birth,Black or African American,Non-Hispanic,No,No,No,No,No,5
131516-454,9,29.99,115521,133757-1,Resident,Illness Day 9,2023-08-26 00:00:00,9,,Positive,Positive,0,4.59139445284663,Within detectable range,,,Ct,2023-08-17 00:00:00,2023-08-17 00:00:00,2023-08-31 00:00:00,Yes,89,Female,Female at birth,Black or African American,Non-Hispanic,No,No,No,No,No,5
131516-454,11,329368.740634592,115521,133757-1,Resident,Illness Day 11,2023-08-28 00:00:00,11,,Positive,Positive,0,5.51768237924752,Within detectable range,,,VL,2023-08-17 00:00:00,2023-08-17 00:00:00,2023-08-31 00:00:00,Yes,89,Female,Female at birth,Black or African American,Non-Hispanic,No,No,No,No,No,5
131516-454,11,24.35,115521,133757-1,Resident,Illness Day 11,2023-08-28 00:00:00,11,,Positive,Positive,0,5.51768237924752,Within detectable range,,,Ct,2023-08-17 00:00:00,2023-08-17 00:00:00,2023-08-31 00:00:00,Yes,89,Female,Female at birth,Black or African American,Non-Hispanic,No,No,No,No,No,5
131516-454,14,1003.77988215801,115521,133757-1,Resident,Illness Day 14,2023-08-31 00:00:00,14,,Negative,Positive,0,3.00163848726622,"Less than 10,000 copies/mL",,,VL,2023-08-17 00:00:00,2023-08-17 00:00:00,2023-08-31 00:00:00,Yes,89,Female,Female at birth,Black or African American,Non-Hispanic,No,No,No,No,No,5
131516-454,14,24.35,115521,133757-1,Resident,Illness Day 14,2023-08-31 00:00:00,14,,Negative,Positive,0,3.00163848726622,"Less than 10,000 copies/mL",,,Ct,2023-08-17 00:00:00,2023-08-17 00:00:00,2023-08-31 00:00:00,Yes,89,Female,Female at birth,Black or African American,Non-Hispanic,No,No,No,No,No,5
131516-457,1,9836308.93429474,115521,133757-1,Resident,Tier 1 Testing,2023-08-18 00:00:00,1,,Positive,Positive,0,6.99283216040346,Within detectable range,,,VL,2023-08-18 00:00:00,2023-08-17 00:00:00,2023-08-24 00:00:00,Yes,84,Female,Female at birth,White,Non-Hispanic,No,No,No,No,No,2
131516-457,1,19.93,115521,133757-1,Resident,Tier 1 Testing,2023-08-18 00:00:00,1,,Positive,Positive,0,6.99283216040346,Within detectable range,,,Ct,2023-08-18 00:00:00,2023-08-17 00:00:00,2023-08-24 00:00:00,Yes,84,Female,Female at birth,White,Non-Hispanic,No,No,No,No,No,2
131516-457,4,25409871.7207739,115521,133757-1,Resident,Illness Day 3,2023-08-21 00:00:00,4,,Positive,Positive,0,7.40500247256314,Within detectable range,Omicron,XBB.1.16,VL,2023-08-18 00:00:00,2023-08-17 00:00:00,2023-08-24 00:00:00,Yes,84,Female,Female at birth,White,Non-Hispanic,No,No,No,No,No,2
131516-457,4,20.03,115521,133757-1,Resident,Illness Day 3,2023-08-21 00:00:00,4,,Positive,Positive,0,7.40500247256314,Within detectable range,Omicron,XBB.1.16,Ct,2023-08-18 00:00:00,2023-08-17 00:00:00,2023-08-24 00:00:00,Yes,84,Female,Female at birth,White,Non-Hispanic,No,No,No,No,No,2
131516-458,-3,,115521,133757-1,Resident,Tier 1 Testing,2023-08-17 00:00:00,-3,,Negative,Negative,0,,"Undetectable, will not be done",,,VL,2023-08-18 00:00:00,2023-08-20 00:00:00,2023-11-14 00:00:00,Yes,90,Male,Male at birth,White,Non-Hispanic,No,No,No,No,No,5
131516-458,-3,40.91,115521,133757-1,Resident,Tier 1 Testing,2023-08-17 00:00:00,-3,,Negative,Negative,0,,"Undetectable, will not be done",,,Ct,2023-08-18 00:00:00,2023-08-20 00:00:00,2023-11-14 00:00:00,Yes,90,Male,Male at birth,White,Non-Hispanic,No,No,No,No,No,5
131516-458,1,160742320.494712,115521,133757-1,Resident,Illness Day 1,2023-08-21 00:00:00,1,,Inconclusive,Positive,0,8.20613023356243,Within detectable range,Omicron,XBB.1.16,VL,2023-08-18 00:00:00,2023-08-20 00:00:00,2023-11-14 00:00:00,Yes,90,Male,Male at birth,White,Non-Hispanic,No,No,No,No,No,5
131516-458,1,17.23,115521,133757-1,Resident,Illness Day 1,2023-08-21 00:00:00,1,,Inconclusive,Positive,0,8.20613023356243,Within detectable range,Omicron,XBB.1.16,Ct,2023-08-18 00:00:00,2023-08-20 00:00:00,2023-11-14 00:00:00,Yes,90,Male,Male at birth,White,Non-Hispanic,No,No,No,No,No,5
131516-458,3,97905653.1597116,115521,133757-1,Resident,Illness Day 3,2023-08-23 00:00:00,3,,Positive,Positive,0,7.99080776907777,Within detectable range,,,VL,2023-08-18 00:00:00,2023-08-20 00:00:00,2023-11-14 00:00:00,Yes,90,Male,Male at birth,White,Non-Hispanic,No,No,No,No,No,5
131516-458,3,17.44,115521,133757-1,Resident,Illness Day 3,2023-08-23 00:00:00,3,,Positive,Positive,0,7.99080776907777,Within detectable range,,,Ct,2023-08-18 00:00:00,2023-08-20 00:00:00,2023-11-14 00:00:00,Yes,90,Male,Male at birth,White,Non-Hispanic,No,No,No,No,No,5
131516-458,4,1367246.79742316,115521,133757-1,Resident,Illness Day 4,2023-08-24 00:00:00,4,,Not done,Positive,0,6.13584691477619,Within detectable range,,,VL,2023-08-18 00:00:00,2023-08-20 00:00:00,2023-11-14 00:00:00,Yes,90,Male,Male at birth,White,Non-Hispanic,No,No,No,No,No,5
131516-458,4,22.8,115521,133757-1,Resident,Illness Day 4,2023-08-24 00:00:00,4,,Not done,Positive,0,6.13584691477619,Within detectable range,,,Ct,2023-08-18 00:00:00,2023-08-20 00:00:00,2023-11-14 00:00:00,Yes,90,Male,Male at birth,White,Non-Hispanic,No,No,No,No,No,5
131516-458,5,9875236.74598704,115521,133757-1,Resident,Illness Day 5,2023-08-25 00:00:00,5,,Positive,Positive,0,6.99454751606998,Within detectable range,,,VL,2023-08-18 00:00:00,2023-08-20 00:00:00,2023-11-14 00:00:00,Yes,90,Male,Male at birth,White,Non-Hispanic,No,No,No,No,No,5
131516-458,5,20.12,115521,133757-1,Resident,Illness Day 5,2023-08-25 00:00:00,5,,Positive,Positive,0,6.99454751606998,Within detectable range,,,Ct,2023-08-18 00:00:00,2023-08-20 00:00:00,2023-11-14 00:00:00,Yes,90,Male,Male at birth,White,Non-Hispanic,No,No,No,No,No,5
131516-458,6,5949049.4367176,115521,133757-1,Resident,Illness Day 6,2023-08-26 00:00:00,6,,Positive,Positive,0,6.77444757793563,Within detectable range,,,VL,2023-08-18 00:00:00,2023-08-20 00:00:00,2023-11-14 00:00:00,Yes,90,Male,Male at birth,White,Non-Hispanic,No,No,No,No,No,5
131516-458,6,21.13,115521,133757-1,Resident,Illness Day 6,2023-08-26 00:00:00,6,,Positive,Positive,0,6.77444757793563,Within detectable range,,,Ct,2023-08-18 00:00:00,2023-08-20 00:00:00,2023-11-14 00:00:00,Yes,90,Male,Male at birth,White,Non-Hispanic,No,No,No,No,No,5
131516-458,8,61670.6005932029,115521,133757-1,Resident,Illness Day 8,2023-08-28 00:00:00,8,,Positive,Positive,0,4.79007817792272,Within detectable range,,,VL,2023-08-18 00:00:00,2023-08-20 00:00:00,2023-11-14 00:00:00,Yes,90,Male,Male at birth,White,Non-Hispanic,No,No,No,No,No,5
131516-458,8,26.57,115521,133757-1,Resident,Illness Day 8,2023-08-28 00:00:00,8,,Positive,Positive,0,4.79007817792272,Within detectable range,,,Ct,2023-08-18 00:00:00,2023-08-20 00:00:00,2023-11-14 00:00:00,Yes,90,Male,Male at birth,White,Non-Hispanic,No,No,No,No,No,5
131516-458,10,1972795.13610841,115521,133757-1,Resident,Illness Day 10,2023-08-30 00:00:00,10,,Negative,Positive,0,6.2950819885076,Within detectable range,,,VL,2023-08-18 00:00:00,2023-08-20 00:00:00,2023-11-14 00:00:00,Yes,90,Male,Male at birth,White,Non-Hispanic,No,No,No,No,No,5
131516-458,10,22.84,115521,133757-1,Resident,Illness Day 10,2023-08-30 00:00:00,10,,Negative,Positive,0,6.2950819885076,Within detectable range,,,Ct,2023-08-18 00:00:00,2023-08-20 00:00:00,2023-11-14 00:00:00,Yes,90,Male,Male at birth,White,Non-Hispanic,No,No,No,No,No,5
131516-458,11,7457438.78791848,115521,133757-1,Resident,Illness Day 11,2023-08-31 00:00:00,11,,Negative,Positive,0,6.8725896972767,Within detectable range,,,VL,2023-08-18 00:00:00,2023-08-20 00:00:00,2023-11-14 00:00:00,Yes,90,Male,Male at birth,White,Non-Hispanic,No,No,No,No,No,5
131516-458,11,20.38,115521,133757-1,Resident,Illness Day 11,2023-08-31 00:00:00,11,,Negative,Positive,0,6.8725896972767,Within detectable range,,,Ct,2023-08-18 00:00:00,2023-08-20 00:00:00,2023-11-14 00:00:00,Yes,90,Male,Male at birth,White,Non-Hispanic,No,No,No,No,No,5
131516-458,12,492567.069731904,115521,133757-1,Resident,Illness Day 12,2023-09-01 00:00:00,12,,Negative,Positive,0,5.69246537398346,Within detectable range,,,VL,2023-08-18 00:00:00,2023-08-20 00:00:00,2023-11-14 00:00:00,Yes,90,Male,Male at birth,White,Non-Hispanic,No,No,No,No,No,5
131516-458,12,24.56,115521,133757-1,Resident,Illness Day 12,2023-09-01 00:00:00,12,,Negative,Positive,0,5.69246537398346,Within detectable range,,,Ct,2023-08-18 00:00:00,2023-08-20 00:00:00,2023-11-14 00:00:00,Yes,90,Male,Male at birth,White,Non-Hispanic,No,No,No,No,No,5
131516-458,18,,115521,133757-1,Resident,Op ill w3 t1,2023-09-07 00:00:00,18,,Negative,Negative,0,,"Undetectable, will not be done",,,VL,2023-08-18 00:00:00,2023-08-20 00:00:00,2023-11-14 00:00:00,Yes,90,Male,Male at birth,White,Non-Hispanic,No,No,No,No,No,5
131516-458,18,39.35,115521,133757-1,Resident,Op ill w3 t1,2023-09-07 00:00:00,18,,Negative,Negative,0,,"Undetectable, will not be done",,,Ct,2023-08-18 00:00:00,2023-08-20 00:00:00,2023-11-14 00:00:00,Yes,90,Male,Male at birth,White,Non-Hispanic,No,No,No,No,No,5
131516-458,26,8074.64780981095,115521,133757-1,Resident,Op ill w4 t2,2023-09-15 00:00:00,26,,Negative,Positive,0,3.90712358888657,"Less than 10,000 copies/mL",,Unassigned,VL,2023-08-18 00:00:00,2023-08-20 00:00:00,2023-11-14 00:00:00,Yes,90,Male,Male at birth,White,Non-Hispanic,No,No,No,No,No,5
131516-458,26,29.9,115521,133757-1,Resident,Op ill w4 t2,2023-09-15 00:00:00,26,,Negative,Positive,0,3.90712358888657,"Less than 10,000 copies/mL",,Unassigned,Ct,2023-08-18 00:00:00,2023-08-20 00:00:00,2023-11-14 00:00:00,Yes,90,Male,Male at birth,White,Non-Hispanic,No,No,No,No,No,5
131516-458,31,9004.60741987091,115521,133757-1,Resident,Op ill week 5,2023-09-20 00:00:00,31,,Negative,Positive,0,3.95446478332987,"Less than 10,000 copies/mL",,,VL,2023-08-18 00:00:00,2023-08-20 00:00:00,2023-11-14 00:00:00,Yes,90,Male,Male at birth,White,Non-Hispanic,No,No,No,No,No,5
131516-458,31,31.43,115521,133757-1,Resident,Op ill week 5,2023-09-20 00:00:00,31,,Negative,Positive,0,3.95446478332987,"Less than 10,000 copies/mL",,,Ct,2023-08-18 00:00:00,2023-08-20 00:00:00,2023-11-14 00:00:00,Yes,90,Male,Male at birth,White,Non-Hispanic,No,No,No,No,No,5
131516-458,37,,115521,133757-1,Resident,Op ill week 6,2023-09-26 00:00:00,37,,Negative,Negative,0,,"Undetectable, will not be done",,,VL,2023-08-18 00:00:00,2023-08-20 00:00:00,2023-11-14 00:00:00,Yes,90,Male,Male at birth,White,Non-Hispanic,No,No,No,No,No,5
131516-458,37,39.2,115521,133757-1,Resident,Op ill week 6,2023-09-26 00:00:00,37,,Negative,Negative,0,,"Undetectable, will not be done",,,Ct,2023-08-18 00:00:00,2023-08-20 00:00:00,2023-11-14 00:00:00,Yes,90,Male,Male at birth,White,Non-Hispanic,No,No,No,No,No,5
131516-458,46,,115521,133757-1,Resident,Op ill week 7,2023-10-05 00:00:00,46,,Negative,Negative,0,,"Undetectable, will not be done",,,VL,2023-08-18 00:00:00,2023-08-20 00:00:00,2023-11-14 00:00:00,Yes,90,Male,Male at birth,White,Non-Hispanic,No,No,No,No,No,5
131516-458,46,Not available,115521,133757-1,Resident,Op ill week 7,2023-10-05 00:00:00,46,,Negative,Negative,0,,"Undetectable, will not be done",,,Ct,2023-08-18 00:00:00,2023-08-20 00:00:00,2023-11-14 00:00:00,Yes,90,Male,Male at birth,White,Non-Hispanic,No,No,No,No,No,5
131516-458,54,,115521,133757-1,Resident,Op ill week 8,2023-10-13 00:00:00,54,,Negative,Negative,0,,"Undetectable, will not be done",,,VL,2023-08-18 00:00:00,2023-08-20 00:00:00,2023-11-14 00:00:00,Yes,90,Male,Male at birth,White,Non-Hispanic,No,No,No,No,No,5
131516-458,54,Not available,115521,133757-1,Resident,Op ill week 8,2023-10-13 00:00:00,54,,Negative,Negative,0,,"Undetectable, will not be done",,,Ct,2023-08-18 00:00:00,2023-08-20 00:00:00,2023-11-14 00:00:00,Yes,90,Male,Male at birth,White,Non-Hispanic,No,No,No,No,No,5
131516-458,58,,115521,133757-1,Resident,Op ill week 9,2023-10-17 00:00:00,58,,Negative,Negative,0,,"Undetectable, will not be done",,,VL,2023-08-18 00:00:00,2023-08-20 00:00:00,2023-11-14 00:00:00,Yes,90,Male,Male at birth,White,Non-Hispanic,No,No,No,No,No,5
131516-458,58,Not available,115521,133757-1,Resident,Op ill week 9,2023-10-17 00:00:00,58,,Negative,Negative,0,,"Undetectable, will not be done",,,Ct,2023-08-18 00:00:00,2023-08-20 00:00:00,2023-11-14 00:00:00,Yes,90,Male,Male at birth,White,Non-Hispanic,No,No,No,No,No,5
131516-458,68,,115521,133757-1,Resident,Op ill week 10,2023-10-27 00:00:00,68,,Negative,Negative,0,,"Undetectable, will not be done",,,VL,2023-08-18 00:00:00,2023-08-20 00:00:00,2023-11-14 00:00:00,Yes,90,Male,Male at birth,White,Non-Hispanic,No,No,No,No,No,5
131516-458,68,Not available,115521,133757-1,Resident,Op ill week 10,2023-10-27 00:00:00,68,,Negative,Negative,0,,"Undetectable, will not be done",,,Ct,2023-08-18 00:00:00,2023-08-20 00:00:00,2023-11-14 00:00:00,Yes,90,Male,Male at birth,White,Non-Hispanic,No,No,No,No,No,5
131516-458,73,,115521,133757-1,Resident,Op ill week 11,2023-11-01 00:00:00,73,,Negative,Negative,0,,"Undetectable, will not be done",,,VL,2023-08-18 00:00:00,2023-08-20 00:00:00,2023-11-14 00:00:00,Yes,90,Male,Male at birth,White,Non-Hispanic,No,No,No,No,No,5
131516-458,73,37.84,115521,133757-1,Resident,Op ill week 11,2023-11-01 00:00:00,73,,Negative,Negative,0,,"Undetectable, will not be done",,,Ct,2023-08-18 00:00:00,2023-08-20 00:00:00,2023-11-14 00:00:00,Yes,90,Male,Male at birth,White,Non-Hispanic,No,No,No,No,No,5
131516-458,80,,115521,133757-1,Resident,Op ill week 12,2023-11-08 00:00:00,80,,Negative,Negative,0,,"Undetectable, will not be done",,,VL,2023-08-18 00:00:00,2023-08-20 00:00:00,2023-11-14 00:00:00,Yes,90,Male,Male at birth,White,Non-Hispanic,No,No,No,No,No,5
131516-458,80,41.99,115521,133757-1,Resident,Op ill week 12,2023-11-08 00:00:00,80,,Negative,Negative,0,,"Undetectable, will not be done",,,Ct,2023-08-18 00:00:00,2023-08-20 00:00:00,2023-11-14 00:00:00,Yes,90,Male,Male at birth,White,Non-Hispanic,No,No,No,No,No,5
131516-458,86,,115521,133757-1,Resident,Op ill week 13,2023-11-14 00:00:00,86,,Negative,Negative,0,,"Undetectable, will not be done",,,VL,2023-08-18 00:00:00,2023-08-20 00:00:00,2023-11-14 00:00:00,Yes,90,Male,Male at birth,White,Non-Hispanic,No,No,No,No,No,5
131516-458,86,Not available,115521,133757-1,Resident,Op ill week 13,2023-11-14 00:00:00,86,,Negative,Negative,0,,"Undetectable, will not be done",,,Ct,2023-08-18 00:00:00,2023-08-20 00:00:00,2023-11-14 00:00:00,Yes,90,Male,Male at birth,White,Non-Hispanic,No,No,No,No,No,5
131516-473,2,4148706.55756505,115521,133757-1,Staff,Illness Day 2,2023-08-29 00:00:00,2,,Positive,Positive,0,6.61791271780387,Within detectable range,,,VL,2023-08-28 00:00:00,2023-08-27 00:00:00,2023-09-07 00:00:00,Yes,67,Female,Female at birth,Black or African American,Non-Hispanic,No,No,No,No,No,4
131516-473,2,21.33,115521,133757-1,Staff,Illness Day 2,2023-08-29 00:00:00,2,,Positive,Positive,0,6.61791271780387,Within detectable range,,,Ct,2023-08-28 00:00:00,2023-08-27 00:00:00,2023-09-07 00:00:00,Yes,67,Female,Female at birth,Black or African American,Non-Hispanic,No,No,No,No,No,4
131516-473,3,416005.359171596,115521,133757-1,Staff,Illness Day 3,2023-08-30 00:00:00,3,,Positive,Positive,0,5.61909892544323,Within detectable range,,,VL,2023-08-28 00:00:00,2023-08-27 00:00:00,2023-09-07 00:00:00,Yes,67,Female,Female at birth,Black or African American,Non-Hispanic,No,No,No,No,No,4
131516-473,3,24.8,115521,133757-1,Staff,Illness Day 3,2023-08-30 00:00:00,3,,Positive,Positive,0,5.61909892544323,Within detectable range,,,Ct,2023-08-28 00:00:00,2023-08-27 00:00:00,2023-09-07 00:00:00,Yes,67,Female,Female at birth,Black or African American,Non-Hispanic,No,No,No,No,No,4
131516-473,4,4086007.82766402,115521,133757-1,Staff,Illness Day 4,2023-08-31 00:00:00,4,,Inconclusive,Positive,0,6.61129919428567,Within detectable range,Omicron,HV.1,VL,2023-08-28 00:00:00,2023-08-27 00:00:00,2023-09-07 00:00:00,Yes,67,Female,Female at birth,Black or African American,Non-Hispanic,No,No,No,No,No,4
131516-473,4,21.06,115521,133757-1,Staff,Illness Day 4,2023-08-31 00:00:00,4,,Inconclusive,Positive,0,6.61129919428567,Within detectable range,Omicron,HV.1,Ct,2023-08-28 00:00:00,2023-08-27 00:00:00,2023-09-07 00:00:00,Yes,67,Female,Female at birth,Black or African American,Non-Hispanic,No,No,No,No,No,4
131516-473,5,225732.84599662,115521,133757-1,Staff,Illness Day 5,2023-09-01 00:00:00,5,,Positive,Positive,0,5.3535947571159,Within detectable range,,,VL,2023-08-28 00:00:00,2023-08-27 00:00:00,2023-09-07 00:00:00,Yes,67,Female,Female at birth,Black or African American,Non-Hispanic,No,No,No,No,No,4
131516-473,5,25.43,115521,133757-1,Staff,Illness Day 5,2023-09-01 00:00:00,5,,Positive,Positive,0,5.3535947571159,Within detectable range,,,Ct,2023-08-28 00:00:00,2023-08-27 00:00:00,2023-09-07 00:00:00,Yes,67,Female,Female at birth,Black or African American,Non-Hispanic,No,No,No,No,No,4
131516-473,6,602998.630530734,115521,133757-1,Staff,Illness Day 6,2023-09-02 00:00:00,6,,Negative,Positive,0,5.78031632581574,Within detectable range,,,VL,2023-08-28 00:00:00,2023-08-27 00:00:00,2023-09-07 00:00:00,Yes,67,Female,Female at birth,Black or African American,Non-Hispanic,No,No,No,No,No,4
131516-473,6,24.99,115521,133757-1,Staff,Illness Day 6,2023-09-02 00:00:00,6,,Negative,Positive,0,5.78031632581574,Within detectable range,,,Ct,2023-08-28 00:00:00,2023-08-27 00:00:00,2023-09-07 00:00:00,Yes,67,Female,Female at birth,Black or African American,Non-Hispanic,No,No,No,No,No,4
131516-473,7,142449.104758675,115521,133757-1,Staff,Illness Day 7,2023-09-03 00:00:00,7,,Inconclusive,Positive,0,5.15365972419965,Within detectable range,,,VL,2023-08-28 00:00:00,2023-08-27 00:00:00,2023-09-07 00:00:00,Yes,67,Female,Female at birth,Black or African American,Non-Hispanic,No,No,No,No,No,4
131516-473,7,26.02,115521,133757-1,Staff,Illness Day 7,2023-09-03 00:00:00,7,,Inconclusive,Positive,0,5.15365972419965,Within detectable range,,,Ct,2023-08-28 00:00:00,2023-08-27 00:00:00,2023-09-07 00:00:00,Yes,67,Female,Female at birth,Black or African American,Non-Hispanic,No,No,No,No,No,4
131516-473,8,6682.93052563334,115521,133757-1,Staff,Illness Day 8,2023-09-04 00:00:00,8,,Negative,Positive,0,3.82496694631135,"Less than 10,000 copies/mL",,,VL,2023-08-28 00:00:00,2023-08-27 00:00:00,2023-09-07 00:00:00,Yes,67,Female,Female at birth,Black or African American,Non-Hispanic,No,No,No,No,No,4
131516-473,8,29.78,115521,133757-1,Staff,Illness Day 8,2023-09-04 00:00:00,8,,Negative,Positive,0,3.82496694631135,"Less than 10,000 copies/mL",,,Ct,2023-08-28 00:00:00,2023-08-27 00:00:00,2023-09-07 00:00:00,Yes,67,Female,Female at birth,Black or African American,Non-Hispanic,No,No,No,No,No,4
131516-473,9,279.704244923509,115521,133757-1,Staff,Illness Day 9,2023-09-05 00:00:00,9,,Negative,Positive,0,2.44669905747938,"Less than 10,000 copies/mL",,,VL,2023-08-28 00:00:00,2023-08-27 00:00:00,2023-09-07 00:00:00,Yes,67,Female,Female at birth,Black or African American,Non-Hispanic,No,No,No,No,No,4
131516-473,9,33.6,115521,133757-1,Staff,Illness Day 9,2023-09-05 00:00:00,9,,Negative,Positive,0,2.44669905747938,"Less than 10,000 copies/mL",,,Ct,2023-08-28 00:00:00,2023-08-27 00:00:00,2023-09-07 00:00:00,Yes,67,Female,Female at birth,Black or African American,Non-Hispanic,No,No,No,No,No,4
131516-473,10,,115521,133757-1,Staff,Illness Day 10,2023-09-06 00:00:00,10,,Negative,Negative,0,,"Undetectable, will not be done",,,VL,2023-08-28 00:00:00,2023-08-27 00:00:00,2023-09-07 00:00:00,Yes,67,Female,Female at birth,Black or African American,Non-Hispanic,No,No,No,No,No,4
131516-473,10,39.2,115521,133757-1,Staff,Illness Day 10,2023-09-06 00:00:00,10,,Negative,Negative,0,,"Undetectable, will not be done",,,Ct,2023-08-28 00:00:00,2023-08-27 00:00:00,2023-09-07 00:00:00,Yes,67,Female,Female at birth,Black or African American,Non-Hispanic,No,No,No,No,No,4
131516-473,11,,115521,133757-1,Staff,Illness Day 11,2023-09-07 00:00:00,11,,Negative,Positive,0,,"VL run, not detected",,,VL,2023-08-28 00:00:00,2023-08-27 00:00:00,2023-09-07 00:00:00,Yes,67,Female,Female at birth,Black or African American,Non-Hispanic,No,No,No,No,No,4
131516-473,11,33.25,115521,133757-1,Staff,Illness Day 11,2023-09-07 00:00:00,11,,Negative,Positive,0,,"VL run, not detected",,,Ct,2023-08-28 00:00:00,2023-08-27 00:00:00,2023-09-07 00:00:00,Yes,67,Female,Female at birth,Black or African American,Non-Hispanic,No,No,No,No,No,4
131516-240,0,5131237.18017267,115275,133757-2,Resident,Tier 1 Testing,2023-08-22 00:00:00,0,,Negative,Positive,0,6.71022208942825,Within detectable range,,,VL,2023-07-11 00:00:00,2023-08-22 00:00:00,2023-08-26 00:00:00,Yes,79,Male,Male at birth,Black or African American,Non-Hispanic,No,No,No,No,No,4
131516-240,0,21.14,115275,133757-2,Resident,Tier 1 Testing,2023-08-22 00:00:00,0,,Negative,Positive,0,6.71022208942825,Within detectable range,,,Ct,2023-07-11 00:00:00,2023-08-22 00:00:00,2023-08-26 00:00:00,Yes,79,Male,Male at birth,Black or African American,Non-Hispanic,No,No,No,No,No,4
131516-240,2,353.53765038563,115275,133757-2,Resident,Tier 1 Testing,2023-08-24 00:00:00,2,,Negative,Positive,0,2.54843567127015,"Less than 10,000 copies/mL",,,VL,2023-07-11 00:00:00,2023-08-22 00:00:00,2023-08-26 00:00:00,Yes,79,Male,Male at birth,Black or African American,Non-Hispanic,No,No,No,No,No,4
131516-240,2,34.98,115275,133757-2,Resident,Tier 1 Testing,2023-08-24 00:00:00,2,,Negative,Positive,0,2.54843567127015,"Less than 10,000 copies/mL",,,Ct,2023-07-11 00:00:00,2023-08-22 00:00:00,2023-08-26 00:00:00,Yes,79,Male,Male at birth,Black or African American,Non-Hispanic,No,No,No,No,No,4
131516-240,4,,115275,133757-2,Resident,Tier 1 Testing,2023-08-26 00:00:00,4,,Negative,Negative,0,,"Undetectable, will not be done",,,VL,2023-07-11 00:00:00,2023-08-22 00:00:00,2023-08-26 00:00:00,Yes,79,Male,Male at birth,Black or African American,Non-Hispanic,No,No,No,No,No,4
131516-240,4,38.48,115275,133757-2,Resident,Tier 1 Testing,2023-08-26 00:00:00,4,,Negative,Negative,0,,"Undetectable, will not be done",,,Ct,2023-07-11 00:00:00,2023-08-22 00:00:00,2023-08-26 00:00:00,Yes,79,Male,Male at birth,Black or African American,Non-Hispanic,No,No,No,No,No,4
131516-256,1,3671936.18253757,115275,133757-2,Resident,Illness Day 1,2023-08-26 00:00:00,1,,Positive,Positive,0,6.56489512464995,Within detectable range,,,VL,2023-08-26 00:00:00,2023-08-25 00:00:00,2023-09-08 00:00:00,Yes,76,Male,Male at birth,Black or African American,Non-Hispanic,No,No,No,No,No,4
131516-256,1,21.93,115275,133757-2,Resident,Illness Day 1,2023-08-26 00:00:00,1,,Positive,Positive,0,6.56489512464995,Within detectable range,,,Ct,2023-08-26 00:00:00,2023-08-25 00:00:00,2023-09-08 00:00:00,Yes,76,Male,Male at birth,Black or African American,Non-Hispanic,No,No,No,No,No,4
131516-256,3,30384447.4201745,115275,133757-2,Resident,Illness Day 3,2023-08-28 00:00:00,3,,Negative,Positive,0,7.48265134255758,Within detectable range,Omicron,FY.4.2,VL,2023-08-26 00:00:00,2023-08-25 00:00:00,2023-09-08 00:00:00,Yes,76,Male,Male at birth,Black or African American,Non-Hispanic,No,No,No,No,No,4
131516-256,3,19.44,115275,133757-2,Resident,Illness Day 3,2023-08-28 00:00:00,3,,Negative,Positive,0,7.48265134255758,Within detectable range,Omicron,FY.4.2,Ct,2023-08-26 00:00:00,2023-08-25 00:00:00,2023-09-08 00:00:00,Yes,76,Male,Male at birth,Black or African American,Non-Hispanic,No,No,No,No,No,4
131516-256,4,101028.970045595,115275,133757-2,Resident,Illness Day 4,2023-08-29 00:00:00,4,,Negative,Positive,0,5.00444592553407,Within detectable range,,,VL,2023-08-26 00:00:00,2023-08-25 00:00:00,2023-09-08 00:00:00,Yes,76,Male,Male at birth,Black or African American,Non-Hispanic,No,No,No,No,No,4
131516-256,4,27,115275,133757-2,Resident,Illness Day 4,2023-08-29 00:00:00,4,,Negative,Positive,0,5.00444592553407,Within detectable range,,,Ct,2023-08-26 00:00:00,2023-08-25 00:00:00,2023-09-08 00:00:00,Yes,76,Male,Male at birth,Black or African American,Non-Hispanic,No,No,No,No,No,4
131516-256,5,545216.105410999,115275,133757-2,Resident,Illness Day 5,2023-08-30 00:00:00,5,,Negative,Positive,0,5.73656867619385,Within detectable range,,,VL,2023-08-26 00:00:00,2023-08-25 00:00:00,2023-09-08 00:00:00,Yes,76,Male,Male at birth,Black or African American,Non-Hispanic,No,No,No,No,No,4
131516-256,5,24.91,115275,133757-2,Resident,Illness Day 5,2023-08-30 00:00:00,5,,Negative,Positive,0,5.73656867619385,Within detectable range,,,Ct,2023-08-26 00:00:00,2023-08-25 00:00:00,2023-09-08 00:00:00,Yes,76,Male,Male at birth,Black or African American,Non-Hispanic,No,No,No,No,No,4
131516-256,6,3330.4021310466,115275,133757-2,Resident,Illness Day 6,2023-08-31 00:00:00,6,,Negative,Positive,0,3.52249667577371,"Less than 10,000 copies/mL",,,VL,2023-08-26 00:00:00,2023-08-25 00:00:00,2023-09-08 00:00:00,Yes,76,Male,Male at birth,Black or African American,Non-Hispanic,No,No,No,No,No,4
131516-256,6,31.64,115275,133757-2,Resident,Illness Day 6,2023-08-31 00:00:00,6,,Negative,Positive,0,3.52249667577371,"Less than 10,000 copies/mL",,,Ct,2023-08-26 00:00:00,2023-08-25 00:00:00,2023-09-08 00:00:00,Yes,76,Male,Male at birth,Black or African American,Non-Hispanic,No,No,No,No,No,4
131516-256,7,1214331.71819772,115275,133757-2,Resident,Illness Day 7,2023-09-01 00:00:00,7,,Negative,Positive,0,6.08433733888436,Within detectable range,,,VL,2023-08-26 00:00:00,2023-08-25 00:00:00,2023-09-08 00:00:00,Yes,76,Male,Male at birth,Black or African American,Non-Hispanic,No,No,No,No,No,4
131516-256,7,23.2,115275,133757-2,Resident,Illness Day 7,2023-09-01 00:00:00,7,,Negative,Positive,0,6.08433733888436,Within detectable range,,,Ct,2023-08-26 00:00:00,2023-08-25 00:00:00,2023-09-08 00:00:00,Yes,76,Male,Male at birth,Black or African American,Non-Hispanic,No,No,No,No,No,4
131516-256,8,4810.46545286183,115275,133757-2,Resident,Illness Day 8,2023-09-02 00:00:00,8,,Negative,Positive,0,3.68218710003903,"Less than 10,000 copies/mL",,,VL,2023-08-26 00:00:00,2023-08-25 00:00:00,2023-09-08 00:00:00,Yes,76,Male,Male at birth,Black or African American,Non-Hispanic,No,No,No,No,No,4
131516-256,8,30.78,115275,133757-2,Resident,Illness Day 8,2023-09-02 00:00:00,8,,Negative,Positive,0,3.68218710003903,"Less than 10,000 copies/mL",,,Ct,2023-08-26 00:00:00,2023-08-25 00:00:00,2023-09-08 00:00:00,Yes,76,Male,Male at birth,Black or African American,Non-Hispanic,No,No,No,No,No,4
131516-256,10,104104.47718467,115275,133757-2,Resident,Illness Day 10,2023-09-04 00:00:00,10,,Negative,Positive,0,5.01746940746236,Within detectable range,,,VL,2023-08-26 00:00:00,2023-08-25 00:00:00,2023-09-08 00:00:00,Yes,76,Male,Male at birth,Black or African American,Non-Hispanic,No,No,No,No,No,4
131516-256,10,25.61,115275,133757-2,Resident,Illness Day 10,2023-09-04 00:00:00,10,,Negative,Positive,0,5.01746940746236,Within detectable range,,,Ct,2023-08-26 00:00:00,2023-08-25 00:00:00,2023-09-08 00:00:00,Yes,76,Male,Male at birth,Black or African American,Non-Hispanic,No,No,No,No,No,4
131516-256,12,8842.00018316547,115275,133757-2,Resident,Illness Day 12,2023-09-06 00:00:00,12,,Negative,Positive,0,3.94655051956644,"Less than 10,000 copies/mL",,,VL,2023-08-26 00:00:00,2023-08-25 00:00:00,2023-09-08 00:00:00,Yes,76,Male,Male at birth,Black or African American,Non-Hispanic,No,No,No,No,No,4
131516-256,12,29.51,115275,133757-2,Resident,Illness Day 12,2023-09-06 00:00:00,12,,Negative,Positive,0,3.94655051956644,"Less than 10,000 copies/mL",,,Ct,2023-08-26 00:00:00,2023-08-25 00:00:00,2023-09-08 00:00:00,Yes,76,Male,Male at birth,Black or African American,Non-Hispanic,No,No,No,No,No,4
131516-256,13,248.072440210005,115275,133757-2,Resident,Illness Day 13,2023-09-07 00:00:00,13,,Negative,Positive,0,2.39457851868757,"Less than 10,000 copies/mL",,,VL,2023-08-26 00:00:00,2023-08-25 00:00:00,2023-09-08 00:00:00,Yes,76,Male,Male at birth,Black or African American,Non-Hispanic,No,No,No,No,No,4
131516-256,13,33.95,115275,133757-2,Resident,Illness Day 13,2023-09-07 00:00:00,13,,Negative,Positive,0,2.39457851868757,"Less than 10,000 copies/mL",,,Ct,2023-08-26 00:00:00,2023-08-25 00:00:00,2023-09-08 00:00:00,Yes,76,Male,Male at birth,Black or African American,Non-Hispanic,No,No,No,No,No,4
131516-256,14,260.416766357263,115275,133757-2,Resident,Illness Day 14,2023-09-08 00:00:00,14,,Negative,Positive,0,2.41566894188553,"Less than 10,000 copies/mL",,,VL,2023-08-26 00:00:00,2023-08-25 00:00:00,2023-09-08 00:00:00,Yes,76,Male,Male at birth,Black or African American,Non-Hispanic,No,No,No,No,No,4
131516-256,14,33.63,115275,133757-2,Resident,Illness Day 14,2023-09-08 00:00:00,14,,Negative,Positive,0,2.41566894188553,"Less than 10,000 copies/mL",,,Ct,2023-08-26 00:00:00,2023-08-25 00:00:00,2023-09-08 00:00:00,Yes,76,Male,Male at birth,Black or African American,Non-Hispanic,No,No,No,No,No,4
131516-414,0,146358121.002346,115275,133757-2,Staff,Tier 1 Testing,2023-08-22 00:00:00,0,,Positive,Positive,0,8.16541682522321,Within detectable range,,,VL,2023-08-16 00:00:00,2023-08-22 00:00:00,2023-09-04 00:00:00,Unknown,56,Female,Female at birth,Black or African American,Non-Hispanic,No,No,No,No,No,2
131516-414,0,17.7,115275,133757-2,Staff,Tier 1 Testing,2023-08-22 00:00:00,0,,Positive,Positive,0,8.16541682522321,Within detectable range,,,Ct,2023-08-16 00:00:00,2023-08-22 00:00:00,2023-09-04 00:00:00,Unknown,56,Female,Female at birth,Black or African American,Non-Hispanic,No,No,No,No,No,2
131516-414,1,83469407.4734594,115275,133757-2,Staff,Illness Day 1,2023-08-23 00:00:00,1,,Positive,Positive,0,7.9215273305742,Within detectable range,Omicron,FY.4.2,VL,2023-08-16 00:00:00,2023-08-22 00:00:00,2023-09-04 00:00:00,Unknown,56,Female,Female at birth,Black or African American,Non-Hispanic,No,No,No,No,No,2
131516-414,1,17.35,115275,133757-2,Staff,Illness Day 1,2023-08-23 00:00:00,1,,Positive,Positive,0,7.9215273305742,Within detectable range,Omicron,FY.4.2,Ct,2023-08-16 00:00:00,2023-08-22 00:00:00,2023-09-04 00:00:00,Unknown,56,Female,Female at birth,Black or African American,Non-Hispanic,No,No,No,No,No,2
131516-414,2,37437010.0651391,115275,133757-2,Staff,Illness Day 2,2023-08-24 00:00:00,2,,Positive,Positive,0,7.57330115619686,Within detectable range,,,VL,2023-08-16 00:00:00,2023-08-22 00:00:00,2023-09-04 00:00:00,Unknown,56,Female,Female at birth,Black or African American,Non-Hispanic,No,No,No,No,No,2
131516-414,2,17.48,115275,133757-2,Staff,Illness Day 2,2023-08-24 00:00:00,2,,Positive,Positive,0,7.57330115619686,Within detectable range,,,Ct,2023-08-16 00:00:00,2023-08-22 00:00:00,2023-09-04 00:00:00,Unknown,56,Female,Female at birth,Black or African American,Non-Hispanic,No,No,No,No,No,2
131516-414,3,894450.222096074,115275,133757-2,Staff,Illness Day 3,2023-08-25 00:00:00,3,,Positive,Positive,0,5.95155617623874,Within detectable range,,,VL,2023-08-16 00:00:00,2023-08-22 00:00:00,2023-09-04 00:00:00,Unknown,56,Female,Female at birth,Black or African American,Non-Hispanic,No,No,No,No,No,2
131516-414,3,22.91,115275,133757-2,Staff,Illness Day 3,2023-08-25 00:00:00,3,,Positive,Positive,0,5.95155617623874,Within detectable range,,,Ct,2023-08-16 00:00:00,2023-08-22 00:00:00,2023-09-04 00:00:00,Unknown,56,Female,Female at birth,Black or African American,Non-Hispanic,No,No,No,No,No,2
131516-414,4,387654.450163021,115275,133757-2,Staff,Illness Day 4,2023-08-26 00:00:00,4,,Negative,Positive,0,5.58844477391149,Within detectable range,,,VL,2023-08-16 00:00:00,2023-08-22 00:00:00,2023-09-04 00:00:00,Unknown,56,Female,Female at birth,Black or African American,Non-Hispanic,No,No,No,No,No,2
131516-414,4,26.12,115275,133757-2,Staff,Illness Day 4,2023-08-26 00:00:00,4,,Negative,Positive,0,5.58844477391149,Within detectable range,,,Ct,2023-08-16 00:00:00,2023-08-22 00:00:00,2023-09-04 00:00:00,Unknown,56,Female,Female at birth,Black or African American,Non-Hispanic,No,No,No,No,No,2
131516-414,5,48851.8046373952,115275,133757-2,Staff,Illness Day 5,2023-08-27 00:00:00,5,,Negative,Positive,0,4.68888061164919,Within detectable range,,,VL,2023-08-16 00:00:00,2023-08-22 00:00:00,2023-09-04 00:00:00,Unknown,56,Female,Female at birth,Black or African American,Non-Hispanic,No,No,No,No,No,2
131516-414,5,31.3,115275,133757-2,Staff,Illness Day 5,2023-08-27 00:00:00,5,,Negative,Positive,0,4.68888061164919,Within detectable range,,,Ct,2023-08-16 00:00:00,2023-08-22 00:00:00,2023-09-04 00:00:00,Unknown,56,Female,Female at birth,Black or African American,Non-Hispanic,No,No,No,No,No,2
131516-414,6,1135.50264960937,115275,133757-2,Staff,Illness Day 6,2023-08-28 00:00:00,6,,Negative,Positive,0,3.05518815195019,"Less than 10,000 copies/mL",,,VL,2023-08-16 00:00:00,2023-08-22 00:00:00,2023-09-04 00:00:00,Unknown,56,Female,Female at birth,Black or African American,Non-Hispanic,No,No,No,No,No,2
131516-414,6,34.53,115275,133757-2,Staff,Illness Day 6,2023-08-28 00:00:00,6,,Negative,Positive,0,3.05518815195019,"Less than 10,000 copies/mL",,,Ct,2023-08-16 00:00:00,2023-08-22 00:00:00,2023-09-04 00:00:00,Unknown,56,Female,Female at birth,Black or African American,Non-Hispanic,No,No,No,No,No,2
131516-414,7,,115275,133757-2,Staff,Illness Day 7,2023-08-29 00:00:00,7,,Negative,Negative,0,,"Undetectable, will not be done",,,VL,2023-08-16 00:00:00,2023-08-22 00:00:00,2023-09-04 00:00:00,Unknown,56,Female,Female at birth,Black or African American,Non-Hispanic,No,No,No,No,No,2
131516-414,7,39.67,115275,133757-2,Staff,Illness Day 7,2023-08-29 00:00:00,7,,Negative,Negative,0,,"Undetectable, will not be done",,,Ct,2023-08-16 00:00:00,2023-08-22 00:00:00,2023-09-04 00:00:00,Unknown,56,Female,Female at birth,Black or African American,Non-Hispanic,No,No,No,No,No,2
131516-414,8,2537.73520367892,115275,133757-2,Staff,Illness Day 8,2023-08-30 00:00:00,8,,Negative,Positive,0,3.40444630429115,"Less than 10,000 copies/mL",,,VL,2023-08-16 00:00:00,2023-08-22 00:00:00,2023-09-04 00:00:00,Unknown,56,Female,Female at birth,Black or African American,Non-Hispanic,No,No,No,No,No,2
131516-414,8,31.19,115275,133757-2,Staff,Illness Day 8,2023-08-30 00:00:00,8,,Negative,Positive,0,3.40444630429115,"Less than 10,000 copies/mL",,,Ct,2023-08-16 00:00:00,2023-08-22 00:00:00,2023-09-04 00:00:00,Unknown,56,Female,Female at birth,Black or African American,Non-Hispanic,No,No,No,No,No,2
131516-414,9,,115275,133757-2,Staff,Illness Day 9,2023-08-31 00:00:00,9,,Negative,Negative,0,,"Undetectable, will not be done",,,VL,2023-08-16 00:00:00,2023-08-22 00:00:00,2023-09-04 00:00:00,Unknown,56,Female,Female at birth,Black or African American,Non-Hispanic,No,No,No,No,No,2
131516-414,9,Not available,115275,133757-2,Staff,Illness Day 9,2023-08-31 00:00:00,9,,Negative,Negative,0,,"Undetectable, will not be done",,,Ct,2023-08-16 00:00:00,2023-08-22 00:00:00,2023-09-04 00:00:00,Unknown,56,Female,Female at birth,Black or African American,Non-Hispanic,No,No,No,No,No,2
131516-414,10,,115275,133757-2,Staff,Illness Day 10,2023-09-01 00:00:00,10,,Negative,Negative,0,,"Undetectable, will not be done",,,VL,2023-08-16 00:00:00,2023-08-22 00:00:00,2023-09-04 00:00:00,Unknown,56,Female,Female at birth,Black or African American,Non-Hispanic,No,No,No,No,No,2
131516-414,10,Not available,115275,133757-2,Staff,Illness Day 10,2023-09-01 00:00:00,10,,Negative,Negative,0,,"Undetectable, will not be done",,,Ct,2023-08-16 00:00:00,2023-08-22 00:00:00,2023-09-04 00:00:00,Unknown,56,Female,Female at birth,Black or African American,Non-Hispanic,No,No,No,No,No,2
131516-414,11,,115275,133757-2,Staff,Illness Day 11,2023-09-02 00:00:00,11,,Negative,Negative,0,,"Undetectable, will not be done",,,VL,2023-08-16 00:00:00,2023-08-22 00:00:00,2023-09-04 00:00:00,Unknown,56,Female,Female at birth,Black or African American,Non-Hispanic,No,No,No,No,No,2
131516-414,11,40.18,115275,133757-2,Staff,Illness Day 11,2023-09-02 00:00:00,11,,Negative,Negative,0,,"Undetectable, will not be done",,,Ct,2023-08-16 00:00:00,2023-08-22 00:00:00,2023-09-04 00:00:00,Unknown,56,Female,Female at birth,Black or African American,Non-Hispanic,No,No,No,No,No,2
131516-414,12,,115275,133757-2,Staff,Illness Day 12,2023-09-03 00:00:00,12,,Negative,Negative,0,,"Undetectable, will not be done",,,VL,2023-08-16 00:00:00,2023-08-22 00:00:00,2023-09-04 00:00:00,Unknown,56,Female,Female at birth,Black or African American,Non-Hispanic,No,No,No,No,No,2
131516-414,12,Not available,115275,133757-2,Staff,Illness Day 12,2023-09-03 00:00:00,12,,Negative,Negative,0,,"Undetectable, will not be done",,,Ct,2023-08-16 00:00:00,2023-08-22 00:00:00,2023-09-04 00:00:00,Unknown,56,Female,Female at birth,Black or African American,Non-Hispanic,No,No,No,No,No,2
131516-414,13,,115275,133757-2,Staff,Illness Day 13,2023-09-04 00:00:00,13,,Negative,Negative,0,,"Undetectable, will not be done",,,VL,2023-08-16 00:00:00,2023-08-22 00:00:00,2023-09-04 00:00:00,Unknown,56,Female,Female at birth,Black or African American,Non-Hispanic,No,No,No,No,No,2
131516-414,13,Not available,115275,133757-2,Staff,Illness Day 13,2023-09-04 00:00:00,13,,Negative,Negative,0,,"Undetectable, will not be done",,,Ct,2023-08-16 00:00:00,2023-08-22 00:00:00,2023-09-04 00:00:00,Unknown,56,Female,Female at birth,Black or African American,Non-Hispanic,No,No,No,No,No,2
131516-417,0,11097645.0824046,115275,133757-2,Staff,Tier 1 Testing,2023-08-22 00:00:00,0,,Positive,Positive,0,7.0452308313794,Within detectable range,,,VL,2023-08-16 00:00:00,2023-08-22 00:00:00,2023-09-04 00:00:00,Yes,55,Female,Female at birth,Black or African American,Non-Hispanic,No,No,No,No,No,4
131516-417,0,19.6,115275,133757-2,Staff,Tier 1 Testing,2023-08-22 00:00:00,0,,Positive,Positive,0,7.0452308313794,Within detectable range,,,Ct,2023-08-16 00:00:00,2023-08-22 00:00:00,2023-09-04 00:00:00,Yes,55,Female,Female at birth,Black or African American,Non-Hispanic,No,No,No,No,No,4
131516-417,2,3592605.08423744,115275,133757-2,Staff,Illness Day 2,2023-08-24 00:00:00,2,,Positive,Positive,0,6.55540948017077,Within detectable range,Omicron,FY.4.2,VL,2023-08-16 00:00:00,2023-08-22 00:00:00,2023-09-04 00:00:00,Yes,55,Female,Female at birth,Black or African American,Non-Hispanic,No,No,No,No,No,4
131516-417,2,20.1,115275,133757-2,Staff,Illness Day 2,2023-08-24 00:00:00,2,,Positive,Positive,0,6.55540948017077,Within detectable range,Omicron,FY.4.2,Ct,2023-08-16 00:00:00,2023-08-22 00:00:00,2023-09-04 00:00:00,Yes,55,Female,Female at birth,Black or African American,Non-Hispanic,No,No,No,No,No,4
131516-417,3,662030.719025682,115275,133757-2,Staff,Illness Day 3,2023-08-25 00:00:00,3,,Positive,Positive,0,5.82087814169622,Within detectable range,,,VL,2023-08-16 00:00:00,2023-08-22 00:00:00,2023-09-04 00:00:00,Yes,55,Female,Female at birth,Black or African American,Non-Hispanic,No,No,No,No,No,4
131516-417,3,26.04,115275,133757-2,Staff,Illness Day 3,2023-08-25 00:00:00,3,,Positive,Positive,0,5.82087814169622,Within detectable range,,,Ct,2023-08-16 00:00:00,2023-08-22 00:00:00,2023-09-04 00:00:00,Yes,55,Female,Female at birth,Black or African American,Non-Hispanic,No,No,No,No,No,4
131516-417,4,30967.3477126821,115275,133757-2,Staff,Illness Day 4,2023-08-26 00:00:00,4,,Negative,Positive,0,4.49090401055301,Within detectable range,,,VL,2023-08-16 00:00:00,2023-08-22 00:00:00,2023-09-04 00:00:00,Yes,55,Female,Female at birth,Black or African American,Non-Hispanic,No,No,No,No,No,4
131516-417,4,28.61,115275,133757-2,Staff,Illness Day 4,2023-08-26 00:00:00,4,,Negative,Positive,0,4.49090401055301,Within detectable range,,,Ct,2023-08-16 00:00:00,2023-08-22 00:00:00,2023-09-04 00:00:00,Yes,55,Female,Female at birth,Black or African American,Non-Hispanic,No,No,No,No,No,4
131516-417,6,,115275,133757-2,Staff,Illness Day 6,2023-08-28 00:00:00,6,,Negative,Negative,0,,"Undetectable, will not be done",,,VL,2023-08-16 00:00:00,2023-08-22 00:00:00,2023-09-04 00:00:00,Yes,55,Female,Female at birth,Black or African American,Non-Hispanic,No,No,No,No,No,4
131516-417,6,Not available,115275,133757-2,Staff,Illness Day 6,2023-08-28 00:00:00,6,,Negative,Negative,0,,"Undetectable, will not be done",,,Ct,2023-08-16 00:00:00,2023-08-22 00:00:00,2023-09-04 00:00:00,Yes,55,Female,Female at birth,Black or African American,Non-Hispanic,No,No,No,No,No,4
131516-417,7,533.210278367027,115275,133757-2,Staff,Illness Day 7,2023-08-29 00:00:00,7,,Negative,Positive,0,2.72689851245048,"Less than 10,000 copies/mL",,,VL,2023-08-16 00:00:00,2023-08-22 00:00:00,2023-09-04 00:00:00,Yes,55,Female,Female at birth,Black or African American,Non-Hispanic,No,No,No,No,No,4
131516-417,7,32.84,115275,133757-2,Staff,Illness Day 7,2023-08-29 00:00:00,7,,Negative,Positive,0,2.72689851245048,"Less than 10,000 copies/mL",,,Ct,2023-08-16 00:00:00,2023-08-22 00:00:00,2023-09-04 00:00:00,Yes,55,Female,Female at birth,Black or African American,Non-Hispanic,No,No,No,No,No,4
131516-417,8,,115275,133757-2,Staff,Illness Day 8,2023-08-30 00:00:00,8,,Negative,Negative,0,,"Undetectable, will not be done",,,VL,2023-08-16 00:00:00,2023-08-22 00:00:00,2023-09-04 00:00:00,Yes,55,Female,Female at birth,Black or African American,Non-Hispanic,No,No,No,No,No,4
131516-417,8,Not available,115275,133757-2,Staff,Illness Day 8,2023-08-30 00:00:00,8,,Negative,Negative,0,,"Undetectable, will not be done",,,Ct,2023-08-16 00:00:00,2023-08-22 00:00:00,2023-09-04 00:00:00,Yes,55,Female,Female at birth,Black or African American,Non-Hispanic,No,No,No,No,No,4
131516-417,9,,115275,133757-2,Staff,Illness Day 9,2023-08-31 00:00:00,9,,Negative,Negative,0,,"Undetectable, will not be done",,,VL,2023-08-16 00:00:00,2023-08-22 00:00:00,2023-09-04 00:00:00,Yes,55,Female,Female at birth,Black or African American,Non-Hispanic,No,No,No,No,No,4
131516-417,9,Not available,115275,133757-2,Staff,Illness Day 9,2023-08-31 00:00:00,9,,Negative,Negative,0,,"Undetectable, will not be done",,,Ct,2023-08-16 00:00:00,2023-08-22 00:00:00,2023-09-04 00:00:00,Yes,55,Female,Female at birth,Black or African American,Non-Hispanic,No,No,No,No,No,4
131516-417,10,,115275,133757-2,Staff,Illness Day 10,2023-09-01 00:00:00,10,,Negative,Negative,0,,"Undetectable, will not be done",,,VL,2023-08-16 00:00:00,2023-08-22 00:00:00,2023-09-04 00:00:00,Yes,55,Female,Female at birth,Black or African American,Non-Hispanic,No,No,No,No,No,4
131516-417,10,Not available,115275,133757-2,Staff,Illness Day 10,2023-09-01 00:00:00,10,,Negative,Negative,0,,"Undetectable, will not be done",,,Ct,2023-08-16 00:00:00,2023-08-22 00:00:00,2023-09-04 00:00:00,Yes,55,Female,Female at birth,Black or African American,Non-Hispanic,No,No,No,No,No,4
131516-417,11,1012.75281083027,115275,133757-2,Staff,Illness Day 11,2023-09-02 00:00:00,11,,Negative,Positive,0,3.00550345721369,"Less than 10,000 copies/mL",,,VL,2023-08-16 00:00:00,2023-08-22 00:00:00,2023-09-04 00:00:00,Yes,55,Female,Female at birth,Black or African American,Non-Hispanic,No,No,No,No,No,4
131516-417,11,33.88,115275,133757-2,Staff,Illness Day 11,2023-09-02 00:00:00,11,,Negative,Positive,0,3.00550345721369,"Less than 10,000 copies/mL",,,Ct,2023-08-16 00:00:00,2023-08-22 00:00:00,2023-09-04 00:00:00,Yes,55,Female,Female at birth,Black or African American,Non-Hispanic,No,No,No,No,No,4
131516-417,12,,115275,133757-2,Staff,Illness Day 12,2023-09-03 00:00:00,12,,Negative,Negative,0,,"Undetectable, will not be done",,,VL,2023-08-16 00:00:00,2023-08-22 00:00:00,2023-09-04 00:00:00,Yes,55,Female,Female at birth,Black or African American,Non-Hispanic,No,No,No,No,No,4
131516-417,12,Not available,115275,133757-2,Staff,Illness Day 12,2023-09-03 00:00:00,12,,Negative,Negative,0,,"Undetectable, will not be done",,,Ct,2023-08-16 00:00:00,2023-08-22 00:00:00,2023-09-04 00:00:00,Yes,55,Female,Female at birth,Black or African American,Non-Hispanic,No,No,No,No,No,4
131516-417,13,,115275,133757-2,Staff,Illness Day 13,2023-09-04 00:00:00,13,,Negative,Negative,0,,"Undetectable, will not be done",,,VL,2023-08-16 00:00:00,2023-08-22 00:00:00,2023-09-04 00:00:00,Yes,55,Female,Female at birth,Black or African American,Non-Hispanic,No,No,No,No,No,4
131516-417,13,Not available,115275,133757-2,Staff,Illness Day 13,2023-09-04 00:00:00,13,,Negative,Negative,0,,"Undetectable, will not be done",,,Ct,2023-08-16 00:00:00,2023-08-22 00:00:00,2023-09-04 00:00:00,Yes,55,Female,Female at birth,Black or African American,Non-Hispanic,No,No,No,No,No,4
131516-471,3,1404.42089334734,115275,133757-2,Resident,Illness Day 3,2023-08-24 00:00:00,3,,Positive,Positive,0,3.14749728177164,"Less than 10,000 copies/mL",,,VL,2023-08-23 00:00:00,2023-08-21 00:00:00,2023-09-04 00:00:00,Yes,90,Female,Female at birth,Black or African American,Non-Hispanic,Yes,No,No,No,No,4
131516-471,3,31.25,115275,133757-2,Resident,Illness Day 3,2023-08-24 00:00:00,3,,Positive,Positive,0,3.14749728177164,"Less than 10,000 copies/mL",,,Ct,2023-08-23 00:00:00,2023-08-21 00:00:00,2023-09-04 00:00:00,Yes,90,Female,Female at birth,Black or African American,Non-Hispanic,Yes,No,No,No,No,4
131516-471,4,521.360224184746,115275,133757-2,Resident,Illness Day 4,2023-08-25 00:00:00,4,,Inconclusive,Positive,0,2.71713789473409,"Less than 10,000 copies/mL",,,VL,2023-08-23 00:00:00,2023-08-21 00:00:00,2023-09-04 00:00:00,Yes,90,Female,Female at birth,Black or African American,Non-Hispanic,Yes,No,No,No,No,4
131516-471,4,35.16,115275,133757-2,Resident,Illness Day 4,2023-08-25 00:00:00,4,,Inconclusive,Positive,0,2.71713789473409,"Less than 10,000 copies/mL",,,Ct,2023-08-23 00:00:00,2023-08-21 00:00:00,2023-09-04 00:00:00,Yes,90,Female,Female at birth,Black or African American,Non-Hispanic,Yes,No,No,No,No,4
131516-471,5,1411.90799371701,115275,133757-2,Resident,Illness Day 5,2023-08-26 00:00:00,5,,Negative,Positive,0,3.14980639705368,"Less than 10,000 copies/mL",,,VL,2023-08-23 00:00:00,2023-08-21 00:00:00,2023-09-04 00:00:00,Yes,90,Female,Female at birth,Black or African American,Non-Hispanic,Yes,No,No,No,No,4
131516-471,5,33.31,115275,133757-2,Resident,Illness Day 5,2023-08-26 00:00:00,5,,Negative,Positive,0,3.14980639705368,"Less than 10,000 copies/mL",,,Ct,2023-08-23 00:00:00,2023-08-21 00:00:00,2023-09-04 00:00:00,Yes,90,Female,Female at birth,Black or African American,Non-Hispanic,Yes,No,No,No,No,4
131516-471,7,,115275,133757-2,Resident,Illness Day 7,2023-08-28 00:00:00,7,,Negative,Negative,0,,"Undetectable, will not be done",,,VL,2023-08-23 00:00:00,2023-08-21 00:00:00,2023-09-04 00:00:00,Yes,90,Female,Female at birth,Black or African American,Non-Hispanic,Yes,No,No,No,No,4
131516-471,7,37.87,115275,133757-2,Resident,Illness Day 7,2023-08-28 00:00:00,7,,Negative,Negative,0,,"Undetectable, will not be done",,,Ct,2023-08-23 00:00:00,2023-08-21 00:00:00,2023-09-04 00:00:00,Yes,90,Female,Female at birth,Black or African American,Non-Hispanic,Yes,No,No,No,No,4
131516-471,8,2380.97484008386,115275,133757-2,Resident,Illness Day 8,2023-08-29 00:00:00,8,,Negative,Positive,0,3.37675480621106,"Less than 10,000 copies/mL",,,VL,2023-08-23 00:00:00,2023-08-21 00:00:00,2023-09-04 00:00:00,Yes,90,Female,Female at birth,Black or African American,Non-Hispanic,Yes,No,No,No,No,4
131516-471,8,32.72,115275,133757-2,Resident,Illness Day 8,2023-08-29 00:00:00,8,,Negative,Positive,0,3.37675480621106,"Less than 10,000 copies/mL",,,Ct,2023-08-23 00:00:00,2023-08-21 00:00:00,2023-09-04 00:00:00,Yes,90,Female,Female at birth,Black or African American,Non-Hispanic,Yes,No,No,No,No,4
131516-471,9,,115275,133757-2,Resident,Illness Day 9,2023-08-30 00:00:00,9,,Negative,Negative,0,,"Undetectable, will not be done",,,VL,2023-08-23 00:00:00,2023-08-21 00:00:00,2023-09-04 00:00:00,Yes,90,Female,Female at birth,Black or African American,Non-Hispanic,Yes,No,No,No,No,4
131516-471,9,Not available,115275,133757-2,Resident,Illness Day 9,2023-08-30 00:00:00,9,,Negative,Negative,0,,"Undetectable, will not be done",,,Ct,2023-08-23 00:00:00,2023-08-21 00:00:00,2023-09-04 00:00:00,Yes,90,Female,Female at birth,Black or African American,Non-Hispanic,Yes,No,No,No,No,4
131516-471,10,245.97184311423,115275,133757-2,Resident,Illness Day 10,2023-08-31 00:00:00,10,,Negative,Positive,0,2.39088539539609,"Less than 10,000 copies/mL",,,VL,2023-08-23 00:00:00,2023-08-21 00:00:00,2023-09-04 00:00:00,Yes,90,Female,Female at birth,Black or African American,Non-Hispanic,Yes,No,No,No,No,4
131516-471,10,36.19,115275,133757-2,Resident,Illness Day 10,2023-08-31 00:00:00,10,,Negative,Positive,0,2.39088539539609,"Less than 10,000 copies/mL",,,Ct,2023-08-23 00:00:00,2023-08-21 00:00:00,2023-09-04 00:00:00,Yes,90,Female,Female at birth,Black or African American,Non-Hispanic,Yes,No,No,No,No,4
131516-471,11,,115275,133757-2,Resident,Illness Day 11,2023-09-01 00:00:00,11,,Negative,Negative,0,,"Undetectable, will not be done",,,VL,2023-08-23 00:00:00,2023-08-21 00:00:00,2023-09-04 00:00:00,Yes,90,Female,Female at birth,Black or African American,Non-Hispanic,Yes,No,No,No,No,4
131516-471,11,37.79,115275,133757-2,Resident,Illness Day 11,2023-09-01 00:00:00,11,,Negative,Negative,0,,"Undetectable, will not be done",,,Ct,2023-08-23 00:00:00,2023-08-21 00:00:00,2023-09-04 00:00:00,Yes,90,Female,Female at birth,Black or African American,Non-Hispanic,Yes,No,No,No,No,4
131516-471,12,1874.11288807904,115275,133757-2,Resident,Illness Day 12,2023-09-02 00:00:00,12,,Negative,Positive,0,3.27279574727385,"Less than 10,000 copies/mL",,,VL,2023-08-23 00:00:00,2023-08-21 00:00:00,2023-09-04 00:00:00,Yes,90,Female,Female at birth,Black or African American,Non-Hispanic,Yes,No,No,No,No,4
131516-471,12,32.48,115275,133757-2,Resident,Illness Day 12,2023-09-02 00:00:00,12,,Negative,Positive,0,3.27279574727385,"Less than 10,000 copies/mL",,,Ct,2023-08-23 00:00:00,2023-08-21 00:00:00,2023-09-04 00:00:00,Yes,90,Female,Female at birth,Black or African American,Non-Hispanic,Yes,No,No,No,No,4
131516-471,14,,115275,133757-2,Resident,Illness Day 14,2023-09-04 00:00:00,14,,Negative,Negative,0,,"Undetectable, will not be done",,,VL,2023-08-23 00:00:00,2023-08-21 00:00:00,2023-09-04 00:00:00,Yes,90,Female,Female at birth,Black or African American,Non-Hispanic,Yes,No,No,No,No,4
131516-471,14,Not available,115275,133757-2,Resident,Illness Day 14,2023-09-04 00:00:00,14,,Negative,Negative,0,,"Undetectable, will not be done",,,Ct,2023-08-23 00:00:00,2023-08-21 00:00:00,2023-09-04 00:00:00,Yes,90,Female,Female at birth,Black or African American,Non-Hispanic,Yes,No,No,No,No,4
131516-512,3,6518545.99189223,115002,133757-3,Resident,Illness Day 3,2023-09-20 00:00:00,3,,Positive,Positive,0,6.81415073405718,Within detectable range,,,VL,2023-09-19 00:00:00,2023-09-17 00:00:00,2023-10-06 00:00:00,Yes,84,Female,Female at birth,American Indian or Alaska Native,Hispanic,No,No,No,No,No,4
131516-512,3,20.7,115002,133757-3,Resident,Illness Day 3,2023-09-20 00:00:00,3,,Positive,Positive,0,6.81415073405718,Within detectable range,,,Ct,2023-09-19 00:00:00,2023-09-17 00:00:00,2023-10-06 00:00:00,Yes,84,Female,Female at birth,American Indian or Alaska Native,Hispanic,No,No,No,No,No,4
131516-512,5,6322288.44314674,115002,133757-3,Resident,Illness Day 5,2023-09-22 00:00:00,5,,Positive,Positive,0,6.80087430586758,Within detectable range,,,VL,2023-09-19 00:00:00,2023-09-17 00:00:00,2023-10-06 00:00:00,Yes,84,Female,Female at birth,American Indian or Alaska Native,Hispanic,No,No,No,No,No,4
131516-512,5,20.77,115002,133757-3,Resident,Illness Day 5,2023-09-22 00:00:00,5,,Positive,Positive,0,6.80087430586758,Within detectable range,,,Ct,2023-09-19 00:00:00,2023-09-17 00:00:00,2023-10-06 00:00:00,Yes,84,Female,Female at birth,American Indian or Alaska Native,Hispanic,No,No,No,No,No,4
131516-512,6,34695756.8079405,115002,133757-3,Resident,Illness Day 6,2023-09-23 00:00:00,6,,Positive,Positive,0,7.54027636506244,Within detectable range,Omicron,EG.5.1,VL,2023-09-19 00:00:00,2023-09-17 00:00:00,2023-10-06 00:00:00,Yes,84,Female,Female at birth,American Indian or Alaska Native,Hispanic,No,No,No,No,No,4
131516-512,6,19.4,115002,133757-3,Resident,Illness Day 6,2023-09-23 00:00:00,6,,Positive,Positive,0,7.54027636506244,Within detectable range,Omicron,EG.5.1,Ct,2023-09-19 00:00:00,2023-09-17 00:00:00,2023-10-06 00:00:00,Yes,84,Female,Female at birth,American Indian or Alaska Native,Hispanic,No,No,No,No,No,4
131516-512,8,1823153.38482132,115002,133757-3,Resident,Illness Day 8,2023-09-25 00:00:00,8,,Positive,Positive,0,6.26082320808408,Within detectable range,,,VL,2023-09-19 00:00:00,2023-09-17 00:00:00,2023-10-06 00:00:00,Yes,84,Female,Female at birth,American Indian or Alaska Native,Hispanic,No,No,No,No,No,4
131516-512,8,22.63,115002,133757-3,Resident,Illness Day 8,2023-09-25 00:00:00,8,,Positive,Positive,0,6.26082320808408,Within detectable range,,,Ct,2023-09-19 00:00:00,2023-09-17 00:00:00,2023-10-06 00:00:00,Yes,84,Female,Female at birth,American Indian or Alaska Native,Hispanic,No,No,No,No,No,4
131516-512,11,175028.019947927,115002,133757-3,Resident,Illness Day 11,2023-09-28 00:00:00,11,,Negative,Positive,0,5.24310757974153,Within detectable range,,,VL,2023-09-19 00:00:00,2023-09-17 00:00:00,2023-10-06 00:00:00,Yes,84,Female,Female at birth,American Indian or Alaska Native,Hispanic,No,No,No,No,No,4
131516-512,11,26.03,115002,133757-3,Resident,Illness Day 11,2023-09-28 00:00:00,11,,Negative,Positive,0,5.24310757974153,Within detectable range,,,Ct,2023-09-19 00:00:00,2023-09-17 00:00:00,2023-10-06 00:00:00,Yes,84,Female,Female at birth,American Indian or Alaska Native,Hispanic,No,No,No,No,No,4
131516-512,19,71081.4706885302,115002,133757-3,Resident,Op ill week 5,2023-10-06 00:00:00,19,,Negative,Positive,0,4.85175640485788,Within detectable range,,Unassigned,VL,2023-09-19 00:00:00,2023-09-17 00:00:00,2023-10-06 00:00:00,Yes,84,Female,Female at birth,American Indian or Alaska Native,Hispanic,No,No,No,No,No,4
131516-512,19,27.03,115002,133757-3,Resident,Op ill week 5,2023-10-06 00:00:00,19,,Negative,Positive,0,4.85175640485788,Within detectable range,,Unassigned,Ct,2023-09-19 00:00:00,2023-09-17 00:00:00,2023-10-06 00:00:00,Yes,84,Female,Female at birth,American Indian or Alaska Native,Hispanic,No,No,No,No,No,4
131516-541,1,838585.180011101,115002,133757-4,Resident,Illness Day 1,2023-10-11 00:00:00,1,,Positive,Positive,0,5.92354718301833,Within detectable range,Omicron,HV.1,VL,2023-10-11 00:00:00,2023-10-10 00:00:00,2023-12-19 00:00:00,No,90,Male,Male at birth,White,Hispanic,Yes,No,No,No,No,5
131516-541,1,24.03,115002,133757-4,Resident,Illness Day 1,2023-10-11 00:00:00,1,,Positive,Positive,0,5.92354718301833,Within detectable range,Omicron,HV.1,Ct,2023-10-11 00:00:00,2023-10-10 00:00:00,2023-12-19 00:00:00,No,90,Male,Male at birth,White,Hispanic,Yes,No,No,No,No,5
131516-541,2,78020.6824421813,115002,133757-4,Resident,Illness Day 2,2023-10-12 00:00:00,2,,Positive,Positive,0,4.8922097447399,Within detectable range,,,VL,2023-10-11 00:00:00,2023-10-10 00:00:00,2023-12-19 00:00:00,No,90,Male,Male at birth,White,Hispanic,Yes,No,No,No,No,5
131516-541,2,27.26,115002,133757-4,Resident,Illness Day 2,2023-10-12 00:00:00,2,,Positive,Positive,0,4.8922097447399,Within detectable range,,,Ct,2023-10-11 00:00:00,2023-10-10 00:00:00,2023-12-19 00:00:00,No,90,Male,Male at birth,White,Hispanic,Yes,No,No,No,No,5
131516-541,3,286905.087729044,115002,133757-4,Resident,Illness Day 3,2023-10-13 00:00:00,3,,Positive,Positive,0,5.45773824972058,Within detectable range,,,VL,2023-10-11 00:00:00,2023-10-10 00:00:00,2023-12-19 00:00:00,No,90,Male,Male at birth,White,Hispanic,Yes,No,No,No,No,5
131516-541,3,25.53,115002,133757-4,Resident,Illness Day 3,2023-10-13 00:00:00,3,,Positive,Positive,0,5.45773824972058,Within detectable range,,,Ct,2023-10-11 00:00:00,2023-10-10 00:00:00,2023-12-19 00:00:00,No,90,Male,Male at birth,White,Hispanic,Yes,No,No,No,No,5
131516-541,5,13909.2496970327,115002,133757-4,Resident,Illness Day 5,2023-10-15 00:00:00,5,,Negative,Positive,0,4.14330370359183,Within detectable range,,,VL,2023-10-11 00:00:00,2023-10-10 00:00:00,2023-12-19 00:00:00,No,90,Male,Male at birth,White,Hispanic,Yes,No,No,No,No,5
131516-541,5,27.96,115002,133757-4,Resident,Illness Day 5,2023-10-15 00:00:00,5,,Negative,Positive,0,4.14330370359183,Within detectable range,,,Ct,2023-10-11 00:00:00,2023-10-10 00:00:00,2023-12-19 00:00:00,No,90,Male,Male at birth,White,Hispanic,Yes,No,No,No,No,5
131516-541,6,10313.2401596628,115002,133757-4,Resident,Illness Day 6,2023-10-16 00:00:00,6,,Negative,Positive,0,4.01339513108256,Within detectable range,,,VL,2023-10-11 00:00:00,2023-10-10 00:00:00,2023-12-19 00:00:00,No,90,Male,Male at birth,White,Hispanic,Yes,No,No,No,No,5
131516-541,6,28.84,115002,133757-4,Resident,Illness Day 6,2023-10-16 00:00:00,6,,Negative,Positive,0,4.01339513108256,Within detectable range,,,Ct,2023-10-11 00:00:00,2023-10-10 00:00:00,2023-12-19 00:00:00,No,90,Male,Male at birth,White,Hispanic,Yes,No,No,No,No,5
131516-541,7,1102.49549712755,115002,133757-4,Resident,Illness Day 7,2023-10-17 00:00:00,7,,Negative,Positive,0,3.04237682437421,"Less than 10,000 copies/mL",,,VL,2023-10-11 00:00:00,2023-10-10 00:00:00,2023-12-19 00:00:00,No,90,Male,Male at birth,White,Hispanic,Yes,No,No,No,No,5
131516-541,7,35.05,115002,133757-4,Resident,Illness Day 7,2023-10-17 00:00:00,7,,Negative,Positive,0,3.04237682437421,"Less than 10,000 copies/mL",,,Ct,2023-10-11 00:00:00,2023-10-10 00:00:00,2023-12-19 00:00:00,No,90,Male,Male at birth,White,Hispanic,Yes,No,No,No,No,5
131516-541,8,5196.41493163354,115002,133757-4,Resident,Illness Day 8,2023-10-18 00:00:00,8,,Negative,Positive,0,3.71570382202456,"Less than 10,000 copies/mL",,,VL,2023-10-11 00:00:00,2023-10-10 00:00:00,2023-12-19 00:00:00,No,90,Male,Male at birth,White,Hispanic,Yes,No,No,No,No,5
131516-541,8,28.85,115002,133757-4,Resident,Illness Day 8,2023-10-18 00:00:00,8,,Negative,Positive,0,3.71570382202456,"Less than 10,000 copies/mL",,,Ct,2023-10-11 00:00:00,2023-10-10 00:00:00,2023-12-19 00:00:00,No,90,Male,Male at birth,White,Hispanic,Yes,No,No,No,No,5
131516-541,9,5197.99480952003,115002,133757-4,Resident,Illness Day 9,2023-10-19 00:00:00,9,,Negative,Positive,0,3.7158358414986,"Less than 10,000 copies/mL",,,VL,2023-10-11 00:00:00,2023-10-10 00:00:00,2023-12-19 00:00:00,No,90,Male,Male at birth,White,Hispanic,Yes,No,No,No,No,5
131516-541,9,32.9,115002,133757-4,Resident,Illness Day 9,2023-10-19 00:00:00,9,,Negative,Positive,0,3.7158358414986,"Less than 10,000 copies/mL",,,Ct,2023-10-11 00:00:00,2023-10-10 00:00:00,2023-12-19 00:00:00,No,90,Male,Male at birth,White,Hispanic,Yes,No,No,No,No,5
131516-541,10,121301.114711061,115002,133757-4,Resident,Illness Day 10,2023-10-20 00:00:00,10,,Negative,Positive,0,5.08386479188585,Within detectable range,,,VL,2023-10-11 00:00:00,2023-10-10 00:00:00,2023-12-19 00:00:00,No,90,Male,Male at birth,White,Hispanic,Yes,No,No,No,No,5
131516-541,10,26.03,115002,133757-4,Resident,Illness Day 10,2023-10-20 00:00:00,10,,Negative,Positive,0,5.08386479188585,Within detectable range,,,Ct,2023-10-11 00:00:00,2023-10-10 00:00:00,2023-12-19 00:00:00,No,90,Male,Male at birth,White,Hispanic,Yes,No,No,No,No,5
131516-541,12,264.563414966637,115002,133757-4,Resident,Illness Day 12,2023-10-22 00:00:00,12,,Negative,Positive,0,2.42252978778558,"Less than 10,000 copies/mL",,,VL,2023-10-11 00:00:00,2023-10-10 00:00:00,2023-12-19 00:00:00,No,90,Male,Male at birth,White,Hispanic,Yes,No,No,No,No,5
131516-541,12,35.61,115002,133757-4,Resident,Illness Day 12,2023-10-22 00:00:00,12,,Negative,Positive,0,2.42252978778558,"Less than 10,000 copies/mL",,,Ct,2023-10-11 00:00:00,2023-10-10 00:00:00,2023-12-19 00:00:00,No,90,Male,Male at birth,White,Hispanic,Yes,No,No,No,No,5
131516-541,13,,115002,133757-4,Resident,Illness Day 13,2023-10-23 00:00:00,13,,Negative,Positive,0,,"VL run, not detected",,,VL,2023-10-11 00:00:00,2023-10-10 00:00:00,2023-12-19 00:00:00,No,90,Male,Male at birth,White,Hispanic,Yes,No,No,No,No,5
131516-541,13,32.85,115002,133757-4,Resident,Illness Day 13,2023-10-23 00:00:00,13,,Negative,Positive,0,,"VL run, not detected",,,Ct,2023-10-11 00:00:00,2023-10-10 00:00:00,2023-12-19 00:00:00,No,90,Male,Male at birth,White,Hispanic,Yes,No,No,No,No,5
131516-541,14,288.425928780287,115002,133757-4,Resident,Illness Day 14,2023-10-24 00:00:00,14,,Negative,Positive,0,2.46003429980616,"Less than 10,000 copies/mL",,,VL,2023-10-11 00:00:00,2023-10-10 00:00:00,2023-12-19 00:00:00,No,90,Male,Male at birth,White,Hispanic,Yes,No,No,No,No,5
131516-541,14,34.24,115002,133757-4,Resident,Illness Day 14,2023-10-24 00:00:00,14,,Negative,Positive,0,2.46003429980616,"Less than 10,000 copies/mL",,,Ct,2023-10-11 00:00:00,2023-10-10 00:00:00,2023-12-19 00:00:00,No,90,Male,Male at birth,White,Hispanic,Yes,No,No,No,No,5
131516-541,15,,115002,133757-4,Resident,Op ill w3 t1,2023-10-25 00:00:00,15,,Negative,Negative,0,,"Undetectable, will not be done",,,VL,2023-10-11 00:00:00,2023-10-10 00:00:00,2023-12-19 00:00:00,No,90,Male,Male at birth,White,Hispanic,Yes,No,No,No,No,5
131516-541,15,37.87,115002,133757-4,Resident,Op ill w3 t1,2023-10-25 00:00:00,15,,Negative,Negative,0,,"Undetectable, will not be done",,,Ct,2023-10-11 00:00:00,2023-10-10 00:00:00,2023-12-19 00:00:00,No,90,Male,Male at birth,White,Hispanic,Yes,No,No,No,No,5
131516-541,17,,115002,133757-4,Resident,Op ill w3 t2,2023-10-27 00:00:00,17,,Negative,Negative,0,,"Undetectable, will not be done",,,VL,2023-10-11 00:00:00,2023-10-10 00:00:00,2023-12-19 00:00:00,No,90,Male,Male at birth,White,Hispanic,Yes,No,No,No,No,5
131516-541,17,37.81,115002,133757-4,Resident,Op ill w3 t2,2023-10-27 00:00:00,17,,Negative,Negative,0,,"Undetectable, will not be done",,,Ct,2023-10-11 00:00:00,2023-10-10 00:00:00,2023-12-19 00:00:00,No,90,Male,Male at birth,White,Hispanic,Yes,No,No,No,No,5
131516-541,23,,115002,133757-4,Resident,Op ill w4 t1,2023-11-02 00:00:00,23,,Negative,Negative,0,,"Undetectable, will not be done",,,VL,2023-10-11 00:00:00,2023-10-10 00:00:00,2023-12-19 00:00:00,No,90,Male,Male at birth,White,Hispanic,Yes,No,No,No,No,5
131516-541,23,Not available,115002,133757-4,Resident,Op ill w4 t1,2023-11-02 00:00:00,23,,Negative,Negative,0,,"Undetectable, will not be done",,,Ct,2023-10-11 00:00:00,2023-10-10 00:00:00,2023-12-19 00:00:00,No,90,Male,Male at birth,White,Hispanic,Yes,No,No,No,No,5
131516-541,28,,115002,133757-4,Resident,Op ill w4 t2,2023-11-07 00:00:00,28,,Negative,Negative,0,,"Undetectable, will not be done",,,VL,2023-10-11 00:00:00,2023-10-10 00:00:00,2023-12-19 00:00:00,No,90,Male,Male at birth,White,Hispanic,Yes,No,No,No,No,5
131516-541,28,Not available,115002,133757-4,Resident,Op ill w4 t2,2023-11-07 00:00:00,28,,Negative,Negative,0,,"Undetectable, will not be done",,,Ct,2023-10-11 00:00:00,2023-10-10 00:00:00,2023-12-19 00:00:00,No,90,Male,Male at birth,White,Hispanic,Yes,No,No,No,No,5
131516-541,50,,115002,133757-4,Resident,Op ill week 7,2023-11-29 00:00:00,50,,Negative,Negative,0,,"Undetectable, will not be done",,,VL,2023-10-11 00:00:00,2023-10-10 00:00:00,2023-12-19 00:00:00,No,90,Male,Male at birth,White,Hispanic,Yes,No,No,No,No,5
131516-541,50,Not available,115002,133757-4,Resident,Op ill week 7,2023-11-29 00:00:00,50,,Negative,Negative,0,,"Undetectable, will not be done",,,Ct,2023-10-11 00:00:00,2023-10-10 00:00:00,2023-12-19 00:00:00,No,90,Male,Male at birth,White,Hispanic,Yes,No,No,No,No,5
131516-541,56,,115002,133757-4,Resident,Op ill week 8,2023-12-05 00:00:00,56,,Negative,Negative,0,,"Undetectable, will not be done",,,VL,2023-10-11 00:00:00,2023-10-10 00:00:00,2023-12-19 00:00:00,No,90,Male,Male at birth,White,Hispanic,Yes,No,No,No,No,5
131516-541,56,Not available,115002,133757-4,Resident,Op ill week 8,2023-12-05 00:00:00,56,,Negative,Negative,0,,"Undetectable, will not be done",,,Ct,2023-10-11 00:00:00,2023-10-10 00:00:00,2023-12-19 00:00:00,No,90,Male,Male at birth,White,Hispanic,Yes,No,No,No,No,5
131516-541,63,,115002,133757-4,Resident,Op ill week 9,2023-12-12 00:00:00,63,,Negative,Negative,0,,"Undetectable, will not be done",,,VL,2023-10-11 00:00:00,2023-10-10 00:00:00,2023-12-19 00:00:00,No,90,Male,Male at birth,White,Hispanic,Yes,No,No,No,No,5
131516-541,63,Not available,115002,133757-4,Resident,Op ill week 9,2023-12-12 00:00:00,63,,Negative,Negative,0,,"Undetectable, will not be done",,,Ct,2023-10-11 00:00:00,2023-10-10 00:00:00,2023-12-19 00:00:00,No,90,Male,Male at birth,White,Hispanic,Yes,No,No,No,No,5
131516-548,3,2359.57669940868,115002,133757-4,Resident,Illness Day 3,2023-10-15 00:00:00,3,,Negative,Positive,0,3.37283409890235,"Less than 10,000 copies/mL",,,VL,2023-10-13 00:00:00,2023-10-12 00:00:00,2023-12-19 00:00:00,Unknown,69,Male,Male at birth,Black or African American,Non-Hispanic,No,No,No,No,No,2
131516-548,3,29.45,115002,133757-4,Resident,Illness Day 3,2023-10-15 00:00:00,3,,Negative,Positive,0,3.37283409890235,"Less than 10,000 copies/mL",,,Ct,2023-10-13 00:00:00,2023-10-12 00:00:00,2023-12-19 00:00:00,Unknown,69,Male,Male at birth,Black or African American,Non-Hispanic,No,No,No,No,No,2
131516-548,4,5881.07538483594,115002,133757-4,Resident,Illness Day 4,2023-10-16 00:00:00,4,,Negative,Positive,0,3.76945674631386,"Less than 10,000 copies/mL",,,VL,2023-10-13 00:00:00,2023-10-12 00:00:00,2023-12-19 00:00:00,Unknown,69,Male,Male at birth,Black or African American,Non-Hispanic,No,No,No,No,No,2
131516-548,4,31.66,115002,133757-4,Resident,Illness Day 4,2023-10-16 00:00:00,4,,Negative,Positive,0,3.76945674631386,"Less than 10,000 copies/mL",,,Ct,2023-10-13 00:00:00,2023-10-12 00:00:00,2023-12-19 00:00:00,Unknown,69,Male,Male at birth,Black or African American,Non-Hispanic,No,No,No,No,No,2
131516-548,5,2269.99511852119,115002,133757-4,Resident,Illness Day 5,2023-10-17 00:00:00,5,,Negative,Positive,0,3.35602492327172,"Less than 10,000 copies/mL",,,VL,2023-10-13 00:00:00,2023-10-12 00:00:00,2023-12-19 00:00:00,Unknown,69,Male,Male at birth,Black or African American,Non-Hispanic,No,No,No,No,No,2
131516-548,5,32.79,115002,133757-4,Resident,Illness Day 5,2023-10-17 00:00:00,5,,Negative,Positive,0,3.35602492327172,"Less than 10,000 copies/mL",,,Ct,2023-10-13 00:00:00,2023-10-12 00:00:00,2023-12-19 00:00:00,Unknown,69,Male,Male at birth,Black or African American,Non-Hispanic,No,No,No,No,No,2
131516-548,6,9264.89454652327,115002,133757-4,Resident,Illness Day 6,2023-10-18 00:00:00,6,,Negative,Positive,0,3.9668404805223,"Less than 10,000 copies/mL",,,VL,2023-10-13 00:00:00,2023-10-12 00:00:00,2023-12-19 00:00:00,Unknown,69,Male,Male at birth,Black or African American,Non-Hispanic,No,No,No,No,No,2
131516-548,6,31.19,115002,133757-4,Resident,Illness Day 6,2023-10-18 00:00:00,6,,Negative,Positive,0,3.9668404805223,"Less than 10,000 copies/mL",,,Ct,2023-10-13 00:00:00,2023-10-12 00:00:00,2023-12-19 00:00:00,Unknown,69,Male,Male at birth,Black or African American,Non-Hispanic,No,No,No,No,No,2
131516-548,7,1298.2764348416,115002,133757-4,Resident,Illness Day 7,2023-10-19 00:00:00,7,,Negative,Positive,0,3.11336717423952,"Less than 10,000 copies/mL",,,VL,2023-10-13 00:00:00,2023-10-12 00:00:00,2023-12-19 00:00:00,Unknown,69,Male,Male at birth,Black or African American,Non-Hispanic,No,No,No,No,No,2
131516-548,7,35.78,115002,133757-4,Resident,Illness Day 7,2023-10-19 00:00:00,7,,Negative,Positive,0,3.11336717423952,"Less than 10,000 copies/mL",,,Ct,2023-10-13 00:00:00,2023-10-12 00:00:00,2023-12-19 00:00:00,Unknown,69,Male,Male at birth,Black or African American,Non-Hispanic,No,No,No,No,No,2
131516-548,8,241.820983455889,115002,133757-4,Resident,Illness Day 8,2023-10-20 00:00:00,8,,Negative,Positive,0,2.38349398305789,"Less than 10,000 copies/mL",,,VL,2023-10-13 00:00:00,2023-10-12 00:00:00,2023-12-19 00:00:00,Unknown,69,Male,Male at birth,Black or African American,Non-Hispanic,No,No,No,No,No,2
131516-548,8,34.54,115002,133757-4,Resident,Illness Day 8,2023-10-20 00:00:00,8,,Negative,Positive,0,2.38349398305789,"Less than 10,000 copies/mL",,,Ct,2023-10-13 00:00:00,2023-10-12 00:00:00,2023-12-19 00:00:00,Unknown,69,Male,Male at birth,Black or African American,Non-Hispanic,No,No,No,No,No,2
131516-548,10,,115002,133757-4,Resident,Illness Day 10,2023-10-22 00:00:00,10,,Negative,Negative,0,,"Undetectable, will not be done",,,VL,2023-10-13 00:00:00,2023-10-12 00:00:00,2023-12-19 00:00:00,Unknown,69,Male,Male at birth,Black or African American,Non-Hispanic,No,No,No,No,No,2
131516-548,10,37.66,115002,133757-4,Resident,Illness Day 10,2023-10-22 00:00:00,10,,Negative,Negative,0,,"Undetectable, will not be done",,,Ct,2023-10-13 00:00:00,2023-10-12 00:00:00,2023-12-19 00:00:00,Unknown,69,Male,Male at birth,Black or African American,Non-Hispanic,No,No,No,No,No,2
131516-548,11,280.767735461045,115002,133757-4,Resident,Illness Day 11,2023-10-23 00:00:00,11,,Negative,Positive,0,2.44834719919739,"Less than 10,000 copies/mL",,,VL,2023-10-13 00:00:00,2023-10-12 00:00:00,2023-12-19 00:00:00,Unknown,69,Male,Male at birth,Black or African American,Non-Hispanic,No,No,No,No,No,2
131516-548,11,34.68,115002,133757-4,Resident,Illness Day 11,2023-10-23 00:00:00,11,,Negative,Positive,0,2.44834719919739,"Less than 10,000 copies/mL",,,Ct,2023-10-13 00:00:00,2023-10-12 00:00:00,2023-12-19 00:00:00,Unknown,69,Male,Male at birth,Black or African American,Non-Hispanic,No,No,No,No,No,2
131516-548,12,,115002,133757-4,Resident,Illness Day 12,2023-10-24 00:00:00,12,,Negative,Positive,0,,"VL run, not detected",,,VL,2023-10-13 00:00:00,2023-10-12 00:00:00,2023-12-19 00:00:00,Unknown,69,Male,Male at birth,Black or African American,Non-Hispanic,No,No,No,No,No,2
131516-548,12,31.74,115002,133757-4,Resident,Illness Day 12,2023-10-24 00:00:00,12,,Negative,Positive,0,,"VL run, not detected",,,Ct,2023-10-13 00:00:00,2023-10-12 00:00:00,2023-12-19 00:00:00,Unknown,69,Male,Male at birth,Black or African American,Non-Hispanic,No,No,No,No,No,2
131516-548,13,,115002,133757-4,Resident,Illness Day 13,2023-10-25 00:00:00,13,,Negative,Negative,0,,"Undetectable, will not be done",,,VL,2023-10-13 00:00:00,2023-10-12 00:00:00,2023-12-19 00:00:00,Unknown,69,Male,Male at birth,Black or African American,Non-Hispanic,No,No,No,No,No,2
131516-548,13,41.02,115002,133757-4,Resident,Illness Day 13,2023-10-25 00:00:00,13,,Negative,Negative,0,,"Undetectable, will not be done",,,Ct,2023-10-13 00:00:00,2023-10-12 00:00:00,2023-12-19 00:00:00,Unknown,69,Male,Male at birth,Black or African American,Non-Hispanic,No,No,No,No,No,2
131516-548,14,,115002,133757-4,Resident,Illness Day 14,2023-10-26 00:00:00,14,,Negative,Negative,0,,"Undetectable, will not be done",,,VL,2023-10-13 00:00:00,2023-10-12 00:00:00,2023-12-19 00:00:00,Unknown,69,Male,Male at birth,Black or African American,Non-Hispanic,No,No,No,No,No,2
131516-548,14,37.7,115002,133757-4,Resident,Illness Day 14,2023-10-26 00:00:00,14,,Negative,Negative,0,,"Undetectable, will not be done",,,Ct,2023-10-13 00:00:00,2023-10-12 00:00:00,2023-12-19 00:00:00,Unknown,69,Male,Male at birth,Black or African American,Non-Hispanic,No,No,No,No,No,2
131516-548,15,,115002,133757-4,Resident,Op ill w3 t1,2023-10-27 00:00:00,15,,Negative,Negative,0,,"Undetectable, will not be done",,,VL,2023-10-13 00:00:00,2023-10-12 00:00:00,2023-12-19 00:00:00,Unknown,69,Male,Male at birth,Black or African American,Non-Hispanic,No,No,No,No,No,2
131516-548,15,Not available,115002,133757-4,Resident,Op ill w3 t1,2023-10-27 00:00:00,15,,Negative,Negative,0,,"Undetectable, will not be done",,,Ct,2023-10-13 00:00:00,2023-10-12 00:00:00,2023-12-19 00:00:00,Unknown,69,Male,Male at birth,Black or African American,Non-Hispanic,No,No,No,No,No,2
131516-548,21,,115002,133757-4,Resident,Op ill w4 t1,2023-11-02 00:00:00,21,,Negative,Negative,0,,"Undetectable, will not be done",,,VL,2023-10-13 00:00:00,2023-10-12 00:00:00,2023-12-19 00:00:00,Unknown,69,Male,Male at birth,Black or African American,Non-Hispanic,No,No,No,No,No,2
131516-548,21,Not available,115002,133757-4,Resident,Op ill w4 t1,2023-11-02 00:00:00,21,,Negative,Negative,0,,"Undetectable, will not be done",,,Ct,2023-10-13 00:00:00,2023-10-12 00:00:00,2023-12-19 00:00:00,Unknown,69,Male,Male at birth,Black or African American,Non-Hispanic,No,No,No,No,No,2
131516-548,26,,115002,133757-4,Resident,Op ill w4 t2,2023-11-07 00:00:00,26,,Negative,Negative,0,,"Undetectable, will not be done",,,VL,2023-10-13 00:00:00,2023-10-12 00:00:00,2023-12-19 00:00:00,Unknown,69,Male,Male at birth,Black or African American,Non-Hispanic,No,No,No,No,No,2
131516-548,26,Not available,115002,133757-4,Resident,Op ill w4 t2,2023-11-07 00:00:00,26,,Negative,Negative,0,,"Undetectable, will not be done",,,Ct,2023-10-13 00:00:00,2023-10-12 00:00:00,2023-12-19 00:00:00,Unknown,69,Male,Male at birth,Black or African American,Non-Hispanic,No,No,No,No,No,2
131516-548,32,,115002,133757-4,Resident,Op ill week 5,2023-11-13 00:00:00,32,,Negative,Negative,0,,"Undetectable, will not be done",,,VL,2023-10-13 00:00:00,2023-10-12 00:00:00,2023-12-19 00:00:00,Unknown,69,Male,Male at birth,Black or African American,Non-Hispanic,No,No,No,No,No,2
131516-548,32,Not available,115002,133757-4,Resident,Op ill week 5,2023-11-13 00:00:00,32,,Negative,Negative,0,,"Undetectable, will not be done",,,Ct,2023-10-13 00:00:00,2023-10-12 00:00:00,2023-12-19 00:00:00,Unknown,69,Male,Male at birth,Black or African American,Non-Hispanic,No,No,No,No,No,2
131516-548,48,,115002,133757-4,Resident,Op ill week 7,2023-11-29 00:00:00,48,,Negative,Negative,0,,"Undetectable, will not be done",,,VL,2023-10-13 00:00:00,2023-10-12 00:00:00,2023-12-19 00:00:00,Unknown,69,Male,Male at birth,Black or African American,Non-Hispanic,No,No,No,No,No,2
131516-548,48,Not available,115002,133757-4,Resident,Op ill week 7,2023-11-29 00:00:00,48,,Negative,Negative,0,,"Undetectable, will not be done",,,Ct,2023-10-13 00:00:00,2023-10-12 00:00:00,2023-12-19 00:00:00,Unknown,69,Male,Male at birth,Black or African American,Non-Hispanic,No,No,No,No,No,2
131516-548,54,,115002,133757-4,Resident,Op ill week 8,2023-12-05 00:00:00,54,,Negative,Negative,0,,"Undetectable, will not be done",,,VL,2023-10-13 00:00:00,2023-10-12 00:00:00,2023-12-19 00:00:00,Unknown,69,Male,Male at birth,Black or African American,Non-Hispanic,No,No,No,No,No,2
131516-548,54,Not available,115002,133757-4,Resident,Op ill week 8,2023-12-05 00:00:00,54,,Negative,Negative,0,,"Undetectable, will not be done",,,Ct,2023-10-13 00:00:00,2023-10-12 00:00:00,2023-12-19 00:00:00,Unknown,69,Male,Male at birth,Black or African American,Non-Hispanic,No,No,No,No,No,2
131516-548,68,,115002,133757-4,Resident,Op ill week 10,2023-12-19 00:00:00,68,,Negative,Negative,0,,"Undetectable, will not be done",,,VL,2023-10-13 00:00:00,2023-10-12 00:00:00,2023-12-19 00:00:00,Unknown,69,Male,Male at birth,Black or African American,Non-Hispanic,No,No,No,No,No,2
131516-548,68,Not available,115002,133757-4,Resident,Op ill week 10,2023-12-19 00:00:00,68,,Negative,Negative,0,,"Undetectable, will not be done",,,Ct,2023-10-13 00:00:00,2023-10-12 00:00:00,2023-12-19 00:00:00,Unknown,69,Male,Male at birth,Black or African American,Non-Hispanic,No,No,No,No,No,2
131516-461,-8,,115521,133757-5,Resident,Tier 1 Testing,2023-10-17 00:00:00,-8,,Negative,Negative,0,,"Undetectable, will not be done",,,VL,2023-10-30 00:00:00,2023-10-25 00:00:00,2023-11-07 00:00:00,Unknown,84,Female,Female at birth,White,Non-Hispanic,No,No,No,No,No,4
131516-461,-8,Not available,115521,133757-5,Resident,Tier 1 Testing,2023-10-17 00:00:00,-8,,Negative,Negative,0,,"Undetectable, will not be done",,,Ct,2023-10-30 00:00:00,2023-10-25 00:00:00,2023-11-07 00:00:00,Unknown,84,Female,Female at birth,White,Non-Hispanic,No,No,No,No,No,4
131516-461,-6,,115521,133757-5,Resident,Tier 1 Testing,2023-10-19 00:00:00,-6,,Negative,Negative,0,,"Undetectable, will not be done",,,VL,2023-10-30 00:00:00,2023-10-25 00:00:00,2023-11-07 00:00:00,Unknown,84,Female,Female at birth,White,Non-Hispanic,No,No,No,No,No,4
131516-461,-6,Not available,115521,133757-5,Resident,Tier 1 Testing,2023-10-19 00:00:00,-6,,Negative,Negative,0,,"Undetectable, will not be done",,,Ct,2023-10-30 00:00:00,2023-10-25 00:00:00,2023-11-07 00:00:00,Unknown,84,Female,Female at birth,White,Non-Hispanic,No,No,No,No,No,4
131516-461,2,1498661.79025414,115521,133757-5,Resident,Illness Day 2,2023-10-27 00:00:00,2,,Positive,Positive,0,6.1757036347169,Within detectable range,,,VL,2023-10-30 00:00:00,2023-10-25 00:00:00,2023-11-07 00:00:00,Unknown,84,Female,Female at birth,White,Non-Hispanic,No,No,No,No,No,4
131516-461,2,22.72,115521,133757-5,Resident,Illness Day 2,2023-10-27 00:00:00,2,,Positive,Positive,0,6.1757036347169,Within detectable range,,,Ct,2023-10-30 00:00:00,2023-10-25 00:00:00,2023-11-07 00:00:00,Unknown,84,Female,Female at birth,White,Non-Hispanic,No,No,No,No,No,4
131516-461,4,622118.256904889,115521,133757-5,Resident,Illness Day 4,2023-10-29 00:00:00,4,,Positive,Positive,0,5.79387294649089,Within detectable range,,,VL,2023-10-30 00:00:00,2023-10-25 00:00:00,2023-11-07 00:00:00,Unknown,84,Female,Female at birth,White,Non-Hispanic,No,No,No,No,No,4
131516-461,4,24.49,115521,133757-5,Resident,Illness Day 4,2023-10-29 00:00:00,4,,Positive,Positive,0,5.79387294649089,Within detectable range,,,Ct,2023-10-30 00:00:00,2023-10-25 00:00:00,2023-11-07 00:00:00,Unknown,84,Female,Female at birth,White,Non-Hispanic,No,No,No,No,No,4
131516-461,5,12012804.0558721,115521,133757-5,Resident,Illness Day 5,2023-10-30 00:00:00,5,,Positive,Positive,0,7.07964439323571,Within detectable range,Omicron,EG.5.1.1,VL,2023-10-30 00:00:00,2023-10-25 00:00:00,2023-11-07 00:00:00,Unknown,84,Female,Female at birth,White,Non-Hispanic,No,No,No,No,No,4
131516-461,5,19.87,115521,133757-5,Resident,Illness Day 5,2023-10-30 00:00:00,5,,Positive,Positive,0,7.07964439323571,Within detectable range,Omicron,EG.5.1.1,Ct,2023-10-30 00:00:00,2023-10-25 00:00:00,2023-11-07 00:00:00,Unknown,84,Female,Female at birth,White,Non-Hispanic,No,No,No,No,No,4
131516-461,6,3268.77745678305,115521,133757-5,Resident,Illness Day 6,2023-10-31 00:00:00,6,,Negative,Positive,0,3.51438535417442,"Less than 10,000 copies/mL",,,VL,2023-10-30 00:00:00,2023-10-25 00:00:00,2023-11-07 00:00:00,Unknown,84,Female,Female at birth,White,Non-Hispanic,No,No,No,No,No,4
131516-461,6,31.79,115521,133757-5,Resident,Illness Day 6,2023-10-31 00:00:00,6,,Negative,Positive,0,3.51438535417442,"Less than 10,000 copies/mL",,,Ct,2023-10-30 00:00:00,2023-10-25 00:00:00,2023-11-07 00:00:00,Unknown,84,Female,Female at birth,White,Non-Hispanic,No,No,No,No,No,4
131516-461,7,1000936.41598488,115521,133757-5,Resident,Illness Day 7,2023-11-01 00:00:00,7,,Negative,Positive,0,6.00040649000282,Within detectable range,,,VL,2023-10-30 00:00:00,2023-10-25 00:00:00,2023-11-07 00:00:00,Unknown,84,Female,Female at birth,White,Non-Hispanic,No,No,No,No,No,4
131516-461,7,23.57,115521,133757-5,Resident,Illness Day 7,2023-11-01 00:00:00,7,,Negative,Positive,0,6.00040649000282,Within detectable range,,,Ct,2023-10-30 00:00:00,2023-10-25 00:00:00,2023-11-07 00:00:00,Unknown,84,Female,Female at birth,White,Non-Hispanic,No,No,No,No,No,4
131516-461,8,2176901.15634924,115521,133757-5,Resident,Illness Day 8,2023-11-02 00:00:00,8,,Positive,Positive,0,6.33783871005779,Within detectable range,,,VL,2023-10-30 00:00:00,2023-10-25 00:00:00,2023-11-07 00:00:00,Unknown,84,Female,Female at birth,White,Non-Hispanic,No,No,No,No,No,4
131516-461,8,22.28,115521,133757-5,Resident,Illness Day 8,2023-11-02 00:00:00,8,,Positive,Positive,0,6.33783871005779,Within detectable range,,,Ct,2023-10-30 00:00:00,2023-10-25 00:00:00,2023-11-07 00:00:00,Unknown,84,Female,Female at birth,White,Non-Hispanic,No,No,No,No,No,4
131516-461,9,9569385.50362589,115521,133757-5,Resident,Illness Day 9,2023-11-03 00:00:00,9,,Positive,Positive,0,6.98088405052995,Within detectable range,,,VL,2023-10-30 00:00:00,2023-10-25 00:00:00,2023-11-07 00:00:00,Unknown,84,Female,Female at birth,White,Non-Hispanic,No,No,No,No,No,4
131516-461,9,19.98,115521,133757-5,Resident,Illness Day 9,2023-11-03 00:00:00,9,,Positive,Positive,0,6.98088405052995,Within detectable range,,,Ct,2023-10-30 00:00:00,2023-10-25 00:00:00,2023-11-07 00:00:00,Unknown,84,Female,Female at birth,White,Non-Hispanic,No,No,No,No,No,4
131516-461,12,526151.6812344,115521,133757-5,Resident,Illness Day 12,2023-11-06 00:00:00,12,,Negative,Positive,0,5.72111096245589,Within detectable range,,,VL,2023-10-30 00:00:00,2023-10-25 00:00:00,2023-11-07 00:00:00,Unknown,84,Female,Female at birth,White,Non-Hispanic,No,No,No,No,No,4
131516-461,12,24.07,115521,133757-5,Resident,Illness Day 12,2023-11-06 00:00:00,12,,Negative,Positive,0,5.72111096245589,Within detectable range,,,Ct,2023-10-30 00:00:00,2023-10-25 00:00:00,2023-11-07 00:00:00,Unknown,84,Female,Female at birth,White,Non-Hispanic,No,No,No,No,No,4
131516-461,13,3423.21635825026,115521,133757-5,Resident,Illness Day 13,2023-11-07 00:00:00,13,,Negative,Positive,0,3.53443434880915,"Less than 10,000 copies/mL",,,VL,2023-10-30 00:00:00,2023-10-25 00:00:00,2023-11-07 00:00:00,Unknown,84,Female,Female at birth,White,Non-Hispanic,No,No,No,No,No,4
131516-461,13,30.95,115521,133757-5,Resident,Illness Day 13,2023-11-07 00:00:00,13,,Negative,Positive,0,3.53443434880915,"Less than 10,000 copies/mL",,,Ct,2023-10-30 00:00:00,2023-10-25 00:00:00,2023-11-07 00:00:00,Unknown,84,Female,Female at birth,White,Non-Hispanic,No,No,No,No,No,4
131516-565,2,2373989.79301728,115521,133757-5,Resident,Illness Day 2,2023-10-27 00:00:00,2,,Positive,Positive,0,6.37547884737097,Within detectable range,,,VL,2023-10-30 00:00:00,2023-10-25 00:00:00,2023-11-07 00:00:00,Unknown,79,Female,Female at birth,White,Non-Hispanic,No,No,No,No,No,1
131516-565,2,21.73,115521,133757-5,Resident,Illness Day 2,2023-10-27 00:00:00,2,,Positive,Positive,0,6.37547884737097,Within detectable range,,,Ct,2023-10-30 00:00:00,2023-10-25 00:00:00,2023-11-07 00:00:00,Unknown,79,Female,Female at birth,White,Non-Hispanic,No,No,No,No,No,1
131516-565,4,13413.8479161032,115521,133757-5,Resident,Illness Day 4,2023-10-29 00:00:00,4,,Negative,Positive,0,4.12755337807653,Within detectable range,,,VL,2023-10-30 00:00:00,2023-10-25 00:00:00,2023-11-07 00:00:00,Unknown,79,Female,Female at birth,White,Non-Hispanic,No,No,No,No,No,1
131516-565,4,29.3,115521,133757-5,Resident,Illness Day 4,2023-10-29 00:00:00,4,,Negative,Positive,0,4.12755337807653,Within detectable range,,,Ct,2023-10-30 00:00:00,2023-10-25 00:00:00,2023-11-07 00:00:00,Unknown,79,Female,Female at birth,White,Non-Hispanic,No,No,No,No,No,1
131516-565,5,781473.565000664,115521,133757-5,Resident,Illness Day 5,2023-10-30 00:00:00,5,,Positive,Positive,0,5.89291429167252,Within detectable range,,,VL,2023-10-30 00:00:00,2023-10-25 00:00:00,2023-11-07 00:00:00,Unknown,79,Female,Female at birth,White,Non-Hispanic,No,No,No,No,No,1
131516-565,5,23.67,115521,133757-5,Resident,Illness Day 5,2023-10-30 00:00:00,5,,Positive,Positive,0,5.89291429167252,Within detectable range,,,Ct,2023-10-30 00:00:00,2023-10-25 00:00:00,2023-11-07 00:00:00,Unknown,79,Female,Female at birth,White,Non-Hispanic,No,No,No,No,No,1
131516-565,6,2626882.55777916,115521,133757-5,Resident,Illness Day 6,2023-10-31 00:00:00,6,,Positive,Positive,0,6.41944065685589,Within detectable range,Omicron,EG.5.1.1,VL,2023-10-30 00:00:00,2023-10-25 00:00:00,2023-11-07 00:00:00,Unknown,79,Female,Female at birth,White,Non-Hispanic,No,No,No,No,No,1
131516-565,6,21.16,115521,133757-5,Resident,Illness Day 6,2023-10-31 00:00:00,6,,Positive,Positive,0,6.41944065685589,Within detectable range,Omicron,EG.5.1.1,Ct,2023-10-30 00:00:00,2023-10-25 00:00:00,2023-11-07 00:00:00,Unknown,79,Female,Female at birth,White,Non-Hispanic,No,No,No,No,No,1
131516-565,7,781.664322042488,115521,133757-5,Resident,Illness Day 7,2023-11-01 00:00:00,7,,Positive,Positive,0,2.89302028965485,"Less than 10,000 copies/mL",,,VL,2023-10-30 00:00:00,2023-10-25 00:00:00,2023-11-07 00:00:00,Unknown,79,Female,Female at birth,White,Non-Hispanic,No,No,No,No,No,1
131516-565,7,34.57,115521,133757-5,Resident,Illness Day 7,2023-11-01 00:00:00,7,,Positive,Positive,0,2.89302028965485,"Less than 10,000 copies/mL",,,Ct,2023-10-30 00:00:00,2023-10-25 00:00:00,2023-11-07 00:00:00,Unknown,79,Female,Female at birth,White,Non-Hispanic,No,No,No,No,No,1
131516-565,8,156688.200835796,115521,133757-5,Resident,Illness Day 8,2023-11-02 00:00:00,8,,Negative,Positive,0,5.19503629382124,Within detectable range,,,VL,2023-10-30 00:00:00,2023-10-25 00:00:00,2023-11-07 00:00:00,Unknown,79,Female,Female at birth,White,Non-Hispanic,No,No,No,No,No,1
131516-565,8,26.35,115521,133757-5,Resident,Illness Day 8,2023-11-02 00:00:00,8,,Negative,Positive,0,5.19503629382124,Within detectable range,,,Ct,2023-10-30 00:00:00,2023-10-25 00:00:00,2023-11-07 00:00:00,Unknown,79,Female,Female at birth,White,Non-Hispanic,No,No,No,No,No,1
131516-565,9,263.682871479606,115521,133757-5,Resident,Illness Day 9,2023-11-03 00:00:00,9,,Negative,Positive,0,2.42108191946544,"Less than 10,000 copies/mL",,,VL,2023-10-30 00:00:00,2023-10-25 00:00:00,2023-11-07 00:00:00,Unknown,79,Female,Female at birth,White,Non-Hispanic,No,No,No,No,No,1
131516-565,9,33.85,115521,133757-5,Resident,Illness Day 9,2023-11-03 00:00:00,9,,Negative,Positive,0,2.42108191946544,"Less than 10,000 copies/mL",,,Ct,2023-10-30 00:00:00,2023-10-25 00:00:00,2023-11-07 00:00:00,Unknown,79,Female,Female at birth,White,Non-Hispanic,No,No,No,No,No,1
131516-565,12,2352.78224689612,115521,133757-5,Resident,Illness Day 12,2023-11-06 00:00:00,12,,Negative,Positive,0,3.37158173450813,"Less than 10,000 copies/mL",,,VL,2023-10-30 00:00:00,2023-10-25 00:00:00,2023-11-07 00:00:00,Unknown,79,Female,Female at birth,White,Non-Hispanic,No,No,No,No,No,1
131516-565,12,32.09,115521,133757-5,Resident,Illness Day 12,2023-11-06 00:00:00,12,,Negative,Positive,0,3.37158173450813,"Less than 10,000 copies/mL",,,Ct,2023-10-30 00:00:00,2023-10-25 00:00:00,2023-11-07 00:00:00,Unknown,79,Female,Female at birth,White,Non-Hispanic,No,No,No,No,No,1
131516-565,13,,115521,133757-5,Resident,Illness Day 13,2023-11-07 00:00:00,13,,Negative,Negative,0,,"Undetectable, will not be done",,,VL,2023-10-30 00:00:00,2023-10-25 00:00:00,2023-11-07 00:00:00,Unknown,79,Female,Female at birth,White,Non-Hispanic,No,No,No,No,No,1
131516-565,13,Not available,115521,133757-5,Resident,Illness Day 13,2023-11-07 00:00:00,13,,Negative,Negative,0,,"Undetectable, will not be done",,,Ct,2023-10-30 00:00:00,2023-10-25 00:00:00,2023-11-07 00:00:00,Unknown,79,Female,Female at birth,White,Non-Hispanic,No,No,No,No,No,1
131517-32,1,5028660.18213687,215351,133758-1,Staff,Illness Day 1,2023-08-17 00:00:00,1,,Not done,Positive,0,6.70145228863163,Within detectable range,Omicron,XBB.1.5,VL,2023-08-17 00:00:00,2023-08-16 00:00:00,2023-11-10 00:00:00,No,43,Female,Female at birth,American Indian or Alaska Native,Non-Hispanic,No,No,No,No,No,4
131517-32,1,21.24,215351,133758-1,Staff,Illness Day 1,2023-08-17 00:00:00,1,,Not done,Positive,0,6.70145228863163,Within detectable range,Omicron,XBB.1.5,Ct,2023-08-17 00:00:00,2023-08-16 00:00:00,2023-11-10 00:00:00,No,43,Female,Female at birth,American Indian or Alaska Native,Non-Hispanic,No,No,No,No,No,4
131517-32,2,19022.4765595574,215351,133758-1,Staff,Illness Day 2,2023-08-18 00:00:00,2,,Not done,Positive,0,4.27926705761364,Within detectable range,,,VL,2023-08-17 00:00:00,2023-08-16 00:00:00,2023-11-10 00:00:00,No,43,Female,Female at birth,American Indian or Alaska Native,Non-Hispanic,No,No,No,No,No,4
131517-32,2,28.71,215351,133758-1,Staff,Illness Day 2,2023-08-18 00:00:00,2,,Not done,Positive,0,4.27926705761364,Within detectable range,,,Ct,2023-08-17 00:00:00,2023-08-16 00:00:00,2023-11-10 00:00:00,No,43,Female,Female at birth,American Indian or Alaska Native,Non-Hispanic,No,No,No,No,No,4
131517-32,3,23181.4361108838,215351,133758-1,Staff,Illness Day 3,2023-08-19 00:00:00,3,,Not done,Positive,0,4.36514033739603,Within detectable range,,,VL,2023-08-17 00:00:00,2023-08-16 00:00:00,2023-11-10 00:00:00,No,43,Female,Female at birth,American Indian or Alaska Native,Non-Hispanic,No,No,No,No,No,4
131517-32,3,30.32,215351,133758-1,Staff,Illness Day 3,2023-08-19 00:00:00,3,,Not done,Positive,0,4.36514033739603,Within detectable range,,,Ct,2023-08-17 00:00:00,2023-08-16 00:00:00,2023-11-10 00:00:00,No,43,Female,Female at birth,American Indian or Alaska Native,Non-Hispanic,No,No,No,No,No,4
131517-32,4,849.087232155148,215351,133758-1,Staff,Illness Day 4,2023-08-20 00:00:00,4,,Not done,Positive,0,2.92895231038236,"Less than 10,000 copies/mL",,,VL,2023-08-17 00:00:00,2023-08-16 00:00:00,2023-11-10 00:00:00,No,43,Female,Female at birth,American Indian or Alaska Native,Non-Hispanic,No,No,No,No,No,4
131517-32,4,33.98,215351,133758-1,Staff,Illness Day 4,2023-08-20 00:00:00,4,,Not done,Positive,0,2.92895231038236,"Less than 10,000 copies/mL",,,Ct,2023-08-17 00:00:00,2023-08-16 00:00:00,2023-11-10 00:00:00,No,43,Female,Female at birth,American Indian or Alaska Native,Non-Hispanic,No,No,No,No,No,4
131517-32,5,1613.45988863725,215351,133758-1,Staff,Illness Day 5,2023-08-21 00:00:00,5,,Negative,Positive,0,3.20775817311145,"Less than 10,000 copies/mL",,,VL,2023-08-17 00:00:00,2023-08-16 00:00:00,2023-11-10 00:00:00,No,43,Female,Female at birth,American Indian or Alaska Native,Non-Hispanic,No,No,No,No,No,4
131517-32,5,35.01,215351,133758-1,Staff,Illness Day 5,2023-08-21 00:00:00,5,,Negative,Positive,0,3.20775817311145,"Less than 10,000 copies/mL",,,Ct,2023-08-17 00:00:00,2023-08-16 00:00:00,2023-11-10 00:00:00,No,43,Female,Female at birth,American Indian or Alaska Native,Non-Hispanic,No,No,No,No,No,4
131517-32,6,11844.9923629196,215351,133758-1,Staff,Illness Day 6,2023-08-22 00:00:00,6,,Inconclusive,Positive,0,4.07353478504672,Within detectable range,,,VL,2023-08-17 00:00:00,2023-08-16 00:00:00,2023-11-10 00:00:00,No,43,Female,Female at birth,American Indian or Alaska Native,Non-Hispanic,No,No,No,No,No,4
131517-32,6,27.94,215351,133758-1,Staff,Illness Day 6,2023-08-22 00:00:00,6,,Inconclusive,Positive,0,4.07353478504672,Within detectable range,,,Ct,2023-08-17 00:00:00,2023-08-16 00:00:00,2023-11-10 00:00:00,No,43,Female,Female at birth,American Indian or Alaska Native,Non-Hispanic,No,No,No,No,No,4
131517-32,7,86612.5236997501,215351,133758-1,Staff,Illness Day 7,2023-08-23 00:00:00,7,,Inconclusive,Positive,0,4.93758069317731,Within detectable range,,,VL,2023-08-17 00:00:00,2023-08-16 00:00:00,2023-11-10 00:00:00,No,43,Female,Female at birth,American Indian or Alaska Native,Non-Hispanic,No,No,No,No,No,4
131517-32,7,27.57,215351,133758-1,Staff,Illness Day 7,2023-08-23 00:00:00,7,,Inconclusive,Positive,0,4.93758069317731,Within detectable range,,,Ct,2023-08-17 00:00:00,2023-08-16 00:00:00,2023-11-10 00:00:00,No,43,Female,Female at birth,American Indian or Alaska Native,Non-Hispanic,No,No,No,No,No,4
131517-32,9,796.474012071853,215351,133758-1,Staff,Illness Day 9,2023-08-25 00:00:00,9,,Negative,Positive,0,2.90117160989494,"Less than 10,000 copies/mL",,,VL,2023-08-17 00:00:00,2023-08-16 00:00:00,2023-11-10 00:00:00,No,43,Female,Female at birth,American Indian or Alaska Native,Non-Hispanic,No,No,No,No,No,4
131517-32,9,33.96,215351,133758-1,Staff,Illness Day 9,2023-08-25 00:00:00,9,,Negative,Positive,0,2.90117160989494,"Less than 10,000 copies/mL",,,Ct,2023-08-17 00:00:00,2023-08-16 00:00:00,2023-11-10 00:00:00,No,43,Female,Female at birth,American Indian or Alaska Native,Non-Hispanic,No,No,No,No,No,4
131517-32,10,,215351,133758-1,Staff,Illness Day 10,2023-08-26 00:00:00,10,,Negative,Negative,0,,"Undetectable, will not be done",,,VL,2023-08-17 00:00:00,2023-08-16 00:00:00,2023-11-10 00:00:00,No,43,Female,Female at birth,American Indian or Alaska Native,Non-Hispanic,No,No,No,No,No,4
131517-32,10,Not available,215351,133758-1,Staff,Illness Day 10,2023-08-26 00:00:00,10,,Negative,Negative,0,,"Undetectable, will not be done",,,Ct,2023-08-17 00:00:00,2023-08-16 00:00:00,2023-11-10 00:00:00,No,43,Female,Female at birth,American Indian or Alaska Native,Non-Hispanic,No,No,No,No,No,4
131517-32,11,,215351,133758-1,Staff,Illness Day 11,2023-08-27 00:00:00,11,,Negative,Negative,0,,"Undetectable, will not be done",,,VL,2023-08-17 00:00:00,2023-08-16 00:00:00,2023-11-10 00:00:00,No,43,Female,Female at birth,American Indian or Alaska Native,Non-Hispanic,No,No,No,No,No,4
131517-32,11,Not available,215351,133758-1,Staff,Illness Day 11,2023-08-27 00:00:00,11,,Negative,Negative,0,,"Undetectable, will not be done",,,Ct,2023-08-17 00:00:00,2023-08-16 00:00:00,2023-11-10 00:00:00,No,43,Female,Female at birth,American Indian or Alaska Native,Non-Hispanic,No,No,No,No,No,4
131517-32,12,,215351,133758-1,Staff,Illness Day 12,2023-08-28 00:00:00,12,,Negative,Negative,0,,"Undetectable, will not be done",,,VL,2023-08-17 00:00:00,2023-08-16 00:00:00,2023-11-10 00:00:00,No,43,Female,Female at birth,American Indian or Alaska Native,Non-Hispanic,No,No,No,No,No,4
131517-32,12,Not available,215351,133758-1,Staff,Illness Day 12,2023-08-28 00:00:00,12,,Negative,Negative,0,,"Undetectable, will not be done",,,Ct,2023-08-17 00:00:00,2023-08-16 00:00:00,2023-11-10 00:00:00,No,43,Female,Female at birth,American Indian or Alaska Native,Non-Hispanic,No,No,No,No,No,4
131517-32,13,,215351,133758-1,Staff,Illness Day 13,2023-08-29 00:00:00,13,,Not done,Negative,0,,"Undetectable, will not be done",,,VL,2023-08-17 00:00:00,2023-08-16 00:00:00,2023-11-10 00:00:00,No,43,Female,Female at birth,American Indian or Alaska Native,Non-Hispanic,No,No,No,No,No,4
131517-32,13,Not available,215351,133758-1,Staff,Illness Day 13,2023-08-29 00:00:00,13,,Not done,Negative,0,,"Undetectable, will not be done",,,Ct,2023-08-17 00:00:00,2023-08-16 00:00:00,2023-11-10 00:00:00,No,43,Female,Female at birth,American Indian or Alaska Native,Non-Hispanic,No,No,No,No,No,4
131517-32,14,,215351,133758-1,Staff,Illness Day 14,2023-08-30 00:00:00,14,,Not done,Negative,0,,"Undetectable, will not be done",,,VL,2023-08-17 00:00:00,2023-08-16 00:00:00,2023-11-10 00:00:00,No,43,Female,Female at birth,American Indian or Alaska Native,Non-Hispanic,No,No,No,No,No,4
131517-32,14,Not available,215351,133758-1,Staff,Illness Day 14,2023-08-30 00:00:00,14,,Not done,Negative,0,,"Undetectable, will not be done",,,Ct,2023-08-17 00:00:00,2023-08-16 00:00:00,2023-11-10 00:00:00,No,43,Female,Female at birth,American Indian or Alaska Native,Non-Hispanic,No,No,No,No,No,4
131517-32,20,,215351,133758-1,Staff,Op ill w4 t1,2023-09-05 00:00:00,20,,Not done,Negative,0,,"Undetectable, will not be done",,,VL,2023-08-17 00:00:00,2023-08-16 00:00:00,2023-11-10 00:00:00,No,43,Female,Female at birth,American Indian or Alaska Native,Non-Hispanic,No,No,No,No,No,4
131517-32,20,Not available,215351,133758-1,Staff,Op ill w4 t1,2023-09-05 00:00:00,20,,Not done,Negative,0,,"Undetectable, will not be done",,,Ct,2023-08-17 00:00:00,2023-08-16 00:00:00,2023-11-10 00:00:00,No,43,Female,Female at birth,American Indian or Alaska Native,Non-Hispanic,No,No,No,No,No,4
131517-32,22,,215351,133758-1,Staff,Op ill w3 t1,2023-09-07 00:00:00,22,,Not done,Negative,0,,"Undetectable, will not be done",,,VL,2023-08-17 00:00:00,2023-08-16 00:00:00,2023-11-10 00:00:00,No,43,Female,Female at birth,American Indian or Alaska Native,Non-Hispanic,No,No,No,No,No,4
131517-32,22,Not available,215351,133758-1,Staff,Op ill w3 t1,2023-09-07 00:00:00,22,,Not done,Negative,0,,"Undetectable, will not be done",,,Ct,2023-08-17 00:00:00,2023-08-16 00:00:00,2023-11-10 00:00:00,No,43,Female,Female at birth,American Indian or Alaska Native,Non-Hispanic,No,No,No,No,No,4
131517-32,27,,215351,133758-1,Staff,Op ill w3 t2,2023-09-12 00:00:00,27,,Not done,Negative,0,,"Undetectable, will not be done",,,VL,2023-08-17 00:00:00,2023-08-16 00:00:00,2023-11-10 00:00:00,No,43,Female,Female at birth,American Indian or Alaska Native,Non-Hispanic,No,No,No,No,No,4
131517-32,27,Not available,215351,133758-1,Staff,Op ill w3 t2,2023-09-12 00:00:00,27,,Not done,Negative,0,,"Undetectable, will not be done",,,Ct,2023-08-17 00:00:00,2023-08-16 00:00:00,2023-11-10 00:00:00,No,43,Female,Female at birth,American Indian or Alaska Native,Non-Hispanic,No,No,No,No,No,4
131517-32,30,,215351,133758-1,Staff,Op ill week 5,2023-09-15 00:00:00,30,,Not done,Negative,0,,"Undetectable, will not be done",,,VL,2023-08-17 00:00:00,2023-08-16 00:00:00,2023-11-10 00:00:00,No,43,Female,Female at birth,American Indian or Alaska Native,Non-Hispanic,No,No,No,No,No,4
131517-32,30,Not available,215351,133758-1,Staff,Op ill week 5,2023-09-15 00:00:00,30,,Not done,Negative,0,,"Undetectable, will not be done",,,Ct,2023-08-17 00:00:00,2023-08-16 00:00:00,2023-11-10 00:00:00,No,43,Female,Female at birth,American Indian or Alaska Native,Non-Hispanic,No,No,No,No,No,4
131517-32,35,,215351,133758-1,Staff,Op ill week 6,2023-09-20 00:00:00,35,,Not done,Negative,0,,"Undetectable, will not be done",,,VL,2023-08-17 00:00:00,2023-08-16 00:00:00,2023-11-10 00:00:00,No,43,Female,Female at birth,American Indian or Alaska Native,Non-Hispanic,No,No,No,No,No,4
131517-32,35,43.42,215351,133758-1,Staff,Op ill week 6,2023-09-20 00:00:00,35,,Not done,Negative,0,,"Undetectable, will not be done",,,Ct,2023-08-17 00:00:00,2023-08-16 00:00:00,2023-11-10 00:00:00,No,43,Female,Female at birth,American Indian or Alaska Native,Non-Hispanic,No,No,No,No,No,4
131517-32,37,,215351,133758-1,Staff,Op ill week 7,2023-09-22 00:00:00,37,,Not done,Negative,0,,"Undetectable, will not be done",,,VL,2023-08-17 00:00:00,2023-08-16 00:00:00,2023-11-10 00:00:00,No,43,Female,Female at birth,American Indian or Alaska Native,Non-Hispanic,No,No,No,No,No,4
131517-32,37,Not available,215351,133758-1,Staff,Op ill week 7,2023-09-22 00:00:00,37,,Not done,Negative,0,,"Undetectable, will not be done",,,Ct,2023-08-17 00:00:00,2023-08-16 00:00:00,2023-11-10 00:00:00,No,43,Female,Female at birth,American Indian or Alaska Native,Non-Hispanic,No,No,No,No,No,4
131517-32,55,,215351,133758-1,Staff,Op ill week 8,2023-10-10 00:00:00,55,,Not done,Negative,0,,"Undetectable, will not be done",,,VL,2023-08-17 00:00:00,2023-08-16 00:00:00,2023-11-10 00:00:00,No,43,Female,Female at birth,American Indian or Alaska Native,Non-Hispanic,No,No,No,No,No,4
131517-32,55,Not available,215351,133758-1,Staff,Op ill week 8,2023-10-10 00:00:00,55,,Not done,Negative,0,,"Undetectable, will not be done",,,Ct,2023-08-17 00:00:00,2023-08-16 00:00:00,2023-11-10 00:00:00,No,43,Female,Female at birth,American Indian or Alaska Native,Non-Hispanic,No,No,No,No,No,4
131517-32,57,,215351,133758-1,Staff,Op ill week 9,2023-10-12 00:00:00,57,,Not done,Negative,0,,"Undetectable, will not be done",,,VL,2023-08-17 00:00:00,2023-08-16 00:00:00,2023-11-10 00:00:00,No,43,Female,Female at birth,American Indian or Alaska Native,Non-Hispanic,No,No,No,No,No,4
131517-32,57,Not available,215351,133758-1,Staff,Op ill week 9,2023-10-12 00:00:00,57,,Not done,Negative,0,,"Undetectable, will not be done",,,Ct,2023-08-17 00:00:00,2023-08-16 00:00:00,2023-11-10 00:00:00,No,43,Female,Female at birth,American Indian or Alaska Native,Non-Hispanic,No,No,No,No,No,4
131517-32,63,,215351,133758-1,Staff,Op ill week 10,2023-10-18 00:00:00,63,,Not done,Negative,0,,"Undetectable, will not be done",,,VL,2023-08-17 00:00:00,2023-08-16 00:00:00,2023-11-10 00:00:00,No,43,Female,Female at birth,American Indian or Alaska Native,Non-Hispanic,No,No,No,No,No,4
131517-32,63,Not available,215351,133758-1,Staff,Op ill week 10,2023-10-18 00:00:00,63,,Not done,Negative,0,,"Undetectable, will not be done",,,Ct,2023-08-17 00:00:00,2023-08-16 00:00:00,2023-11-10 00:00:00,No,43,Female,Female at birth,American Indian or Alaska Native,Non-Hispanic,No,No,No,No,No,4
131517-32,65,,215351,133758-1,Staff,Op ill week 11,2023-10-20 00:00:00,65,,Not done,Negative,0,,"Undetectable, will not be done",,,VL,2023-08-17 00:00:00,2023-08-16 00:00:00,2023-11-10 00:00:00,No,43,Female,Female at birth,American Indian or Alaska Native,Non-Hispanic,No,No,No,No,No,4
131517-32,65,Not available,215351,133758-1,Staff,Op ill week 11,2023-10-20 00:00:00,65,,Not done,Negative,0,,"Undetectable, will not be done",,,Ct,2023-08-17 00:00:00,2023-08-16 00:00:00,2023-11-10 00:00:00,No,43,Female,Female at birth,American Indian or Alaska Native,Non-Hispanic,No,No,No,No,No,4
131517-32,71,,215351,133758-1,Staff,Op ill week 12,2023-10-26 00:00:00,71,,Not done,Negative,0,,"Undetectable, will not be done",,,VL,2023-08-17 00:00:00,2023-08-16 00:00:00,2023-11-10 00:00:00,No,43,Female,Female at birth,American Indian or Alaska Native,Non-Hispanic,No,No,No,No,No,4
131517-32,71,Not available,215351,133758-1,Staff,Op ill week 12,2023-10-26 00:00:00,71,,Not done,Negative,0,,"Undetectable, will not be done",,,Ct,2023-08-17 00:00:00,2023-08-16 00:00:00,2023-11-10 00:00:00,No,43,Female,Female at birth,American Indian or Alaska Native,Non-Hispanic,No,No,No,No,No,4
131517-32,75,,215351,133758-1,Staff,Op ill week 13,2023-10-30 00:00:00,75,,Not done,Negative,0,,"Undetectable, will not be done",,,VL,2023-08-17 00:00:00,2023-08-16 00:00:00,2023-11-10 00:00:00,No,43,Female,Female at birth,American Indian or Alaska Native,Non-Hispanic,No,No,No,No,No,4
131517-32,75,Not available,215351,133758-1,Staff,Op ill week 13,2023-10-30 00:00:00,75,,Not done,Negative,0,,"Undetectable, will not be done",,,Ct,2023-08-17 00:00:00,2023-08-16 00:00:00,2023-11-10 00:00:00,No,43,Female,Female at birth,American Indian or Alaska Native,Non-Hispanic,No,No,No,No,No,4
131517-32,83,,215351,133758-1,Staff,Op ill w4 t2,2023-11-07 00:00:00,83,,Not done,Negative,0,,"Undetectable, will not be done",,,VL,2023-08-17 00:00:00,2023-08-16 00:00:00,2023-11-10 00:00:00,No,43,Female,Female at birth,American Indian or Alaska Native,Non-Hispanic,No,No,No,No,No,4
131517-32,83,Not available,215351,133758-1,Staff,Op ill w4 t2,2023-11-07 00:00:00,83,,Not done,Negative,0,,"Undetectable, will not be done",,,Ct,2023-08-17 00:00:00,2023-08-16 00:00:00,2023-11-10 00:00:00,No,43,Female,Female at birth,American Indian or Alaska Native,Non-Hispanic,No,No,No,No,No,4
131517-32,86,,215351,133758-1,Staff,Illness Day 8,2023-11-10 00:00:00,86,,Not done,Negative,0,,"Undetectable, will not be done",,,VL,2023-08-17 00:00:00,2023-08-16 00:00:00,2023-11-10 00:00:00,No,43,Female,Female at birth,American Indian or Alaska Native,Non-Hispanic,No,No,No,No,No,4
131517-32,86,Not available,215351,133758-1,Staff,Illness Day 8,2023-11-10 00:00:00,86,,Not done,Negative,0,,"Undetectable, will not be done",,,Ct,2023-08-17 00:00:00,2023-08-16 00:00:00,2023-11-10 00:00:00,No,43,Female,Female at birth,American Indian or Alaska Native,Non-Hispanic,No,No,No,No,No,4
131517-24,0,1751766.73509914,215351,133758-3,Staff,Illness Day 1,2023-10-11 00:00:00,0,1,Positive,Positive,0,6.24347627511752,Within detectable range,,,VL,2023-08-10 00:00:00,2023-10-11 00:00:00,2023-12-25 00:00:00,Yes,57,Female,Female at birth,White,Non-Hispanic,Yes,Unknown,Unknown,Unknown,Unknown,4
131517-24,0,23.14,215351,133758-3,Staff,Illness Day 1,2023-10-11 00:00:00,0,1,Positive,Positive,0,6.24347627511752,Within detectable range,,,Ct,2023-08-10 00:00:00,2023-10-11 00:00:00,2023-12-25 00:00:00,Yes,57,Female,Female at birth,White,Non-Hispanic,Yes,Unknown,Unknown,Unknown,Unknown,4
131517-24,1,3602915.78882274,215351,133758-3,Staff,Illness Day 2,2023-10-12 00:00:00,1,,Positive,Positive,0,6.55665411144897,Within detectable range,,,VL,2023-08-10 00:00:00,2023-10-11 00:00:00,2023-12-25 00:00:00,Yes,57,Female,Female at birth,White,Non-Hispanic,Yes,Unknown,Unknown,Unknown,Unknown,4
131517-24,1,21.87,215351,133758-3,Staff,Illness Day 2,2023-10-12 00:00:00,1,,Positive,Positive,0,6.55665411144897,Within detectable range,,,Ct,2023-08-10 00:00:00,2023-10-11 00:00:00,2023-12-25 00:00:00,Yes,57,Female,Female at birth,White,Non-Hispanic,Yes,Unknown,Unknown,Unknown,Unknown,4
131517-24,2,130451.668338213,215351,133758-3,Staff,Illness Day 3,2023-10-13 00:00:00,2,,Positive,Positive,0,5.11544963763668,Within detectable range,,,VL,2023-08-10 00:00:00,2023-10-11 00:00:00,2023-12-25 00:00:00,Yes,57,Female,Female at birth,White,Non-Hispanic,Yes,Unknown,Unknown,Unknown,Unknown,4
131517-24,2,27.22,215351,133758-3,Staff,Illness Day 3,2023-10-13 00:00:00,2,,Positive,Positive,0,5.11544963763668,Within detectable range,,,Ct,2023-08-10 00:00:00,2023-10-11 00:00:00,2023-12-25 00:00:00,Yes,57,Female,Female at birth,White,Non-Hispanic,Yes,Unknown,Unknown,Unknown,Unknown,4
131517-24,3,15836.7112917293,215351,133758-3,Staff,Illness Day 4,2023-10-14 00:00:00,3,,Negative,Positive,0,4.19966499946661,Within detectable range,,,VL,2023-08-10 00:00:00,2023-10-11 00:00:00,2023-12-25 00:00:00,Yes,57,Female,Female at birth,White,Non-Hispanic,Yes,Unknown,Unknown,Unknown,Unknown,4
131517-24,3,29.3,215351,133758-3,Staff,Illness Day 4,2023-10-14 00:00:00,3,,Negative,Positive,0,4.19966499946661,Within detectable range,,,Ct,2023-08-10 00:00:00,2023-10-11 00:00:00,2023-12-25 00:00:00,Yes,57,Female,Female at birth,White,Non-Hispanic,Yes,Unknown,Unknown,Unknown,Unknown,4
131517-24,4,3361.21390413312,215351,133758-3,Staff,Illness Day 5,2023-10-15 00:00:00,4,,Negative,Positive,0,3.52649615139499,"Less than 10,000 copies/mL",,,VL,2023-08-10 00:00:00,2023-10-11 00:00:00,2023-12-25 00:00:00,Yes,57,Female,Female at birth,White,Non-Hispanic,Yes,Unknown,Unknown,Unknown,Unknown,4
131517-24,4,34.17,215351,133758-3,Staff,Illness Day 5,2023-10-15 00:00:00,4,,Negative,Positive,0,3.52649615139499,"Less than 10,000 copies/mL",,,Ct,2023-08-10 00:00:00,2023-10-11 00:00:00,2023-12-25 00:00:00,Yes,57,Female,Female at birth,White,Non-Hispanic,Yes,Unknown,Unknown,Unknown,Unknown,4
131517-24,5,,215351,133758-3,Staff,Illness Day 6,2023-10-16 00:00:00,5,,Negative,Negative,0,,"Undetectable, will not be done",,,VL,2023-08-10 00:00:00,2023-10-11 00:00:00,2023-12-25 00:00:00,Yes,57,Female,Female at birth,White,Non-Hispanic,Yes,Unknown,Unknown,Unknown,Unknown,4
131517-24,5,Not available,215351,133758-3,Staff,Illness Day 6,2023-10-16 00:00:00,5,,Negative,Negative,0,,"Undetectable, will not be done",,,Ct,2023-08-10 00:00:00,2023-10-11 00:00:00,2023-12-25 00:00:00,Yes,57,Female,Female at birth,White,Non-Hispanic,Yes,Unknown,Unknown,Unknown,Unknown,4
131517-24,6,,215351,133758-3,Staff,Illness Day 7,2023-10-17 00:00:00,6,,Not done,Negative,0,,"Undetectable, will not be done",,,VL,2023-08-10 00:00:00,2023-10-11 00:00:00,2023-12-25 00:00:00,Yes,57,Female,Female at birth,White,Non-Hispanic,Yes,Unknown,Unknown,Unknown,Unknown,4
131517-24,6,44.93,215351,133758-3,Staff,Illness Day 7,2023-10-17 00:00:00,6,,Not done,Negative,0,,"Undetectable, will not be done",,,Ct,2023-08-10 00:00:00,2023-10-11 00:00:00,2023-12-25 00:00:00,Yes,57,Female,Female at birth,White,Non-Hispanic,Yes,Unknown,Unknown,Unknown,Unknown,4
131517-24,7,95048.8861324714,215351,133758-3,Staff,Illness Day 8,2023-10-18 00:00:00,7,,Not done,Positive,0,4.97794703178162,Within detectable range,,,VL,2023-08-10 00:00:00,2023-10-11 00:00:00,2023-12-25 00:00:00,Yes,57,Female,Female at birth,White,Non-Hispanic,Yes,Unknown,Unknown,Unknown,Unknown,4
131517-24,7,27.34,215351,133758-3,Staff,Illness Day 8,2023-10-18 00:00:00,7,,Not done,Positive,0,4.97794703178162,Within detectable range,,,Ct,2023-08-10 00:00:00,2023-10-11 00:00:00,2023-12-25 00:00:00,Yes,57,Female,Female at birth,White,Non-Hispanic,Yes,Unknown,Unknown,Unknown,Unknown,4
131517-24,8,16927235.1480137,215351,133758-3,Staff,Illness Day 9,2023-10-19 00:00:00,8,,Inconclusive,Positive,0,7.22858602733397,Within detectable range,,,VL,2023-08-10 00:00:00,2023-10-11 00:00:00,2023-12-25 00:00:00,Yes,57,Female,Female at birth,White,Non-Hispanic,Yes,Unknown,Unknown,Unknown,Unknown,4
131517-24,8,20.08,215351,133758-3,Staff,Illness Day 9,2023-10-19 00:00:00,8,,Inconclusive,Positive,0,7.22858602733397,Within detectable range,,,Ct,2023-08-10 00:00:00,2023-10-11 00:00:00,2023-12-25 00:00:00,Yes,57,Female,Female at birth,White,Non-Hispanic,Yes,Unknown,Unknown,Unknown,Unknown,4
131517-24,9,123549412.713811,215351,133758-3,Staff,Illness Day 10,2023-10-20 00:00:00,9,,Not done,Positive,0,8.09184068534508,Within detectable range,,,VL,2023-08-10 00:00:00,2023-10-11 00:00:00,2023-12-25 00:00:00,Yes,57,Female,Female at birth,White,Non-Hispanic,Yes,Unknown,Unknown,Unknown,Unknown,4
131517-24,9,16.13,215351,133758-3,Staff,Illness Day 10,2023-10-20 00:00:00,9,,Not done,Positive,0,8.09184068534508,Within detectable range,,,Ct,2023-08-10 00:00:00,2023-10-11 00:00:00,2023-12-25 00:00:00,Yes,57,Female,Female at birth,White,Non-Hispanic,Yes,Unknown,Unknown,Unknown,Unknown,4
131517-24,10,1087461610.44959,215351,133758-3,Staff,Illness Day 11,2023-10-21 00:00:00,10,,Not done,Positive,0,9.03641393444122,More than 1 billion copies/mL,Omicron,XBB.1.16.6,VL,2023-08-10 00:00:00,2023-10-11 00:00:00,2023-12-25 00:00:00,Yes,57,Female,Female at birth,White,Non-Hispanic,Yes,Unknown,Unknown,Unknown,Unknown,4
131517-24,10,13.71,215351,133758-3,Staff,Illness Day 11,2023-10-21 00:00:00,10,,Not done,Positive,0,9.03641393444122,More than 1 billion copies/mL,Omicron,XBB.1.16.6,Ct,2023-08-10 00:00:00,2023-10-11 00:00:00,2023-12-25 00:00:00,Yes,57,Female,Female at birth,White,Non-Hispanic,Yes,Unknown,Unknown,Unknown,Unknown,4
131517-24,11,44273984.2644514,215351,133758-3,Staff,Illness Day 12,2023-10-22 00:00:00,11,,Not done,Positive,0,7.64614860637473,Within detectable range,,,VL,2023-08-10 00:00:00,2023-10-11 00:00:00,2023-12-25 00:00:00,Yes,57,Female,Female at birth,White,Non-Hispanic,Yes,Unknown,Unknown,Unknown,Unknown,4
131517-24,11,18.74,215351,133758-3,Staff,Illness Day 12,2023-10-22 00:00:00,11,,Not done,Positive,0,7.64614860637473,Within detectable range,,,Ct,2023-08-10 00:00:00,2023-10-11 00:00:00,2023-12-25 00:00:00,Yes,57,Female,Female at birth,White,Non-Hispanic,Yes,Unknown,Unknown,Unknown,Unknown,4
131517-24,12,440168401.012803,215351,133758-3,Staff,Illness Day 13,2023-10-23 00:00:00,12,,Not done,Positive,0,8.64361886202845,Within detectable range,,,VL,2023-08-10 00:00:00,2023-10-11 00:00:00,2023-12-25 00:00:00,Yes,57,Female,Female at birth,White,Non-Hispanic,Yes,Unknown,Unknown,Unknown,Unknown,4
131517-24,12,15.23,215351,133758-3,Staff,Illness Day 13,2023-10-23 00:00:00,12,,Not done,Positive,0,8.64361886202845,Within detectable range,,,Ct,2023-08-10 00:00:00,2023-10-11 00:00:00,2023-12-25 00:00:00,Yes,57,Female,Female at birth,White,Non-Hispanic,Yes,Unknown,Unknown,Unknown,Unknown,4
131517-24,13,41609639.6150588,215351,133758-3,Staff,Illness Day 14,2023-10-24 00:00:00,13,,Not done,Positive,0,7.61919395434452,Within detectable range,,,VL,2023-08-10 00:00:00,2023-10-11 00:00:00,2023-12-25 00:00:00,Yes,57,Female,Female at birth,White,Non-Hispanic,Yes,Unknown,Unknown,Unknown,Unknown,4
131517-24,13,18.34,215351,133758-3,Staff,Illness Day 14,2023-10-24 00:00:00,13,,Not done,Positive,0,7.61919395434452,Within detectable range,,,Ct,2023-08-10 00:00:00,2023-10-11 00:00:00,2023-12-25 00:00:00,Yes,57,Female,Female at birth,White,Non-Hispanic,Yes,Unknown,Unknown,Unknown,Unknown,4
131517-24,14,46435757.7543597,215351,133758-3,Staff,Op ill w3 t1,2023-10-25 00:00:00,14,,Not done,Positive,0,7.66685253690574,Within detectable range,Omicron,XBB.1.16.6,VL,2023-08-10 00:00:00,2023-10-11 00:00:00,2023-12-25 00:00:00,Yes,57,Female,Female at birth,White,Non-Hispanic,Yes,Unknown,Unknown,Unknown,Unknown,4
131517-24,14,18.22,215351,133758-3,Staff,Op ill w3 t1,2023-10-25 00:00:00,14,,Not done,Positive,0,7.66685253690574,Within detectable range,Omicron,XBB.1.16.6,Ct,2023-08-10 00:00:00,2023-10-11 00:00:00,2023-12-25 00:00:00,Yes,57,Female,Female at birth,White,Non-Hispanic,Yes,Unknown,Unknown,Unknown,Unknown,4
131517-24,19,16049.2962643814,215351,133758-3,Staff,Op ill w3 t2,2023-10-30 00:00:00,19,,Inconclusive,Positive,0,4.20545599404953,Within detectable range,,,VL,2023-08-10 00:00:00,2023-10-11 00:00:00,2023-12-25 00:00:00,Yes,57,Female,Female at birth,White,Non-Hispanic,Yes,Unknown,Unknown,Unknown,Unknown,4
131517-24,19,28.13,215351,133758-3,Staff,Op ill w3 t2,2023-10-30 00:00:00,19,,Inconclusive,Positive,0,4.20545599404953,Within detectable range,,,Ct,2023-08-10 00:00:00,2023-10-11 00:00:00,2023-12-25 00:00:00,Yes,57,Female,Female at birth,White,Non-Hispanic,Yes,Unknown,Unknown,Unknown,Unknown,4
131517-24,20,1416.84274830093,215351,133758-3,Staff,Op ill w4 t1,2023-10-31 00:00:00,20,,Negative,Positive,0,3.15132165170484,"Less than 10,000 copies/mL",,,VL,2023-08-10 00:00:00,2023-10-11 00:00:00,2023-12-25 00:00:00,Yes,57,Female,Female at birth,White,Non-Hispanic,Yes,Unknown,Unknown,Unknown,Unknown,4
131517-24,20,32.16,215351,133758-3,Staff,Op ill w4 t1,2023-10-31 00:00:00,20,,Negative,Positive,0,3.15132165170484,"Less than 10,000 copies/mL",,,Ct,2023-08-10 00:00:00,2023-10-11 00:00:00,2023-12-25 00:00:00,Yes,57,Female,Female at birth,White,Non-Hispanic,Yes,Unknown,Unknown,Unknown,Unknown,4
131517-24,26,860.775148810985,215351,133758-3,Staff,Op ill w4 t2,2023-11-06 00:00:00,26,,Inconclusive,Positive,0,2.93488972011361,"Less than 10,000 copies/mL",,,VL,2023-08-10 00:00:00,2023-10-11 00:00:00,2023-12-25 00:00:00,Yes,57,Female,Female at birth,White,Non-Hispanic,Yes,Unknown,Unknown,Unknown,Unknown,4
131517-24,26,29.16,215351,133758-3,Staff,Op ill w4 t2,2023-11-06 00:00:00,26,,Inconclusive,Positive,0,2.93488972011361,"Less than 10,000 copies/mL",,,Ct,2023-08-10 00:00:00,2023-10-11 00:00:00,2023-12-25 00:00:00,Yes,57,Female,Female at birth,White,Non-Hispanic,Yes,Unknown,Unknown,Unknown,Unknown,4
131517-24,27,20887.771380065,215351,133758-3,Staff,Op ill week 5,2023-11-07 00:00:00,27,,Negative,Positive,0,4.31989210541966,Within detectable range,,,VL,2023-08-10 00:00:00,2023-10-11 00:00:00,2023-12-25 00:00:00,Yes,57,Female,Female at birth,White,Non-Hispanic,Yes,Unknown,Unknown,Unknown,Unknown,4
131517-24,27,35.2,215351,133758-3,Staff,Op ill week 5,2023-11-07 00:00:00,27,,Negative,Positive,0,4.31989210541966,Within detectable range,,,Ct,2023-08-10 00:00:00,2023-10-11 00:00:00,2023-12-25 00:00:00,Yes,57,Female,Female at birth,White,Non-Hispanic,Yes,Unknown,Unknown,Unknown,Unknown,4
131517-24,33,,215351,133758-3,Staff,Op ill week 6,2023-11-13 00:00:00,33,,Inconclusive,Positive,0,,"VL run, not detected",,,VL,2023-08-10 00:00:00,2023-10-11 00:00:00,2023-12-25 00:00:00,Yes,57,Female,Female at birth,White,Non-Hispanic,Yes,Unknown,Unknown,Unknown,Unknown,4
131517-24,33,34.84,215351,133758-3,Staff,Op ill week 6,2023-11-13 00:00:00,33,,Inconclusive,Positive,0,,"VL run, not detected",,,Ct,2023-08-10 00:00:00,2023-10-11 00:00:00,2023-12-25 00:00:00,Yes,57,Female,Female at birth,White,Non-Hispanic,Yes,Unknown,Unknown,Unknown,Unknown,4
131517-24,41,,215351,133758-3,Staff,Op ill week 8,2023-11-21 00:00:00,41,,Negative,Negative,0,,"Undetectable, will not be done",,,VL,2023-08-10 00:00:00,2023-10-11 00:00:00,2023-12-25 00:00:00,Yes,57,Female,Female at birth,White,Non-Hispanic,Yes,Unknown,Unknown,Unknown,Unknown,4
131517-24,41,Not available,215351,133758-3,Staff,Op ill week 8,2023-11-21 00:00:00,41,,Negative,Negative,0,,"Undetectable, will not be done",,,Ct,2023-08-10 00:00:00,2023-10-11 00:00:00,2023-12-25 00:00:00,Yes,57,Female,Female at birth,White,Non-Hispanic,Yes,Unknown,Unknown,Unknown,Unknown,4
131517-24,47,,215351,133758-3,Staff,Op ill week 9,2023-11-27 00:00:00,47,,Negative,Negative,0,,"Undetectable, will not be done",,,VL,2023-08-10 00:00:00,2023-10-11 00:00:00,2023-12-25 00:00:00,Yes,57,Female,Female at birth,White,Non-Hispanic,Yes,Unknown,Unknown,Unknown,Unknown,4
131517-24,47,38.46,215351,133758-3,Staff,Op ill week 9,2023-11-27 00:00:00,47,,Negative,Negative,0,,"Undetectable, will not be done",,,Ct,2023-08-10 00:00:00,2023-10-11 00:00:00,2023-12-25 00:00:00,Yes,57,Female,Female at birth,White,Non-Hispanic,Yes,Unknown,Unknown,Unknown,Unknown,4
131517-24,54,,215351,133758-3,Staff,Op ill week 10,2023-12-04 00:00:00,54,,Negative,Negative,0,,"Undetectable, will not be done",,,VL,2023-08-10 00:00:00,2023-10-11 00:00:00,2023-12-25 00:00:00,Yes,57,Female,Female at birth,White,Non-Hispanic,Yes,Unknown,Unknown,Unknown,Unknown,4
131517-24,54,Not available,215351,133758-3,Staff,Op ill week 10,2023-12-04 00:00:00,54,,Negative,Negative,0,,"Undetectable, will not be done",,,Ct,2023-08-10 00:00:00,2023-10-11 00:00:00,2023-12-25 00:00:00,Yes,57,Female,Female at birth,White,Non-Hispanic,Yes,Unknown,Unknown,Unknown,Unknown,4
131517-24,61,,215351,133758-3,Staff,Op ill week 11,2023-12-11 00:00:00,61,,Negative,Negative,0,,"Undetectable, will not be done",,,VL,2023-08-10 00:00:00,2023-10-11 00:00:00,2023-12-25 00:00:00,Yes,57,Female,Female at birth,White,Non-Hispanic,Yes,Unknown,Unknown,Unknown,Unknown,4
131517-24,61,Not available,215351,133758-3,Staff,Op ill week 11,2023-12-11 00:00:00,61,,Negative,Negative,0,,"Undetectable, will not be done",,,Ct,2023-08-10 00:00:00,2023-10-11 00:00:00,2023-12-25 00:00:00,Yes,57,Female,Female at birth,White,Non-Hispanic,Yes,Unknown,Unknown,Unknown,Unknown,4
131517-24,68,,215351,133758-3,Staff,Op ill week 12,2023-12-18 00:00:00,68,,Negative,Negative,0,,"Undetectable, will not be done",,,VL,2023-08-10 00:00:00,2023-10-11 00:00:00,2023-12-25 00:00:00,Yes,57,Female,Female at birth,White,Non-Hispanic,Yes,Unknown,Unknown,Unknown,Unknown,4
131517-24,68,Not available,215351,133758-3,Staff,Op ill week 12,2023-12-18 00:00:00,68,,Negative,Negative,0,,"Undetectable, will not be done",,,Ct,2023-08-10 00:00:00,2023-10-11 00:00:00,2023-12-25 00:00:00,Yes,57,Female,Female at birth,White,Non-Hispanic,Yes,Unknown,Unknown,Unknown,Unknown,4
131517-24,75,,215351,133758-3,Staff,Op ill week 13,2023-12-25 00:00:00,75,,Negative,Negative,0,,"Undetectable, will not be done",,,VL,2023-08-10 00:00:00,2023-10-11 00:00:00,2023-12-25 00:00:00,Yes,57,Female,Female at birth,White,Non-Hispanic,Yes,Unknown,Unknown,Unknown,Unknown,4
131517-24,75,Not available,215351,133758-3,Staff,Op ill week 13,2023-12-25 00:00:00,75,,Negative,Negative,0,,"Undetectable, will not be done",,,Ct,2023-08-10 00:00:00,2023-10-11 00:00:00,2023-12-25 00:00:00,Yes,57,Female,Female at birth,White,Non-Hispanic,Yes,Unknown,Unknown,Unknown,Unknown,4
131518-139,1,112121.150030385,385221,133759-10,Resident,Illness Day 1,2023-09-12 00:00:00,1,1,Positive,Positive,0,5.04968754368412,Within detectable range,,,VL,2023-09-11 00:00:00,2023-09-11 00:00:00,2023-12-08 00:00:00,Yes,89,Female,Female at birth,White,Non-Hispanic,No,No,Yes,No,No,3
131518-139,1,26.37,385221,133759-10,Resident,Illness Day 1,2023-09-12 00:00:00,1,1,Positive,Positive,0,5.04968754368412,Within detectable range,,,Ct,2023-09-11 00:00:00,2023-09-11 00:00:00,2023-12-08 00:00:00,Yes,89,Female,Female at birth,White,Non-Hispanic,No,No,Yes,No,No,3
131518-139,2,411624.236882738,385221,133759-10,Resident,Illness Day 2,2023-09-13 00:00:00,2,,Positive,Positive,0,5.61450093857469,Within detectable range,Omicron,FL.1.5.1,VL,2023-09-11 00:00:00,2023-09-11 00:00:00,2023-12-08 00:00:00,Yes,89,Female,Female at birth,White,Non-Hispanic,No,No,Yes,No,No,3
131518-139,2,24.85,385221,133759-10,Resident,Illness Day 2,2023-09-13 00:00:00,2,,Positive,Positive,0,5.61450093857469,Within detectable range,Omicron,FL.1.5.1,Ct,2023-09-11 00:00:00,2023-09-11 00:00:00,2023-12-08 00:00:00,Yes,89,Female,Female at birth,White,Non-Hispanic,No,No,Yes,No,No,3
131518-139,3,2177.9921715927,385221,133759-10,Resident,Illness Day 3,2023-09-14 00:00:00,3,,Positive,Positive,0,3.33805631442793,"Less than 10,000 copies/mL",,,VL,2023-09-11 00:00:00,2023-09-11 00:00:00,2023-12-08 00:00:00,Yes,89,Female,Female at birth,White,Non-Hispanic,No,No,Yes,No,No,3
131518-139,3,32.04,385221,133759-10,Resident,Illness Day 3,2023-09-14 00:00:00,3,,Positive,Positive,0,3.33805631442793,"Less than 10,000 copies/mL",,,Ct,2023-09-11 00:00:00,2023-09-11 00:00:00,2023-12-08 00:00:00,Yes,89,Female,Female at birth,White,Non-Hispanic,No,No,Yes,No,No,3
131518-139,4,190934.42312118,385221,133759-10,Resident,Illness Day 4,2023-09-15 00:00:00,4,,Positive,Positive,0,5.28088423339036,Within detectable range,,,VL,2023-09-11 00:00:00,2023-09-11 00:00:00,2023-12-08 00:00:00,Yes,89,Female,Female at birth,White,Non-Hispanic,No,No,Yes,No,No,3
131518-139,4,26.25,385221,133759-10,Resident,Illness Day 4,2023-09-15 00:00:00,4,,Positive,Positive,0,5.28088423339036,Within detectable range,,,Ct,2023-09-11 00:00:00,2023-09-11 00:00:00,2023-12-08 00:00:00,Yes,89,Female,Female at birth,White,Non-Hispanic,No,No,Yes,No,No,3
131518-139,5,,385221,133759-10,Resident,Illness Day 5,2023-09-16 00:00:00,5,,Negative,Positive,0,,"VL run, not detected",,,VL,2023-09-11 00:00:00,2023-09-11 00:00:00,2023-12-08 00:00:00,Yes,89,Female,Female at birth,White,Non-Hispanic,No,No,Yes,No,No,3
131518-139,5,35.13,385221,133759-10,Resident,Illness Day 5,2023-09-16 00:00:00,5,,Negative,Positive,0,,"VL run, not detected",,,Ct,2023-09-11 00:00:00,2023-09-11 00:00:00,2023-12-08 00:00:00,Yes,89,Female,Female at birth,White,Non-Hispanic,No,No,Yes,No,No,3
131518-139,6,4525.25759905183,385221,133759-10,Resident,Illness Day 6,2023-09-17 00:00:00,6,,Negative,Positive,0,3.65564330633957,"Less than 10,000 copies/mL",,,VL,2023-09-11 00:00:00,2023-09-11 00:00:00,2023-12-08 00:00:00,Yes,89,Female,Female at birth,White,Non-Hispanic,No,No,Yes,No,No,3
131518-139,6,31.54,385221,133759-10,Resident,Illness Day 6,2023-09-17 00:00:00,6,,Negative,Positive,0,3.65564330633957,"Less than 10,000 copies/mL",,,Ct,2023-09-11 00:00:00,2023-09-11 00:00:00,2023-12-08 00:00:00,Yes,89,Female,Female at birth,White,Non-Hispanic,No,No,Yes,No,No,3
131518-139,7,,385221,133759-10,Resident,Illness Day 7,2023-09-18 00:00:00,7,,Negative,Negative,0,,"Undetectable, will not be done",,,VL,2023-09-11 00:00:00,2023-09-11 00:00:00,2023-12-08 00:00:00,Yes,89,Female,Female at birth,White,Non-Hispanic,No,No,Yes,No,No,3
131518-139,7,39.75,385221,133759-10,Resident,Illness Day 7,2023-09-18 00:00:00,7,,Negative,Negative,0,,"Undetectable, will not be done",,,Ct,2023-09-11 00:00:00,2023-09-11 00:00:00,2023-12-08 00:00:00,Yes,89,Female,Female at birth,White,Non-Hispanic,No,No,Yes,No,No,3
131518-139,8,,385221,133759-10,Resident,Illness Day 8,2023-09-19 00:00:00,8,,Negative,Negative,0,,"Undetectable, will not be done",,,VL,2023-09-11 00:00:00,2023-09-11 00:00:00,2023-12-08 00:00:00,Yes,89,Female,Female at birth,White,Non-Hispanic,No,No,Yes,No,No,3
131518-139,8,38.05,385221,133759-10,Resident,Illness Day 8,2023-09-19 00:00:00,8,,Negative,Negative,0,,"Undetectable, will not be done",,,Ct,2023-09-11 00:00:00,2023-09-11 00:00:00,2023-12-08 00:00:00,Yes,89,Female,Female at birth,White,Non-Hispanic,No,No,Yes,No,No,3
131518-139,11,,385221,133759-10,Resident,Illness Day 11,2023-09-22 00:00:00,11,,Negative,Negative,0,,"Undetectable, will not be done",,,VL,2023-09-11 00:00:00,2023-09-11 00:00:00,2023-12-08 00:00:00,Yes,89,Female,Female at birth,White,Non-Hispanic,No,No,Yes,No,No,3
131518-139,11,39.11,385221,133759-10,Resident,Illness Day 11,2023-09-22 00:00:00,11,,Negative,Negative,0,,"Undetectable, will not be done",,,Ct,2023-09-11 00:00:00,2023-09-11 00:00:00,2023-12-08 00:00:00,Yes,89,Female,Female at birth,White,Non-Hispanic,No,No,Yes,No,No,3
131518-139,12,,385221,133759-10,Resident,Illness Day 12,2023-09-23 00:00:00,12,,Negative,Negative,0,,"Undetectable, will not be done",,,VL,2023-09-11 00:00:00,2023-09-11 00:00:00,2023-12-08 00:00:00,Yes,89,Female,Female at birth,White,Non-Hispanic,No,No,Yes,No,No,3
131518-139,12,Not available,385221,133759-10,Resident,Illness Day 12,2023-09-23 00:00:00,12,,Negative,Negative,0,,"Undetectable, will not be done",,,Ct,2023-09-11 00:00:00,2023-09-11 00:00:00,2023-12-08 00:00:00,Yes,89,Female,Female at birth,White,Non-Hispanic,No,No,Yes,No,No,3
131518-139,13,,385221,133759-10,Resident,Illness Day 13,2023-09-24 00:00:00,13,,Negative,Negative,0,,"Undetectable, will not be done",,,VL,2023-09-11 00:00:00,2023-09-11 00:00:00,2023-12-08 00:00:00,Yes,89,Female,Female at birth,White,Non-Hispanic,No,No,Yes,No,No,3
131518-139,13,Not available,385221,133759-10,Resident,Illness Day 13,2023-09-24 00:00:00,13,,Negative,Negative,0,,"Undetectable, will not be done",,,Ct,2023-09-11 00:00:00,2023-09-11 00:00:00,2023-12-08 00:00:00,Yes,89,Female,Female at birth,White,Non-Hispanic,No,No,Yes,No,No,3
131518-139,14,4945.25513164272,385221,133759-10,Resident,Illness Day 14,2023-09-25 00:00:00,14,,Negative,Positive,0,3.69418870228433,"Less than 10,000 copies/mL",,,VL,2023-09-11 00:00:00,2023-09-11 00:00:00,2023-12-08 00:00:00,Yes,89,Female,Female at birth,White,Non-Hispanic,No,No,Yes,No,No,3
131518-139,14,27.83,385221,133759-10,Resident,Illness Day 14,2023-09-25 00:00:00,14,,Negative,Positive,0,3.69418870228433,"Less than 10,000 copies/mL",,,Ct,2023-09-11 00:00:00,2023-09-11 00:00:00,2023-12-08 00:00:00,Yes,89,Female,Female at birth,White,Non-Hispanic,No,No,Yes,No,No,3
131518-139,17,,385221,133759-10,Resident,Op ill w3 t1,2023-09-28 00:00:00,17,,Negative,Negative,0,,"Undetectable, will not be done",,,VL,2023-09-11 00:00:00,2023-09-11 00:00:00,2023-12-08 00:00:00,Yes,89,Female,Female at birth,White,Non-Hispanic,No,No,Yes,No,No,3
131518-139,17,Not available,385221,133759-10,Resident,Op ill w3 t1,2023-09-28 00:00:00,17,,Negative,Negative,0,,"Undetectable, will not be done",,,Ct,2023-09-11 00:00:00,2023-09-11 00:00:00,2023-12-08 00:00:00,Yes,89,Female,Female at birth,White,Non-Hispanic,No,No,Yes,No,No,3
131518-139,20,,385221,133759-10,Resident,Op ill w3 t2,2023-10-01 00:00:00,20,,Negative,Negative,0,,"Undetectable, will not be done",,,VL,2023-09-11 00:00:00,2023-09-11 00:00:00,2023-12-08 00:00:00,Yes,89,Female,Female at birth,White,Non-Hispanic,No,No,Yes,No,No,3
131518-139,20,Not available,385221,133759-10,Resident,Op ill w3 t2,2023-10-01 00:00:00,20,,Negative,Negative,0,,"Undetectable, will not be done",,,Ct,2023-09-11 00:00:00,2023-09-11 00:00:00,2023-12-08 00:00:00,Yes,89,Female,Female at birth,White,Non-Hispanic,No,No,Yes,No,No,3
131518-139,24,,385221,133759-10,Resident,Op ill w4 t1,2023-10-05 00:00:00,24,,Negative,Negative,0,,"Undetectable, will not be done",,,VL,2023-09-11 00:00:00,2023-09-11 00:00:00,2023-12-08 00:00:00,Yes,89,Female,Female at birth,White,Non-Hispanic,No,No,Yes,No,No,3
131518-139,24,Not available,385221,133759-10,Resident,Op ill w4 t1,2023-10-05 00:00:00,24,,Negative,Negative,0,,"Undetectable, will not be done",,,Ct,2023-09-11 00:00:00,2023-09-11 00:00:00,2023-12-08 00:00:00,Yes,89,Female,Female at birth,White,Non-Hispanic,No,No,Yes,No,No,3
131518-139,27,,385221,133759-10,Resident,Op ill w4 t2,2023-10-08 00:00:00,27,,Negative,Negative,0,,"Undetectable, will not be done",,,VL,2023-09-11 00:00:00,2023-09-11 00:00:00,2023-12-08 00:00:00,Yes,89,Female,Female at birth,White,Non-Hispanic,No,No,Yes,No,No,3
131518-139,27,Not available,385221,133759-10,Resident,Op ill w4 t2,2023-10-08 00:00:00,27,,Negative,Negative,0,,"Undetectable, will not be done",,,Ct,2023-09-11 00:00:00,2023-09-11 00:00:00,2023-12-08 00:00:00,Yes,89,Female,Female at birth,White,Non-Hispanic,No,No,Yes,No,No,3
131518-139,32,,385221,133759-10,Resident,Op ill week 5,2023-10-13 00:00:00,32,,Negative,Negative,0,,"Undetectable, will not be done",,,VL,2023-09-11 00:00:00,2023-09-11 00:00:00,2023-12-08 00:00:00,Yes,89,Female,Female at birth,White,Non-Hispanic,No,No,Yes,No,No,3
131518-139,32,Not available,385221,133759-10,Resident,Op ill week 5,2023-10-13 00:00:00,32,,Negative,Negative,0,,"Undetectable, will not be done",,,Ct,2023-09-11 00:00:00,2023-09-11 00:00:00,2023-12-08 00:00:00,Yes,89,Female,Female at birth,White,Non-Hispanic,No,No,Yes,No,No,3
131518-139,36,,385221,133759-10,Resident,Op ill week 6,2023-10-17 00:00:00,36,,Negative,Negative,0,,"Undetectable, will not be done",,,VL,2023-09-11 00:00:00,2023-09-11 00:00:00,2023-12-08 00:00:00,Yes,89,Female,Female at birth,White,Non-Hispanic,No,No,Yes,No,No,3
131518-139,36,Not available,385221,133759-10,Resident,Op ill week 6,2023-10-17 00:00:00,36,,Negative,Negative,0,,"Undetectable, will not be done",,,Ct,2023-09-11 00:00:00,2023-09-11 00:00:00,2023-12-08 00:00:00,Yes,89,Female,Female at birth,White,Non-Hispanic,No,No,Yes,No,No,3
131518-139,46,,385221,133759-10,Resident,Op ill week 7,2023-10-27 00:00:00,46,,Negative,Negative,0,,"Undetectable, will not be done",,,VL,2023-09-11 00:00:00,2023-09-11 00:00:00,2023-12-08 00:00:00,Yes,89,Female,Female at birth,White,Non-Hispanic,No,No,Yes,No,No,3
131518-139,46,Not available,385221,133759-10,Resident,Op ill week 7,2023-10-27 00:00:00,46,,Negative,Negative,0,,"Undetectable, will not be done",,,Ct,2023-09-11 00:00:00,2023-09-11 00:00:00,2023-12-08 00:00:00,Yes,89,Female,Female at birth,White,Non-Hispanic,No,No,Yes,No,No,3
131518-139,53,,385221,133759-10,Resident,Op ill week 8,2023-11-03 00:00:00,53,,Negative,Negative,0,,"Undetectable, will not be done",,,VL,2023-09-11 00:00:00,2023-09-11 00:00:00,2023-12-08 00:00:00,Yes,89,Female,Female at birth,White,Non-Hispanic,No,No,Yes,No,No,3
131518-139,53,Not available,385221,133759-10,Resident,Op ill week 8,2023-11-03 00:00:00,53,,Negative,Negative,0,,"Undetectable, will not be done",,,Ct,2023-09-11 00:00:00,2023-09-11 00:00:00,2023-12-08 00:00:00,Yes,89,Female,Female at birth,White,Non-Hispanic,No,No,Yes,No,No,3
131518-139,59,,385221,133759-10,Resident,Op ill week 9,2023-11-09 00:00:00,59,,Negative,Negative,0,,"Undetectable, will not be done",,,VL,2023-09-11 00:00:00,2023-09-11 00:00:00,2023-12-08 00:00:00,Yes,89,Female,Female at birth,White,Non-Hispanic,No,No,Yes,No,No,3
131518-139,59,Not available,385221,133759-10,Resident,Op ill week 9,2023-11-09 00:00:00,59,,Negative,Negative,0,,"Undetectable, will not be done",,,Ct,2023-09-11 00:00:00,2023-09-11 00:00:00,2023-12-08 00:00:00,Yes,89,Female,Female at birth,White,Non-Hispanic,No,No,Yes,No,No,3
131518-139,67,,385221,133759-10,Resident,Op ill week 10,2023-11-17 00:00:00,67,,Negative,Negative,0,,"Undetectable, will not be done",,,VL,2023-09-11 00:00:00,2023-09-11 00:00:00,2023-12-08 00:00:00,Yes,89,Female,Female at birth,White,Non-Hispanic,No,No,Yes,No,No,3
131518-139,67,Not available,385221,133759-10,Resident,Op ill week 10,2023-11-17 00:00:00,67,,Negative,Negative,0,,"Undetectable, will not be done",,,Ct,2023-09-11 00:00:00,2023-09-11 00:00:00,2023-12-08 00:00:00,Yes,89,Female,Female at birth,White,Non-Hispanic,No,No,Yes,No,No,3
131518-139,71,,385221,133759-10,Resident,Op ill week 11,2023-11-21 00:00:00,71,,Negative,Negative,0,,"Undetectable, will not be done",,,VL,2023-09-11 00:00:00,2023-09-11 00:00:00,2023-12-08 00:00:00,Yes,89,Female,Female at birth,White,Non-Hispanic,No,No,Yes,No,No,3
131518-139,71,Not available,385221,133759-10,Resident,Op ill week 11,2023-11-21 00:00:00,71,,Negative,Negative,0,,"Undetectable, will not be done",,,Ct,2023-09-11 00:00:00,2023-09-11 00:00:00,2023-12-08 00:00:00,Yes,89,Female,Female at birth,White,Non-Hispanic,No,No,Yes,No,No,3
131518-139,80,,385221,133759-10,Resident,Op ill week 12,2023-11-30 00:00:00,80,,Negative,Negative,0,,"Undetectable, will not be done",,,VL,2023-09-11 00:00:00,2023-09-11 00:00:00,2023-12-08 00:00:00,Yes,89,Female,Female at birth,White,Non-Hispanic,No,No,Yes,No,No,3
131518-139,80,Not available,385221,133759-10,Resident,Op ill week 12,2023-11-30 00:00:00,80,,Negative,Negative,0,,"Undetectable, will not be done",,,Ct,2023-09-11 00:00:00,2023-09-11 00:00:00,2023-12-08 00:00:00,Yes,89,Female,Female at birth,White,Non-Hispanic,No,No,Yes,No,No,3
131518-139,88,,385221,133759-10,Resident,Op ill week 13,2023-12-08 00:00:00,88,,Negative,Negative,0,,"Undetectable, will not be done",,,VL,2023-09-11 00:00:00,2023-09-11 00:00:00,2023-12-08 00:00:00,Yes,89,Female,Female at birth,White,Non-Hispanic,No,No,Yes,No,No,3
131518-139,88,Not available,385221,133759-10,Resident,Op ill week 13,2023-12-08 00:00:00,88,,Negative,Negative,0,,"Undetectable, will not be done",,,Ct,2023-09-11 00:00:00,2023-09-11 00:00:00,2023-12-08 00:00:00,Yes,89,Female,Female at birth,White,Non-Hispanic,No,No,Yes,No,No,3
131518-142,1,1459116629.54483,385221,133759-10,Staff,Illness Day 1,2023-09-13 00:00:00,1,,Positive,Positive,0,9.16409000713908,More than 1 billion copies/mL,,,VL,2023-09-13 00:00:00,2023-09-12 00:00:00,2023-09-26 00:00:00,Yes,20,Female,Female at birth,White,Non-Hispanic,No,No,No,No,No,3
131518-142,1,25.99,385221,133759-10,Staff,Illness Day 1,2023-09-13 00:00:00,1,,Positive,Positive,0,9.16409000713908,More than 1 billion copies/mL,,,Ct,2023-09-13 00:00:00,2023-09-12 00:00:00,2023-09-26 00:00:00,Yes,20,Female,Female at birth,White,Non-Hispanic,No,No,No,No,No,3
131518-142,2,21285229.6220124,385221,133759-10,Staff,Illness Day 2,2023-09-14 00:00:00,2,,Positive,Positive,0,7.32807833964518,Within detectable range,,,VL,2023-09-13 00:00:00,2023-09-12 00:00:00,2023-09-26 00:00:00,Yes,20,Female,Female at birth,White,Non-Hispanic,No,No,No,No,No,3
131518-142,2,18.83,385221,133759-10,Staff,Illness Day 2,2023-09-14 00:00:00,2,,Positive,Positive,0,7.32807833964518,Within detectable range,,,Ct,2023-09-13 00:00:00,2023-09-12 00:00:00,2023-09-26 00:00:00,Yes,20,Female,Female at birth,White,Non-Hispanic,No,No,No,No,No,3
131518-142,3,207570862.4947,385221,133759-10,Staff,Illness Day 3,2023-09-15 00:00:00,3,,Positive,Positive,0,8.3171663898995,Within detectable range,Omicron,FL.1.5.1,VL,2023-09-13 00:00:00,2023-09-12 00:00:00,2023-09-26 00:00:00,Yes,20,Female,Female at birth,White,Non-Hispanic,No,No,No,No,No,3
131518-142,3,15.58,385221,133759-10,Staff,Illness Day 3,2023-09-15 00:00:00,3,,Positive,Positive,0,8.3171663898995,Within detectable range,Omicron,FL.1.5.1,Ct,2023-09-13 00:00:00,2023-09-12 00:00:00,2023-09-26 00:00:00,Yes,20,Female,Female at birth,White,Non-Hispanic,No,No,No,No,No,3
131518-142,4,75102131.6185331,385221,133759-10,Staff,Illness Day 4,2023-09-16 00:00:00,4,,Positive,Positive,0,7.87565226372892,Within detectable range,,,VL,2023-09-13 00:00:00,2023-09-12 00:00:00,2023-09-26 00:00:00,Yes,20,Female,Female at birth,White,Non-Hispanic,No,No,No,No,No,3
131518-142,4,17.17,385221,133759-10,Staff,Illness Day 4,2023-09-16 00:00:00,4,,Positive,Positive,0,7.87565226372892,Within detectable range,,,Ct,2023-09-13 00:00:00,2023-09-12 00:00:00,2023-09-26 00:00:00,Yes,20,Female,Female at birth,White,Non-Hispanic,No,No,No,No,No,3
131518-142,5,171171644.169588,385221,133759-10,Staff,Illness Day 5,2023-09-17 00:00:00,5,,Positive,Positive,0,8.2334318222533,Within detectable range,,,VL,2023-09-13 00:00:00,2023-09-12 00:00:00,2023-09-26 00:00:00,Yes,20,Female,Female at birth,White,Non-Hispanic,No,No,No,No,No,3
131518-142,5,16.18,385221,133759-10,Staff,Illness Day 5,2023-09-17 00:00:00,5,,Positive,Positive,0,8.2334318222533,Within detectable range,,,Ct,2023-09-13 00:00:00,2023-09-12 00:00:00,2023-09-26 00:00:00,Yes,20,Female,Female at birth,White,Non-Hispanic,No,No,No,No,No,3
131518-142,6,1273.02719959713,385221,133759-10,Staff,Illness Day 6,2023-09-18 00:00:00,6,,Positive,Positive,0,3.10483768292211,"Less than 10,000 copies/mL",,,VL,2023-09-13 00:00:00,2023-09-12 00:00:00,2023-09-26 00:00:00,Yes,20,Female,Female at birth,White,Non-Hispanic,No,No,No,No,No,3
131518-142,6,31.48,385221,133759-10,Staff,Illness Day 6,2023-09-18 00:00:00,6,,Positive,Positive,0,3.10483768292211,"Less than 10,000 copies/mL",,,Ct,2023-09-13 00:00:00,2023-09-12 00:00:00,2023-09-26 00:00:00,Yes,20,Female,Female at birth,White,Non-Hispanic,No,No,No,No,No,3
131518-142,7,1036.54376589759,385221,133759-10,Staff,Illness Day 7,2023-09-19 00:00:00,7,,Positive,Positive,0,3.01558764399529,"Less than 10,000 copies/mL",,,VL,2023-09-13 00:00:00,2023-09-12 00:00:00,2023-09-26 00:00:00,Yes,20,Female,Female at birth,White,Non-Hispanic,No,No,No,No,No,3
131518-142,7,31.8,385221,133759-10,Staff,Illness Day 7,2023-09-19 00:00:00,7,,Positive,Positive,0,3.01558764399529,"Less than 10,000 copies/mL",,,Ct,2023-09-13 00:00:00,2023-09-12 00:00:00,2023-09-26 00:00:00,Yes,20,Female,Female at birth,White,Non-Hispanic,No,No,No,No,No,3
131518-142,8,5934.3848294739,385221,133759-10,Staff,Illness Day 8,2023-09-20 00:00:00,8,,Negative,Positive,0,3.77337570576544,"Less than 10,000 copies/mL",,,VL,2023-09-13 00:00:00,2023-09-12 00:00:00,2023-09-26 00:00:00,Yes,20,Female,Female at birth,White,Non-Hispanic,No,No,No,No,No,3
131518-142,8,32.35,385221,133759-10,Staff,Illness Day 8,2023-09-20 00:00:00,8,,Negative,Positive,0,3.77337570576544,"Less than 10,000 copies/mL",,,Ct,2023-09-13 00:00:00,2023-09-12 00:00:00,2023-09-26 00:00:00,Yes,20,Female,Female at birth,White,Non-Hispanic,No,No,No,No,No,3
131518-142,9,7551.53856595714,385221,133759-10,Staff,Illness Day 9,2023-09-21 00:00:00,9,,Negative,Positive,0,3.87803544469294,"Less than 10,000 copies/mL",,,VL,2023-09-13 00:00:00,2023-09-12 00:00:00,2023-09-26 00:00:00,Yes,20,Female,Female at birth,White,Non-Hispanic,No,No,No,No,No,3
131518-142,9,33.42,385221,133759-10,Staff,Illness Day 9,2023-09-21 00:00:00,9,,Negative,Positive,0,3.87803544469294,"Less than 10,000 copies/mL",,,Ct,2023-09-13 00:00:00,2023-09-12 00:00:00,2023-09-26 00:00:00,Yes,20,Female,Female at birth,White,Non-Hispanic,No,No,No,No,No,3
131518-142,10,,385221,133759-10,Staff,Illness Day 10,2023-09-22 00:00:00,10,,Negative,Negative,0,,"Undetectable, will not be done",,,VL,2023-09-13 00:00:00,2023-09-12 00:00:00,2023-09-26 00:00:00,Yes,20,Female,Female at birth,White,Non-Hispanic,No,No,No,No,No,3
131518-142,10,37.77,385221,133759-10,Staff,Illness Day 10,2023-09-22 00:00:00,10,,Negative,Negative,0,,"Undetectable, will not be done",,,Ct,2023-09-13 00:00:00,2023-09-12 00:00:00,2023-09-26 00:00:00,Yes,20,Female,Female at birth,White,Non-Hispanic,No,No,No,No,No,3
131518-142,11,1829.69556647557,385221,133759-10,Staff,Illness Day 11,2023-09-23 00:00:00,11,,Negative,Positive,0,3.26237883574227,"Less than 10,000 copies/mL",,,VL,2023-09-13 00:00:00,2023-09-12 00:00:00,2023-09-26 00:00:00,Yes,20,Female,Female at birth,White,Non-Hispanic,No,No,No,No,No,3
131518-142,11,36.73,385221,133759-10,Staff,Illness Day 11,2023-09-23 00:00:00,11,,Negative,Positive,0,3.26237883574227,"Less than 10,000 copies/mL",,,Ct,2023-09-13 00:00:00,2023-09-12 00:00:00,2023-09-26 00:00:00,Yes,20,Female,Female at birth,White,Non-Hispanic,No,No,No,No,No,3
131518-146,1,29396332.8189849,385221,133759-10,Resident,Illness Day 1,2023-09-15 00:00:00,1,,Positive,Positive,0,7.46829315572457,Within detectable range,Omicron,FL.1.5.1,VL,2023-09-14 00:00:00,2023-09-14 00:00:00,2023-09-15 00:00:00,Unknown,,,,,,,,,,,
131518-146,1,19.24,385221,133759-10,Resident,Illness Day 1,2023-09-15 00:00:00,1,,Positive,Positive,0,7.46829315572457,Within detectable range,Omicron,FL.1.5.1,Ct,2023-09-14 00:00:00,2023-09-14 00:00:00,2023-09-15 00:00:00,Unknown,,,,,,,,,,,
131518-147,1,5521063.12214852,385221,133759-10,Resident,Illness Day 1,2023-09-15 00:00:00,1,,Not done,Positive,0,6.74202271244427,Within detectable range,Omicron,FL.1.5.1,VL,2023-09-14 00:00:00,2023-09-14 00:00:00,2023-09-15 00:00:00,Unknown,,,,,,,,,,,
131518-147,1,21.53,385221,133759-10,Resident,Illness Day 1,2023-09-15 00:00:00,1,,Not done,Positive,0,6.74202271244427,Within detectable range,Omicron,FL.1.5.1,Ct,2023-09-14 00:00:00,2023-09-14 00:00:00,2023-09-15 00:00:00,Unknown,,,,,,,,,,,
131518-155,4,68736034.5420637,385141,133759-11,Staff,Illness Day 1,2023-09-26 00:00:00,4,,Positive,Positive,0,7.8371844735944,Within detectable range,,,VL,2023-09-26 00:00:00,2023-09-22 00:00:00,2023-10-09 00:00:00,Yes,49,Male,Male at birth,White,Non-Hispanic,No,No,No,No,No,4
131518-155,4,17.85,385141,133759-11,Staff,Illness Day 1,2023-09-26 00:00:00,4,,Positive,Positive,0,7.8371844735944,Within detectable range,,,Ct,2023-09-26 00:00:00,2023-09-22 00:00:00,2023-10-09 00:00:00,Yes,49,Male,Male at birth,White,Non-Hispanic,No,No,No,No,No,4
131518-155,5,11756792.6460201,385141,133759-11,Staff,Illness Day 2,2023-09-27 00:00:00,5,,Positive,Positive,0,7.07028885863466,Within detectable range,,,VL,2023-09-26 00:00:00,2023-09-22 00:00:00,2023-10-09 00:00:00,Yes,49,Male,Male at birth,White,Non-Hispanic,No,No,No,No,No,4
131518-155,5,18.9,385141,133759-11,Staff,Illness Day 2,2023-09-27 00:00:00,5,,Positive,Positive,0,7.07028885863466,Within detectable range,,,Ct,2023-09-26 00:00:00,2023-09-22 00:00:00,2023-10-09 00:00:00,Yes,49,Male,Male at birth,White,Non-Hispanic,No,No,No,No,No,4
131518-155,6,259742571.814779,385141,133759-11,Staff,Illness Day 3,2023-09-28 00:00:00,6,,Positive,Positive,0,8.41454313634094,Within detectable range,Omicron,HV.1,VL,2023-09-26 00:00:00,2023-09-22 00:00:00,2023-10-09 00:00:00,Yes,49,Male,Male at birth,White,Non-Hispanic,No,No,No,No,No,4
131518-155,6,15.22,385141,133759-11,Staff,Illness Day 3,2023-09-28 00:00:00,6,,Positive,Positive,0,8.41454313634094,Within detectable range,Omicron,HV.1,Ct,2023-09-26 00:00:00,2023-09-22 00:00:00,2023-10-09 00:00:00,Yes,49,Male,Male at birth,White,Non-Hispanic,No,No,No,No,No,4
131518-155,7,232432453.199494,385141,133759-11,Staff,Illness Day 4,2023-09-29 00:00:00,7,,Positive,Positive,0,8.36629676597933,Within detectable range,,,VL,2023-09-26 00:00:00,2023-09-22 00:00:00,2023-10-09 00:00:00,Yes,49,Male,Male at birth,White,Non-Hispanic,No,No,No,No,No,4
131518-155,7,16.07,385141,133759-11,Staff,Illness Day 4,2023-09-29 00:00:00,7,,Positive,Positive,0,8.36629676597933,Within detectable range,,,Ct,2023-09-26 00:00:00,2023-09-22 00:00:00,2023-10-09 00:00:00,Yes,49,Male,Male at birth,White,Non-Hispanic,No,No,No,No,No,4
131518-155,8,3017873.5867275,385141,133759-11,Staff,Illness Day 5,2023-09-30 00:00:00,8,,Positive,Positive,0,6.47970104400932,Within detectable range,,,VL,2023-09-26 00:00:00,2023-09-22 00:00:00,2023-10-09 00:00:00,Yes,49,Male,Male at birth,White,Non-Hispanic,No,No,No,No,No,4
131518-155,8,21.26,385141,133759-11,Staff,Illness Day 5,2023-09-30 00:00:00,8,,Positive,Positive,0,6.47970104400932,Within detectable range,,,Ct,2023-09-26 00:00:00,2023-09-22 00:00:00,2023-10-09 00:00:00,Yes,49,Male,Male at birth,White,Non-Hispanic,No,No,No,No,No,4
131518-155,9,2929299.97988132,385141,133759-11,Staff,Illness Day 6,2023-10-01 00:00:00,9,,Negative,Positive,0,6.4667638486144,Within detectable range,,,VL,2023-09-26 00:00:00,2023-09-22 00:00:00,2023-10-09 00:00:00,Yes,49,Male,Male at birth,White,Non-Hispanic,No,No,No,No,No,4
131518-155,9,22.32,385141,133759-11,Staff,Illness Day 6,2023-10-01 00:00:00,9,,Negative,Positive,0,6.4667638486144,Within detectable range,,,Ct,2023-09-26 00:00:00,2023-09-22 00:00:00,2023-10-09 00:00:00,Yes,49,Male,Male at birth,White,Non-Hispanic,No,No,No,No,No,4
131518-155,10,101978.257670798,385141,133759-11,Staff,Illness Day 7,2023-10-02 00:00:00,10,,Negative,Positive,0,5.00850758764301,Within detectable range,,,VL,2023-09-26 00:00:00,2023-09-22 00:00:00,2023-10-09 00:00:00,Yes,49,Male,Male at birth,White,Non-Hispanic,No,No,No,No,No,4
131518-155,10,26.33,385141,133759-11,Staff,Illness Day 7,2023-10-02 00:00:00,10,,Negative,Positive,0,5.00850758764301,Within detectable range,,,Ct,2023-09-26 00:00:00,2023-09-22 00:00:00,2023-10-09 00:00:00,Yes,49,Male,Male at birth,White,Non-Hispanic,No,No,No,No,No,4
131518-155,11,61710.2046921341,385141,133759-11,Staff,Illness Day 8,2023-10-03 00:00:00,11,,Negative,Positive,0,4.79035698696725,Within detectable range,,,VL,2023-09-26 00:00:00,2023-09-22 00:00:00,2023-10-09 00:00:00,Yes,49,Male,Male at birth,White,Non-Hispanic,No,No,No,No,No,4
131518-155,11,27.15,385141,133759-11,Staff,Illness Day 8,2023-10-03 00:00:00,11,,Negative,Positive,0,4.79035698696725,Within detectable range,,,Ct,2023-09-26 00:00:00,2023-09-22 00:00:00,2023-10-09 00:00:00,Yes,49,Male,Male at birth,White,Non-Hispanic,No,No,No,No,No,4
131518-155,12,9279.94693032773,385141,133759-11,Staff,Illness Day 9,2023-10-04 00:00:00,12,,Negative,Positive,0,3.96754549260553,"Less than 10,000 copies/mL",,,VL,2023-09-26 00:00:00,2023-09-22 00:00:00,2023-10-09 00:00:00,Yes,49,Male,Male at birth,White,Non-Hispanic,No,No,No,No,No,4
131518-155,12,31.64,385141,133759-11,Staff,Illness Day 9,2023-10-04 00:00:00,12,,Negative,Positive,0,3.96754549260553,"Less than 10,000 copies/mL",,,Ct,2023-09-26 00:00:00,2023-09-22 00:00:00,2023-10-09 00:00:00,Yes,49,Male,Male at birth,White,Non-Hispanic,No,No,No,No,No,4
131518-155,13,1384.65905186397,385141,133759-11,Staff,Illness Day 10,2023-10-05 00:00:00,13,,Negative,Positive,0,3.14134284912418,"Less than 10,000 copies/mL",,,VL,2023-09-26 00:00:00,2023-09-22 00:00:00,2023-10-09 00:00:00,Yes,49,Male,Male at birth,White,Non-Hispanic,No,No,No,No,No,4
131518-155,13,32.84,385141,133759-11,Staff,Illness Day 10,2023-10-05 00:00:00,13,,Negative,Positive,0,3.14134284912418,"Less than 10,000 copies/mL",,,Ct,2023-09-26 00:00:00,2023-09-22 00:00:00,2023-10-09 00:00:00,Yes,49,Male,Male at birth,White,Non-Hispanic,No,No,No,No,No,4
131518-155,14,9652.11021531273,385141,133759-11,Staff,Illness Day 11,2023-10-06 00:00:00,14,,Negative,Positive,0,3.98462227237774,"Less than 10,000 copies/mL",,,VL,2023-09-26 00:00:00,2023-09-22 00:00:00,2023-10-09 00:00:00,Yes,49,Male,Male at birth,White,Non-Hispanic,No,No,No,No,No,4
131518-155,14,31.33,385141,133759-11,Staff,Illness Day 11,2023-10-06 00:00:00,14,,Negative,Positive,0,3.98462227237774,"Less than 10,000 copies/mL",,,Ct,2023-09-26 00:00:00,2023-09-22 00:00:00,2023-10-09 00:00:00,Yes,49,Male,Male at birth,White,Non-Hispanic,No,No,No,No,No,4
131518-155,15,3229.29501164916,385141,133759-11,Staff,Illness Day 12,2023-10-07 00:00:00,15,,Negative,Positive,0,3.50910772172167,"Less than 10,000 copies/mL",,,VL,2023-09-26 00:00:00,2023-09-22 00:00:00,2023-10-09 00:00:00,Yes,49,Male,Male at birth,White,Non-Hispanic,No,No,No,No,No,4
131518-155,15,32.14,385141,133759-11,Staff,Illness Day 12,2023-10-07 00:00:00,15,,Negative,Positive,0,3.50910772172167,"Less than 10,000 copies/mL",,,Ct,2023-09-26 00:00:00,2023-09-22 00:00:00,2023-10-09 00:00:00,Yes,49,Male,Male at birth,White,Non-Hispanic,No,No,No,No,No,4
131518-155,16,,385141,133759-11,Staff,Illness Day 13,2023-10-08 00:00:00,16,,Negative,Positive,0,,"VL run, not detected",,,VL,2023-09-26 00:00:00,2023-09-22 00:00:00,2023-10-09 00:00:00,Yes,49,Male,Male at birth,White,Non-Hispanic,No,No,No,No,No,4
131518-155,16,35.65,385141,133759-11,Staff,Illness Day 13,2023-10-08 00:00:00,16,,Negative,Positive,0,,"VL run, not detected",,,Ct,2023-09-26 00:00:00,2023-09-22 00:00:00,2023-10-09 00:00:00,Yes,49,Male,Male at birth,White,Non-Hispanic,No,No,No,No,No,4
131518-155,17,21000.8344662816,385141,133759-11,Staff,Illness Day 14,2023-10-09 00:00:00,17,,Negative,Positive,0,4.32223655172922,Within detectable range,,,VL,2023-09-26 00:00:00,2023-09-22 00:00:00,2023-10-09 00:00:00,Yes,49,Male,Male at birth,White,Non-Hispanic,No,No,No,No,No,4
131518-155,17,29.37,385141,133759-11,Staff,Illness Day 14,2023-10-09 00:00:00,17,,Negative,Positive,0,4.32223655172922,Within detectable range,,,Ct,2023-09-26 00:00:00,2023-09-22 00:00:00,2023-10-09 00:00:00,Yes,49,Male,Male at birth,White,Non-Hispanic,No,No,No,No,No,4
131518-168,5,10237932.1894366,385141,133759-13,Staff,Illness Day 1,2023-10-24 00:00:00,5,,Positive,Positive,0,7.01021224869039,Within detectable range,,,VL,2023-10-24 00:00:00,2023-10-19 00:00:00,2024-01-17 00:00:00,Yes,50,Male,Male at birth,White,Non-Hispanic,Yes,No,No,No,No,4
131518-168,5,19.7,385141,133759-13,Staff,Illness Day 1,2023-10-24 00:00:00,5,,Positive,Positive,0,7.01021224869039,Within detectable range,,,Ct,2023-10-24 00:00:00,2023-10-19 00:00:00,2024-01-17 00:00:00,Yes,50,Male,Male at birth,White,Non-Hispanic,Yes,No,No,No,No,4
131518-168,6,435582.381737626,385141,133759-13,Staff,Illness Day 2,2023-10-25 00:00:00,6,,Negative,Positive,0,5.63907030526907,Within detectable range,,,VL,2023-10-24 00:00:00,2023-10-19 00:00:00,2024-01-17 00:00:00,Yes,50,Male,Male at birth,White,Non-Hispanic,Yes,No,No,No,No,4
131518-168,6,23.97,385141,133759-13,Staff,Illness Day 2,2023-10-25 00:00:00,6,,Negative,Positive,0,5.63907030526907,Within detectable range,,,Ct,2023-10-24 00:00:00,2023-10-19 00:00:00,2024-01-17 00:00:00,Yes,50,Male,Male at birth,White,Non-Hispanic,Yes,No,No,No,No,4
131518-168,7,1877588.00719935,385141,133759-13,Staff,Illness Day 3,2023-10-26 00:00:00,7,,Negative,Positive,0,6.27360030261111,Within detectable range,,,VL,2023-10-24 00:00:00,2023-10-19 00:00:00,2024-01-17 00:00:00,Yes,50,Male,Male at birth,White,Non-Hispanic,Yes,No,No,No,No,4
131518-168,7,23.07,385141,133759-13,Staff,Illness Day 3,2023-10-26 00:00:00,7,,Negative,Positive,0,6.27360030261111,Within detectable range,,,Ct,2023-10-24 00:00:00,2023-10-19 00:00:00,2024-01-17 00:00:00,Yes,50,Male,Male at birth,White,Non-Hispanic,Yes,No,No,No,No,4
131518-168,8,139804.399331934,385141,133759-13,Staff,Illness Day 4,2023-10-27 00:00:00,8,,Positive,Positive,0,5.14552083790123,Within detectable range,,,VL,2023-10-24 00:00:00,2023-10-19 00:00:00,2024-01-17 00:00:00,Yes,50,Male,Male at birth,White,Non-Hispanic,Yes,No,No,No,No,4
131518-168,8,26.55,385141,133759-13,Staff,Illness Day 4,2023-10-27 00:00:00,8,,Positive,Positive,0,5.14552083790123,Within detectable range,,,Ct,2023-10-24 00:00:00,2023-10-19 00:00:00,2024-01-17 00:00:00,Yes,50,Male,Male at birth,White,Non-Hispanic,Yes,No,No,No,No,4
131518-168,9,28160.8921283996,385141,133759-13,Staff,Illness Day 5,2023-10-28 00:00:00,9,,Negative,Positive,0,4.4496464090036,Within detectable range,,,VL,2023-10-24 00:00:00,2023-10-19 00:00:00,2024-01-17 00:00:00,Yes,50,Male,Male at birth,White,Non-Hispanic,Yes,No,No,No,No,4
131518-168,9,28.18,385141,133759-13,Staff,Illness Day 5,2023-10-28 00:00:00,9,,Negative,Positive,0,4.4496464090036,Within detectable range,,,Ct,2023-10-24 00:00:00,2023-10-19 00:00:00,2024-01-17 00:00:00,Yes,50,Male,Male at birth,White,Non-Hispanic,Yes,No,No,No,No,4
131518-168,10,104300.005618193,385141,133759-13,Staff,Illness Day 6,2023-10-29 00:00:00,10,,Negative,Positive,0,5.01828433182011,Within detectable range,,,VL,2023-10-24 00:00:00,2023-10-19 00:00:00,2024-01-17 00:00:00,Yes,50,Male,Male at birth,White,Non-Hispanic,Yes,No,No,No,No,4
131518-168,10,26.53,385141,133759-13,Staff,Illness Day 6,2023-10-29 00:00:00,10,,Negative,Positive,0,5.01828433182011,Within detectable range,,,Ct,2023-10-24 00:00:00,2023-10-19 00:00:00,2024-01-17 00:00:00,Yes,50,Male,Male at birth,White,Non-Hispanic,Yes,No,No,No,No,4
131518-168,11,1735110.43565078,385141,133759-13,Staff,Illness Day 7,2023-10-30 00:00:00,11,,Negative,Positive,0,6.23932712181703,Within detectable range,,,VL,2023-10-24 00:00:00,2023-10-19 00:00:00,2024-01-17 00:00:00,Yes,50,Male,Male at birth,White,Non-Hispanic,Yes,No,No,No,No,4
131518-168,11,22.85,385141,133759-13,Staff,Illness Day 7,2023-10-30 00:00:00,11,,Negative,Positive,0,6.23932712181703,Within detectable range,,,Ct,2023-10-24 00:00:00,2023-10-19 00:00:00,2024-01-17 00:00:00,Yes,50,Male,Male at birth,White,Non-Hispanic,Yes,No,No,No,No,4
131518-168,12,27666480.4082036,385141,133759-13,Staff,Illness Day 8,2023-10-31 00:00:00,12,,Positive,Positive,0,7.44195391387467,Within detectable range,Omicron,JD.1,VL,2023-10-24 00:00:00,2023-10-19 00:00:00,2024-01-17 00:00:00,Yes,50,Male,Male at birth,White,Non-Hispanic,Yes,No,No,No,No,4
131518-168,12,18.41,385141,133759-13,Staff,Illness Day 8,2023-10-31 00:00:00,12,,Positive,Positive,0,7.44195391387467,Within detectable range,Omicron,JD.1,Ct,2023-10-24 00:00:00,2023-10-19 00:00:00,2024-01-17 00:00:00,Yes,50,Male,Male at birth,White,Non-Hispanic,Yes,No,No,No,No,4
131518-168,13,25990615.6611359,385141,133759-13,Staff,Illness Day 9,2023-11-01 00:00:00,13,,Positive,Positive,0,7.41481656711422,Within detectable range,,,VL,2023-10-24 00:00:00,2023-10-19 00:00:00,2024-01-17 00:00:00,Yes,50,Male,Male at birth,White,Non-Hispanic,Yes,No,No,No,No,4
131518-168,13,18.67,385141,133759-13,Staff,Illness Day 9,2023-11-01 00:00:00,13,,Positive,Positive,0,7.41481656711422,Within detectable range,,,Ct,2023-10-24 00:00:00,2023-10-19 00:00:00,2024-01-17 00:00:00,Yes,50,Male,Male at birth,White,Non-Hispanic,Yes,No,No,No,No,4
131518-168,14,14478963.8160372,385141,133759-13,Staff,Illness Day 10,2023-11-02 00:00:00,14,,Positive,Positive,0,7.16073748278107,Within detectable range,,,VL,2023-10-24 00:00:00,2023-10-19 00:00:00,2024-01-17 00:00:00,Yes,50,Male,Male at birth,White,Non-Hispanic,Yes,No,No,No,No,4
131518-168,14,20.12,385141,133759-13,Staff,Illness Day 10,2023-11-02 00:00:00,14,,Positive,Positive,0,7.16073748278107,Within detectable range,,,Ct,2023-10-24 00:00:00,2023-10-19 00:00:00,2024-01-17 00:00:00,Yes,50,Male,Male at birth,White,Non-Hispanic,Yes,No,No,No,No,4
131518-168,15,568893.168680988,385141,133759-13,Staff,Illness Day 11,2023-11-03 00:00:00,15,,Negative,Positive,0,5.7550307187529,Within detectable range,,,VL,2023-10-24 00:00:00,2023-10-19 00:00:00,2024-01-17 00:00:00,Yes,50,Male,Male at birth,White,Non-Hispanic,Yes,No,No,No,No,4
131518-168,15,25.09,385141,133759-13,Staff,Illness Day 11,2023-11-03 00:00:00,15,,Negative,Positive,0,5.7550307187529,Within detectable range,,,Ct,2023-10-24 00:00:00,2023-10-19 00:00:00,2024-01-17 00:00:00,Yes,50,Male,Male at birth,White,Non-Hispanic,Yes,No,No,No,No,4
131518-168,16,6560.36655208339,385141,133759-13,Staff,Illness Day 12,2023-11-04 00:00:00,16,,Negative,Positive,0,3.81692810570184,"Less than 10,000 copies/mL",,,VL,2023-10-24 00:00:00,2023-10-19 00:00:00,2024-01-17 00:00:00,Yes,50,Male,Male at birth,White,Non-Hispanic,Yes,No,No,No,No,4
131518-168,16,30.96,385141,133759-13,Staff,Illness Day 12,2023-11-04 00:00:00,16,,Negative,Positive,0,3.81692810570184,"Less than 10,000 copies/mL",,,Ct,2023-10-24 00:00:00,2023-10-19 00:00:00,2024-01-17 00:00:00,Yes,50,Male,Male at birth,White,Non-Hispanic,Yes,No,No,No,No,4
131518-168,17,1613.00973413818,385141,133759-13,Staff,Illness Day 13,2023-11-05 00:00:00,17,,Negative,Positive,0,3.20763698826295,"Less than 10,000 copies/mL",,,VL,2023-10-24 00:00:00,2023-10-19 00:00:00,2024-01-17 00:00:00,Yes,50,Male,Male at birth,White,Non-Hispanic,Yes,No,No,No,No,4
131518-168,17,32.65,385141,133759-13,Staff,Illness Day 13,2023-11-05 00:00:00,17,,Negative,Positive,0,3.20763698826295,"Less than 10,000 copies/mL",,,Ct,2023-10-24 00:00:00,2023-10-19 00:00:00,2024-01-17 00:00:00,Yes,50,Male,Male at birth,White,Non-Hispanic,Yes,No,No,No,No,4
131518-168,18,5898.66140128751,385141,133759-13,Staff,Illness Day 14,2023-11-06 00:00:00,18,,Negative,Positive,0,3.77075346723663,"Less than 10,000 copies/mL",,,VL,2023-10-24 00:00:00,2023-10-19 00:00:00,2024-01-17 00:00:00,Yes,50,Male,Male at birth,White,Non-Hispanic,Yes,No,No,No,No,4
131518-168,18,32.53,385141,133759-13,Staff,Illness Day 14,2023-11-06 00:00:00,18,,Negative,Positive,0,3.77075346723663,"Less than 10,000 copies/mL",,,Ct,2023-10-24 00:00:00,2023-10-19 00:00:00,2024-01-17 00:00:00,Yes,50,Male,Male at birth,White,Non-Hispanic,Yes,No,No,No,No,4
131518-168,21,,385141,133759-13,Staff,Op ill w3 t1,2023-11-09 00:00:00,21,,Negative,Positive,0,,"VL run, not detected",,,VL,2023-10-24 00:00:00,2023-10-19 00:00:00,2024-01-17 00:00:00,Yes,50,Male,Male at birth,White,Non-Hispanic,Yes,No,No,No,No,4
131518-168,21,36.98,385141,133759-13,Staff,Op ill w3 t1,2023-11-09 00:00:00,21,,Negative,Positive,0,,"VL run, not detected",,,Ct,2023-10-24 00:00:00,2023-10-19 00:00:00,2024-01-17 00:00:00,Yes,50,Male,Male at birth,White,Non-Hispanic,Yes,No,No,No,No,4
131518-168,24,861.180374373805,385141,133759-13,Staff,Op ill w3 t2,2023-11-12 00:00:00,24,,Negative,Positive,0,2.93509412403315,"Less than 10,000 copies/mL",,,VL,2023-10-24 00:00:00,2023-10-19 00:00:00,2024-01-17 00:00:00,Yes,50,Male,Male at birth,White,Non-Hispanic,Yes,No,No,No,No,4
131518-168,24,33.82,385141,133759-13,Staff,Op ill w3 t2,2023-11-12 00:00:00,24,,Negative,Positive,0,2.93509412403315,"Less than 10,000 copies/mL",,,Ct,2023-10-24 00:00:00,2023-10-19 00:00:00,2024-01-17 00:00:00,Yes,50,Male,Male at birth,White,Non-Hispanic,Yes,No,No,No,No,4
131518-168,27,869.557053593235,385141,133759-13,Staff,Op ill w4 t1,2023-11-15 00:00:00,27,,Negative,Positive,0,2.93929808231093,"Less than 10,000 copies/mL",,,VL,2023-10-24 00:00:00,2023-10-19 00:00:00,2024-01-17 00:00:00,Yes,50,Male,Male at birth,White,Non-Hispanic,Yes,No,No,No,No,4
131518-168,27,33.37,385141,133759-13,Staff,Op ill w4 t1,2023-11-15 00:00:00,27,,Negative,Positive,0,2.93929808231093,"Less than 10,000 copies/mL",,,Ct,2023-10-24 00:00:00,2023-10-19 00:00:00,2024-01-17 00:00:00,Yes,50,Male,Male at birth,White,Non-Hispanic,Yes,No,No,No,No,4
131518-168,32,5474.86714495919,385141,133759-13,Staff,Op ill w4 t2,2023-11-20 00:00:00,32,,Negative,Positive,0,3.73837358489824,"Less than 10,000 copies/mL",,,VL,2023-10-24 00:00:00,2023-10-19 00:00:00,2024-01-17 00:00:00,Yes,50,Male,Male at birth,White,Non-Hispanic,Yes,No,No,No,No,4
131518-168,32,33.66,385141,133759-13,Staff,Op ill w4 t2,2023-11-20 00:00:00,32,,Negative,Positive,0,3.73837358489824,"Less than 10,000 copies/mL",,,Ct,2023-10-24 00:00:00,2023-10-19 00:00:00,2024-01-17 00:00:00,Yes,50,Male,Male at birth,White,Non-Hispanic,Yes,No,No,No,No,4
131518-168,34,,385141,133759-13,Staff,Op ill week 5,2023-11-22 00:00:00,34,,Negative,Negative,0,,"Undetectable, will not be done",,,VL,2023-10-24 00:00:00,2023-10-19 00:00:00,2024-01-17 00:00:00,Yes,50,Male,Male at birth,White,Non-Hispanic,Yes,No,No,No,No,4
131518-168,34,39.25,385141,133759-13,Staff,Op ill week 5,2023-11-22 00:00:00,34,,Negative,Negative,0,,"Undetectable, will not be done",,,Ct,2023-10-24 00:00:00,2023-10-19 00:00:00,2024-01-17 00:00:00,Yes,50,Male,Male at birth,White,Non-Hispanic,Yes,No,No,No,No,4
131518-168,41,,385141,133759-13,Staff,Op ill week 6,2023-11-29 00:00:00,41,,Negative,Negative,0,,"Undetectable, will not be done",,,VL,2023-10-24 00:00:00,2023-10-19 00:00:00,2024-01-17 00:00:00,Yes,50,Male,Male at birth,White,Non-Hispanic,Yes,No,No,No,No,4
131518-168,41,42.95,385141,133759-13,Staff,Op ill week 6,2023-11-29 00:00:00,41,,Negative,Negative,0,,"Undetectable, will not be done",,,Ct,2023-10-24 00:00:00,2023-10-19 00:00:00,2024-01-17 00:00:00,Yes,50,Male,Male at birth,White,Non-Hispanic,Yes,No,No,No,No,4
131518-168,48,,385141,133759-13,Staff,Op ill week 7,2023-12-06 00:00:00,48,,Negative,Negative,0,,"Undetectable, will not be done",,,VL,2023-10-24 00:00:00,2023-10-19 00:00:00,2024-01-17 00:00:00,Yes,50,Male,Male at birth,White,Non-Hispanic,Yes,No,No,No,No,4
131518-168,48,Not available,385141,133759-13,Staff,Op ill week 7,2023-12-06 00:00:00,48,,Negative,Negative,0,,"Undetectable, will not be done",,,Ct,2023-10-24 00:00:00,2023-10-19 00:00:00,2024-01-17 00:00:00,Yes,50,Male,Male at birth,White,Non-Hispanic,Yes,No,No,No,No,4
131518-168,55,,385141,133759-13,Staff,Op ill week 8,2023-12-13 00:00:00,55,,Negative,Negative,0,,"Undetectable, will not be done",,,VL,2023-10-24 00:00:00,2023-10-19 00:00:00,2024-01-17 00:00:00,Yes,50,Male,Male at birth,White,Non-Hispanic,Yes,No,No,No,No,4
131518-168,55,Not available,385141,133759-13,Staff,Op ill week 8,2023-12-13 00:00:00,55,,Negative,Negative,0,,"Undetectable, will not be done",,,Ct,2023-10-24 00:00:00,2023-10-19 00:00:00,2024-01-17 00:00:00,Yes,50,Male,Male at birth,White,Non-Hispanic,Yes,No,No,No,No,4
131518-168,62,,385141,133759-13,Staff,Op ill week 9,2023-12-20 00:00:00,62,,Negative,Negative,0,,"Undetectable, will not be done",,,VL,2023-10-24 00:00:00,2023-10-19 00:00:00,2024-01-17 00:00:00,Yes,50,Male,Male at birth,White,Non-Hispanic,Yes,No,No,No,No,4
131518-168,62,Not available,385141,133759-13,Staff,Op ill week 9,2023-12-20 00:00:00,62,,Negative,Negative,0,,"Undetectable, will not be done",,,Ct,2023-10-24 00:00:00,2023-10-19 00:00:00,2024-01-17 00:00:00,Yes,50,Male,Male at birth,White,Non-Hispanic,Yes,No,No,No,No,4
131518-168,69,,385141,133759-13,Staff,Op ill week 10,2023-12-27 00:00:00,69,,Negative,Negative,0,,"Undetectable, will not be done",,,VL,2023-10-24 00:00:00,2023-10-19 00:00:00,2024-01-17 00:00:00,Yes,50,Male,Male at birth,White,Non-Hispanic,Yes,No,No,No,No,4
131518-168,69,Not available,385141,133759-13,Staff,Op ill week 10,2023-12-27 00:00:00,69,,Negative,Negative,0,,"Undetectable, will not be done",,,Ct,2023-10-24 00:00:00,2023-10-19 00:00:00,2024-01-17 00:00:00,Yes,50,Male,Male at birth,White,Non-Hispanic,Yes,No,No,No,No,4
131518-168,76,,385141,133759-13,Staff,Op ill week 11,2024-01-03 00:00:00,76,,Negative,Negative,0,,"Undetectable, will not be done",,,VL,2023-10-24 00:00:00,2023-10-19 00:00:00,2024-01-17 00:00:00,Yes,50,Male,Male at birth,White,Non-Hispanic,Yes,No,No,No,No,4
131518-168,76,Not available,385141,133759-13,Staff,Op ill week 11,2024-01-03 00:00:00,76,,Negative,Negative,0,,"Undetectable, will not be done",,,Ct,2023-10-24 00:00:00,2023-10-19 00:00:00,2024-01-17 00:00:00,Yes,50,Male,Male at birth,White,Non-Hispanic,Yes,No,No,No,No,4
131518-168,83,,385141,133759-13,Staff,Op ill week 12,2024-01-10 00:00:00,83,,Negative,Negative,0,,"Undetectable, will not be done",,,VL,2023-10-24 00:00:00,2023-10-19 00:00:00,2024-01-17 00:00:00,Yes,50,Male,Male at birth,White,Non-Hispanic,Yes,No,No,No,No,4
131518-168,83,Not available,385141,133759-13,Staff,Op ill week 12,2024-01-10 00:00:00,83,,Negative,Negative,0,,"Undetectable, will not be done",,,Ct,2023-10-24 00:00:00,2023-10-19 00:00:00,2024-01-17 00:00:00,Yes,50,Male,Male at birth,White,Non-Hispanic,Yes,No,No,No,No,4
131518-168,90,,385141,133759-13,Staff,Op ill week 13,2024-01-17 00:00:00,90,,Negative,Negative,0,,"Undetectable, will not be done",,,VL,2023-10-24 00:00:00,2023-10-19 00:00:00,2024-01-17 00:00:00,Yes,50,Male,Male at birth,White,Non-Hispanic,Yes,No,No,No,No,4
131518-168,90,Not available,385141,133759-13,Staff,Op ill week 13,2024-01-17 00:00:00,90,,Negative,Negative,0,,"Undetectable, will not be done",,,Ct,2023-10-24 00:00:00,2023-10-19 00:00:00,2024-01-17 00:00:00,Yes,50,Male,Male at birth,White,Non-Hispanic,Yes,No,No,No,No,4
131518-166,1,13452377.1107797,385218,133759-14,Staff,Illness Day 1,2023-11-08 00:00:00,1,,Positive,Positive,0,7.12879903339989,Within detectable range,,,VL,2023-10-11 00:00:00,2023-11-07 00:00:00,2023-11-21 00:00:00,Yes,40,Female,Female at birth,Other,Hispanic,No,No,No,No,No,4
131518-166,1,20.4,385218,133759-14,Staff,Illness Day 1,2023-11-08 00:00:00,1,,Positive,Positive,0,7.12879903339989,Within detectable range,,,Ct,2023-10-11 00:00:00,2023-11-07 00:00:00,2023-11-21 00:00:00,Yes,40,Female,Female at birth,Other,Hispanic,No,No,No,No,No,4
131518-166,2,46888598.502067,385218,133759-14,Staff,Illness Day 2,2023-11-09 00:00:00,2,,Positive,Positive,0,7.67106725189187,Within detectable range,,,VL,2023-10-11 00:00:00,2023-11-07 00:00:00,2023-11-21 00:00:00,Yes,40,Female,Female at birth,Other,Hispanic,No,No,No,No,No,4
131518-166,2,18.2,385218,133759-14,Staff,Illness Day 2,2023-11-09 00:00:00,2,,Positive,Positive,0,7.67106725189187,Within detectable range,,,Ct,2023-10-11 00:00:00,2023-11-07 00:00:00,2023-11-21 00:00:00,Yes,40,Female,Female at birth,Other,Hispanic,No,No,No,No,No,4
131518-166,3,85053018.3122492,385218,133759-14,Staff,Illness Day 3,2023-11-10 00:00:00,3,,Positive,Positive,0,7.92968973021308,Within detectable range,,,VL,2023-10-11 00:00:00,2023-11-07 00:00:00,2023-11-21 00:00:00,Yes,40,Female,Female at birth,Other,Hispanic,No,No,No,No,No,4
131518-166,3,16.58,385218,133759-14,Staff,Illness Day 3,2023-11-10 00:00:00,3,,Positive,Positive,0,7.92968973021308,Within detectable range,,,Ct,2023-10-11 00:00:00,2023-11-07 00:00:00,2023-11-21 00:00:00,Yes,40,Female,Female at birth,Other,Hispanic,No,No,No,No,No,4
131518-166,4,65672183.4826699,385218,133759-14,Staff,Illness Day 4,2023-11-11 00:00:00,4,,Positive,Positive,0,7.81738145604259,Within detectable range,Omicron,HV.1,VL,2023-10-11 00:00:00,2023-11-07 00:00:00,2023-11-21 00:00:00,Yes,40,Female,Female at birth,Other,Hispanic,No,No,No,No,No,4
131518-166,4,16.4,385218,133759-14,Staff,Illness Day 4,2023-11-11 00:00:00,4,,Positive,Positive,0,7.81738145604259,Within detectable range,Omicron,HV.1,Ct,2023-10-11 00:00:00,2023-11-07 00:00:00,2023-11-21 00:00:00,Yes,40,Female,Female at birth,Other,Hispanic,No,No,No,No,No,4
131518-166,5,4520977.71112123,385218,133759-14,Staff,Illness Day 5,2023-11-12 00:00:00,5,,Positive,Positive,0,6.65523236592372,Within detectable range,,,VL,2023-10-11 00:00:00,2023-11-07 00:00:00,2023-11-21 00:00:00,Yes,40,Female,Female at birth,Other,Hispanic,No,No,No,No,No,4
131518-166,5,20.73,385218,133759-14,Staff,Illness Day 5,2023-11-12 00:00:00,5,,Positive,Positive,0,6.65523236592372,Within detectable range,,,Ct,2023-10-11 00:00:00,2023-11-07 00:00:00,2023-11-21 00:00:00,Yes,40,Female,Female at birth,Other,Hispanic,No,No,No,No,No,4
131518-166,6,2499706.14516895,385218,133759-14,Staff,Illness Day 6,2023-11-13 00:00:00,6,,Positive,Positive,0,6.39788895785903,Within detectable range,,,VL,2023-10-11 00:00:00,2023-11-07 00:00:00,2023-11-21 00:00:00,Yes,40,Female,Female at birth,Other,Hispanic,No,No,No,No,No,4
131518-166,6,21.14,385218,133759-14,Staff,Illness Day 6,2023-11-13 00:00:00,6,,Positive,Positive,0,6.39788895785903,Within detectable range,,,Ct,2023-10-11 00:00:00,2023-11-07 00:00:00,2023-11-21 00:00:00,Yes,40,Female,Female at birth,Other,Hispanic,No,No,No,No,No,4
131518-166,7,26335262.4731764,385218,133759-14,Staff,Illness Day 7,2023-11-14 00:00:00,7,,Positive,Positive,0,7.42053765115692,Within detectable range,,,VL,2023-10-11 00:00:00,2023-11-07 00:00:00,2023-11-21 00:00:00,Yes,40,Female,Female at birth,Other,Hispanic,No,No,No,No,No,4
131518-166,7,18.89,385218,133759-14,Staff,Illness Day 7,2023-11-14 00:00:00,7,,Positive,Positive,0,7.42053765115692,Within detectable range,,,Ct,2023-10-11 00:00:00,2023-11-07 00:00:00,2023-11-21 00:00:00,Yes,40,Female,Female at birth,Other,Hispanic,No,No,No,No,No,4
131518-166,8,136191616.186368,385218,133759-14,Staff,Illness Day 8,2023-11-15 00:00:00,8,,Positive,Positive,0,8.13415037368496,Within detectable range,,,VL,2023-10-11 00:00:00,2023-11-07 00:00:00,2023-11-21 00:00:00,Yes,40,Female,Female at birth,Other,Hispanic,No,No,No,No,No,4
131518-166,8,16.95,385218,133759-14,Staff,Illness Day 8,2023-11-15 00:00:00,8,,Positive,Positive,0,8.13415037368496,Within detectable range,,,Ct,2023-10-11 00:00:00,2023-11-07 00:00:00,2023-11-21 00:00:00,Yes,40,Female,Female at birth,Other,Hispanic,No,No,No,No,No,4
131518-166,9,2289139.40524735,385218,133759-14,Staff,Illness Day 9,2023-11-16 00:00:00,9,,Positive,Positive,0,6.35967224137972,Within detectable range,,,VL,2023-10-11 00:00:00,2023-11-07 00:00:00,2023-11-21 00:00:00,Yes,40,Female,Female at birth,Other,Hispanic,No,No,No,No,No,4
131518-166,9,22.89,385218,133759-14,Staff,Illness Day 9,2023-11-16 00:00:00,9,,Positive,Positive,0,6.35967224137972,Within detectable range,,,Ct,2023-10-11 00:00:00,2023-11-07 00:00:00,2023-11-21 00:00:00,Yes,40,Female,Female at birth,Other,Hispanic,No,No,No,No,No,4
131518-166,11,252681.139612407,385218,133759-14,Staff,Illness Day 11,2023-11-18 00:00:00,11,,Positive,Positive,0,5.40257282693004,Within detectable range,,,VL,2023-10-11 00:00:00,2023-11-07 00:00:00,2023-11-21 00:00:00,Yes,40,Female,Female at birth,Other,Hispanic,No,No,No,No,No,4
131518-166,11,26.17,385218,133759-14,Staff,Illness Day 11,2023-11-18 00:00:00,11,,Positive,Positive,0,5.40257282693004,Within detectable range,,,Ct,2023-10-11 00:00:00,2023-11-07 00:00:00,2023-11-21 00:00:00,Yes,40,Female,Female at birth,Other,Hispanic,No,No,No,No,No,4
131518-166,12,209938.395883355,385218,133759-14,Staff,Illness Day 12,2023-11-19 00:00:00,12,,Negative,Positive,0,5.32209187448192,Within detectable range,,,VL,2023-10-11 00:00:00,2023-11-07 00:00:00,2023-11-21 00:00:00,Yes,40,Female,Female at birth,Other,Hispanic,No,No,No,No,No,4
131518-166,12,26.25,385218,133759-14,Staff,Illness Day 12,2023-11-19 00:00:00,12,,Negative,Positive,0,5.32209187448192,Within detectable range,,,Ct,2023-10-11 00:00:00,2023-11-07 00:00:00,2023-11-21 00:00:00,Yes,40,Female,Female at birth,Other,Hispanic,No,No,No,No,No,4
131518-166,13,77523.3333441683,385218,133759-14,Staff,Illness Day 13,2023-11-20 00:00:00,13,,Negative,Positive,0,4.88943243821525,Within detectable range,,,VL,2023-10-11 00:00:00,2023-11-07 00:00:00,2023-11-21 00:00:00,Yes,40,Female,Female at birth,Other,Hispanic,No,No,No,No,No,4
131518-166,13,27.84,385218,133759-14,Staff,Illness Day 13,2023-11-20 00:00:00,13,,Negative,Positive,0,4.88943243821525,Within detectable range,,,Ct,2023-10-11 00:00:00,2023-11-07 00:00:00,2023-11-21 00:00:00,Yes,40,Female,Female at birth,Other,Hispanic,No,No,No,No,No,4
131518-32,4,85806.8449445552,385141,133759-2,Staff,Illness Day 5,2023-07-05 00:00:00,4,,Positive,Positive,,4.93352193357221,Within detectable range,,,VL,2023-07-05 00:00:00,2023-07-01 00:00:00,2023-09-25 00:00:00,Yes,56,Female,Female at birth,White,Non-Hispanic,No,No,No,No,No,4
131518-32,4,28.32,385141,133759-2,Staff,Illness Day 5,2023-07-05 00:00:00,4,,Positive,Positive,,4.93352193357221,Within detectable range,,,Ct,2023-07-05 00:00:00,2023-07-01 00:00:00,2023-09-25 00:00:00,Yes,56,Female,Female at birth,White,Non-Hispanic,No,No,No,No,No,4
131518-32,5,2762853.11027931,385141,133759-2,Staff,Illness Day 1,2023-07-06 00:00:00,5,,Positive,Positive,,6.44135779584994,Within detectable range,,,VL,2023-07-05 00:00:00,2023-07-01 00:00:00,2023-09-25 00:00:00,Yes,56,Female,Female at birth,White,Non-Hispanic,No,No,No,No,No,4
131518-32,5,23.16,385141,133759-2,Staff,Illness Day 1,2023-07-06 00:00:00,5,,Positive,Positive,,6.44135779584994,Within detectable range,,,Ct,2023-07-05 00:00:00,2023-07-01 00:00:00,2023-09-25 00:00:00,Yes,56,Female,Female at birth,White,Non-Hispanic,No,No,No,No,No,4
131518-32,6,14913535.3011016,385141,133759-2,Staff,Illness Day 3,2023-07-07 00:00:00,6,,Positive,Positive,,7.17358060654922,Within detectable range,,,VL,2023-07-05 00:00:00,2023-07-01 00:00:00,2023-09-25 00:00:00,Yes,56,Female,Female at birth,White,Non-Hispanic,No,No,No,No,No,4
131518-32,6,21.52,385141,133759-2,Staff,Illness Day 3,2023-07-07 00:00:00,6,,Positive,Positive,,7.17358060654922,Within detectable range,,,Ct,2023-07-05 00:00:00,2023-07-01 00:00:00,2023-09-25 00:00:00,Yes,56,Female,Female at birth,White,Non-Hispanic,No,No,No,No,No,4
131518-32,7,11401740.9628845,385141,133759-2,Staff,Illness Day 4,2023-07-08 00:00:00,7,,Positive,Positive,,7.0569711700072,Within detectable range,,,VL,2023-07-05 00:00:00,2023-07-01 00:00:00,2023-09-25 00:00:00,Yes,56,Female,Female at birth,White,Non-Hispanic,No,No,No,No,No,4
131518-32,7,20.61,385141,133759-2,Staff,Illness Day 4,2023-07-08 00:00:00,7,,Positive,Positive,,7.0569711700072,Within detectable range,,,Ct,2023-07-05 00:00:00,2023-07-01 00:00:00,2023-09-25 00:00:00,Yes,56,Female,Female at birth,White,Non-Hispanic,No,No,No,No,No,4
131518-32,8,4335334.77792915,385141,133759-2,Staff,Illness Day 6,2023-07-09 00:00:00,8,,Positive,Positive,,6.6370226396654,Within detectable range,Omicron,EG.6.1,VL,2023-07-05 00:00:00,2023-07-01 00:00:00,2023-09-25 00:00:00,Yes,56,Female,Female at birth,White,Non-Hispanic,No,No,No,No,No,4
131518-32,8,18.99,385141,133759-2,Staff,Illness Day 6,2023-07-09 00:00:00,8,,Positive,Positive,,6.6370226396654,Within detectable range,Omicron,EG.6.1,Ct,2023-07-05 00:00:00,2023-07-01 00:00:00,2023-09-25 00:00:00,Yes,56,Female,Female at birth,White,Non-Hispanic,No,No,No,No,No,4
131518-32,10,34984.802539405,385141,133759-2,Staff,Illness Day 2,2023-07-11 00:00:00,10,,Negative,Positive,,4.54387942701795,Within detectable range,,,VL,2023-07-05 00:00:00,2023-07-01 00:00:00,2023-09-25 00:00:00,Yes,56,Female,Female at birth,White,Non-Hispanic,No,No,No,No,No,4
131518-32,10,28.85,385141,133759-2,Staff,Illness Day 2,2023-07-11 00:00:00,10,,Negative,Positive,,4.54387942701795,Within detectable range,,,Ct,2023-07-05 00:00:00,2023-07-01 00:00:00,2023-09-25 00:00:00,Yes,56,Female,Female at birth,White,Non-Hispanic,No,No,No,No,No,4
131518-32,11,947.664679232885,385141,133759-2,Staff,Illness Day 11,2023-07-12 00:00:00,11,,Negative,Positive,,2.97665469417328,"Less than 10,000 copies/mL",,,VL,2023-07-05 00:00:00,2023-07-01 00:00:00,2023-09-25 00:00:00,Yes,56,Female,Female at birth,White,Non-Hispanic,No,No,No,No,No,4
131518-32,11,34.16,385141,133759-2,Staff,Illness Day 11,2023-07-12 00:00:00,11,,Negative,Positive,,2.97665469417328,"Less than 10,000 copies/mL",,,Ct,2023-07-05 00:00:00,2023-07-01 00:00:00,2023-09-25 00:00:00,Yes,56,Female,Female at birth,White,Non-Hispanic,No,No,No,No,No,4
131518-32,12,,385141,133759-2,Staff,Illness Day 12,2023-07-13 00:00:00,12,,Negative,Positive,,,"VL run, not detected",,,VL,2023-07-05 00:00:00,2023-07-01 00:00:00,2023-09-25 00:00:00,Yes,56,Female,Female at birth,White,Non-Hispanic,No,No,No,No,No,4
131518-32,12,34.29,385141,133759-2,Staff,Illness Day 12,2023-07-13 00:00:00,12,,Negative,Positive,,,"VL run, not detected",,,Ct,2023-07-05 00:00:00,2023-07-01 00:00:00,2023-09-25 00:00:00,Yes,56,Female,Female at birth,White,Non-Hispanic,No,No,No,No,No,4
131518-32,13,24496.6073516316,385141,133759-2,Staff,Illness Day 13,2023-07-14 00:00:00,13,,Negative,Positive,,4.38910594107922,Within detectable range,,,VL,2023-07-05 00:00:00,2023-07-01 00:00:00,2023-09-25 00:00:00,Yes,56,Female,Female at birth,White,Non-Hispanic,No,No,No,No,No,4
131518-32,13,28.84,385141,133759-2,Staff,Illness Day 13,2023-07-14 00:00:00,13,,Negative,Positive,,4.38910594107922,Within detectable range,,,Ct,2023-07-05 00:00:00,2023-07-01 00:00:00,2023-09-25 00:00:00,Yes,56,Female,Female at birth,White,Non-Hispanic,No,No,No,No,No,4
131518-32,14,,385141,133759-2,Staff,Illness Day 14,2023-07-15 00:00:00,14,,Negative,Negative,,,"Undetectable, will not be done",,,VL,2023-07-05 00:00:00,2023-07-01 00:00:00,2023-09-25 00:00:00,Yes,56,Female,Female at birth,White,Non-Hispanic,No,No,No,No,No,4
131518-32,14,Not available,385141,133759-2,Staff,Illness Day 14,2023-07-15 00:00:00,14,,Negative,Negative,,,"Undetectable, will not be done",,,Ct,2023-07-05 00:00:00,2023-07-01 00:00:00,2023-09-25 00:00:00,Yes,56,Female,Female at birth,White,Non-Hispanic,No,No,No,No,No,4
131518-32,17,,385141,133759-2,Staff,Op ill w3 t1,2023-07-18 00:00:00,17,,Negative,Negative,,,"Undetectable, will not be done",,,VL,2023-07-05 00:00:00,2023-07-01 00:00:00,2023-09-25 00:00:00,Yes,56,Female,Female at birth,White,Non-Hispanic,No,No,No,No,No,4
131518-32,17,Not available,385141,133759-2,Staff,Op ill w3 t1,2023-07-18 00:00:00,17,,Negative,Negative,,,"Undetectable, will not be done",,,Ct,2023-07-05 00:00:00,2023-07-01 00:00:00,2023-09-25 00:00:00,Yes,56,Female,Female at birth,White,Non-Hispanic,No,No,No,No,No,4
131518-32,20,,385141,133759-2,Staff,Op ill w3 t2,2023-07-21 00:00:00,20,,Negative,Negative,0,,"Undetectable, will not be done",,,VL,2023-07-05 00:00:00,2023-07-01 00:00:00,2023-09-25 00:00:00,Yes,56,Female,Female at birth,White,Non-Hispanic,No,No,No,No,No,4
131518-32,20,38.02,385141,133759-2,Staff,Op ill w3 t2,2023-07-21 00:00:00,20,,Negative,Negative,0,,"Undetectable, will not be done",,,Ct,2023-07-05 00:00:00,2023-07-01 00:00:00,2023-09-25 00:00:00,Yes,56,Female,Female at birth,White,Non-Hispanic,No,No,No,No,No,4
131518-32,24,,385141,133759-2,Staff,Op ill w4 t1,2023-07-25 00:00:00,24,,Negative,Negative,0,,"Undetectable, will not be done",,,VL,2023-07-05 00:00:00,2023-07-01 00:00:00,2023-09-25 00:00:00,Yes,56,Female,Female at birth,White,Non-Hispanic,No,No,No,No,No,4
131518-32,24,Not available,385141,133759-2,Staff,Op ill w4 t1,2023-07-25 00:00:00,24,,Negative,Negative,0,,"Undetectable, will not be done",,,Ct,2023-07-05 00:00:00,2023-07-01 00:00:00,2023-09-25 00:00:00,Yes,56,Female,Female at birth,White,Non-Hispanic,No,No,No,No,No,4
131518-32,27,,385141,133759-2,Staff,Op ill w4 t2,2023-07-28 00:00:00,27,,Negative,Negative,0,,"Undetectable, will not be done",,,VL,2023-07-05 00:00:00,2023-07-01 00:00:00,2023-09-25 00:00:00,Yes,56,Female,Female at birth,White,Non-Hispanic,No,No,No,No,No,4
131518-32,27,Not available,385141,133759-2,Staff,Op ill w4 t2,2023-07-28 00:00:00,27,,Negative,Negative,0,,"Undetectable, will not be done",,,Ct,2023-07-05 00:00:00,2023-07-01 00:00:00,2023-09-25 00:00:00,Yes,56,Female,Female at birth,White,Non-Hispanic,No,No,No,No,No,4
131518-32,30,,385141,133759-2,Staff,Op ill week 5,2023-07-31 00:00:00,30,,Negative,Negative,0,,"Undetectable, will not be done",,,VL,2023-07-05 00:00:00,2023-07-01 00:00:00,2023-09-25 00:00:00,Yes,56,Female,Female at birth,White,Non-Hispanic,No,No,No,No,No,4
131518-32,30,38.24,385141,133759-2,Staff,Op ill week 5,2023-07-31 00:00:00,30,,Negative,Negative,0,,"Undetectable, will not be done",,,Ct,2023-07-05 00:00:00,2023-07-01 00:00:00,2023-09-25 00:00:00,Yes,56,Female,Female at birth,White,Non-Hispanic,No,No,No,No,No,4
131518-32,37,,385141,133759-2,Staff,Op ill week 6,2023-08-07 00:00:00,37,,Negative,Negative,0,,"Undetectable, will not be done",,,VL,2023-07-05 00:00:00,2023-07-01 00:00:00,2023-09-25 00:00:00,Yes,56,Female,Female at birth,White,Non-Hispanic,No,No,No,No,No,4
131518-32,37,Not available,385141,133759-2,Staff,Op ill week 6,2023-08-07 00:00:00,37,,Negative,Negative,0,,"Undetectable, will not be done",,,Ct,2023-07-05 00:00:00,2023-07-01 00:00:00,2023-09-25 00:00:00,Yes,56,Female,Female at birth,White,Non-Hispanic,No,No,No,No,No,4
131518-32,51,,385141,133759-2,Staff,Op ill week 8,2023-08-21 00:00:00,51,,Negative,Negative,0,,"Undetectable, will not be done",,,VL,2023-07-05 00:00:00,2023-07-01 00:00:00,2023-09-25 00:00:00,Yes,56,Female,Female at birth,White,Non-Hispanic,No,No,No,No,No,4
131518-32,51,Not available,385141,133759-2,Staff,Op ill week 8,2023-08-21 00:00:00,51,,Negative,Negative,0,,"Undetectable, will not be done",,,Ct,2023-07-05 00:00:00,2023-07-01 00:00:00,2023-09-25 00:00:00,Yes,56,Female,Female at birth,White,Non-Hispanic,No,No,No,No,No,4
131518-32,58,,385141,133759-2,Staff,Op ill week 9,2023-08-28 00:00:00,58,,Negative,Negative,0,,"Undetectable, will not be done",,,VL,2023-07-05 00:00:00,2023-07-01 00:00:00,2023-09-25 00:00:00,Yes,56,Female,Female at birth,White,Non-Hispanic,No,No,No,No,No,4
131518-32,58,Not available,385141,133759-2,Staff,Op ill week 9,2023-08-28 00:00:00,58,,Negative,Negative,0,,"Undetectable, will not be done",,,Ct,2023-07-05 00:00:00,2023-07-01 00:00:00,2023-09-25 00:00:00,Yes,56,Female,Female at birth,White,Non-Hispanic,No,No,No,No,No,4
131518-32,65,,385141,133759-2,Staff,Op ill week 10,2023-09-04 00:00:00,65,,Negative,Negative,0,,"Undetectable, will not be done",,,VL,2023-07-05 00:00:00,2023-07-01 00:00:00,2023-09-25 00:00:00,Yes,56,Female,Female at birth,White,Non-Hispanic,No,No,No,No,No,4
131518-32,65,Not available,385141,133759-2,Staff,Op ill week 10,2023-09-04 00:00:00,65,,Negative,Negative,0,,"Undetectable, will not be done",,,Ct,2023-07-05 00:00:00,2023-07-01 00:00:00,2023-09-25 00:00:00,Yes,56,Female,Female at birth,White,Non-Hispanic,No,No,No,No,No,4
131518-32,72,,385141,133759-2,Staff,Op ill week 11,2023-09-11 00:00:00,72,,Negative,Negative,0,,"Undetectable, will not be done",,,VL,2023-07-05 00:00:00,2023-07-01 00:00:00,2023-09-25 00:00:00,Yes,56,Female,Female at birth,White,Non-Hispanic,No,No,No,No,No,4
131518-32,72,Not available,385141,133759-2,Staff,Op ill week 11,2023-09-11 00:00:00,72,,Negative,Negative,0,,"Undetectable, will not be done",,,Ct,2023-07-05 00:00:00,2023-07-01 00:00:00,2023-09-25 00:00:00,Yes,56,Female,Female at birth,White,Non-Hispanic,No,No,No,No,No,4
131518-32,79,,385141,133759-2,Staff,Op ill week 12,2023-09-18 00:00:00,79,,Negative,Negative,0,,"Undetectable, will not be done",,,VL,2023-07-05 00:00:00,2023-07-01 00:00:00,2023-09-25 00:00:00,Yes,56,Female,Female at birth,White,Non-Hispanic,No,No,No,No,No,4
131518-32,79,Not available,385141,133759-2,Staff,Op ill week 12,2023-09-18 00:00:00,79,,Negative,Negative,0,,"Undetectable, will not be done",,,Ct,2023-07-05 00:00:00,2023-07-01 00:00:00,2023-09-25 00:00:00,Yes,56,Female,Female at birth,White,Non-Hispanic,No,No,No,No,No,4
131518-32,86,,385141,133759-2,Staff,Op ill week 13,2023-09-25 00:00:00,86,,Negative,Negative,0,,"Undetectable, will not be done",,,VL,2023-07-05 00:00:00,2023-07-01 00:00:00,2023-09-25 00:00:00,Yes,56,Female,Female at birth,White,Non-Hispanic,No,No,No,No,No,4
131518-32,86,Not available,385141,133759-2,Staff,Op ill week 13,2023-09-25 00:00:00,86,,Negative,Negative,0,,"Undetectable, will not be done",,,Ct,2023-07-05 00:00:00,2023-07-01 00:00:00,2023-09-25 00:00:00,Yes,56,Female,Female at birth,White,Non-Hispanic,No,No,No,No,No,4
131518-49,2,12675217592.8728,385141,133759-3,Resident,Illness Day 1,2023-07-05 00:00:00,2,,Positive,Positive,,10.1029554235141,More than 1 billion copies/mL,Omicron,XBB.1.5,VL,2023-07-05 00:00:00,2023-07-03 00:00:00,2023-09-04 00:00:00,Yes,73,Male,Male at birth,White,Non-Hispanic,No,No,Yes,No,No,COVID-19 vaccination status unknown
131518-49,2,9.48,385141,133759-3,Resident,Illness Day 1,2023-07-05 00:00:00,2,,Positive,Positive,,10.1029554235141,More than 1 billion copies/mL,Omicron,XBB.1.5,Ct,2023-07-05 00:00:00,2023-07-03 00:00:00,2023-09-04 00:00:00,Yes,73,Male,Male at birth,White,Non-Hispanic,No,No,Yes,No,No,COVID-19 vaccination status unknown
131518-49,3,4633510359.96112,385141,133759-3,Resident,Illness Day 2,2023-07-06 00:00:00,3,1,Positive,Positive,,9.66591013838744,More than 1 billion copies/mL,,,VL,2023-07-05 00:00:00,2023-07-03 00:00:00,2023-09-04 00:00:00,Yes,73,Male,Male at birth,White,Non-Hispanic,No,No,Yes,No,No,COVID-19 vaccination status unknown
131518-49,3,9.97,385141,133759-3,Resident,Illness Day 2,2023-07-06 00:00:00,3,1,Positive,Positive,,9.66591013838744,More than 1 billion copies/mL,,,Ct,2023-07-05 00:00:00,2023-07-03 00:00:00,2023-09-04 00:00:00,Yes,73,Male,Male at birth,White,Non-Hispanic,No,No,Yes,No,No,COVID-19 vaccination status unknown
131518-49,4,85757701.9354255,385141,133759-3,Resident,Illness Day 3,2023-07-07 00:00:00,4,,Positive,Positive,,7.93327313463722,Within detectable range,,,VL,2023-07-05 00:00:00,2023-07-03 00:00:00,2023-09-04 00:00:00,Yes,73,Male,Male at birth,White,Non-Hispanic,No,No,Yes,No,No,COVID-19 vaccination status unknown
131518-49,4,16.63,385141,133759-3,Resident,Illness Day 3,2023-07-07 00:00:00,4,,Positive,Positive,,7.93327313463722,Within detectable range,,,Ct,2023-07-05 00:00:00,2023-07-03 00:00:00,2023-09-04 00:00:00,Yes,73,Male,Male at birth,White,Non-Hispanic,No,No,Yes,No,No,COVID-19 vaccination status unknown
131518-49,5,988468.469075484,385141,133759-3,Resident,Illness Day 4,2023-07-08 00:00:00,5,,Positive,Positive,,5.99496282041253,Within detectable range,,,VL,2023-07-05 00:00:00,2023-07-03 00:00:00,2023-09-04 00:00:00,Yes,73,Male,Male at birth,White,Non-Hispanic,No,No,Yes,No,No,COVID-19 vaccination status unknown
131518-49,5,23.42,385141,133759-3,Resident,Illness Day 4,2023-07-08 00:00:00,5,,Positive,Positive,,5.99496282041253,Within detectable range,,,Ct,2023-07-05 00:00:00,2023-07-03 00:00:00,2023-09-04 00:00:00,Yes,73,Male,Male at birth,White,Non-Hispanic,No,No,Yes,No,No,COVID-19 vaccination status unknown
131518-49,6,242549.111003027,385141,133759-3,Resident,Illness Day 5,2023-07-09 00:00:00,6,,Positive,Positive,,5.38479968717817,Within detectable range,,,VL,2023-07-05 00:00:00,2023-07-03 00:00:00,2023-09-04 00:00:00,Yes,73,Male,Male at birth,White,Non-Hispanic,No,No,Yes,No,No,COVID-19 vaccination status unknown
131518-49,6,24.23,385141,133759-3,Resident,Illness Day 5,2023-07-09 00:00:00,6,,Positive,Positive,,5.38479968717817,Within detectable range,,,Ct,2023-07-05 00:00:00,2023-07-03 00:00:00,2023-09-04 00:00:00,Yes,73,Male,Male at birth,White,Non-Hispanic,No,No,Yes,No,No,COVID-19 vaccination status unknown
131518-49,7,5877.29145198506,385141,133759-3,Resident,Illness Day 6,2023-07-10 00:00:00,7,,Positive,Positive,,3.76917722769762,"Less than 10,000 copies/mL",,,VL,2023-07-05 00:00:00,2023-07-03 00:00:00,2023-09-04 00:00:00,Yes,73,Male,Male at birth,White,Non-Hispanic,No,No,Yes,No,No,COVID-19 vaccination status unknown
131518-49,7,28.12,385141,133759-3,Resident,Illness Day 6,2023-07-10 00:00:00,7,,Positive,Positive,,3.76917722769762,"Less than 10,000 copies/mL",,,Ct,2023-07-05 00:00:00,2023-07-03 00:00:00,2023-09-04 00:00:00,Yes,73,Male,Male at birth,White,Non-Hispanic,No,No,Yes,No,No,COVID-19 vaccination status unknown
131518-49,8,40289.6158422127,385141,133759-3,Resident,Illness Day 7,2023-07-11 00:00:00,8,,Positive,Positive,,4.60519312645012,Within detectable range,,,VL,2023-07-05 00:00:00,2023-07-03 00:00:00,2023-09-04 00:00:00,Yes,73,Male,Male at birth,White,Non-Hispanic,No,No,Yes,No,No,COVID-19 vaccination status unknown
131518-49,8,26.82,385141,133759-3,Resident,Illness Day 7,2023-07-11 00:00:00,8,,Positive,Positive,,4.60519312645012,Within detectable range,,,Ct,2023-07-05 00:00:00,2023-07-03 00:00:00,2023-09-04 00:00:00,Yes,73,Male,Male at birth,White,Non-Hispanic,No,No,Yes,No,No,COVID-19 vaccination status unknown
131518-49,9,3732.00237138769,385141,133759-3,Resident,Illness Day 8,2023-07-12 00:00:00,9,,Negative,Positive,,3.5719419110338,"Less than 10,000 copies/mL",,,VL,2023-07-05 00:00:00,2023-07-03 00:00:00,2023-09-04 00:00:00,Yes,73,Male,Male at birth,White,Non-Hispanic,No,No,Yes,No,No,COVID-19 vaccination status unknown
131518-49,9,32.3,385141,133759-3,Resident,Illness Day 8,2023-07-12 00:00:00,9,,Negative,Positive,,3.5719419110338,"Less than 10,000 copies/mL",,,Ct,2023-07-05 00:00:00,2023-07-03 00:00:00,2023-09-04 00:00:00,Yes,73,Male,Male at birth,White,Non-Hispanic,No,No,Yes,No,No,COVID-19 vaccination status unknown
131518-49,10,20821.2832878265,385141,133759-3,Resident,Illness Day 9,2023-07-13 00:00:00,10,,Negative,Positive,,4.318507493073,Within detectable range,,,VL,2023-07-05 00:00:00,2023-07-03 00:00:00,2023-09-04 00:00:00,Yes,73,Male,Male at birth,White,Non-Hispanic,No,No,Yes,No,No,COVID-19 vaccination status unknown
131518-49,10,27.42,385141,133759-3,Resident,Illness Day 9,2023-07-13 00:00:00,10,,Negative,Positive,,4.318507493073,Within detectable range,,,Ct,2023-07-05 00:00:00,2023-07-03 00:00:00,2023-09-04 00:00:00,Yes,73,Male,Male at birth,White,Non-Hispanic,No,No,Yes,No,No,COVID-19 vaccination status unknown
131518-49,11,741.168693098972,385141,133759-3,Resident,Illness Day 10,2023-07-14 00:00:00,11,,Negative,Positive,,2.8699170664732,"Less than 10,000 copies/mL",,,VL,2023-07-05 00:00:00,2023-07-03 00:00:00,2023-09-04 00:00:00,Yes,73,Male,Male at birth,White,Non-Hispanic,No,No,Yes,No,No,COVID-19 vaccination status unknown
131518-49,11,32.97,385141,133759-3,Resident,Illness Day 10,2023-07-14 00:00:00,11,,Negative,Positive,,2.8699170664732,"Less than 10,000 copies/mL",,,Ct,2023-07-05 00:00:00,2023-07-03 00:00:00,2023-09-04 00:00:00,Yes,73,Male,Male at birth,White,Non-Hispanic,No,No,Yes,No,No,COVID-19 vaccination status unknown
131518-49,12,,385141,133759-3,Resident,Illness Day 11,2023-07-15 00:00:00,12,,Negative,Negative,,,"Undetectable, will not be done",,,VL,2023-07-05 00:00:00,2023-07-03 00:00:00,2023-09-04 00:00:00,Yes,73,Male,Male at birth,White,Non-Hispanic,No,No,Yes,No,No,COVID-19 vaccination status unknown
131518-49,12,Not available,385141,133759-3,Resident,Illness Day 11,2023-07-15 00:00:00,12,,Negative,Negative,,,"Undetectable, will not be done",,,Ct,2023-07-05 00:00:00,2023-07-03 00:00:00,2023-09-04 00:00:00,Yes,73,Male,Male at birth,White,Non-Hispanic,No,No,Yes,No,No,COVID-19 vaccination status unknown
131518-49,13,,385141,133759-3,Resident,Illness Day 12,2023-07-16 00:00:00,13,,Negative,Positive,,,"VL run, not detected",,,VL,2023-07-05 00:00:00,2023-07-03 00:00:00,2023-09-04 00:00:00,Yes,73,Male,Male at birth,White,Non-Hispanic,No,No,Yes,No,No,COVID-19 vaccination status unknown
131518-49,13,34.97,385141,133759-3,Resident,Illness Day 12,2023-07-16 00:00:00,13,,Negative,Positive,,,"VL run, not detected",,,Ct,2023-07-05 00:00:00,2023-07-03 00:00:00,2023-09-04 00:00:00,Yes,73,Male,Male at birth,White,Non-Hispanic,No,No,Yes,No,No,COVID-19 vaccination status unknown
131518-49,14,16537.7165074869,385141,133759-3,Resident,Illness Day 13,2023-07-17 00:00:00,14,,Negative,Positive,,4.21847554290327,Within detectable range,,,VL,2023-07-05 00:00:00,2023-07-03 00:00:00,2023-09-04 00:00:00,Yes,73,Male,Male at birth,White,Non-Hispanic,No,No,Yes,No,No,COVID-19 vaccination status unknown
131518-49,14,28.44,385141,133759-3,Resident,Illness Day 13,2023-07-17 00:00:00,14,,Negative,Positive,,4.21847554290327,Within detectable range,,,Ct,2023-07-05 00:00:00,2023-07-03 00:00:00,2023-09-04 00:00:00,Yes,73,Male,Male at birth,White,Non-Hispanic,No,No,Yes,No,No,COVID-19 vaccination status unknown
131518-49,15,,385141,133759-3,Resident,Illness Day 14,2023-07-18 00:00:00,15,,Negative,Negative,,,"Undetectable, will not be done",,,VL,2023-07-05 00:00:00,2023-07-03 00:00:00,2023-09-04 00:00:00,Yes,73,Male,Male at birth,White,Non-Hispanic,No,No,Yes,No,No,COVID-19 vaccination status unknown
131518-49,15,Not available,385141,133759-3,Resident,Illness Day 14,2023-07-18 00:00:00,15,,Negative,Negative,,,"Undetectable, will not be done",,,Ct,2023-07-05 00:00:00,2023-07-03 00:00:00,2023-09-04 00:00:00,Yes,73,Male,Male at birth,White,Non-Hispanic,No,No,Yes,No,No,COVID-19 vaccination status unknown
131518-49,18,,385141,133759-3,Resident,Op ill w3 t1,2023-07-21 00:00:00,18,,Negative,Negative,0,,"Undetectable, will not be done",,,VL,2023-07-05 00:00:00,2023-07-03 00:00:00,2023-09-04 00:00:00,Yes,73,Male,Male at birth,White,Non-Hispanic,No,No,Yes,No,No,COVID-19 vaccination status unknown
131518-49,18,Not available,385141,133759-3,Resident,Op ill w3 t1,2023-07-21 00:00:00,18,,Negative,Negative,0,,"Undetectable, will not be done",,,Ct,2023-07-05 00:00:00,2023-07-03 00:00:00,2023-09-04 00:00:00,Yes,73,Male,Male at birth,White,Non-Hispanic,No,No,Yes,No,No,COVID-19 vaccination status unknown
131518-49,21,,385141,133759-3,Resident,Op ill w3 t2,2023-07-24 00:00:00,21,,Negative,Negative,0,,"Undetectable, will not be done",,,VL,2023-07-05 00:00:00,2023-07-03 00:00:00,2023-09-04 00:00:00,Yes,73,Male,Male at birth,White,Non-Hispanic,No,No,Yes,No,No,COVID-19 vaccination status unknown
131518-49,21,38.51,385141,133759-3,Resident,Op ill w3 t2,2023-07-24 00:00:00,21,,Negative,Negative,0,,"Undetectable, will not be done",,,Ct,2023-07-05 00:00:00,2023-07-03 00:00:00,2023-09-04 00:00:00,Yes,73,Male,Male at birth,White,Non-Hispanic,No,No,Yes,No,No,COVID-19 vaccination status unknown
131518-49,25,,385141,133759-3,Resident,Op ill w4 t1,2023-07-28 00:00:00,25,,Negative,Negative,0,,"Undetectable, will not be done",,,VL,2023-07-05 00:00:00,2023-07-03 00:00:00,2023-09-04 00:00:00,Yes,73,Male,Male at birth,White,Non-Hispanic,No,No,Yes,No,No,COVID-19 vaccination status unknown
131518-49,25,43.77,385141,133759-3,Resident,Op ill w4 t1,2023-07-28 00:00:00,25,,Negative,Negative,0,,"Undetectable, will not be done",,,Ct,2023-07-05 00:00:00,2023-07-03 00:00:00,2023-09-04 00:00:00,Yes,73,Male,Male at birth,White,Non-Hispanic,No,No,Yes,No,No,COVID-19 vaccination status unknown
131518-49,28,,385141,133759-3,Resident,Op ill w4 t2,2023-07-31 00:00:00,28,,Negative,Negative,0,,"Undetectable, will not be done",,,VL,2023-07-05 00:00:00,2023-07-03 00:00:00,2023-09-04 00:00:00,Yes,73,Male,Male at birth,White,Non-Hispanic,No,No,Yes,No,No,COVID-19 vaccination status unknown
131518-49,28,Not available,385141,133759-3,Resident,Op ill w4 t2,2023-07-31 00:00:00,28,,Negative,Negative,0,,"Undetectable, will not be done",,,Ct,2023-07-05 00:00:00,2023-07-03 00:00:00,2023-09-04 00:00:00,Yes,73,Male,Male at birth,White,Non-Hispanic,No,No,Yes,No,No,COVID-19 vaccination status unknown
131518-49,31,,385141,133759-3,Resident,Op ill week 5,2023-08-03 00:00:00,31,,Negative,Negative,0,,"Undetectable, will not be done",,,VL,2023-07-05 00:00:00,2023-07-03 00:00:00,2023-09-04 00:00:00,Yes,73,Male,Male at birth,White,Non-Hispanic,No,No,Yes,No,No,COVID-19 vaccination status unknown
131518-49,31,Not available,385141,133759-3,Resident,Op ill week 5,2023-08-03 00:00:00,31,,Negative,Negative,0,,"Undetectable, will not be done",,,Ct,2023-07-05 00:00:00,2023-07-03 00:00:00,2023-09-04 00:00:00,Yes,73,Male,Male at birth,White,Non-Hispanic,No,No,Yes,No,No,COVID-19 vaccination status unknown
131518-49,38,,385141,133759-3,Resident,Op ill week 6,2023-08-10 00:00:00,38,,Negative,Negative,0,,"Undetectable, will not be done",,,VL,2023-07-05 00:00:00,2023-07-03 00:00:00,2023-09-04 00:00:00,Yes,73,Male,Male at birth,White,Non-Hispanic,No,No,Yes,No,No,COVID-19 vaccination status unknown
131518-49,38,Not available,385141,133759-3,Resident,Op ill week 6,2023-08-10 00:00:00,38,,Negative,Negative,0,,"Undetectable, will not be done",,,Ct,2023-07-05 00:00:00,2023-07-03 00:00:00,2023-09-04 00:00:00,Yes,73,Male,Male at birth,White,Non-Hispanic,No,No,Yes,No,No,COVID-19 vaccination status unknown
131518-49,46,,385141,133759-3,Resident,Op ill week 7,2023-08-18 00:00:00,46,,Negative,Negative,0,,"Undetectable, will not be done",,,VL,2023-07-05 00:00:00,2023-07-03 00:00:00,2023-09-04 00:00:00,Yes,73,Male,Male at birth,White,Non-Hispanic,No,No,Yes,No,No,COVID-19 vaccination status unknown
131518-49,46,Not available,385141,133759-3,Resident,Op ill week 7,2023-08-18 00:00:00,46,,Negative,Negative,0,,"Undetectable, will not be done",,,Ct,2023-07-05 00:00:00,2023-07-03 00:00:00,2023-09-04 00:00:00,Yes,73,Male,Male at birth,White,Non-Hispanic,No,No,Yes,No,No,COVID-19 vaccination status unknown
131518-49,55,,385141,133759-3,Resident,Op ill week 8,2023-08-27 00:00:00,55,,Negative,Negative,0,,"Undetectable, will not be done",,,VL,2023-07-05 00:00:00,2023-07-03 00:00:00,2023-09-04 00:00:00,Yes,73,Male,Male at birth,White,Non-Hispanic,No,No,Yes,No,No,COVID-19 vaccination status unknown
131518-49,55,Not available,385141,133759-3,Resident,Op ill week 8,2023-08-27 00:00:00,55,,Negative,Negative,0,,"Undetectable, will not be done",,,Ct,2023-07-05 00:00:00,2023-07-03 00:00:00,2023-09-04 00:00:00,Yes,73,Male,Male at birth,White,Non-Hispanic,No,No,Yes,No,No,COVID-19 vaccination status unknown
131518-49,63,,385141,133759-3,Resident,Op ill week 9,2023-09-04 00:00:00,63,,Not done,Negative,0,,"Undetectable, will not be done",,,VL,2023-07-05 00:00:00,2023-07-03 00:00:00,2023-09-04 00:00:00,Yes,73,Male,Male at birth,White,Non-Hispanic,No,No,Yes,No,No,COVID-19 vaccination status unknown
131518-49,63,Not available,385141,133759-3,Resident,Op ill week 9,2023-09-04 00:00:00,63,,Not done,Negative,0,,"Undetectable, will not be done",,,Ct,2023-07-05 00:00:00,2023-07-03 00:00:00,2023-09-04 00:00:00,Yes,73,Male,Male at birth,White,Non-Hispanic,No,No,Yes,No,No,COVID-19 vaccination status unknown
131518-107,1,830773018.759254,385218,133759-5,Staff,Illness Day 1,2023-08-10 00:00:00,1,,Positive,Positive,0,8.91948238339237,Within detectable range,Omicron,EG.5.1,VL,2023-08-10 00:00:00,2023-08-09 00:00:00,2023-10-21 00:00:00,Yes,50,Female,Female at birth,White,Non-Hispanic,No,No,No,No,No,4
131518-107,1,15.04,385218,133759-5,Staff,Illness Day 1,2023-08-10 00:00:00,1,,Positive,Positive,0,8.91948238339237,Within detectable range,Omicron,EG.5.1,Ct,2023-08-10 00:00:00,2023-08-09 00:00:00,2023-10-21 00:00:00,Yes,50,Female,Female at birth,White,Non-Hispanic,No,No,No,No,No,4
131518-107,2,160485307.053229,385218,133759-5,Staff,Illness Day 2,2023-08-11 00:00:00,2,,Positive,Positive,0,8.20543527750226,Within detectable range,,,VL,2023-08-10 00:00:00,2023-08-09 00:00:00,2023-10-21 00:00:00,Yes,50,Female,Female at birth,White,Non-Hispanic,No,No,No,No,No,4
131518-107,2,17.79,385218,133759-5,Staff,Illness Day 2,2023-08-11 00:00:00,2,,Positive,Positive,0,8.20543527750226,Within detectable range,,,Ct,2023-08-10 00:00:00,2023-08-09 00:00:00,2023-10-21 00:00:00,Yes,50,Female,Female at birth,White,Non-Hispanic,No,No,No,No,No,4
131518-107,3,3192226.80078401,385218,133759-5,Staff,Illness Day 3,2023-08-12 00:00:00,3,,Positive,Positive,0,6.50409373945497,Within detectable range,,,VL,2023-08-10 00:00:00,2023-08-09 00:00:00,2023-10-21 00:00:00,Yes,50,Female,Female at birth,White,Non-Hispanic,No,No,No,No,No,4
131518-107,3,23.26,385218,133759-5,Staff,Illness Day 3,2023-08-12 00:00:00,3,,Positive,Positive,0,6.50409373945497,Within detectable range,,,Ct,2023-08-10 00:00:00,2023-08-09 00:00:00,2023-10-21 00:00:00,Yes,50,Female,Female at birth,White,Non-Hispanic,No,No,No,No,No,4
131518-107,4,5754919.8096449,385218,133759-5,Staff,Illness Day 4,2023-08-13 00:00:00,4,,Inconclusive,Positive,0,6.76003927645037,Within detectable range,,,VL,2023-08-10 00:00:00,2023-08-09 00:00:00,2023-10-21 00:00:00,Yes,50,Female,Female at birth,White,Non-Hispanic,No,No,No,No,No,4
131518-107,4,22.25,385218,133759-5,Staff,Illness Day 4,2023-08-13 00:00:00,4,,Inconclusive,Positive,0,6.76003927645037,Within detectable range,,,Ct,2023-08-10 00:00:00,2023-08-09 00:00:00,2023-10-21 00:00:00,Yes,50,Female,Female at birth,White,Non-Hispanic,No,No,No,No,No,4
131518-107,5,389254.298849869,385218,133759-5,Staff,Illness Day 5,2023-08-14 00:00:00,5,,Negative,Positive,0,5.59023341753166,Within detectable range,,,VL,2023-08-10 00:00:00,2023-08-09 00:00:00,2023-10-21 00:00:00,Yes,50,Female,Female at birth,White,Non-Hispanic,No,No,No,No,No,4
131518-107,5,26.53,385218,133759-5,Staff,Illness Day 5,2023-08-14 00:00:00,5,,Negative,Positive,0,5.59023341753166,Within detectable range,,,Ct,2023-08-10 00:00:00,2023-08-09 00:00:00,2023-10-21 00:00:00,Yes,50,Female,Female at birth,White,Non-Hispanic,No,No,No,No,No,4
131518-107,6,86023.5666818988,385218,133759-5,Staff,Illness Day 6,2023-08-15 00:00:00,6,,Negative,Positive,0,4.93461744517175,Within detectable range,,,VL,2023-08-10 00:00:00,2023-08-09 00:00:00,2023-10-21 00:00:00,Yes,50,Female,Female at birth,White,Non-Hispanic,No,No,No,No,No,4
131518-107,6,28.05,385218,133759-5,Staff,Illness Day 6,2023-08-15 00:00:00,6,,Negative,Positive,0,4.93461744517175,Within detectable range,,,Ct,2023-08-10 00:00:00,2023-08-09 00:00:00,2023-10-21 00:00:00,Yes,50,Female,Female at birth,White,Non-Hispanic,No,No,No,No,No,4
131518-107,7,3404.46112029067,385218,133759-5,Staff,Illness Day 7,2023-08-16 00:00:00,7,,Negative,Positive,0,3.53204837880232,"Less than 10,000 copies/mL",,,VL,2023-08-10 00:00:00,2023-08-09 00:00:00,2023-10-21 00:00:00,Yes,50,Female,Female at birth,White,Non-Hispanic,No,No,No,No,No,4
131518-107,7,32.61,385218,133759-5,Staff,Illness Day 7,2023-08-16 00:00:00,7,,Negative,Positive,0,3.53204837880232,"Less than 10,000 copies/mL",,,Ct,2023-08-10 00:00:00,2023-08-09 00:00:00,2023-10-21 00:00:00,Yes,50,Female,Female at birth,White,Non-Hispanic,No,No,No,No,No,4
131518-107,8,,385218,133759-5,Staff,Illness Day 8,2023-08-17 00:00:00,8,,Negative,Negative,0,,"Undetectable, will not be done",,,VL,2023-08-10 00:00:00,2023-08-09 00:00:00,2023-10-21 00:00:00,Yes,50,Female,Female at birth,White,Non-Hispanic,No,No,No,No,No,4
131518-107,8,Not available,385218,133759-5,Staff,Illness Day 8,2023-08-17 00:00:00,8,,Negative,Negative,0,,"Undetectable, will not be done",,,Ct,2023-08-10 00:00:00,2023-08-09 00:00:00,2023-10-21 00:00:00,Yes,50,Female,Female at birth,White,Non-Hispanic,No,No,No,No,No,4
131518-107,9,19041.0545572699,385218,133759-5,Staff,Illness Day 9,2023-08-18 00:00:00,9,,Negative,Positive,0,4.27969099739512,Within detectable range,,,VL,2023-08-10 00:00:00,2023-08-09 00:00:00,2023-10-21 00:00:00,Yes,50,Female,Female at birth,White,Non-Hispanic,No,No,No,No,No,4
131518-107,9,32.91,385218,133759-5,Staff,Illness Day 9,2023-08-18 00:00:00,9,,Negative,Positive,0,4.27969099739512,Within detectable range,,,Ct,2023-08-10 00:00:00,2023-08-09 00:00:00,2023-10-21 00:00:00,Yes,50,Female,Female at birth,White,Non-Hispanic,No,No,No,No,No,4
131518-107,10,46.7797039717097,385218,133759-5,Staff,Illness Day 10,2023-08-19 00:00:00,10,,Negative,Positive,0,1.67005746920764,"Less than 10,000 copies/mL",,,VL,2023-08-10 00:00:00,2023-08-09 00:00:00,2023-10-21 00:00:00,Yes,50,Female,Female at birth,White,Non-Hispanic,No,No,No,No,No,4
131518-107,10,34.02,385218,133759-5,Staff,Illness Day 10,2023-08-19 00:00:00,10,,Negative,Positive,0,1.67005746920764,"Less than 10,000 copies/mL",,,Ct,2023-08-10 00:00:00,2023-08-09 00:00:00,2023-10-21 00:00:00,Yes,50,Female,Female at birth,White,Non-Hispanic,No,No,No,No,No,4
131518-107,11,,385218,133759-5,Staff,Illness Day 11,2023-08-20 00:00:00,11,,Negative,Negative,0,,"Undetectable, will not be done",,,VL,2023-08-10 00:00:00,2023-08-09 00:00:00,2023-10-21 00:00:00,Yes,50,Female,Female at birth,White,Non-Hispanic,No,No,No,No,No,4
131518-107,11,Not available,385218,133759-5,Staff,Illness Day 11,2023-08-20 00:00:00,11,,Negative,Negative,0,,"Undetectable, will not be done",,,Ct,2023-08-10 00:00:00,2023-08-09 00:00:00,2023-10-21 00:00:00,Yes,50,Female,Female at birth,White,Non-Hispanic,No,No,No,No,No,4
131518-107,12,455.731222438922,385218,133759-5,Staff,Illness Day 12,2023-08-21 00:00:00,12,,Negative,Positive,0,2.65870878339577,"Less than 10,000 copies/mL",,,VL,2023-08-10 00:00:00,2023-08-09 00:00:00,2023-10-21 00:00:00,Yes,50,Female,Female at birth,White,Non-Hispanic,No,No,No,No,No,4
131518-107,12,35.11,385218,133759-5,Staff,Illness Day 12,2023-08-21 00:00:00,12,,Negative,Positive,0,2.65870878339577,"Less than 10,000 copies/mL",,,Ct,2023-08-10 00:00:00,2023-08-09 00:00:00,2023-10-21 00:00:00,Yes,50,Female,Female at birth,White,Non-Hispanic,No,No,No,No,No,4
131518-107,13,,385218,133759-5,Staff,Illness Day 13,2023-08-22 00:00:00,13,,Negative,Negative,0,,"Undetectable, will not be done",,,VL,2023-08-10 00:00:00,2023-08-09 00:00:00,2023-10-21 00:00:00,Yes,50,Female,Female at birth,White,Non-Hispanic,No,No,No,No,No,4
131518-107,13,Not available,385218,133759-5,Staff,Illness Day 13,2023-08-22 00:00:00,13,,Negative,Negative,0,,"Undetectable, will not be done",,,Ct,2023-08-10 00:00:00,2023-08-09 00:00:00,2023-10-21 00:00:00,Yes,50,Female,Female at birth,White,Non-Hispanic,No,No,No,No,No,4
131518-107,14,,385218,133759-5,Staff,Illness Day 14,2023-08-23 00:00:00,14,,Negative,Negative,0,,"Undetectable, will not be done",,,VL,2023-08-10 00:00:00,2023-08-09 00:00:00,2023-10-21 00:00:00,Yes,50,Female,Female at birth,White,Non-Hispanic,No,No,No,No,No,4
131518-107,14,Not available,385218,133759-5,Staff,Illness Day 14,2023-08-23 00:00:00,14,,Negative,Negative,0,,"Undetectable, will not be done",,,Ct,2023-08-10 00:00:00,2023-08-09 00:00:00,2023-10-21 00:00:00,Yes,50,Female,Female at birth,White,Non-Hispanic,No,No,No,No,No,4
131518-107,20,,385218,133759-5,Staff,Op ill w3 t1,2023-08-29 00:00:00,20,,Inconclusive,Negative,0,,"Undetectable, will not be done",,,VL,2023-08-10 00:00:00,2023-08-09 00:00:00,2023-10-21 00:00:00,Yes,50,Female,Female at birth,White,Non-Hispanic,No,No,No,No,No,4
131518-107,20,Not available,385218,133759-5,Staff,Op ill w3 t1,2023-08-29 00:00:00,20,,Inconclusive,Negative,0,,"Undetectable, will not be done",,,Ct,2023-08-10 00:00:00,2023-08-09 00:00:00,2023-10-21 00:00:00,Yes,50,Female,Female at birth,White,Non-Hispanic,No,No,No,No,No,4
131518-107,22,,385218,133759-5,Staff,Op ill w3 t2,2023-08-31 00:00:00,22,,Negative,Negative,0,,"Undetectable, will not be done",,,VL,2023-08-10 00:00:00,2023-08-09 00:00:00,2023-10-21 00:00:00,Yes,50,Female,Female at birth,White,Non-Hispanic,No,No,No,No,No,4
131518-107,22,Not available,385218,133759-5,Staff,Op ill w3 t2,2023-08-31 00:00:00,22,,Negative,Negative,0,,"Undetectable, will not be done",,,Ct,2023-08-10 00:00:00,2023-08-09 00:00:00,2023-10-21 00:00:00,Yes,50,Female,Female at birth,White,Non-Hispanic,No,No,No,No,No,4
131518-107,24,,385218,133759-5,Staff,Op ill w4 t1,2023-09-02 00:00:00,24,,Negative,Negative,0,,"Undetectable, will not be done",,,VL,2023-08-10 00:00:00,2023-08-09 00:00:00,2023-10-21 00:00:00,Yes,50,Female,Female at birth,White,Non-Hispanic,No,No,No,No,No,4
131518-107,24,Not available,385218,133759-5,Staff,Op ill w4 t1,2023-09-02 00:00:00,24,,Negative,Negative,0,,"Undetectable, will not be done",,,Ct,2023-08-10 00:00:00,2023-08-09 00:00:00,2023-10-21 00:00:00,Yes,50,Female,Female at birth,White,Non-Hispanic,No,No,No,No,No,4
131518-107,27,,385218,133759-5,Staff,Op ill w4 t2,2023-09-05 00:00:00,27,,Negative,Negative,0,,"Undetectable, will not be done",,,VL,2023-08-10 00:00:00,2023-08-09 00:00:00,2023-10-21 00:00:00,Yes,50,Female,Female at birth,White,Non-Hispanic,No,No,No,No,No,4
131518-107,27,Not available,385218,133759-5,Staff,Op ill w4 t2,2023-09-05 00:00:00,27,,Negative,Negative,0,,"Undetectable, will not be done",,,Ct,2023-08-10 00:00:00,2023-08-09 00:00:00,2023-10-21 00:00:00,Yes,50,Female,Female at birth,White,Non-Hispanic,No,No,No,No,No,4
131518-107,30,,385218,133759-5,Staff,Op ill week 5,2023-09-08 00:00:00,30,,Negative,Negative,0,,"Undetectable, will not be done",,,VL,2023-08-10 00:00:00,2023-08-09 00:00:00,2023-10-21 00:00:00,Yes,50,Female,Female at birth,White,Non-Hispanic,No,No,No,No,No,4
131518-107,30,Not available,385218,133759-5,Staff,Op ill week 5,2023-09-08 00:00:00,30,,Negative,Negative,0,,"Undetectable, will not be done",,,Ct,2023-08-10 00:00:00,2023-08-09 00:00:00,2023-10-21 00:00:00,Yes,50,Female,Female at birth,White,Non-Hispanic,No,No,No,No,No,4
131518-107,37,,385218,133759-5,Staff,Op ill week 6,2023-09-15 00:00:00,37,,Negative,Negative,0,,"Undetectable, will not be done",,,VL,2023-08-10 00:00:00,2023-08-09 00:00:00,2023-10-21 00:00:00,Yes,50,Female,Female at birth,White,Non-Hispanic,No,No,No,No,No,4
131518-107,37,Not available,385218,133759-5,Staff,Op ill week 6,2023-09-15 00:00:00,37,,Negative,Negative,0,,"Undetectable, will not be done",,,Ct,2023-08-10 00:00:00,2023-08-09 00:00:00,2023-10-21 00:00:00,Yes,50,Female,Female at birth,White,Non-Hispanic,No,No,No,No,No,4
131518-107,44,,385218,133759-5,Staff,Op ill week 7,2023-09-22 00:00:00,44,,Negative,Negative,0,,"Undetectable, will not be done",,,VL,2023-08-10 00:00:00,2023-08-09 00:00:00,2023-10-21 00:00:00,Yes,50,Female,Female at birth,White,Non-Hispanic,No,No,No,No,No,4
131518-107,44,Not available,385218,133759-5,Staff,Op ill week 7,2023-09-22 00:00:00,44,,Negative,Negative,0,,"Undetectable, will not be done",,,Ct,2023-08-10 00:00:00,2023-08-09 00:00:00,2023-10-21 00:00:00,Yes,50,Female,Female at birth,White,Non-Hispanic,No,No,No,No,No,4
131518-107,51,,385218,133759-5,Staff,Op ill week 8,2023-09-29 00:00:00,51,,Negative,Negative,0,,"Undetectable, will not be done",,,VL,2023-08-10 00:00:00,2023-08-09 00:00:00,2023-10-21 00:00:00,Yes,50,Female,Female at birth,White,Non-Hispanic,No,No,No,No,No,4
131518-107,51,Not available,385218,133759-5,Staff,Op ill week 8,2023-09-29 00:00:00,51,,Negative,Negative,0,,"Undetectable, will not be done",,,Ct,2023-08-10 00:00:00,2023-08-09 00:00:00,2023-10-21 00:00:00,Yes,50,Female,Female at birth,White,Non-Hispanic,No,No,No,No,No,4
131518-107,63,,385218,133759-5,Staff,Op ill week 9,2023-10-11 00:00:00,63,,Negative,Negative,0,,"Undetectable, will not be done",,,VL,2023-08-10 00:00:00,2023-08-09 00:00:00,2023-10-21 00:00:00,Yes,50,Female,Female at birth,White,Non-Hispanic,No,No,No,No,No,4
131518-107,63,Not available,385218,133759-5,Staff,Op ill week 9,2023-10-11 00:00:00,63,,Negative,Negative,0,,"Undetectable, will not be done",,,Ct,2023-08-10 00:00:00,2023-08-09 00:00:00,2023-10-21 00:00:00,Yes,50,Female,Female at birth,White,Non-Hispanic,No,No,No,No,No,4
131518-107,65,,385218,133759-5,Staff,Op ill week 10,2023-10-13 00:00:00,65,,Not done,Negative,0,,"Undetectable, will not be done",,,VL,2023-08-10 00:00:00,2023-08-09 00:00:00,2023-10-21 00:00:00,Yes,50,Female,Female at birth,White,Non-Hispanic,No,No,No,No,No,4
131518-107,65,Not available,385218,133759-5,Staff,Op ill week 10,2023-10-13 00:00:00,65,,Not done,Negative,0,,"Undetectable, will not be done",,,Ct,2023-08-10 00:00:00,2023-08-09 00:00:00,2023-10-21 00:00:00,Yes,50,Female,Female at birth,White,Non-Hispanic,No,No,No,No,No,4
131518-107,73,,385218,133759-5,Staff,Op ill week 11,2023-10-21 00:00:00,73,,Negative,Negative,0,,"Undetectable, will not be done",,,VL,2023-08-10 00:00:00,2023-08-09 00:00:00,2023-10-21 00:00:00,Yes,50,Female,Female at birth,White,Non-Hispanic,No,No,No,No,No,4
131518-107,73,Not available,385218,133759-5,Staff,Op ill week 11,2023-10-21 00:00:00,73,,Negative,Negative,0,,"Undetectable, will not be done",,,Ct,2023-08-10 00:00:00,2023-08-09 00:00:00,2023-10-21 00:00:00,Yes,50,Female,Female at birth,White,Non-Hispanic,No,No,No,No,No,4
131518-30,4,6129075.91416548,385221,133759-6,Staff,Illness Day 1,2023-08-15 00:00:00,4,,Positive,Positive,0,6.78739500051657,Within detectable range,Omicron,EG.5.1,VL,2023-06-13 00:00:00,2023-08-11 00:00:00,2023-11-09 00:00:00,Yes,54,Female,Female at birth,White,Hispanic,No,No,No,No,No,2
131518-30,4,22.84,385221,133759-6,Staff,Illness Day 1,2023-08-15 00:00:00,4,,Positive,Positive,0,6.78739500051657,Within detectable range,Omicron,EG.5.1,Ct,2023-06-13 00:00:00,2023-08-11 00:00:00,2023-11-09 00:00:00,Yes,54,Female,Female at birth,White,Hispanic,No,No,No,No,No,2
131518-30,5,761323.599602793,385221,133759-6,Staff,Illness Day 2,2023-08-16 00:00:00,5,,Positive,Positive,0,5.88156929231586,Within detectable range,,,VL,2023-06-13 00:00:00,2023-08-11 00:00:00,2023-11-09 00:00:00,Yes,54,Female,Female at birth,White,Hispanic,No,No,No,No,No,2
131518-30,5,24.37,385221,133759-6,Staff,Illness Day 2,2023-08-16 00:00:00,5,,Positive,Positive,0,5.88156929231586,Within detectable range,,,Ct,2023-06-13 00:00:00,2023-08-11 00:00:00,2023-11-09 00:00:00,Yes,54,Female,Female at birth,White,Hispanic,No,No,No,No,No,2
131518-30,6,211232.994336158,385221,133759-6,Staff,Illness Day 3,2023-08-17 00:00:00,6,,Negative,Positive,0,5.32476175542884,Within detectable range,,,VL,2023-06-13 00:00:00,2023-08-11 00:00:00,2023-11-09 00:00:00,Yes,54,Female,Female at birth,White,Hispanic,No,No,No,No,No,2
131518-30,6,27.83,385221,133759-6,Staff,Illness Day 3,2023-08-17 00:00:00,6,,Negative,Positive,0,5.32476175542884,Within detectable range,,,Ct,2023-06-13 00:00:00,2023-08-11 00:00:00,2023-11-09 00:00:00,Yes,54,Female,Female at birth,White,Hispanic,No,No,No,No,No,2
131518-30,7,655.913072417252,385221,133759-6,Staff,Illness Day 4,2023-08-18 00:00:00,7,,Negative,Positive,0,2.81684628652348,"Less than 10,000 copies/mL",,,VL,2023-06-13 00:00:00,2023-08-11 00:00:00,2023-11-09 00:00:00,Yes,54,Female,Female at birth,White,Hispanic,No,No,No,No,No,2
131518-30,7,33.81,385221,133759-6,Staff,Illness Day 4,2023-08-18 00:00:00,7,,Negative,Positive,0,2.81684628652348,"Less than 10,000 copies/mL",,,Ct,2023-06-13 00:00:00,2023-08-11 00:00:00,2023-11-09 00:00:00,Yes,54,Female,Female at birth,White,Hispanic,No,No,No,No,No,2
131518-30,8,,385221,133759-6,Staff,Illness Day 5,2023-08-19 00:00:00,8,,Negative,Negative,0,,"Undetectable, will not be done",,,VL,2023-06-13 00:00:00,2023-08-11 00:00:00,2023-11-09 00:00:00,Yes,54,Female,Female at birth,White,Hispanic,No,No,No,No,No,2
131518-30,8,Not available,385221,133759-6,Staff,Illness Day 5,2023-08-19 00:00:00,8,,Negative,Negative,0,,"Undetectable, will not be done",,,Ct,2023-06-13 00:00:00,2023-08-11 00:00:00,2023-11-09 00:00:00,Yes,54,Female,Female at birth,White,Hispanic,No,No,No,No,No,2
131518-30,9,,385221,133759-6,Staff,Illness Day 6,2023-08-20 00:00:00,9,,Negative,Negative,0,,"Undetectable, will not be done",,,VL,2023-06-13 00:00:00,2023-08-11 00:00:00,2023-11-09 00:00:00,Yes,54,Female,Female at birth,White,Hispanic,No,No,No,No,No,2
131518-30,9,Not available,385221,133759-6,Staff,Illness Day 6,2023-08-20 00:00:00,9,,Negative,Negative,0,,"Undetectable, will not be done",,,Ct,2023-06-13 00:00:00,2023-08-11 00:00:00,2023-11-09 00:00:00,Yes,54,Female,Female at birth,White,Hispanic,No,No,No,No,No,2
131518-30,10,,385221,133759-6,Staff,Illness Day 7,2023-08-21 00:00:00,10,,Negative,Negative,0,,"Undetectable, will not be done",,,VL,2023-06-13 00:00:00,2023-08-11 00:00:00,2023-11-09 00:00:00,Yes,54,Female,Female at birth,White,Hispanic,No,No,No,No,No,2
131518-30,10,Not available,385221,133759-6,Staff,Illness Day 7,2023-08-21 00:00:00,10,,Negative,Negative,0,,"Undetectable, will not be done",,,Ct,2023-06-13 00:00:00,2023-08-11 00:00:00,2023-11-09 00:00:00,Yes,54,Female,Female at birth,White,Hispanic,No,No,No,No,No,2
131518-30,11,,385221,133759-6,Staff,Illness Day 8,2023-08-22 00:00:00,11,,Negative,Negative,0,,"Undetectable, will not be done",,,VL,2023-06-13 00:00:00,2023-08-11 00:00:00,2023-11-09 00:00:00,Yes,54,Female,Female at birth,White,Hispanic,No,No,No,No,No,2
131518-30,11,Not available,385221,133759-6,Staff,Illness Day 8,2023-08-22 00:00:00,11,,Negative,Negative,0,,"Undetectable, will not be done",,,Ct,2023-06-13 00:00:00,2023-08-11 00:00:00,2023-11-09 00:00:00,Yes,54,Female,Female at birth,White,Hispanic,No,No,No,No,No,2
131518-30,12,,385221,133759-6,Staff,Illness Day 9,2023-08-23 00:00:00,12,,Negative,Negative,0,,"Undetectable, will not be done",,,VL,2023-06-13 00:00:00,2023-08-11 00:00:00,2023-11-09 00:00:00,Yes,54,Female,Female at birth,White,Hispanic,No,No,No,No,No,2
131518-30,12,Not available,385221,133759-6,Staff,Illness Day 9,2023-08-23 00:00:00,12,,Negative,Negative,0,,"Undetectable, will not be done",,,Ct,2023-06-13 00:00:00,2023-08-11 00:00:00,2023-11-09 00:00:00,Yes,54,Female,Female at birth,White,Hispanic,No,No,No,No,No,2
131518-30,13,,385221,133759-6,Staff,Illness Day 10,2023-08-24 00:00:00,13,,Negative,Negative,0,,"Undetectable, will not be done",,,VL,2023-06-13 00:00:00,2023-08-11 00:00:00,2023-11-09 00:00:00,Yes,54,Female,Female at birth,White,Hispanic,No,No,No,No,No,2
131518-30,13,Not available,385221,133759-6,Staff,Illness Day 10,2023-08-24 00:00:00,13,,Negative,Negative,0,,"Undetectable, will not be done",,,Ct,2023-06-13 00:00:00,2023-08-11 00:00:00,2023-11-09 00:00:00,Yes,54,Female,Female at birth,White,Hispanic,No,No,No,No,No,2
131518-30,14,,385221,133759-6,Staff,Illness Day 11,2023-08-25 00:00:00,14,,Negative,Negative,0,,"Undetectable, will not be done",,,VL,2023-06-13 00:00:00,2023-08-11 00:00:00,2023-11-09 00:00:00,Yes,54,Female,Female at birth,White,Hispanic,No,No,No,No,No,2
131518-30,14,Not available,385221,133759-6,Staff,Illness Day 11,2023-08-25 00:00:00,14,,Negative,Negative,0,,"Undetectable, will not be done",,,Ct,2023-06-13 00:00:00,2023-08-11 00:00:00,2023-11-09 00:00:00,Yes,54,Female,Female at birth,White,Hispanic,No,No,No,No,No,2
131518-30,15,,385221,133759-6,Staff,Illness Day 12,2023-08-26 00:00:00,15,,Negative,Negative,0,,"Undetectable, will not be done",,,VL,2023-06-13 00:00:00,2023-08-11 00:00:00,2023-11-09 00:00:00,Yes,54,Female,Female at birth,White,Hispanic,No,No,No,No,No,2
131518-30,15,Not available,385221,133759-6,Staff,Illness Day 12,2023-08-26 00:00:00,15,,Negative,Negative,0,,"Undetectable, will not be done",,,Ct,2023-06-13 00:00:00,2023-08-11 00:00:00,2023-11-09 00:00:00,Yes,54,Female,Female at birth,White,Hispanic,No,No,No,No,No,2
131518-30,16,,385221,133759-6,Staff,Illness Day 13,2023-08-27 00:00:00,16,,Negative,Negative,0,,"Undetectable, will not be done",,,VL,2023-06-13 00:00:00,2023-08-11 00:00:00,2023-11-09 00:00:00,Yes,54,Female,Female at birth,White,Hispanic,No,No,No,No,No,2
131518-30,16,Not available,385221,133759-6,Staff,Illness Day 13,2023-08-27 00:00:00,16,,Negative,Negative,0,,"Undetectable, will not be done",,,Ct,2023-06-13 00:00:00,2023-08-11 00:00:00,2023-11-09 00:00:00,Yes,54,Female,Female at birth,White,Hispanic,No,No,No,No,No,2
131518-30,17,,385221,133759-6,Staff,Illness Day 14,2023-08-28 00:00:00,17,,Negative,Negative,0,,"Undetectable, will not be done",,,VL,2023-06-13 00:00:00,2023-08-11 00:00:00,2023-11-09 00:00:00,Yes,54,Female,Female at birth,White,Hispanic,No,No,No,No,No,2
131518-30,17,Not available,385221,133759-6,Staff,Illness Day 14,2023-08-28 00:00:00,17,,Negative,Negative,0,,"Undetectable, will not be done",,,Ct,2023-06-13 00:00:00,2023-08-11 00:00:00,2023-11-09 00:00:00,Yes,54,Female,Female at birth,White,Hispanic,No,No,No,No,No,2
131518-30,20,,385221,133759-6,Staff,Op ill w3 t1,2023-08-31 00:00:00,20,,Negative,Negative,0,,"Undetectable, will not be done",,,VL,2023-06-13 00:00:00,2023-08-11 00:00:00,2023-11-09 00:00:00,Yes,54,Female,Female at birth,White,Hispanic,No,No,No,No,No,2
131518-30,20,Not available,385221,133759-6,Staff,Op ill w3 t1,2023-08-31 00:00:00,20,,Negative,Negative,0,,"Undetectable, will not be done",,,Ct,2023-06-13 00:00:00,2023-08-11 00:00:00,2023-11-09 00:00:00,Yes,54,Female,Female at birth,White,Hispanic,No,No,No,No,No,2
131518-30,23,,385221,133759-6,Staff,Op ill w3 t2,2023-09-03 00:00:00,23,,Negative,Negative,0,,"Undetectable, will not be done",,,VL,2023-06-13 00:00:00,2023-08-11 00:00:00,2023-11-09 00:00:00,Yes,54,Female,Female at birth,White,Hispanic,No,No,No,No,No,2
131518-30,23,Not available,385221,133759-6,Staff,Op ill w3 t2,2023-09-03 00:00:00,23,,Negative,Negative,0,,"Undetectable, will not be done",,,Ct,2023-06-13 00:00:00,2023-08-11 00:00:00,2023-11-09 00:00:00,Yes,54,Female,Female at birth,White,Hispanic,No,No,No,No,No,2
131518-30,28,,385221,133759-6,Staff,Op ill w4 t1,2023-09-08 00:00:00,28,,Negative,Negative,0,,"Undetectable, will not be done",,,VL,2023-06-13 00:00:00,2023-08-11 00:00:00,2023-11-09 00:00:00,Yes,54,Female,Female at birth,White,Hispanic,No,No,No,No,No,2
131518-30,28,Not available,385221,133759-6,Staff,Op ill w4 t1,2023-09-08 00:00:00,28,,Negative,Negative,0,,"Undetectable, will not be done",,,Ct,2023-06-13 00:00:00,2023-08-11 00:00:00,2023-11-09 00:00:00,Yes,54,Female,Female at birth,White,Hispanic,No,No,No,No,No,2
131518-30,30,,385221,133759-6,Staff,Op ill w4 t2,2023-09-10 00:00:00,30,,Negative,Negative,0,,"Undetectable, will not be done",,,VL,2023-06-13 00:00:00,2023-08-11 00:00:00,2023-11-09 00:00:00,Yes,54,Female,Female at birth,White,Hispanic,No,No,No,No,No,2
131518-30,30,Not available,385221,133759-6,Staff,Op ill w4 t2,2023-09-10 00:00:00,30,,Negative,Negative,0,,"Undetectable, will not be done",,,Ct,2023-06-13 00:00:00,2023-08-11 00:00:00,2023-11-09 00:00:00,Yes,54,Female,Female at birth,White,Hispanic,No,No,No,No,No,2
131518-30,33,,385221,133759-6,Staff,Op ill week 5,2023-09-13 00:00:00,33,,Negative,Negative,0,,"Undetectable, will not be done",,,VL,2023-06-13 00:00:00,2023-08-11 00:00:00,2023-11-09 00:00:00,Yes,54,Female,Female at birth,White,Hispanic,No,No,No,No,No,2
131518-30,33,Not available,385221,133759-6,Staff,Op ill week 5,2023-09-13 00:00:00,33,,Negative,Negative,0,,"Undetectable, will not be done",,,Ct,2023-06-13 00:00:00,2023-08-11 00:00:00,2023-11-09 00:00:00,Yes,54,Female,Female at birth,White,Hispanic,No,No,No,No,No,2
131518-30,44,,385221,133759-6,Staff,Op ill week 6,2023-09-24 00:00:00,44,,Negative,Negative,0,,"Undetectable, will not be done",,,VL,2023-06-13 00:00:00,2023-08-11 00:00:00,2023-11-09 00:00:00,Yes,54,Female,Female at birth,White,Hispanic,No,No,No,No,No,2
131518-30,44,Not available,385221,133759-6,Staff,Op ill week 6,2023-09-24 00:00:00,44,,Negative,Negative,0,,"Undetectable, will not be done",,,Ct,2023-06-13 00:00:00,2023-08-11 00:00:00,2023-11-09 00:00:00,Yes,54,Female,Female at birth,White,Hispanic,No,No,No,No,No,2
131518-30,47,,385221,133759-6,Staff,Op ill week 7,2023-09-27 00:00:00,47,,Negative,Negative,0,,"Undetectable, will not be done",,,VL,2023-06-13 00:00:00,2023-08-11 00:00:00,2023-11-09 00:00:00,Yes,54,Female,Female at birth,White,Hispanic,No,No,No,No,No,2
131518-30,47,Not available,385221,133759-6,Staff,Op ill week 7,2023-09-27 00:00:00,47,,Negative,Negative,0,,"Undetectable, will not be done",,,Ct,2023-06-13 00:00:00,2023-08-11 00:00:00,2023-11-09 00:00:00,Yes,54,Female,Female at birth,White,Hispanic,No,No,No,No,No,2
131518-30,57,,385221,133759-6,Staff,Op ill week 8,2023-10-07 00:00:00,57,,Negative,Negative,0,,"Undetectable, will not be done",,,VL,2023-06-13 00:00:00,2023-08-11 00:00:00,2023-11-09 00:00:00,Yes,54,Female,Female at birth,White,Hispanic,No,No,No,No,No,2
131518-30,57,Not available,385221,133759-6,Staff,Op ill week 8,2023-10-07 00:00:00,57,,Negative,Negative,0,,"Undetectable, will not be done",,,Ct,2023-06-13 00:00:00,2023-08-11 00:00:00,2023-11-09 00:00:00,Yes,54,Female,Female at birth,White,Hispanic,No,No,No,No,No,2
131518-30,66,,385221,133759-6,Staff,Op ill week 9,2023-10-16 00:00:00,66,,Negative,Negative,0,,"Undetectable, will not be done",,,VL,2023-06-13 00:00:00,2023-08-11 00:00:00,2023-11-09 00:00:00,Yes,54,Female,Female at birth,White,Hispanic,No,No,No,No,No,2
131518-30,66,Not available,385221,133759-6,Staff,Op ill week 9,2023-10-16 00:00:00,66,,Negative,Negative,0,,"Undetectable, will not be done",,,Ct,2023-06-13 00:00:00,2023-08-11 00:00:00,2023-11-09 00:00:00,Yes,54,Female,Female at birth,White,Hispanic,No,No,No,No,No,2
131518-30,69,,385221,133759-6,Staff,Op ill week 10,2023-10-19 00:00:00,69,,Positive,Negative,0,,"Undetectable, will not be done",,,VL,2023-06-13 00:00:00,2023-08-11 00:00:00,2023-11-09 00:00:00,Yes,54,Female,Female at birth,White,Hispanic,No,No,No,No,No,2
131518-30,69,Not available,385221,133759-6,Staff,Op ill week 10,2023-10-19 00:00:00,69,,Positive,Negative,0,,"Undetectable, will not be done",,,Ct,2023-06-13 00:00:00,2023-08-11 00:00:00,2023-11-09 00:00:00,Yes,54,Female,Female at birth,White,Hispanic,No,No,No,No,No,2
131518-30,76,,385221,133759-6,Staff,Op ill week 11,2023-10-26 00:00:00,76,,Negative,Negative,0,,"Undetectable, will not be done",,,VL,2023-06-13 00:00:00,2023-08-11 00:00:00,2023-11-09 00:00:00,Yes,54,Female,Female at birth,White,Hispanic,No,No,No,No,No,2
131518-30,76,Not available,385221,133759-6,Staff,Op ill week 11,2023-10-26 00:00:00,76,,Negative,Negative,0,,"Undetectable, will not be done",,,Ct,2023-06-13 00:00:00,2023-08-11 00:00:00,2023-11-09 00:00:00,Yes,54,Female,Female at birth,White,Hispanic,No,No,No,No,No,2
131518-30,83,,385221,133759-6,Staff,Op ill week 12,2023-11-02 00:00:00,83,,Negative,Negative,0,,"Undetectable, will not be done",,,VL,2023-06-13 00:00:00,2023-08-11 00:00:00,2023-11-09 00:00:00,Yes,54,Female,Female at birth,White,Hispanic,No,No,No,No,No,2
131518-30,83,Not available,385221,133759-6,Staff,Op ill week 12,2023-11-02 00:00:00,83,,Negative,Negative,0,,"Undetectable, will not be done",,,Ct,2023-06-13 00:00:00,2023-08-11 00:00:00,2023-11-09 00:00:00,Yes,54,Female,Female at birth,White,Hispanic,No,No,No,No,No,2
131518-30,90,,385221,133759-6,Staff,Op ill week 13,2023-11-09 00:00:00,90,,Negative,Negative,0,,"Undetectable, will not be done",,,VL,2023-06-13 00:00:00,2023-08-11 00:00:00,2023-11-09 00:00:00,Yes,54,Female,Female at birth,White,Hispanic,No,No,No,No,No,2
131518-30,90,Not available,385221,133759-6,Staff,Op ill week 13,2023-11-09 00:00:00,90,,Negative,Negative,0,,"Undetectable, will not be done",,,Ct,2023-06-13 00:00:00,2023-08-11 00:00:00,2023-11-09 00:00:00,Yes,54,Female,Female at birth,White,Hispanic,No,No,No,No,No,2
131518-103,0,113519.919028352,385141,133759-7,Resident,Tier 1 Testing,2023-08-23 00:00:00,0,1,Positive,Positive,0,5.05507207267535,Within detectable range,,,VL,2023-08-23 00:00:00,2023-08-23 00:00:00,2023-11-17 00:00:00,Yes,82,Male,Male at birth,White,Non-Hispanic,No,No,Yes,No,No,4
131518-103,0,25.51,385141,133759-7,Resident,Tier 1 Testing,2023-08-23 00:00:00,0,1,Positive,Positive,0,5.05507207267535,Within detectable range,,,Ct,2023-08-23 00:00:00,2023-08-23 00:00:00,2023-11-17 00:00:00,Yes,82,Male,Male at birth,White,Non-Hispanic,No,No,Yes,No,No,4
131518-103,1,195920.472805913,385141,133759-7,Resident,Illness Day 1,2023-08-24 00:00:00,1,,Positive,Positive,0,5.29207982018093,Within detectable range,Omicron,XBB.1.16.10,VL,2023-08-23 00:00:00,2023-08-23 00:00:00,2023-11-17 00:00:00,Yes,82,Male,Male at birth,White,Non-Hispanic,No,No,Yes,No,No,4
131518-103,1,27.17,385141,133759-7,Resident,Illness Day 1,2023-08-24 00:00:00,1,,Positive,Positive,0,5.29207982018093,Within detectable range,Omicron,XBB.1.16.10,Ct,2023-08-23 00:00:00,2023-08-23 00:00:00,2023-11-17 00:00:00,Yes,82,Male,Male at birth,White,Non-Hispanic,No,No,Yes,No,No,4
131518-103,2,1940.57652725517,385141,133759-7,Resident,Illness Day 2,2023-08-25 00:00:00,2,,Negative,Positive,0,3.28793077395535,"Less than 10,000 copies/mL",,,VL,2023-08-23 00:00:00,2023-08-23 00:00:00,2023-11-17 00:00:00,Yes,82,Male,Male at birth,White,Non-Hispanic,No,No,Yes,No,No,4
131518-103,2,31.53,385141,133759-7,Resident,Illness Day 2,2023-08-25 00:00:00,2,,Negative,Positive,0,3.28793077395535,"Less than 10,000 copies/mL",,,Ct,2023-08-23 00:00:00,2023-08-23 00:00:00,2023-11-17 00:00:00,Yes,82,Male,Male at birth,White,Non-Hispanic,No,No,Yes,No,No,4
131518-103,3,955.821880207814,385141,133759-7,Resident,Illness Day 3,2023-08-26 00:00:00,3,,Negative,Positive,0,2.98037696795581,"Less than 10,000 copies/mL",,,VL,2023-08-23 00:00:00,2023-08-23 00:00:00,2023-11-17 00:00:00,Yes,82,Male,Male at birth,White,Non-Hispanic,No,No,Yes,No,No,4
131518-103,3,33.67,385141,133759-7,Resident,Illness Day 3,2023-08-26 00:00:00,3,,Negative,Positive,0,2.98037696795581,"Less than 10,000 copies/mL",,,Ct,2023-08-23 00:00:00,2023-08-23 00:00:00,2023-11-17 00:00:00,Yes,82,Male,Male at birth,White,Non-Hispanic,No,No,Yes,No,No,4
131518-103,4,6173.41442891503,385141,133759-7,Resident,Illness Day 4,2023-08-27 00:00:00,4,,Negative,Positive,0,3.79052543266928,"Less than 10,000 copies/mL",,,VL,2023-08-23 00:00:00,2023-08-23 00:00:00,2023-11-17 00:00:00,Yes,82,Male,Male at birth,White,Non-Hispanic,No,No,Yes,No,No,4
131518-103,4,31.57,385141,133759-7,Resident,Illness Day 4,2023-08-27 00:00:00,4,,Negative,Positive,0,3.79052543266928,"Less than 10,000 copies/mL",,,Ct,2023-08-23 00:00:00,2023-08-23 00:00:00,2023-11-17 00:00:00,Yes,82,Male,Male at birth,White,Non-Hispanic,No,No,Yes,No,No,4
131518-103,5,971.359000551241,385141,133759-7,Resident,Illness Day 5,2023-08-28 00:00:00,5,,Negative,Positive,0,2.98737976867569,"Less than 10,000 copies/mL",,,VL,2023-08-23 00:00:00,2023-08-23 00:00:00,2023-11-17 00:00:00,Yes,82,Male,Male at birth,White,Non-Hispanic,No,No,Yes,No,No,4
131518-103,5,35.37,385141,133759-7,Resident,Illness Day 5,2023-08-28 00:00:00,5,,Negative,Positive,0,2.98737976867569,"Less than 10,000 copies/mL",,,Ct,2023-08-23 00:00:00,2023-08-23 00:00:00,2023-11-17 00:00:00,Yes,82,Male,Male at birth,White,Non-Hispanic,No,No,Yes,No,No,4
131518-103,6,,385141,133759-7,Resident,Illness Day 6,2023-08-29 00:00:00,6,,Negative,Negative,0,,"Undetectable, will not be done",,,VL,2023-08-23 00:00:00,2023-08-23 00:00:00,2023-11-17 00:00:00,Yes,82,Male,Male at birth,White,Non-Hispanic,No,No,Yes,No,No,4
131518-103,6,Not available,385141,133759-7,Resident,Illness Day 6,2023-08-29 00:00:00,6,,Negative,Negative,0,,"Undetectable, will not be done",,,Ct,2023-08-23 00:00:00,2023-08-23 00:00:00,2023-11-17 00:00:00,Yes,82,Male,Male at birth,White,Non-Hispanic,No,No,Yes,No,No,4
131518-103,7,,385141,133759-7,Resident,Illness Day 7,2023-08-30 00:00:00,7,,Negative,Negative,0,,"Undetectable, will not be done",,,VL,2023-08-23 00:00:00,2023-08-23 00:00:00,2023-11-17 00:00:00,Yes,82,Male,Male at birth,White,Non-Hispanic,No,No,Yes,No,No,4
131518-103,7,39.03,385141,133759-7,Resident,Illness Day 7,2023-08-30 00:00:00,7,,Negative,Negative,0,,"Undetectable, will not be done",,,Ct,2023-08-23 00:00:00,2023-08-23 00:00:00,2023-11-17 00:00:00,Yes,82,Male,Male at birth,White,Non-Hispanic,No,No,Yes,No,No,4
131518-103,8,194.281646873861,385141,133759-7,Resident,Illness Day 8,2023-08-31 00:00:00,8,,Negative,Positive,0,2.28843177621545,"Less than 10,000 copies/mL",,,VL,2023-08-23 00:00:00,2023-08-23 00:00:00,2023-11-17 00:00:00,Yes,82,Male,Male at birth,White,Non-Hispanic,No,No,Yes,No,No,4
131518-103,8,30.45,385141,133759-7,Resident,Illness Day 8,2023-08-31 00:00:00,8,,Negative,Positive,0,2.28843177621545,"Less than 10,000 copies/mL",,,Ct,2023-08-23 00:00:00,2023-08-23 00:00:00,2023-11-17 00:00:00,Yes,82,Male,Male at birth,White,Non-Hispanic,No,No,Yes,No,No,4
131518-103,9,,385141,133759-7,Resident,Illness Day 9,2023-09-01 00:00:00,9,,Negative,Negative,0,,"Undetectable, will not be done",,,VL,2023-08-23 00:00:00,2023-08-23 00:00:00,2023-11-17 00:00:00,Yes,82,Male,Male at birth,White,Non-Hispanic,No,No,Yes,No,No,4
131518-103,9,Not available,385141,133759-7,Resident,Illness Day 9,2023-09-01 00:00:00,9,,Negative,Negative,0,,"Undetectable, will not be done",,,Ct,2023-08-23 00:00:00,2023-08-23 00:00:00,2023-11-17 00:00:00,Yes,82,Male,Male at birth,White,Non-Hispanic,No,No,Yes,No,No,4
131518-103,10,,385141,133759-7,Resident,Illness Day 10,2023-09-02 00:00:00,10,,Negative,Negative,0,,"Undetectable, will not be done",,,VL,2023-08-23 00:00:00,2023-08-23 00:00:00,2023-11-17 00:00:00,Yes,82,Male,Male at birth,White,Non-Hispanic,No,No,Yes,No,No,4
131518-103,10,Not available,385141,133759-7,Resident,Illness Day 10,2023-09-02 00:00:00,10,,Negative,Negative,0,,"Undetectable, will not be done",,,Ct,2023-08-23 00:00:00,2023-08-23 00:00:00,2023-11-17 00:00:00,Yes,82,Male,Male at birth,White,Non-Hispanic,No,No,Yes,No,No,4
131518-103,11,,385141,133759-7,Resident,Illness Day 11,2023-09-03 00:00:00,11,,Negative,Negative,0,,"Undetectable, will not be done",,,VL,2023-08-23 00:00:00,2023-08-23 00:00:00,2023-11-17 00:00:00,Yes,82,Male,Male at birth,White,Non-Hispanic,No,No,Yes,No,No,4
131518-103,11,Not available,385141,133759-7,Resident,Illness Day 11,2023-09-03 00:00:00,11,,Negative,Negative,0,,"Undetectable, will not be done",,,Ct,2023-08-23 00:00:00,2023-08-23 00:00:00,2023-11-17 00:00:00,Yes,82,Male,Male at birth,White,Non-Hispanic,No,No,Yes,No,No,4
131518-103,12,,385141,133759-7,Resident,Illness Day 12,2023-09-04 00:00:00,12,,Negative,Negative,0,,"Undetectable, will not be done",,,VL,2023-08-23 00:00:00,2023-08-23 00:00:00,2023-11-17 00:00:00,Yes,82,Male,Male at birth,White,Non-Hispanic,No,No,Yes,No,No,4
131518-103,12,Not available,385141,133759-7,Resident,Illness Day 12,2023-09-04 00:00:00,12,,Negative,Negative,0,,"Undetectable, will not be done",,,Ct,2023-08-23 00:00:00,2023-08-23 00:00:00,2023-11-17 00:00:00,Yes,82,Male,Male at birth,White,Non-Hispanic,No,No,Yes,No,No,4
131518-103,13,,385141,133759-7,Resident,Illness Day 13,2023-09-05 00:00:00,13,,Negative,Negative,0,,"Undetectable, will not be done",,,VL,2023-08-23 00:00:00,2023-08-23 00:00:00,2023-11-17 00:00:00,Yes,82,Male,Male at birth,White,Non-Hispanic,No,No,Yes,No,No,4
131518-103,13,39.45,385141,133759-7,Resident,Illness Day 13,2023-09-05 00:00:00,13,,Negative,Negative,0,,"Undetectable, will not be done",,,Ct,2023-08-23 00:00:00,2023-08-23 00:00:00,2023-11-17 00:00:00,Yes,82,Male,Male at birth,White,Non-Hispanic,No,No,Yes,No,No,4
131518-103,14,,385141,133759-7,Resident,Illness Day 14,2023-09-06 00:00:00,14,,Negative,Negative,0,,"Undetectable, will not be done",,,VL,2023-08-23 00:00:00,2023-08-23 00:00:00,2023-11-17 00:00:00,Yes,82,Male,Male at birth,White,Non-Hispanic,No,No,Yes,No,No,4
131518-103,14,Not available,385141,133759-7,Resident,Illness Day 14,2023-09-06 00:00:00,14,,Negative,Negative,0,,"Undetectable, will not be done",,,Ct,2023-08-23 00:00:00,2023-08-23 00:00:00,2023-11-17 00:00:00,Yes,82,Male,Male at birth,White,Non-Hispanic,No,No,Yes,No,No,4
131518-103,17,,385141,133759-7,Resident,Op ill w3 t1,2023-09-09 00:00:00,17,,Negative,Negative,0,,"Undetectable, will not be done",,,VL,2023-08-23 00:00:00,2023-08-23 00:00:00,2023-11-17 00:00:00,Yes,82,Male,Male at birth,White,Non-Hispanic,No,No,Yes,No,No,4
131518-103,17,Not available,385141,133759-7,Resident,Op ill w3 t1,2023-09-09 00:00:00,17,,Negative,Negative,0,,"Undetectable, will not be done",,,Ct,2023-08-23 00:00:00,2023-08-23 00:00:00,2023-11-17 00:00:00,Yes,82,Male,Male at birth,White,Non-Hispanic,No,No,Yes,No,No,4
131518-103,20,,385141,133759-7,Resident,Op ill w3 t2,2023-09-12 00:00:00,20,,Negative,Negative,0,,"Undetectable, will not be done",,,VL,2023-08-23 00:00:00,2023-08-23 00:00:00,2023-11-17 00:00:00,Yes,82,Male,Male at birth,White,Non-Hispanic,No,No,Yes,No,No,4
131518-103,20,Not available,385141,133759-7,Resident,Op ill w3 t2,2023-09-12 00:00:00,20,,Negative,Negative,0,,"Undetectable, will not be done",,,Ct,2023-08-23 00:00:00,2023-08-23 00:00:00,2023-11-17 00:00:00,Yes,82,Male,Male at birth,White,Non-Hispanic,No,No,Yes,No,No,4
131518-103,24,,385141,133759-7,Resident,Op ill w4 t1,2023-09-16 00:00:00,24,,Negative,Negative,0,,"Undetectable, will not be done",,,VL,2023-08-23 00:00:00,2023-08-23 00:00:00,2023-11-17 00:00:00,Yes,82,Male,Male at birth,White,Non-Hispanic,No,No,Yes,No,No,4
131518-103,24,Not available,385141,133759-7,Resident,Op ill w4 t1,2023-09-16 00:00:00,24,,Negative,Negative,0,,"Undetectable, will not be done",,,Ct,2023-08-23 00:00:00,2023-08-23 00:00:00,2023-11-17 00:00:00,Yes,82,Male,Male at birth,White,Non-Hispanic,No,No,Yes,No,No,4
131518-103,27,,385141,133759-7,Resident,Op ill w4 t2,2023-09-19 00:00:00,27,,Negative,Negative,0,,"Undetectable, will not be done",,,VL,2023-08-23 00:00:00,2023-08-23 00:00:00,2023-11-17 00:00:00,Yes,82,Male,Male at birth,White,Non-Hispanic,No,No,Yes,No,No,4
131518-103,27,Not available,385141,133759-7,Resident,Op ill w4 t2,2023-09-19 00:00:00,27,,Negative,Negative,0,,"Undetectable, will not be done",,,Ct,2023-08-23 00:00:00,2023-08-23 00:00:00,2023-11-17 00:00:00,Yes,82,Male,Male at birth,White,Non-Hispanic,No,No,Yes,No,No,4
131518-103,30,,385141,133759-7,Resident,Op ill week 5,2023-09-22 00:00:00,30,,Negative,Negative,0,,"Undetectable, will not be done",,,VL,2023-08-23 00:00:00,2023-08-23 00:00:00,2023-11-17 00:00:00,Yes,82,Male,Male at birth,White,Non-Hispanic,No,No,Yes,No,No,4
131518-103,30,Not available,385141,133759-7,Resident,Op ill week 5,2023-09-22 00:00:00,30,,Negative,Negative,0,,"Undetectable, will not be done",,,Ct,2023-08-23 00:00:00,2023-08-23 00:00:00,2023-11-17 00:00:00,Yes,82,Male,Male at birth,White,Non-Hispanic,No,No,Yes,No,No,4
131518-103,39,,385141,133759-7,Resident,Op ill week 6,2023-10-01 00:00:00,39,,Negative,Negative,0,,"Undetectable, will not be done",,,VL,2023-08-23 00:00:00,2023-08-23 00:00:00,2023-11-17 00:00:00,Yes,82,Male,Male at birth,White,Non-Hispanic,No,No,Yes,No,No,4
131518-103,39,Not available,385141,133759-7,Resident,Op ill week 6,2023-10-01 00:00:00,39,,Negative,Negative,0,,"Undetectable, will not be done",,,Ct,2023-08-23 00:00:00,2023-08-23 00:00:00,2023-11-17 00:00:00,Yes,82,Male,Male at birth,White,Non-Hispanic,No,No,Yes,No,No,4
131518-103,44,,385141,133759-7,Resident,Op ill week 7,2023-10-06 00:00:00,44,,Negative,Negative,0,,"Undetectable, will not be done",,,VL,2023-08-23 00:00:00,2023-08-23 00:00:00,2023-11-17 00:00:00,Yes,82,Male,Male at birth,White,Non-Hispanic,No,No,Yes,No,No,4
131518-103,44,Not available,385141,133759-7,Resident,Op ill week 7,2023-10-06 00:00:00,44,,Negative,Negative,0,,"Undetectable, will not be done",,,Ct,2023-08-23 00:00:00,2023-08-23 00:00:00,2023-11-17 00:00:00,Yes,82,Male,Male at birth,White,Non-Hispanic,No,No,Yes,No,No,4
131518-103,58,,385141,133759-7,Resident,Op ill week 8,2023-10-20 00:00:00,58,,Negative,Negative,0,,"Undetectable, will not be done",,,VL,2023-08-23 00:00:00,2023-08-23 00:00:00,2023-11-17 00:00:00,Yes,82,Male,Male at birth,White,Non-Hispanic,No,No,Yes,No,No,4
131518-103,58,Not available,385141,133759-7,Resident,Op ill week 8,2023-10-20 00:00:00,58,,Negative,Negative,0,,"Undetectable, will not be done",,,Ct,2023-08-23 00:00:00,2023-08-23 00:00:00,2023-11-17 00:00:00,Yes,82,Male,Male at birth,White,Non-Hispanic,No,No,Yes,No,No,4
131518-103,65,,385141,133759-7,Resident,Op ill week 9,2023-10-27 00:00:00,65,,Negative,Negative,0,,"Undetectable, will not be done",,,VL,2023-08-23 00:00:00,2023-08-23 00:00:00,2023-11-17 00:00:00,Yes,82,Male,Male at birth,White,Non-Hispanic,No,No,Yes,No,No,4
131518-103,65,Not available,385141,133759-7,Resident,Op ill week 9,2023-10-27 00:00:00,65,,Negative,Negative,0,,"Undetectable, will not be done",,,Ct,2023-08-23 00:00:00,2023-08-23 00:00:00,2023-11-17 00:00:00,Yes,82,Male,Male at birth,White,Non-Hispanic,No,No,Yes,No,No,4
131518-103,72,,385141,133759-7,Resident,Op ill week 11,2023-11-03 00:00:00,72,,Negative,Negative,0,,"Undetectable, will not be done",,,VL,2023-08-23 00:00:00,2023-08-23 00:00:00,2023-11-17 00:00:00,Yes,82,Male,Male at birth,White,Non-Hispanic,No,No,Yes,No,No,4
131518-103,72,Not available,385141,133759-7,Resident,Op ill week 11,2023-11-03 00:00:00,72,,Negative,Negative,0,,"Undetectable, will not be done",,,Ct,2023-08-23 00:00:00,2023-08-23 00:00:00,2023-11-17 00:00:00,Yes,82,Male,Male at birth,White,Non-Hispanic,No,No,Yes,No,No,4
131518-103,78,,385141,133759-7,Resident,Op ill week 12,2023-11-09 00:00:00,78,,Negative,Negative,0,,"Undetectable, will not be done",,,VL,2023-08-23 00:00:00,2023-08-23 00:00:00,2023-11-17 00:00:00,Yes,82,Male,Male at birth,White,Non-Hispanic,No,No,Yes,No,No,4
131518-103,78,Not available,385141,133759-7,Resident,Op ill week 12,2023-11-09 00:00:00,78,,Negative,Negative,0,,"Undetectable, will not be done",,,Ct,2023-08-23 00:00:00,2023-08-23 00:00:00,2023-11-17 00:00:00,Yes,82,Male,Male at birth,White,Non-Hispanic,No,No,Yes,No,No,4
131518-103,86,,385141,133759-7,Resident,Op ill week 13,2023-11-17 00:00:00,86,,Negative,Negative,0,,"Undetectable, will not be done",,,VL,2023-08-23 00:00:00,2023-08-23 00:00:00,2023-11-17 00:00:00,Yes,82,Male,Male at birth,White,Non-Hispanic,No,No,Yes,No,No,4
131518-103,86,Not available,385141,133759-7,Resident,Op ill week 13,2023-11-17 00:00:00,86,,Negative,Negative,0,,"Undetectable, will not be done",,,Ct,2023-08-23 00:00:00,2023-08-23 00:00:00,2023-11-17 00:00:00,Yes,82,Male,Male at birth,White,Non-Hispanic,No,No,Yes,No,No,4
131518-134,1,290684802.397509,385141,133759-7,Staff,Illness Day 1,2023-09-03 00:00:00,1,,Positive,Positive,0,8.4634223265505,Within detectable range,Omicron,FL.1.5.1,VL,2023-09-03 00:00:00,2023-09-02 00:00:00,2023-09-16 00:00:00,Yes,39,Male,Male at birth,Native Hawaiian or Other Pacific Islander,Non-Hispanic,No,No,No,No,No,3
131518-134,1,14.78,385141,133759-7,Staff,Illness Day 1,2023-09-03 00:00:00,1,,Positive,Positive,0,8.4634223265505,Within detectable range,Omicron,FL.1.5.1,Ct,2023-09-03 00:00:00,2023-09-02 00:00:00,2023-09-16 00:00:00,Yes,39,Male,Male at birth,Native Hawaiian or Other Pacific Islander,Non-Hispanic,No,No,No,No,No,3
131518-134,2,239214609.939946,385141,133759-7,Staff,Illness Day 2,2023-09-04 00:00:00,2,,Positive,Positive,0,8.3787877004942,Within detectable range,,,VL,2023-09-03 00:00:00,2023-09-02 00:00:00,2023-09-16 00:00:00,Yes,39,Male,Male at birth,Native Hawaiian or Other Pacific Islander,Non-Hispanic,No,No,No,No,No,3
131518-134,2,15.23,385141,133759-7,Staff,Illness Day 2,2023-09-04 00:00:00,2,,Positive,Positive,0,8.3787877004942,Within detectable range,,,Ct,2023-09-03 00:00:00,2023-09-02 00:00:00,2023-09-16 00:00:00,Yes,39,Male,Male at birth,Native Hawaiian or Other Pacific Islander,Non-Hispanic,No,No,No,No,No,3
131518-134,3,179569329.903326,385141,133759-7,Staff,Illness Day 3,2023-09-05 00:00:00,3,,Positive,Positive,0,8.25423216200176,Within detectable range,,,VL,2023-09-03 00:00:00,2023-09-02 00:00:00,2023-09-16 00:00:00,Yes,39,Male,Male at birth,Native Hawaiian or Other Pacific Islander,Non-Hispanic,No,No,No,No,No,3
131518-134,3,16.31,385141,133759-7,Staff,Illness Day 3,2023-09-05 00:00:00,3,,Positive,Positive,0,8.25423216200176,Within detectable range,,,Ct,2023-09-03 00:00:00,2023-09-02 00:00:00,2023-09-16 00:00:00,Yes,39,Male,Male at birth,Native Hawaiian or Other Pacific Islander,Non-Hispanic,No,No,No,No,No,3
131518-134,4,52767516.888972,385141,133759-7,Staff,Illness Day 4,2023-09-06 00:00:00,4,,Positive,Positive,0,7.72236665781574,Within detectable range,,,VL,2023-09-03 00:00:00,2023-09-02 00:00:00,2023-09-16 00:00:00,Yes,39,Male,Male at birth,Native Hawaiian or Other Pacific Islander,Non-Hispanic,No,No,No,No,No,3
131518-134,4,17.43,385141,133759-7,Staff,Illness Day 4,2023-09-06 00:00:00,4,,Positive,Positive,0,7.72236665781574,Within detectable range,,,Ct,2023-09-03 00:00:00,2023-09-02 00:00:00,2023-09-16 00:00:00,Yes,39,Male,Male at birth,Native Hawaiian or Other Pacific Islander,Non-Hispanic,No,No,No,No,No,3
131518-134,5,4795061.4268539,385141,133759-7,Staff,Illness Day 5,2023-09-07 00:00:00,5,,Positive,Positive,0,6.68079417504637,Within detectable range,,,VL,2023-09-03 00:00:00,2023-09-02 00:00:00,2023-09-16 00:00:00,Yes,39,Male,Male at birth,Native Hawaiian or Other Pacific Islander,Non-Hispanic,No,No,No,No,No,3
131518-134,5,20.62,385141,133759-7,Staff,Illness Day 5,2023-09-07 00:00:00,5,,Positive,Positive,0,6.68079417504637,Within detectable range,,,Ct,2023-09-03 00:00:00,2023-09-02 00:00:00,2023-09-16 00:00:00,Yes,39,Male,Male at birth,Native Hawaiian or Other Pacific Islander,Non-Hispanic,No,No,No,No,No,3
131518-134,6,429729.919983739,385141,133759-7,Staff,Illness Day 6,2023-09-08 00:00:00,6,,Positive,Positive,0,5.63319559252837,Within detectable range,,,VL,2023-09-03 00:00:00,2023-09-02 00:00:00,2023-09-16 00:00:00,Yes,39,Male,Male at birth,Native Hawaiian or Other Pacific Islander,Non-Hispanic,No,No,No,No,No,3
131518-134,6,24.67,385141,133759-7,Staff,Illness Day 6,2023-09-08 00:00:00,6,,Positive,Positive,0,5.63319559252837,Within detectable range,,,Ct,2023-09-03 00:00:00,2023-09-02 00:00:00,2023-09-16 00:00:00,Yes,39,Male,Male at birth,Native Hawaiian or Other Pacific Islander,Non-Hispanic,No,No,No,No,No,3
131518-134,7,56714.2504284548,385141,133759-7,Staff,Illness Day 7,2023-09-09 00:00:00,7,,Negative,Positive,0,4.75369219654451,Within detectable range,,,VL,2023-09-03 00:00:00,2023-09-02 00:00:00,2023-09-16 00:00:00,Yes,39,Male,Male at birth,Native Hawaiian or Other Pacific Islander,Non-Hispanic,No,No,No,No,No,3
131518-134,7,25.43,385141,133759-7,Staff,Illness Day 7,2023-09-09 00:00:00,7,,Negative,Positive,0,4.75369219654451,Within detectable range,,,Ct,2023-09-03 00:00:00,2023-09-02 00:00:00,2023-09-16 00:00:00,Yes,39,Male,Male at birth,Native Hawaiian or Other Pacific Islander,Non-Hispanic,No,No,No,No,No,3
131518-134,9,979.544886878442,385141,133759-7,Staff,Illness Day 9,2023-09-11 00:00:00,9,,Negative,Positive,0,2.99102434199176,"Less than 10,000 copies/mL",,,VL,2023-09-03 00:00:00,2023-09-02 00:00:00,2023-09-16 00:00:00,Yes,39,Male,Male at birth,Native Hawaiian or Other Pacific Islander,Non-Hispanic,No,No,No,No,No,3
131518-134,9,32.13,385141,133759-7,Staff,Illness Day 9,2023-09-11 00:00:00,9,,Negative,Positive,0,2.99102434199176,"Less than 10,000 copies/mL",,,Ct,2023-09-03 00:00:00,2023-09-02 00:00:00,2023-09-16 00:00:00,Yes,39,Male,Male at birth,Native Hawaiian or Other Pacific Islander,Non-Hispanic,No,No,No,No,No,3
131518-134,10,832.277870437249,385141,133759-7,Staff,Illness Day 10,2023-09-12 00:00:00,10,,Negative,Positive,0,2.9202683472645,"Less than 10,000 copies/mL",,,VL,2023-09-03 00:00:00,2023-09-02 00:00:00,2023-09-16 00:00:00,Yes,39,Male,Male at birth,Native Hawaiian or Other Pacific Islander,Non-Hispanic,No,No,No,No,No,3
131518-134,10,31.89,385141,133759-7,Staff,Illness Day 10,2023-09-12 00:00:00,10,,Negative,Positive,0,2.9202683472645,"Less than 10,000 copies/mL",,,Ct,2023-09-03 00:00:00,2023-09-02 00:00:00,2023-09-16 00:00:00,Yes,39,Male,Male at birth,Native Hawaiian or Other Pacific Islander,Non-Hispanic,No,No,No,No,No,3
131518-134,11,,385141,133759-7,Staff,Illness Day 11,2023-09-13 00:00:00,11,,Negative,Positive,0,,"VL run, not detected",,,VL,2023-09-03 00:00:00,2023-09-02 00:00:00,2023-09-16 00:00:00,Yes,39,Male,Male at birth,Native Hawaiian or Other Pacific Islander,Non-Hispanic,No,No,No,No,No,3
131518-134,11,36.58,385141,133759-7,Staff,Illness Day 11,2023-09-13 00:00:00,11,,Negative,Positive,0,,"VL run, not detected",,,Ct,2023-09-03 00:00:00,2023-09-02 00:00:00,2023-09-16 00:00:00,Yes,39,Male,Male at birth,Native Hawaiian or Other Pacific Islander,Non-Hispanic,No,No,No,No,No,3
131518-134,12,,385141,133759-7,Staff,Illness Day 12,2023-09-14 00:00:00,12,,Negative,Positive,0,,"VL run, not detected",,,VL,2023-09-03 00:00:00,2023-09-02 00:00:00,2023-09-16 00:00:00,Yes,39,Male,Male at birth,Native Hawaiian or Other Pacific Islander,Non-Hispanic,No,No,No,No,No,3
131518-134,12,34.04,385141,133759-7,Staff,Illness Day 12,2023-09-14 00:00:00,12,,Negative,Positive,0,,"VL run, not detected",,,Ct,2023-09-03 00:00:00,2023-09-02 00:00:00,2023-09-16 00:00:00,Yes,39,Male,Male at birth,Native Hawaiian or Other Pacific Islander,Non-Hispanic,No,No,No,No,No,3
131518-134,13,,385141,133759-7,Staff,Illness Day 13,2023-09-15 00:00:00,13,,Negative,Negative,0,,"Undetectable, will not be done",,,VL,2023-09-03 00:00:00,2023-09-02 00:00:00,2023-09-16 00:00:00,Yes,39,Male,Male at birth,Native Hawaiian or Other Pacific Islander,Non-Hispanic,No,No,No,No,No,3
131518-134,13,41.71,385141,133759-7,Staff,Illness Day 13,2023-09-15 00:00:00,13,,Negative,Negative,0,,"Undetectable, will not be done",,,Ct,2023-09-03 00:00:00,2023-09-02 00:00:00,2023-09-16 00:00:00,Yes,39,Male,Male at birth,Native Hawaiian or Other Pacific Islander,Non-Hispanic,No,No,No,No,No,3
131518-134,14,,385141,133759-7,Staff,Illness Day 14,2023-09-16 00:00:00,14,,Negative,Negative,0,,"Undetectable, will not be done",,,VL,2023-09-03 00:00:00,2023-09-02 00:00:00,2023-09-16 00:00:00,Yes,39,Male,Male at birth,Native Hawaiian or Other Pacific Islander,Non-Hispanic,No,No,No,No,No,3
131518-134,14,Not available,385141,133759-7,Staff,Illness Day 14,2023-09-16 00:00:00,14,,Negative,Negative,0,,"Undetectable, will not be done",,,Ct,2023-09-03 00:00:00,2023-09-02 00:00:00,2023-09-16 00:00:00,Yes,39,Male,Male at birth,Native Hawaiian or Other Pacific Islander,Non-Hispanic,No,No,No,No,No,3
131518-85,-2,,385141,133759-7,Resident,Tier 1 Testing,2023-08-22 00:00:00,-2,,Negative,Negative,0,,"Undetectable, will not be done",,,VL,2023-07-19 00:00:00,2023-08-24 00:00:00,2023-11-17 00:00:00,Yes,90,Female,Female at birth,White,Non-Hispanic,Yes,No,No,No,No,5
131518-85,-2,Not available,385141,133759-7,Resident,Tier 1 Testing,2023-08-22 00:00:00,-2,,Negative,Negative,0,,"Undetectable, will not be done",,,Ct,2023-07-19 00:00:00,2023-08-24 00:00:00,2023-11-17 00:00:00,Yes,90,Female,Female at birth,White,Non-Hispanic,Yes,No,No,No,No,5
131518-85,-1,,385141,133759-7,Resident,Tier 1 Testing,2023-08-23 00:00:00,-1,,Negative,Negative,0,,"Undetectable, will not be done",,,VL,2023-07-19 00:00:00,2023-08-24 00:00:00,2023-11-17 00:00:00,Yes,90,Female,Female at birth,White,Non-Hispanic,Yes,No,No,No,No,5
131518-85,-1,40.47,385141,133759-7,Resident,Tier 1 Testing,2023-08-23 00:00:00,-1,,Negative,Negative,0,,"Undetectable, will not be done",,,Ct,2023-07-19 00:00:00,2023-08-24 00:00:00,2023-11-17 00:00:00,Yes,90,Female,Female at birth,White,Non-Hispanic,Yes,No,No,No,No,5
131518-85,0,12816341.1924837,385141,133759-7,Resident,Tier 1 Testing,2023-08-24 00:00:00,0,,Positive,Positive,0,7.10776406054108,Within detectable range,,,VL,2023-07-19 00:00:00,2023-08-24 00:00:00,2023-11-17 00:00:00,Yes,90,Female,Female at birth,White,Non-Hispanic,Yes,No,No,No,No,5
131518-85,0,20.26,385141,133759-7,Resident,Tier 1 Testing,2023-08-24 00:00:00,0,,Positive,Positive,0,7.10776406054108,Within detectable range,,,Ct,2023-07-19 00:00:00,2023-08-24 00:00:00,2023-11-17 00:00:00,Yes,90,Female,Female at birth,White,Non-Hispanic,Yes,No,No,No,No,5
131518-85,1,42010766.7619585,385141,133759-7,Resident,Illness Day 1,2023-08-25 00:00:00,1,1,Positive,Positive,0,7.62336060816138,Within detectable range,Omicron,XBB.1.16.10,VL,2023-07-19 00:00:00,2023-08-24 00:00:00,2023-11-17 00:00:00,Yes,90,Female,Female at birth,White,Non-Hispanic,Yes,No,No,No,No,5
131518-85,1,17.86,385141,133759-7,Resident,Illness Day 1,2023-08-25 00:00:00,1,1,Positive,Positive,0,7.62336060816138,Within detectable range,Omicron,XBB.1.16.10,Ct,2023-07-19 00:00:00,2023-08-24 00:00:00,2023-11-17 00:00:00,Yes,90,Female,Female at birth,White,Non-Hispanic,Yes,No,No,No,No,5
131518-85,2,19321532.6665044,385141,133759-7,Resident,Illness Day 2,2023-08-26 00:00:00,2,,Positive,Positive,0,7.28604157353934,Within detectable range,,,VL,2023-07-19 00:00:00,2023-08-24 00:00:00,2023-11-17 00:00:00,Yes,90,Female,Female at birth,White,Non-Hispanic,Yes,No,No,No,No,5
131518-85,2,18.33,385141,133759-7,Resident,Illness Day 2,2023-08-26 00:00:00,2,,Positive,Positive,0,7.28604157353934,Within detectable range,,,Ct,2023-07-19 00:00:00,2023-08-24 00:00:00,2023-11-17 00:00:00,Yes,90,Female,Female at birth,White,Non-Hispanic,Yes,No,No,No,No,5
131518-85,3,4097455.46159019,385141,133759-7,Resident,Illness Day 3,2023-08-27 00:00:00,3,,Positive,Positive,0,6.61251424158586,Within detectable range,,,VL,2023-07-19 00:00:00,2023-08-24 00:00:00,2023-11-17 00:00:00,Yes,90,Female,Female at birth,White,Non-Hispanic,Yes,No,No,No,No,5
131518-85,3,21.98,385141,133759-7,Resident,Illness Day 3,2023-08-27 00:00:00,3,,Positive,Positive,0,6.61251424158586,Within detectable range,,,Ct,2023-07-19 00:00:00,2023-08-24 00:00:00,2023-11-17 00:00:00,Yes,90,Female,Female at birth,White,Non-Hispanic,Yes,No,No,No,No,5
131518-85,4,338980.880918682,385141,133759-7,Resident,Illness Day 4,2023-08-28 00:00:00,4,,Positive,Positive,0,5.53017520396806,Within detectable range,,,VL,2023-07-19 00:00:00,2023-08-24 00:00:00,2023-11-17 00:00:00,Yes,90,Female,Female at birth,White,Non-Hispanic,Yes,No,No,No,No,5
131518-85,4,23.73,385141,133759-7,Resident,Illness Day 4,2023-08-28 00:00:00,4,,Positive,Positive,0,5.53017520396806,Within detectable range,,,Ct,2023-07-19 00:00:00,2023-08-24 00:00:00,2023-11-17 00:00:00,Yes,90,Female,Female at birth,White,Non-Hispanic,Yes,No,No,No,No,5
131518-85,5,12154.1861533621,385141,133759-7,Resident,Illness Day 5,2023-08-29 00:00:00,5,,Positive,Positive,0,4.08472588371105,Within detectable range,,,VL,2023-07-19 00:00:00,2023-08-24 00:00:00,2023-11-17 00:00:00,Yes,90,Female,Female at birth,White,Non-Hispanic,Yes,No,No,No,No,5
131518-85,5,31.41,385141,133759-7,Resident,Illness Day 5,2023-08-29 00:00:00,5,,Positive,Positive,0,4.08472588371105,Within detectable range,,,Ct,2023-07-19 00:00:00,2023-08-24 00:00:00,2023-11-17 00:00:00,Yes,90,Female,Female at birth,White,Non-Hispanic,Yes,No,No,No,No,5
131518-85,6,5875.98387128638,385141,133759-7,Resident,Illness Day 6,2023-08-30 00:00:00,6,,Positive,Positive,0,3.76908059504522,"Less than 10,000 copies/mL",,,VL,2023-07-19 00:00:00,2023-08-24 00:00:00,2023-11-17 00:00:00,Yes,90,Female,Female at birth,White,Non-Hispanic,Yes,No,No,No,No,5
131518-85,6,28.88,385141,133759-7,Resident,Illness Day 6,2023-08-30 00:00:00,6,,Positive,Positive,0,3.76908059504522,"Less than 10,000 copies/mL",,,Ct,2023-07-19 00:00:00,2023-08-24 00:00:00,2023-11-17 00:00:00,Yes,90,Female,Female at birth,White,Non-Hispanic,Yes,No,No,No,No,5
131518-85,7,5318.91816066747,385141,133759-7,Resident,Illness Day 7,2023-08-31 00:00:00,7,,Positive,Positive,0,3.72582330811642,"Less than 10,000 copies/mL",,,VL,2023-07-19 00:00:00,2023-08-24 00:00:00,2023-11-17 00:00:00,Yes,90,Female,Female at birth,White,Non-Hispanic,Yes,No,No,No,No,5
131518-85,7,28.06,385141,133759-7,Resident,Illness Day 7,2023-08-31 00:00:00,7,,Positive,Positive,0,3.72582330811642,"Less than 10,000 copies/mL",,,Ct,2023-07-19 00:00:00,2023-08-24 00:00:00,2023-11-17 00:00:00,Yes,90,Female,Female at birth,White,Non-Hispanic,Yes,No,No,No,No,5
131518-85,8,168785.111760363,385141,133759-7,Resident,Illness Day 8,2023-09-01 00:00:00,8,,Positive,Positive,0,5.22733413562208,Within detectable range,,,VL,2023-07-19 00:00:00,2023-08-24 00:00:00,2023-11-17 00:00:00,Yes,90,Female,Female at birth,White,Non-Hispanic,Yes,No,No,No,No,5
131518-85,8,25.51,385141,133759-7,Resident,Illness Day 8,2023-09-01 00:00:00,8,,Positive,Positive,0,5.22733413562208,Within detectable range,,,Ct,2023-07-19 00:00:00,2023-08-24 00:00:00,2023-11-17 00:00:00,Yes,90,Female,Female at birth,White,Non-Hispanic,Yes,No,No,No,No,5
131518-85,9,1331.10902917659,385141,133759-7,Resident,Illness Day 9,2023-09-02 00:00:00,9,,Negative,Positive,0,3.12421362935183,"Less than 10,000 copies/mL",,,VL,2023-07-19 00:00:00,2023-08-24 00:00:00,2023-11-17 00:00:00,Yes,90,Female,Female at birth,White,Non-Hispanic,Yes,No,No,No,No,5
131518-85,9,36.55,385141,133759-7,Resident,Illness Day 9,2023-09-02 00:00:00,9,,Negative,Positive,0,3.12421362935183,"Less than 10,000 copies/mL",,,Ct,2023-07-19 00:00:00,2023-08-24 00:00:00,2023-11-17 00:00:00,Yes,90,Female,Female at birth,White,Non-Hispanic,Yes,No,No,No,No,5
131518-85,10,,385141,133759-7,Resident,Illness Day 10,2023-09-03 00:00:00,10,,Negative,Positive,0,,"VL run, not detected",,,VL,2023-07-19 00:00:00,2023-08-24 00:00:00,2023-11-17 00:00:00,Yes,90,Female,Female at birth,White,Non-Hispanic,Yes,No,No,No,No,5
131518-85,10,36.74,385141,133759-7,Resident,Illness Day 10,2023-09-03 00:00:00,10,,Negative,Positive,0,,"VL run, not detected",,,Ct,2023-07-19 00:00:00,2023-08-24 00:00:00,2023-11-17 00:00:00,Yes,90,Female,Female at birth,White,Non-Hispanic,Yes,No,No,No,No,5
131518-85,11,3420.14335591861,385141,133759-7,Resident,Illness Day 11,2023-09-04 00:00:00,11,,Negative,Positive,0,3.5340443099683,"Less than 10,000 copies/mL",,,VL,2023-07-19 00:00:00,2023-08-24 00:00:00,2023-11-17 00:00:00,Yes,90,Female,Female at birth,White,Non-Hispanic,Yes,No,No,No,No,5
131518-85,11,30,385141,133759-7,Resident,Illness Day 11,2023-09-04 00:00:00,11,,Negative,Positive,0,3.5340443099683,"Less than 10,000 copies/mL",,,Ct,2023-07-19 00:00:00,2023-08-24 00:00:00,2023-11-17 00:00:00,Yes,90,Female,Female at birth,White,Non-Hispanic,Yes,No,No,No,No,5
131518-85,12,34104.7927616861,385141,133759-7,Resident,Illness Day 12,2023-09-05 00:00:00,12,,Negative,Positive,0,4.53281541487788,Within detectable range,,,VL,2023-07-19 00:00:00,2023-08-24 00:00:00,2023-11-17 00:00:00,Yes,90,Female,Female at birth,White,Non-Hispanic,Yes,No,No,No,No,5
131518-85,12,28.63,385141,133759-7,Resident,Illness Day 12,2023-09-05 00:00:00,12,,Negative,Positive,0,4.53281541487788,Within detectable range,,,Ct,2023-07-19 00:00:00,2023-08-24 00:00:00,2023-11-17 00:00:00,Yes,90,Female,Female at birth,White,Non-Hispanic,Yes,No,No,No,No,5
131518-85,13,,385141,133759-7,Resident,Illness Day 13,2023-09-06 00:00:00,13,,Negative,Positive,0,,"VL run, not detected",,,VL,2023-07-19 00:00:00,2023-08-24 00:00:00,2023-11-17 00:00:00,Yes,90,Female,Female at birth,White,Non-Hispanic,Yes,No,No,No,No,5
131518-85,13,32.56,385141,133759-7,Resident,Illness Day 13,2023-09-06 00:00:00,13,,Negative,Positive,0,,"VL run, not detected",,,Ct,2023-07-19 00:00:00,2023-08-24 00:00:00,2023-11-17 00:00:00,Yes,90,Female,Female at birth,White,Non-Hispanic,Yes,No,No,No,No,5
131518-85,14,,385141,133759-7,Resident,Illness Day 14,2023-09-07 00:00:00,14,,Negative,Positive,0,,"VL run, not detected",,,VL,2023-07-19 00:00:00,2023-08-24 00:00:00,2023-11-17 00:00:00,Yes,90,Female,Female at birth,White,Non-Hispanic,Yes,No,No,No,No,5
131518-85,14,33.9,385141,133759-7,Resident,Illness Day 14,2023-09-07 00:00:00,14,,Negative,Positive,0,,"VL run, not detected",,,Ct,2023-07-19 00:00:00,2023-08-24 00:00:00,2023-11-17 00:00:00,Yes,90,Female,Female at birth,White,Non-Hispanic,Yes,No,No,No,No,5
131518-85,17,44449.1858234082,385141,133759-7,Resident,Op ill w3 t1,2023-09-10 00:00:00,17,,Negative,Positive,0,4.64786381039871,Within detectable range,,,VL,2023-07-19 00:00:00,2023-08-24 00:00:00,2023-11-17 00:00:00,Yes,90,Female,Female at birth,White,Non-Hispanic,Yes,No,No,No,No,5
131518-85,17,31.38,385141,133759-7,Resident,Op ill w3 t1,2023-09-10 00:00:00,17,,Negative,Positive,0,4.64786381039871,Within detectable range,,,Ct,2023-07-19 00:00:00,2023-08-24 00:00:00,2023-11-17 00:00:00,Yes,90,Female,Female at birth,White,Non-Hispanic,Yes,No,No,No,No,5
131518-85,20,465.631154088285,385141,133759-7,Resident,Op ill w3 t2,2023-09-13 00:00:00,20,,Negative,Positive,0,2.66804203005247,"Less than 10,000 copies/mL",,,VL,2023-07-19 00:00:00,2023-08-24 00:00:00,2023-11-17 00:00:00,Yes,90,Female,Female at birth,White,Non-Hispanic,Yes,No,No,No,No,5
131518-85,20,32.37,385141,133759-7,Resident,Op ill w3 t2,2023-09-13 00:00:00,20,,Negative,Positive,0,2.66804203005247,"Less than 10,000 copies/mL",,,Ct,2023-07-19 00:00:00,2023-08-24 00:00:00,2023-11-17 00:00:00,Yes,90,Female,Female at birth,White,Non-Hispanic,Yes,No,No,No,No,5
131518-85,24,,385141,133759-7,Resident,Op ill w4 t1,2023-09-17 00:00:00,24,,Negative,Negative,0,,"Undetectable, will not be done",,,VL,2023-07-19 00:00:00,2023-08-24 00:00:00,2023-11-17 00:00:00,Yes,90,Female,Female at birth,White,Non-Hispanic,Yes,No,No,No,No,5
131518-85,24,Not available,385141,133759-7,Resident,Op ill w4 t1,2023-09-17 00:00:00,24,,Negative,Negative,0,,"Undetectable, will not be done",,,Ct,2023-07-19 00:00:00,2023-08-24 00:00:00,2023-11-17 00:00:00,Yes,90,Female,Female at birth,White,Non-Hispanic,Yes,No,No,No,No,5
131518-85,27,2324.88474192566,385141,133759-7,Resident,Op ill w4 t2,2023-09-20 00:00:00,27,,Negative,Positive,0,3.36640142725331,"Less than 10,000 copies/mL",,,VL,2023-07-19 00:00:00,2023-08-24 00:00:00,2023-11-17 00:00:00,Yes,90,Female,Female at birth,White,Non-Hispanic,Yes,No,No,No,No,5
131518-85,27,34.28,385141,133759-7,Resident,Op ill w4 t2,2023-09-20 00:00:00,27,,Negative,Positive,0,3.36640142725331,"Less than 10,000 copies/mL",,,Ct,2023-07-19 00:00:00,2023-08-24 00:00:00,2023-11-17 00:00:00,Yes,90,Female,Female at birth,White,Non-Hispanic,Yes,No,No,No,No,5
131518-85,29,,385141,133759-7,Resident,Op ill week 5,2023-09-22 00:00:00,29,,Negative,Negative,0,,"Undetectable, will not be done",,,VL,2023-07-19 00:00:00,2023-08-24 00:00:00,2023-11-17 00:00:00,Yes,90,Female,Female at birth,White,Non-Hispanic,Yes,No,No,No,No,5
131518-85,29,41.69,385141,133759-7,Resident,Op ill week 5,2023-09-22 00:00:00,29,,Negative,Negative,0,,"Undetectable, will not be done",,,Ct,2023-07-19 00:00:00,2023-08-24 00:00:00,2023-11-17 00:00:00,Yes,90,Female,Female at birth,White,Non-Hispanic,Yes,No,No,No,No,5
131518-85,38,,385141,133759-7,Resident,Op ill week 6,2023-10-01 00:00:00,38,,Negative,Negative,0,,"Undetectable, will not be done",,,VL,2023-07-19 00:00:00,2023-08-24 00:00:00,2023-11-17 00:00:00,Yes,90,Female,Female at birth,White,Non-Hispanic,Yes,No,No,No,No,5
131518-85,38,Not available,385141,133759-7,Resident,Op ill week 6,2023-10-01 00:00:00,38,,Negative,Negative,0,,"Undetectable, will not be done",,,Ct,2023-07-19 00:00:00,2023-08-24 00:00:00,2023-11-17 00:00:00,Yes,90,Female,Female at birth,White,Non-Hispanic,Yes,No,No,No,No,5
131518-85,43,,385141,133759-7,Resident,Op ill week 7,2023-10-06 00:00:00,43,,Negative,Negative,0,,"Undetectable, will not be done",,,VL,2023-07-19 00:00:00,2023-08-24 00:00:00,2023-11-17 00:00:00,Yes,90,Female,Female at birth,White,Non-Hispanic,Yes,No,No,No,No,5
131518-85,43,Not available,385141,133759-7,Resident,Op ill week 7,2023-10-06 00:00:00,43,,Negative,Negative,0,,"Undetectable, will not be done",,,Ct,2023-07-19 00:00:00,2023-08-24 00:00:00,2023-11-17 00:00:00,Yes,90,Female,Female at birth,White,Non-Hispanic,Yes,No,No,No,No,5
131518-85,50,,385141,133759-7,Resident,Op ill week 8,2023-10-13 00:00:00,50,,Negative,Negative,0,,"Undetectable, will not be done",,,VL,2023-07-19 00:00:00,2023-08-24 00:00:00,2023-11-17 00:00:00,Yes,90,Female,Female at birth,White,Non-Hispanic,Yes,No,No,No,No,5
131518-85,50,Not available,385141,133759-7,Resident,Op ill week 8,2023-10-13 00:00:00,50,,Negative,Negative,0,,"Undetectable, will not be done",,,Ct,2023-07-19 00:00:00,2023-08-24 00:00:00,2023-11-17 00:00:00,Yes,90,Female,Female at birth,White,Non-Hispanic,Yes,No,No,No,No,5
131518-85,57,,385141,133759-7,Resident,Op ill week 9,2023-10-20 00:00:00,57,,Negative,Negative,0,,"Undetectable, will not be done",,,VL,2023-07-19 00:00:00,2023-08-24 00:00:00,2023-11-17 00:00:00,Yes,90,Female,Female at birth,White,Non-Hispanic,Yes,No,No,No,No,5
131518-85,57,Not available,385141,133759-7,Resident,Op ill week 9,2023-10-20 00:00:00,57,,Negative,Negative,0,,"Undetectable, will not be done",,,Ct,2023-07-19 00:00:00,2023-08-24 00:00:00,2023-11-17 00:00:00,Yes,90,Female,Female at birth,White,Non-Hispanic,Yes,No,No,No,No,5
131518-85,64,,385141,133759-7,Resident,Op ill week 10,2023-10-27 00:00:00,64,,Negative,Negative,0,,"Undetectable, will not be done",,,VL,2023-07-19 00:00:00,2023-08-24 00:00:00,2023-11-17 00:00:00,Yes,90,Female,Female at birth,White,Non-Hispanic,Yes,No,No,No,No,5
131518-85,64,Not available,385141,133759-7,Resident,Op ill week 10,2023-10-27 00:00:00,64,,Negative,Negative,0,,"Undetectable, will not be done",,,Ct,2023-07-19 00:00:00,2023-08-24 00:00:00,2023-11-17 00:00:00,Yes,90,Female,Female at birth,White,Non-Hispanic,Yes,No,No,No,No,5
131518-85,71,,385141,133759-7,Resident,Op ill week 11,2023-11-03 00:00:00,71,,Negative,Negative,0,,"Undetectable, will not be done",,,VL,2023-07-19 00:00:00,2023-08-24 00:00:00,2023-11-17 00:00:00,Yes,90,Female,Female at birth,White,Non-Hispanic,Yes,No,No,No,No,5
131518-85,71,Not available,385141,133759-7,Resident,Op ill week 11,2023-11-03 00:00:00,71,,Negative,Negative,0,,"Undetectable, will not be done",,,Ct,2023-07-19 00:00:00,2023-08-24 00:00:00,2023-11-17 00:00:00,Yes,90,Female,Female at birth,White,Non-Hispanic,Yes,No,No,No,No,5
131518-85,77,,385141,133759-7,Resident,Op ill week 12,2023-11-09 00:00:00,77,,Negative,Negative,0,,"Undetectable, will not be done",,,VL,2023-07-19 00:00:00,2023-08-24 00:00:00,2023-11-17 00:00:00,Yes,90,Female,Female at birth,White,Non-Hispanic,Yes,No,No,No,No,5
131518-85,77,Not available,385141,133759-7,Resident,Op ill week 12,2023-11-09 00:00:00,77,,Negative,Negative,0,,"Undetectable, will not be done",,,Ct,2023-07-19 00:00:00,2023-08-24 00:00:00,2023-11-17 00:00:00,Yes,90,Female,Female at birth,White,Non-Hispanic,Yes,No,No,No,No,5
131518-85,85,,385141,133759-7,Resident,Op ill week 13,2023-11-17 00:00:00,85,,Negative,Negative,0,,"Undetectable, will not be done",,,VL,2023-07-19 00:00:00,2023-08-24 00:00:00,2023-11-17 00:00:00,Yes,90,Female,Female at birth,White,Non-Hispanic,Yes,No,No,No,No,5
131518-85,85,Not available,385141,133759-7,Resident,Op ill week 13,2023-11-17 00:00:00,85,,Negative,Negative,0,,"Undetectable, will not be done",,,Ct,2023-07-19 00:00:00,2023-08-24 00:00:00,2023-11-17 00:00:00,Yes,90,Female,Female at birth,White,Non-Hispanic,Yes,No,No,No,No,5
131518-89,1,219457928.784733,385141,133759-7,Resident,Illness Day 1,2023-08-22 00:00:00,1,,Positive,Positive,0,8.34135127606846,Within detectable range,Omicron,XBB.1.16.10,VL,2023-08-22 00:00:00,2023-08-21 00:00:00,2023-11-17 00:00:00,Yes,77,Female,Female at birth,White,Non-Hispanic,Yes,No,No,No,No,0
131518-89,1,15.94,385141,133759-7,Resident,Illness Day 1,2023-08-22 00:00:00,1,,Positive,Positive,0,8.34135127606846,Within detectable range,Omicron,XBB.1.16.10,Ct,2023-08-22 00:00:00,2023-08-21 00:00:00,2023-11-17 00:00:00,Yes,77,Female,Female at birth,White,Non-Hispanic,Yes,No,No,No,No,0
131518-89,2,19837545.667244,385141,133759-7,Resident,Illness Day 2,2023-08-23 00:00:00,2,1,Positive,Positive,0,7.29748793953653,Within detectable range,,,VL,2023-08-22 00:00:00,2023-08-21 00:00:00,2023-11-17 00:00:00,Yes,77,Female,Female at birth,White,Non-Hispanic,Yes,No,No,No,No,0
131518-89,2,18.52,385141,133759-7,Resident,Illness Day 2,2023-08-23 00:00:00,2,1,Positive,Positive,0,7.29748793953653,Within detectable range,,,Ct,2023-08-22 00:00:00,2023-08-21 00:00:00,2023-11-17 00:00:00,Yes,77,Female,Female at birth,White,Non-Hispanic,Yes,No,No,No,No,0
131518-89,3,8985295.54345373,385141,133759-7,Resident,Illness Day 3,2023-08-24 00:00:00,3,,Positive,Positive,0,6.95353236645114,Within detectable range,,,VL,2023-08-22 00:00:00,2023-08-21 00:00:00,2023-11-17 00:00:00,Yes,77,Female,Female at birth,White,Non-Hispanic,Yes,No,No,No,No,0
131518-89,3,20.62,385141,133759-7,Resident,Illness Day 3,2023-08-24 00:00:00,3,,Positive,Positive,0,6.95353236645114,Within detectable range,,,Ct,2023-08-22 00:00:00,2023-08-21 00:00:00,2023-11-17 00:00:00,Yes,77,Female,Female at birth,White,Non-Hispanic,Yes,No,No,No,No,0
131518-89,4,877293.817388922,385141,133759-7,Resident,Illness Day 4,2023-08-25 00:00:00,4,,Positive,Positive,0,5.94314506873696,Within detectable range,,,VL,2023-08-22 00:00:00,2023-08-21 00:00:00,2023-11-17 00:00:00,Yes,77,Female,Female at birth,White,Non-Hispanic,Yes,No,No,No,No,0
131518-89,4,23.77,385141,133759-7,Resident,Illness Day 4,2023-08-25 00:00:00,4,,Positive,Positive,0,5.94314506873696,Within detectable range,,,Ct,2023-08-22 00:00:00,2023-08-21 00:00:00,2023-11-17 00:00:00,Yes,77,Female,Female at birth,White,Non-Hispanic,Yes,No,No,No,No,0
131518-89,5,2038933.29002447,385141,133759-7,Resident,Illness Day 5,2023-08-26 00:00:00,5,,Positive,Positive,0,6.30940301673047,Within detectable range,,,VL,2023-08-22 00:00:00,2023-08-21 00:00:00,2023-11-17 00:00:00,Yes,77,Female,Female at birth,White,Non-Hispanic,Yes,No,No,No,No,0
131518-89,5,22.83,385141,133759-7,Resident,Illness Day 5,2023-08-26 00:00:00,5,,Positive,Positive,0,6.30940301673047,Within detectable range,,,Ct,2023-08-22 00:00:00,2023-08-21 00:00:00,2023-11-17 00:00:00,Yes,77,Female,Female at birth,White,Non-Hispanic,Yes,No,No,No,No,0
131518-89,6,685098.369687103,385141,133759-7,Resident,Illness Day 6,2023-08-27 00:00:00,6,,Positive,Positive,0,5.83575293403998,Within detectable range,,,VL,2023-08-22 00:00:00,2023-08-21 00:00:00,2023-11-17 00:00:00,Yes,77,Female,Female at birth,White,Non-Hispanic,Yes,No,No,No,No,0
131518-89,6,24.83,385141,133759-7,Resident,Illness Day 6,2023-08-27 00:00:00,6,,Positive,Positive,0,5.83575293403998,Within detectable range,,,Ct,2023-08-22 00:00:00,2023-08-21 00:00:00,2023-11-17 00:00:00,Yes,77,Female,Female at birth,White,Non-Hispanic,Yes,No,No,No,No,0
131518-89,7,76416.7872860366,385141,133759-7,Resident,Illness Day 7,2023-08-28 00:00:00,7,,Negative,Positive,0,4.88318877513104,Within detectable range,,,VL,2023-08-22 00:00:00,2023-08-21 00:00:00,2023-11-17 00:00:00,Yes,77,Female,Female at birth,White,Non-Hispanic,Yes,No,No,No,No,0
131518-89,7,27.21,385141,133759-7,Resident,Illness Day 7,2023-08-28 00:00:00,7,,Negative,Positive,0,4.88318877513104,Within detectable range,,,Ct,2023-08-22 00:00:00,2023-08-21 00:00:00,2023-11-17 00:00:00,Yes,77,Female,Female at birth,White,Non-Hispanic,Yes,No,No,No,No,0
131518-89,8,25738.981081583,385141,133759-7,Resident,Illness Day 8,2023-08-29 00:00:00,8,,Negative,Positive,0,4.41059135067231,Within detectable range,,,VL,2023-08-22 00:00:00,2023-08-21 00:00:00,2023-11-17 00:00:00,Yes,77,Female,Female at birth,White,Non-Hispanic,Yes,No,No,No,No,0
131518-89,8,31.97,385141,133759-7,Resident,Illness Day 8,2023-08-29 00:00:00,8,,Negative,Positive,0,4.41059135067231,Within detectable range,,,Ct,2023-08-22 00:00:00,2023-08-21 00:00:00,2023-11-17 00:00:00,Yes,77,Female,Female at birth,White,Non-Hispanic,Yes,No,No,No,No,0
131518-89,9,39947.2563859472,385141,133759-7,Resident,Illness Day 9,2023-08-30 00:00:00,9,,Negative,Positive,0,4.6014869569326,Within detectable range,,,VL,2023-08-22 00:00:00,2023-08-21 00:00:00,2023-11-17 00:00:00,Yes,77,Female,Female at birth,White,Non-Hispanic,Yes,No,No,No,No,0
131518-89,9,28.06,385141,133759-7,Resident,Illness Day 9,2023-08-30 00:00:00,9,,Negative,Positive,0,4.6014869569326,Within detectable range,,,Ct,2023-08-22 00:00:00,2023-08-21 00:00:00,2023-11-17 00:00:00,Yes,77,Female,Female at birth,White,Non-Hispanic,Yes,No,No,No,No,0
131518-89,10,12860.8763340258,385141,133759-7,Resident,Illness Day 10,2023-08-31 00:00:00,10,,Negative,Positive,0,4.10927056221689,Within detectable range,,,VL,2023-08-22 00:00:00,2023-08-21 00:00:00,2023-11-17 00:00:00,Yes,77,Female,Female at birth,White,Non-Hispanic,Yes,No,No,No,No,0
131518-89,10,29.11,385141,133759-7,Resident,Illness Day 10,2023-08-31 00:00:00,10,,Negative,Positive,0,4.10927056221689,Within detectable range,,,Ct,2023-08-22 00:00:00,2023-08-21 00:00:00,2023-11-17 00:00:00,Yes,77,Female,Female at birth,White,Non-Hispanic,Yes,No,No,No,No,0
131518-89,11,,385141,133759-7,Resident,Illness Day 11,2023-09-01 00:00:00,11,,Negative,Positive,0,,"VL run, not detected",,,VL,2023-08-22 00:00:00,2023-08-21 00:00:00,2023-11-17 00:00:00,Yes,77,Female,Female at birth,White,Non-Hispanic,Yes,No,No,No,No,0
131518-89,11,33.95,385141,133759-7,Resident,Illness Day 11,2023-09-01 00:00:00,11,,Negative,Positive,0,,"VL run, not detected",,,Ct,2023-08-22 00:00:00,2023-08-21 00:00:00,2023-11-17 00:00:00,Yes,77,Female,Female at birth,White,Non-Hispanic,Yes,No,No,No,No,0
131518-89,12,,385141,133759-7,Resident,Illness Day 12,2023-09-02 00:00:00,12,,Negative,Negative,0,,"Undetectable, will not be done",,,VL,2023-08-22 00:00:00,2023-08-21 00:00:00,2023-11-17 00:00:00,Yes,77,Female,Female at birth,White,Non-Hispanic,Yes,No,No,No,No,0
131518-89,12,39.63,385141,133759-7,Resident,Illness Day 12,2023-09-02 00:00:00,12,,Negative,Negative,0,,"Undetectable, will not be done",,,Ct,2023-08-22 00:00:00,2023-08-21 00:00:00,2023-11-17 00:00:00,Yes,77,Female,Female at birth,White,Non-Hispanic,Yes,No,No,No,No,0
131518-89,13,,385141,133759-7,Resident,Illness Day 13,2023-09-03 00:00:00,13,,Negative,Negative,0,,"Undetectable, will not be done",,,VL,2023-08-22 00:00:00,2023-08-21 00:00:00,2023-11-17 00:00:00,Yes,77,Female,Female at birth,White,Non-Hispanic,Yes,No,No,No,No,0
131518-89,13,39.35,385141,133759-7,Resident,Illness Day 13,2023-09-03 00:00:00,13,,Negative,Negative,0,,"Undetectable, will not be done",,,Ct,2023-08-22 00:00:00,2023-08-21 00:00:00,2023-11-17 00:00:00,Yes,77,Female,Female at birth,White,Non-Hispanic,Yes,No,No,No,No,0
131518-89,14,301.195624024945,385141,133759-7,Resident,Illness Day 14,2023-09-04 00:00:00,14,,Negative,Positive,0,2.47884865784863,"Less than 10,000 copies/mL",,,VL,2023-08-22 00:00:00,2023-08-21 00:00:00,2023-11-17 00:00:00,Yes,77,Female,Female at birth,White,Non-Hispanic,Yes,No,No,No,No,0
131518-89,14,34.44,385141,133759-7,Resident,Illness Day 14,2023-09-04 00:00:00,14,,Negative,Positive,0,2.47884865784863,"Less than 10,000 copies/mL",,,Ct,2023-08-22 00:00:00,2023-08-21 00:00:00,2023-11-17 00:00:00,Yes,77,Female,Female at birth,White,Non-Hispanic,Yes,No,No,No,No,0
131518-89,17,,385141,133759-7,Resident,Op ill w3 t1,2023-09-07 00:00:00,17,,Negative,Negative,0,,"Undetectable, will not be done",,,VL,2023-08-22 00:00:00,2023-08-21 00:00:00,2023-11-17 00:00:00,Yes,77,Female,Female at birth,White,Non-Hispanic,Yes,No,No,No,No,0
131518-89,17,Not available,385141,133759-7,Resident,Op ill w3 t1,2023-09-07 00:00:00,17,,Negative,Negative,0,,"Undetectable, will not be done",,,Ct,2023-08-22 00:00:00,2023-08-21 00:00:00,2023-11-17 00:00:00,Yes,77,Female,Female at birth,White,Non-Hispanic,Yes,No,No,No,No,0
131518-89,20,,385141,133759-7,Resident,Op ill w3 t2,2023-09-10 00:00:00,20,,Negative,Negative,0,,"Undetectable, will not be done",,,VL,2023-08-22 00:00:00,2023-08-21 00:00:00,2023-11-17 00:00:00,Yes,77,Female,Female at birth,White,Non-Hispanic,Yes,No,No,No,No,0
131518-89,20,40.11,385141,133759-7,Resident,Op ill w3 t2,2023-09-10 00:00:00,20,,Negative,Negative,0,,"Undetectable, will not be done",,,Ct,2023-08-22 00:00:00,2023-08-21 00:00:00,2023-11-17 00:00:00,Yes,77,Female,Female at birth,White,Non-Hispanic,Yes,No,No,No,No,0
131518-89,24,4976.60821568262,385141,133759-7,Resident,Op ill w4 t1,2023-09-14 00:00:00,24,,Negative,Positive,0,3.69693345218375,"Less than 10,000 copies/mL",,,VL,2023-08-22 00:00:00,2023-08-21 00:00:00,2023-11-17 00:00:00,Yes,77,Female,Female at birth,White,Non-Hispanic,Yes,No,No,No,No,0
131518-89,24,31.81,385141,133759-7,Resident,Op ill w4 t1,2023-09-14 00:00:00,24,,Negative,Positive,0,3.69693345218375,"Less than 10,000 copies/mL",,,Ct,2023-08-22 00:00:00,2023-08-21 00:00:00,2023-11-17 00:00:00,Yes,77,Female,Female at birth,White,Non-Hispanic,Yes,No,No,No,No,0
131518-89,27,,385141,133759-7,Resident,Op ill w4 t2,2023-09-17 00:00:00,27,,Negative,Negative,0,,"Undetectable, will not be done",,,VL,2023-08-22 00:00:00,2023-08-21 00:00:00,2023-11-17 00:00:00,Yes,77,Female,Female at birth,White,Non-Hispanic,Yes,No,No,No,No,0
131518-89,27,Not available,385141,133759-7,Resident,Op ill w4 t2,2023-09-17 00:00:00,27,,Negative,Negative,0,,"Undetectable, will not be done",,,Ct,2023-08-22 00:00:00,2023-08-21 00:00:00,2023-11-17 00:00:00,Yes,77,Female,Female at birth,White,Non-Hispanic,Yes,No,No,No,No,0
131518-89,29,,385141,133759-7,Resident,Op ill week 5,2023-09-19 00:00:00,29,,Negative,Negative,0,,"Undetectable, will not be done",,,VL,2023-08-22 00:00:00,2023-08-21 00:00:00,2023-11-17 00:00:00,Yes,77,Female,Female at birth,White,Non-Hispanic,Yes,No,No,No,No,0
131518-89,29,Not available,385141,133759-7,Resident,Op ill week 5,2023-09-19 00:00:00,29,,Negative,Negative,0,,"Undetectable, will not be done",,,Ct,2023-08-22 00:00:00,2023-08-21 00:00:00,2023-11-17 00:00:00,Yes,77,Female,Female at birth,White,Non-Hispanic,Yes,No,No,No,No,0
131518-89,37,,385141,133759-7,Resident,Op ill week 6,2023-09-27 00:00:00,37,,Negative,Negative,0,,"Undetectable, will not be done",,,VL,2023-08-22 00:00:00,2023-08-21 00:00:00,2023-11-17 00:00:00,Yes,77,Female,Female at birth,White,Non-Hispanic,Yes,No,No,No,No,0
131518-89,37,Not available,385141,133759-7,Resident,Op ill week 6,2023-09-27 00:00:00,37,,Negative,Negative,0,,"Undetectable, will not be done",,,Ct,2023-08-22 00:00:00,2023-08-21 00:00:00,2023-11-17 00:00:00,Yes,77,Female,Female at birth,White,Non-Hispanic,Yes,No,No,No,No,0
131518-89,46,,385141,133759-7,Resident,Op ill week 7,2023-10-06 00:00:00,46,,Negative,Negative,0,,"Undetectable, will not be done",,,VL,2023-08-22 00:00:00,2023-08-21 00:00:00,2023-11-17 00:00:00,Yes,77,Female,Female at birth,White,Non-Hispanic,Yes,No,No,No,No,0
131518-89,46,Not available,385141,133759-7,Resident,Op ill week 7,2023-10-06 00:00:00,46,,Negative,Negative,0,,"Undetectable, will not be done",,,Ct,2023-08-22 00:00:00,2023-08-21 00:00:00,2023-11-17 00:00:00,Yes,77,Female,Female at birth,White,Non-Hispanic,Yes,No,No,No,No,0
131518-89,50,,385141,133759-7,Resident,Op ill week 8,2023-10-10 00:00:00,50,,Negative,Negative,0,,"Undetectable, will not be done",,,VL,2023-08-22 00:00:00,2023-08-21 00:00:00,2023-11-17 00:00:00,Yes,77,Female,Female at birth,White,Non-Hispanic,Yes,No,No,No,No,0
131518-89,50,37.72,385141,133759-7,Resident,Op ill week 8,2023-10-10 00:00:00,50,,Negative,Negative,0,,"Undetectable, will not be done",,,Ct,2023-08-22 00:00:00,2023-08-21 00:00:00,2023-11-17 00:00:00,Yes,77,Female,Female at birth,White,Non-Hispanic,Yes,No,No,No,No,0
131518-89,57,,385141,133759-7,Resident,Op ill week 10,2023-10-17 00:00:00,57,,Negative,Negative,0,,"Undetectable, will not be done",,,VL,2023-08-22 00:00:00,2023-08-21 00:00:00,2023-11-17 00:00:00,Yes,77,Female,Female at birth,White,Non-Hispanic,Yes,No,No,No,No,0
131518-89,57,Not available,385141,133759-7,Resident,Op ill week 10,2023-10-17 00:00:00,57,,Negative,Negative,0,,"Undetectable, will not be done",,,Ct,2023-08-22 00:00:00,2023-08-21 00:00:00,2023-11-17 00:00:00,Yes,77,Female,Female at birth,White,Non-Hispanic,Yes,No,No,No,No,0
131518-89,67,,385141,133759-7,Resident,Op ill week 11,2023-10-27 00:00:00,67,,Negative,Negative,0,,"Undetectable, will not be done",,,VL,2023-08-22 00:00:00,2023-08-21 00:00:00,2023-11-17 00:00:00,Yes,77,Female,Female at birth,White,Non-Hispanic,Yes,No,No,No,No,0
131518-89,67,Not available,385141,133759-7,Resident,Op ill week 11,2023-10-27 00:00:00,67,,Negative,Negative,0,,"Undetectable, will not be done",,,Ct,2023-08-22 00:00:00,2023-08-21 00:00:00,2023-11-17 00:00:00,Yes,77,Female,Female at birth,White,Non-Hispanic,Yes,No,No,No,No,0
131518-89,74,,385141,133759-7,Resident,Op ill week 12,2023-11-03 00:00:00,74,,Negative,Negative,0,,"Undetectable, will not be done",,,VL,2023-08-22 00:00:00,2023-08-21 00:00:00,2023-11-17 00:00:00,Yes,77,Female,Female at birth,White,Non-Hispanic,Yes,No,No,No,No,0
131518-89,74,Not available,385141,133759-7,Resident,Op ill week 12,2023-11-03 00:00:00,74,,Negative,Negative,0,,"Undetectable, will not be done",,,Ct,2023-08-22 00:00:00,2023-08-21 00:00:00,2023-11-17 00:00:00,Yes,77,Female,Female at birth,White,Non-Hispanic,Yes,No,No,No,No,0
131518-89,80,,385141,133759-7,Resident,Op ill week 12,2023-11-09 00:00:00,80,,Negative,Negative,0,,"Undetectable, will not be done",,,VL,2023-08-22 00:00:00,2023-08-21 00:00:00,2023-11-17 00:00:00,Yes,77,Female,Female at birth,White,Non-Hispanic,Yes,No,No,No,No,0
131518-89,80,Not available,385141,133759-7,Resident,Op ill week 12,2023-11-09 00:00:00,80,,Negative,Negative,0,,"Undetectable, will not be done",,,Ct,2023-08-22 00:00:00,2023-08-21 00:00:00,2023-11-17 00:00:00,Yes,77,Female,Female at birth,White,Non-Hispanic,Yes,No,No,No,No,0
131518-89,88,,385141,133759-7,Resident,Op ill week 13,2023-11-17 00:00:00,88,,Negative,Negative,0,,"Undetectable, will not be done",,,VL,2023-08-22 00:00:00,2023-08-21 00:00:00,2023-11-17 00:00:00,Yes,77,Female,Female at birth,White,Non-Hispanic,Yes,No,No,No,No,0
131518-89,88,Not available,385141,133759-7,Resident,Op ill week 13,2023-11-17 00:00:00,88,,Negative,Negative,0,,"Undetectable, will not be done",,,Ct,2023-08-22 00:00:00,2023-08-21 00:00:00,2023-11-17 00:00:00,Yes,77,Female,Female at birth,White,Non-Hispanic,Yes,No,No,No,No,0
131518-92,-18,,385141,133759-7,Resident,Tier 1 Testing,2023-08-23 00:00:00,-18,,Negative,Negative,0,,"Undetectable, will not be done",,,VL,2023-09-08 00:00:00,2023-09-10 00:00:00,2023-12-27 00:00:00,Yes,63,Female,Female at birth,White,Non-Hispanic,Yes,No,No,No,No,5
131518-92,-18,Not available,385141,133759-7,Resident,Tier 1 Testing,2023-08-23 00:00:00,-18,,Negative,Negative,0,,"Undetectable, will not be done",,,Ct,2023-09-08 00:00:00,2023-09-10 00:00:00,2023-12-27 00:00:00,Yes,63,Female,Female at birth,White,Non-Hispanic,Yes,No,No,No,No,5
131518-92,-16,,385141,133759-7,Resident,Tier 1 Testing,2023-08-25 00:00:00,-16,,Negative,Negative,0,,"Undetectable, will not be done",,,VL,2023-09-08 00:00:00,2023-09-10 00:00:00,2023-12-27 00:00:00,Yes,63,Female,Female at birth,White,Non-Hispanic,Yes,No,No,No,No,5
131518-92,-16,Not available,385141,133759-7,Resident,Tier 1 Testing,2023-08-25 00:00:00,-16,,Negative,Negative,0,,"Undetectable, will not be done",,,Ct,2023-09-08 00:00:00,2023-09-10 00:00:00,2023-12-27 00:00:00,Yes,63,Female,Female at birth,White,Non-Hispanic,Yes,No,No,No,No,5
131518-92,-2,,385141,133759-7,Resident,Tier 1 Testing,2023-09-08 00:00:00,-2,,Negative,Negative,0,,"Undetectable, will not be done",,,VL,2023-09-08 00:00:00,2023-09-10 00:00:00,2023-12-27 00:00:00,Yes,63,Female,Female at birth,White,Non-Hispanic,Yes,No,No,No,No,5
131518-92,-2,Not available,385141,133759-7,Resident,Tier 1 Testing,2023-09-08 00:00:00,-2,,Negative,Negative,0,,"Undetectable, will not be done",,,Ct,2023-09-08 00:00:00,2023-09-10 00:00:00,2023-12-27 00:00:00,Yes,63,Female,Female at birth,White,Non-Hispanic,Yes,No,No,No,No,5
131518-92,-1,,385141,133759-7,Resident,Tier 1 Testing,2023-09-09 00:00:00,-1,,Negative,Negative,0,,"Undetectable, will not be done",,,VL,2023-09-08 00:00:00,2023-09-10 00:00:00,2023-12-27 00:00:00,Yes,63,Female,Female at birth,White,Non-Hispanic,Yes,No,No,No,No,5
131518-92,-1,Not available,385141,133759-7,Resident,Tier 1 Testing,2023-09-09 00:00:00,-1,,Negative,Negative,0,,"Undetectable, will not be done",,,Ct,2023-09-08 00:00:00,2023-09-10 00:00:00,2023-12-27 00:00:00,Yes,63,Female,Female at birth,White,Non-Hispanic,Yes,No,No,No,No,5
131518-92,0,,385141,133759-7,Resident,Tier 1 Testing,2023-09-10 00:00:00,0,,Positive,Negative,0,,"Undetectable, will not be done",,,VL,2023-09-08 00:00:00,2023-09-10 00:00:00,2023-12-27 00:00:00,Yes,63,Female,Female at birth,White,Non-Hispanic,Yes,No,No,No,No,5
131518-92,0,Not available,385141,133759-7,Resident,Tier 1 Testing,2023-09-10 00:00:00,0,,Positive,Negative,0,,"Undetectable, will not be done",,,Ct,2023-09-08 00:00:00,2023-09-10 00:00:00,2023-12-27 00:00:00,Yes,63,Female,Female at birth,White,Non-Hispanic,Yes,No,No,No,No,5
131518-92,1,,385141,133759-7,Resident,Illness Day 1,2023-09-11 00:00:00,1,,Positive,Negative,0,,"Undetectable, will not be done",,,VL,2023-09-08 00:00:00,2023-09-10 00:00:00,2023-12-27 00:00:00,Yes,63,Female,Female at birth,White,Non-Hispanic,Yes,No,No,No,No,5
131518-92,1,Not available,385141,133759-7,Resident,Illness Day 1,2023-09-11 00:00:00,1,,Positive,Negative,0,,"Undetectable, will not be done",,,Ct,2023-09-08 00:00:00,2023-09-10 00:00:00,2023-12-27 00:00:00,Yes,63,Female,Female at birth,White,Non-Hispanic,Yes,No,No,No,No,5
131518-92,2,,385141,133759-7,Resident,Illness Day 2,2023-09-12 00:00:00,2,,Positive,Negative,0,,"Undetectable, will not be done",,,VL,2023-09-08 00:00:00,2023-09-10 00:00:00,2023-12-27 00:00:00,Yes,63,Female,Female at birth,White,Non-Hispanic,Yes,No,No,No,No,5
131518-92,2,Not available,385141,133759-7,Resident,Illness Day 2,2023-09-12 00:00:00,2,,Positive,Negative,0,,"Undetectable, will not be done",,,Ct,2023-09-08 00:00:00,2023-09-10 00:00:00,2023-12-27 00:00:00,Yes,63,Female,Female at birth,White,Non-Hispanic,Yes,No,No,No,No,5
131518-92,3,,385141,133759-7,Resident,Illness Day 3,2023-09-13 00:00:00,3,1,Inconclusive,Negative,0,,"Undetectable, will not be done",,,VL,2023-09-08 00:00:00,2023-09-10 00:00:00,2023-12-27 00:00:00,Yes,63,Female,Female at birth,White,Non-Hispanic,Yes,No,No,No,No,5
131518-92,3,Not available,385141,133759-7,Resident,Illness Day 3,2023-09-13 00:00:00,3,1,Inconclusive,Negative,0,,"Undetectable, will not be done",,,Ct,2023-09-08 00:00:00,2023-09-10 00:00:00,2023-12-27 00:00:00,Yes,63,Female,Female at birth,White,Non-Hispanic,Yes,No,No,No,No,5
131518-92,4,,385141,133759-7,Resident,Illness Day 4,2023-09-14 00:00:00,4,,Positive,Negative,0,,"Undetectable, will not be done",,,VL,2023-09-08 00:00:00,2023-09-10 00:00:00,2023-12-27 00:00:00,Yes,63,Female,Female at birth,White,Non-Hispanic,Yes,No,No,No,No,5
131518-92,4,Not available,385141,133759-7,Resident,Illness Day 4,2023-09-14 00:00:00,4,,Positive,Negative,0,,"Undetectable, will not be done",,,Ct,2023-09-08 00:00:00,2023-09-10 00:00:00,2023-12-27 00:00:00,Yes,63,Female,Female at birth,White,Non-Hispanic,Yes,No,No,No,No,5
131518-92,5,,385141,133759-7,Resident,Illness Day 5,2023-09-15 00:00:00,5,,Negative,Negative,0,,"Undetectable, will not be done",,,VL,2023-09-08 00:00:00,2023-09-10 00:00:00,2023-12-27 00:00:00,Yes,63,Female,Female at birth,White,Non-Hispanic,Yes,No,No,No,No,5
131518-92,5,Not available,385141,133759-7,Resident,Illness Day 5,2023-09-15 00:00:00,5,,Negative,Negative,0,,"Undetectable, will not be done",,,Ct,2023-09-08 00:00:00,2023-09-10 00:00:00,2023-12-27 00:00:00,Yes,63,Female,Female at birth,White,Non-Hispanic,Yes,No,No,No,No,5
131518-92,6,,385141,133759-7,Resident,Illness Day 6,2023-09-16 00:00:00,6,,Positive,Negative,0,,"Undetectable, will not be done",,,VL,2023-09-08 00:00:00,2023-09-10 00:00:00,2023-12-27 00:00:00,Yes,63,Female,Female at birth,White,Non-Hispanic,Yes,No,No,No,No,5
131518-92,6,Not available,385141,133759-7,Resident,Illness Day 6,2023-09-16 00:00:00,6,,Positive,Negative,0,,"Undetectable, will not be done",,,Ct,2023-09-08 00:00:00,2023-09-10 00:00:00,2023-12-27 00:00:00,Yes,63,Female,Female at birth,White,Non-Hispanic,Yes,No,No,No,No,5
131518-92,7,,385141,133759-7,Resident,Illness Day 7,2023-09-17 00:00:00,7,,Negative,Negative,0,,"Undetectable, will not be done",,,VL,2023-09-08 00:00:00,2023-09-10 00:00:00,2023-12-27 00:00:00,Yes,63,Female,Female at birth,White,Non-Hispanic,Yes,No,No,No,No,5
131518-92,7,Not available,385141,133759-7,Resident,Illness Day 7,2023-09-17 00:00:00,7,,Negative,Negative,0,,"Undetectable, will not be done",,,Ct,2023-09-08 00:00:00,2023-09-10 00:00:00,2023-12-27 00:00:00,Yes,63,Female,Female at birth,White,Non-Hispanic,Yes,No,No,No,No,5
131518-92,8,,385141,133759-7,Resident,Illness Day 8,2023-09-18 00:00:00,8,,Positive,Negative,0,,"Undetectable, will not be done",,,VL,2023-09-08 00:00:00,2023-09-10 00:00:00,2023-12-27 00:00:00,Yes,63,Female,Female at birth,White,Non-Hispanic,Yes,No,No,No,No,5
131518-92,8,Not available,385141,133759-7,Resident,Illness Day 8,2023-09-18 00:00:00,8,,Positive,Negative,0,,"Undetectable, will not be done",,,Ct,2023-09-08 00:00:00,2023-09-10 00:00:00,2023-12-27 00:00:00,Yes,63,Female,Female at birth,White,Non-Hispanic,Yes,No,No,No,No,5
131518-92,9,,385141,133759-7,Resident,Illness Day 9,2023-09-19 00:00:00,9,,Negative,Negative,0,,"Undetectable, will not be done",,,VL,2023-09-08 00:00:00,2023-09-10 00:00:00,2023-12-27 00:00:00,Yes,63,Female,Female at birth,White,Non-Hispanic,Yes,No,No,No,No,5
131518-92,9,Not available,385141,133759-7,Resident,Illness Day 9,2023-09-19 00:00:00,9,,Negative,Negative,0,,"Undetectable, will not be done",,,Ct,2023-09-08 00:00:00,2023-09-10 00:00:00,2023-12-27 00:00:00,Yes,63,Female,Female at birth,White,Non-Hispanic,Yes,No,No,No,No,5
131518-92,10,,385141,133759-7,Resident,Illness Day 10,2023-09-20 00:00:00,10,,Positive,Negative,0,,"Undetectable, will not be done",,,VL,2023-09-08 00:00:00,2023-09-10 00:00:00,2023-12-27 00:00:00,Yes,63,Female,Female at birth,White,Non-Hispanic,Yes,No,No,No,No,5
131518-92,10,Not available,385141,133759-7,Resident,Illness Day 10,2023-09-20 00:00:00,10,,Positive,Negative,0,,"Undetectable, will not be done",,,Ct,2023-09-08 00:00:00,2023-09-10 00:00:00,2023-12-27 00:00:00,Yes,63,Female,Female at birth,White,Non-Hispanic,Yes,No,No,No,No,5
131518-92,11,,385141,133759-7,Resident,Illness Day 11,2023-09-21 00:00:00,11,,Negative,Negative,0,,"Undetectable, will not be done",,,VL,2023-09-08 00:00:00,2023-09-10 00:00:00,2023-12-27 00:00:00,Yes,63,Female,Female at birth,White,Non-Hispanic,Yes,No,No,No,No,5
131518-92,11,Not available,385141,133759-7,Resident,Illness Day 11,2023-09-21 00:00:00,11,,Negative,Negative,0,,"Undetectable, will not be done",,,Ct,2023-09-08 00:00:00,2023-09-10 00:00:00,2023-12-27 00:00:00,Yes,63,Female,Female at birth,White,Non-Hispanic,Yes,No,No,No,No,5
131518-92,12,,385141,133759-7,Resident,Illness Day 12,2023-09-22 00:00:00,12,,Negative,Negative,0,,"Undetectable, will not be done",,,VL,2023-09-08 00:00:00,2023-09-10 00:00:00,2023-12-27 00:00:00,Yes,63,Female,Female at birth,White,Non-Hispanic,Yes,No,No,No,No,5
131518-92,12,Not available,385141,133759-7,Resident,Illness Day 12,2023-09-22 00:00:00,12,,Negative,Negative,0,,"Undetectable, will not be done",,,Ct,2023-09-08 00:00:00,2023-09-10 00:00:00,2023-12-27 00:00:00,Yes,63,Female,Female at birth,White,Non-Hispanic,Yes,No,No,No,No,5
131518-92,13,,385141,133759-7,Resident,Illness Day 13,2023-09-23 00:00:00,13,,Positive,Negative,0,,"Undetectable, will not be done",,,VL,2023-09-08 00:00:00,2023-09-10 00:00:00,2023-12-27 00:00:00,Yes,63,Female,Female at birth,White,Non-Hispanic,Yes,No,No,No,No,5
131518-92,13,Not available,385141,133759-7,Resident,Illness Day 13,2023-09-23 00:00:00,13,,Positive,Negative,0,,"Undetectable, will not be done",,,Ct,2023-09-08 00:00:00,2023-09-10 00:00:00,2023-12-27 00:00:00,Yes,63,Female,Female at birth,White,Non-Hispanic,Yes,No,No,No,No,5
131518-92,14,,385141,133759-7,Resident,Illness Day 14,2023-09-24 00:00:00,14,,Negative,Negative,0,,"Undetectable, will not be done",,,VL,2023-09-08 00:00:00,2023-09-10 00:00:00,2023-12-27 00:00:00,Yes,63,Female,Female at birth,White,Non-Hispanic,Yes,No,No,No,No,5
131518-92,14,Not available,385141,133759-7,Resident,Illness Day 14,2023-09-24 00:00:00,14,,Negative,Negative,0,,"Undetectable, will not be done",,,Ct,2023-09-08 00:00:00,2023-09-10 00:00:00,2023-12-27 00:00:00,Yes,63,Female,Female at birth,White,Non-Hispanic,Yes,No,No,No,No,5
131518-92,17,,385141,133759-7,Resident,Op ill w3 t1,2023-09-27 00:00:00,17,,Negative,Negative,0,,"Undetectable, will not be done",,,VL,2023-09-08 00:00:00,2023-09-10 00:00:00,2023-12-27 00:00:00,Yes,63,Female,Female at birth,White,Non-Hispanic,Yes,No,No,No,No,5
131518-92,17,Not available,385141,133759-7,Resident,Op ill w3 t1,2023-09-27 00:00:00,17,,Negative,Negative,0,,"Undetectable, will not be done",,,Ct,2023-09-08 00:00:00,2023-09-10 00:00:00,2023-12-27 00:00:00,Yes,63,Female,Female at birth,White,Non-Hispanic,Yes,No,No,No,No,5
131518-92,21,4927.61363872091,385141,133759-7,Resident,Op ill w3 t2,2023-10-01 00:00:00,21,,Negative,Positive,0,3.69263664859843,"Less than 10,000 copies/mL",,,VL,2023-09-08 00:00:00,2023-09-10 00:00:00,2023-12-27 00:00:00,Yes,63,Female,Female at birth,White,Non-Hispanic,Yes,No,No,No,No,5
131518-92,21,32.73,385141,133759-7,Resident,Op ill w3 t2,2023-10-01 00:00:00,21,,Negative,Positive,0,3.69263664859843,"Less than 10,000 copies/mL",,,Ct,2023-09-08 00:00:00,2023-09-10 00:00:00,2023-12-27 00:00:00,Yes,63,Female,Female at birth,White,Non-Hispanic,Yes,No,No,No,No,5
131518-92,24,884531051.135306,385141,133759-7,Resident,"Rebound, Illness Day 1",2023-10-04 00:00:00,24,,Positive,Positive,0,8.94671308326046,Within detectable range,Omicron,HK.3,VL,2023-09-08 00:00:00,2023-09-10 00:00:00,2023-12-27 00:00:00,Yes,63,Female,Female at birth,White,Non-Hispanic,Yes,No,No,No,No,5
131518-92,24,14.72,385141,133759-7,Resident,"Rebound, Illness Day 1",2023-10-04 00:00:00,24,,Positive,Positive,0,8.94671308326046,Within detectable range,Omicron,HK.3,Ct,2023-09-08 00:00:00,2023-09-10 00:00:00,2023-12-27 00:00:00,Yes,63,Female,Female at birth,White,Non-Hispanic,Yes,No,No,No,No,5
131518-92,25,,385141,133759-7,Resident,"Rebound, Illness Day 2",2023-10-05 00:00:00,25,,Positive,Positive,0,,"VL run, not detected",,,VL,2023-09-08 00:00:00,2023-09-10 00:00:00,2023-12-27 00:00:00,Yes,63,Female,Female at birth,White,Non-Hispanic,Yes,No,No,No,No,5
131518-92,25,24.17,385141,133759-7,Resident,"Rebound, Illness Day 2",2023-10-05 00:00:00,25,,Positive,Positive,0,,"VL run, not detected",,,Ct,2023-09-08 00:00:00,2023-09-10 00:00:00,2023-12-27 00:00:00,Yes,63,Female,Female at birth,White,Non-Hispanic,Yes,No,No,No,No,5
131518-92,26,341942.65085858,385141,133759-7,Resident,"Rebound, Illness Day 3",2023-10-06 00:00:00,26,,Positive,Positive,0,5.53395327417268,Within detectable range,,,VL,2023-09-08 00:00:00,2023-09-10 00:00:00,2023-12-27 00:00:00,Yes,63,Female,Female at birth,White,Non-Hispanic,Yes,No,No,No,No,5
131518-92,26,25.68,385141,133759-7,Resident,"Rebound, Illness Day 3",2023-10-06 00:00:00,26,,Positive,Positive,0,5.53395327417268,Within detectable range,,,Ct,2023-09-08 00:00:00,2023-09-10 00:00:00,2023-12-27 00:00:00,Yes,63,Female,Female at birth,White,Non-Hispanic,Yes,No,No,No,No,5
131518-92,27,57275.8545120888,385141,133759-7,Resident,"Rebound, Illness Day 4",2023-10-07 00:00:00,27,,Positive,Positive,0,4.75797157725238,Within detectable range,,,VL,2023-09-08 00:00:00,2023-09-10 00:00:00,2023-12-27 00:00:00,Yes,63,Female,Female at birth,White,Non-Hispanic,Yes,No,No,No,No,5
131518-92,27,28.14,385141,133759-7,Resident,"Rebound, Illness Day 4",2023-10-07 00:00:00,27,,Positive,Positive,0,4.75797157725238,Within detectable range,,,Ct,2023-09-08 00:00:00,2023-09-10 00:00:00,2023-12-27 00:00:00,Yes,63,Female,Female at birth,White,Non-Hispanic,Yes,No,No,No,No,5
131518-92,28,197214.07637555,385141,133759-7,Resident,"Rebound, Illness Day 5",2023-10-08 00:00:00,28,,Positive,Positive,0,5.2949379099665,Within detectable range,,,VL,2023-09-08 00:00:00,2023-09-10 00:00:00,2023-12-27 00:00:00,Yes,63,Female,Female at birth,White,Non-Hispanic,Yes,No,No,No,No,5
131518-92,28,27.17,385141,133759-7,Resident,"Rebound, Illness Day 5",2023-10-08 00:00:00,28,,Positive,Positive,0,5.2949379099665,Within detectable range,,,Ct,2023-09-08 00:00:00,2023-09-10 00:00:00,2023-12-27 00:00:00,Yes,63,Female,Female at birth,White,Non-Hispanic,Yes,No,No,No,No,5
131518-92,29,156897.856908524,385141,133759-7,Resident,"Rebound, Illness Day 6",2023-10-09 00:00:00,29,,Positive,Positive,0,5.19561701153366,Within detectable range,,,VL,2023-09-08 00:00:00,2023-09-10 00:00:00,2023-12-27 00:00:00,Yes,63,Female,Female at birth,White,Non-Hispanic,Yes,No,No,No,No,5
131518-92,29,26.94,385141,133759-7,Resident,"Rebound, Illness Day 6",2023-10-09 00:00:00,29,,Positive,Positive,0,5.19561701153366,Within detectable range,,,Ct,2023-09-08 00:00:00,2023-09-10 00:00:00,2023-12-27 00:00:00,Yes,63,Female,Female at birth,White,Non-Hispanic,Yes,No,No,No,No,5
131518-92,30,31212.798518736,385141,133759-7,Resident,"Rebound, Illness Day 7",2023-10-10 00:00:00,30,,Negative,Positive,0,4.49433270896517,Within detectable range,,,VL,2023-09-08 00:00:00,2023-09-10 00:00:00,2023-12-27 00:00:00,Yes,63,Female,Female at birth,White,Non-Hispanic,Yes,No,No,No,No,5
131518-92,30,30.36,385141,133759-7,Resident,"Rebound, Illness Day 7",2023-10-10 00:00:00,30,,Negative,Positive,0,4.49433270896517,Within detectable range,,,Ct,2023-09-08 00:00:00,2023-09-10 00:00:00,2023-12-27 00:00:00,Yes,63,Female,Female at birth,White,Non-Hispanic,Yes,No,No,No,No,5
131518-92,31,1051.18898057345,385141,133759-7,Resident,"Rebound, Illness Day 8",2023-10-11 00:00:00,31,,Positive,Positive,0,3.02168079960799,"Less than 10,000 copies/mL",,,VL,2023-09-08 00:00:00,2023-09-10 00:00:00,2023-12-27 00:00:00,Yes,63,Female,Female at birth,White,Non-Hispanic,Yes,No,No,No,No,5
131518-92,31,33.94,385141,133759-7,Resident,"Rebound, Illness Day 8",2023-10-11 00:00:00,31,,Positive,Positive,0,3.02168079960799,"Less than 10,000 copies/mL",,,Ct,2023-09-08 00:00:00,2023-09-10 00:00:00,2023-12-27 00:00:00,Yes,63,Female,Female at birth,White,Non-Hispanic,Yes,No,No,No,No,5
131518-92,32,19196.6329797306,385141,133759-7,Resident,"Rebound, Illness Day 9",2023-10-12 00:00:00,32,,Negative,Positive,0,4.28322506169547,Within detectable range,,,VL,2023-09-08 00:00:00,2023-09-10 00:00:00,2023-12-27 00:00:00,Yes,63,Female,Female at birth,White,Non-Hispanic,Yes,No,No,No,No,5
131518-92,32,30.61,385141,133759-7,Resident,"Rebound, Illness Day 9",2023-10-12 00:00:00,32,,Negative,Positive,0,4.28322506169547,Within detectable range,,,Ct,2023-09-08 00:00:00,2023-09-10 00:00:00,2023-12-27 00:00:00,Yes,63,Female,Female at birth,White,Non-Hispanic,Yes,No,No,No,No,5
131518-92,33,12025.553135438,385141,133759-7,Resident,"Rebound, Illness Day 10",2023-10-13 00:00:00,33,,Negative,Positive,0,4.08010506160667,Within detectable range,,,VL,2023-09-08 00:00:00,2023-09-10 00:00:00,2023-12-27 00:00:00,Yes,63,Female,Female at birth,White,Non-Hispanic,Yes,No,No,No,No,5
131518-92,33,31.83,385141,133759-7,Resident,"Rebound, Illness Day 10",2023-10-13 00:00:00,33,,Negative,Positive,0,4.08010506160667,Within detectable range,,,Ct,2023-09-08 00:00:00,2023-09-10 00:00:00,2023-12-27 00:00:00,Yes,63,Female,Female at birth,White,Non-Hispanic,Yes,No,No,No,No,5
131518-92,34,1054.17313452955,385141,133759-7,Resident,"Rebound, Illness Day 11",2023-10-14 00:00:00,34,,Negative,Positive,0,3.02291194407943,"Less than 10,000 copies/mL",,,VL,2023-09-08 00:00:00,2023-09-10 00:00:00,2023-12-27 00:00:00,Yes,63,Female,Female at birth,White,Non-Hispanic,Yes,No,No,No,No,5
131518-92,34,36.84,385141,133759-7,Resident,"Rebound, Illness Day 11",2023-10-14 00:00:00,34,,Negative,Positive,0,3.02291194407943,"Less than 10,000 copies/mL",,,Ct,2023-09-08 00:00:00,2023-09-10 00:00:00,2023-12-27 00:00:00,Yes,63,Female,Female at birth,White,Non-Hispanic,Yes,No,No,No,No,5
131518-92,35,4053.97903330896,385141,133759-7,Resident,"Rebound, Illness Day 12",2023-10-15 00:00:00,35,,Negative,Positive,0,3.60788149824407,"Less than 10,000 copies/mL",,,VL,2023-09-08 00:00:00,2023-09-10 00:00:00,2023-12-27 00:00:00,Yes,63,Female,Female at birth,White,Non-Hispanic,Yes,No,No,No,No,5
131518-92,35,31.4,385141,133759-7,Resident,"Rebound, Illness Day 12",2023-10-15 00:00:00,35,,Negative,Positive,0,3.60788149824407,"Less than 10,000 copies/mL",,,Ct,2023-09-08 00:00:00,2023-09-10 00:00:00,2023-12-27 00:00:00,Yes,63,Female,Female at birth,White,Non-Hispanic,Yes,No,No,No,No,5
131518-92,36,,385141,133759-7,Resident,"Rebound, Illness Day 13",2023-10-16 00:00:00,36,,Negative,Negative,0,,"Undetectable, will not be done",,,VL,2023-09-08 00:00:00,2023-09-10 00:00:00,2023-12-27 00:00:00,Yes,63,Female,Female at birth,White,Non-Hispanic,Yes,No,No,No,No,5
131518-92,36,38.08,385141,133759-7,Resident,"Rebound, Illness Day 13",2023-10-16 00:00:00,36,,Negative,Negative,0,,"Undetectable, will not be done",,,Ct,2023-09-08 00:00:00,2023-09-10 00:00:00,2023-12-27 00:00:00,Yes,63,Female,Female at birth,White,Non-Hispanic,Yes,No,No,No,No,5
131518-92,37,532.226765273789,385141,133759-7,Resident,"Rebound, Illness Day 14",2023-10-17 00:00:00,37,,Negative,Positive,0,2.7260967110993,"Less than 10,000 copies/mL",,,VL,2023-09-08 00:00:00,2023-09-10 00:00:00,2023-12-27 00:00:00,Yes,63,Female,Female at birth,White,Non-Hispanic,Yes,No,No,No,No,5
131518-92,37,31.74,385141,133759-7,Resident,"Rebound, Illness Day 14",2023-10-17 00:00:00,37,,Negative,Positive,0,2.7260967110993,"Less than 10,000 copies/mL",,,Ct,2023-09-08 00:00:00,2023-09-10 00:00:00,2023-12-27 00:00:00,Yes,63,Female,Female at birth,White,Non-Hispanic,Yes,No,No,No,No,5
131518-92,40,4789.71645386861,385141,133759-7,Resident,"Rebound, Op ill w3 t1",2023-10-20 00:00:00,40,,Negative,Positive,0,3.68030980440306,"Less than 10,000 copies/mL",,,VL,2023-09-08 00:00:00,2023-09-10 00:00:00,2023-12-27 00:00:00,Yes,63,Female,Female at birth,White,Non-Hispanic,Yes,No,No,No,No,5
131518-92,40,32.88,385141,133759-7,Resident,"Rebound, Op ill w3 t1",2023-10-20 00:00:00,40,,Negative,Positive,0,3.68030980440306,"Less than 10,000 copies/mL",,,Ct,2023-09-08 00:00:00,2023-09-10 00:00:00,2023-12-27 00:00:00,Yes,63,Female,Female at birth,White,Non-Hispanic,Yes,No,No,No,No,5
131518-92,43,,385141,133759-7,Resident,"Rebound, Op ill w3 t2",2023-10-23 00:00:00,43,,Negative,Negative,0,,"Undetectable, will not be done",,,VL,2023-09-08 00:00:00,2023-09-10 00:00:00,2023-12-27 00:00:00,Yes,63,Female,Female at birth,White,Non-Hispanic,Yes,No,No,No,No,5
131518-92,43,Not available,385141,133759-7,Resident,"Rebound, Op ill w3 t2",2023-10-23 00:00:00,43,,Negative,Negative,0,,"Undetectable, will not be done",,,Ct,2023-09-08 00:00:00,2023-09-10 00:00:00,2023-12-27 00:00:00,Yes,63,Female,Female at birth,White,Non-Hispanic,Yes,No,No,No,No,5
131518-92,47,,385141,133759-7,Resident,"Rebound, Op ill w4 t1",2023-10-27 00:00:00,47,,Negative,Negative,0,,"Undetectable, will not be done",,,VL,2023-09-08 00:00:00,2023-09-10 00:00:00,2023-12-27 00:00:00,Yes,63,Female,Female at birth,White,Non-Hispanic,Yes,No,No,No,No,5
131518-92,47,Not available,385141,133759-7,Resident,"Rebound, Op ill w4 t1",2023-10-27 00:00:00,47,,Negative,Negative,0,,"Undetectable, will not be done",,,Ct,2023-09-08 00:00:00,2023-09-10 00:00:00,2023-12-27 00:00:00,Yes,63,Female,Female at birth,White,Non-Hispanic,Yes,No,No,No,No,5
131518-92,50,,385141,133759-7,Resident,"Rebound, Op ill w4 t2",2023-10-30 00:00:00,50,,Negative,Negative,0,,"Undetectable, will not be done",,,VL,2023-09-08 00:00:00,2023-09-10 00:00:00,2023-12-27 00:00:00,Yes,63,Female,Female at birth,White,Non-Hispanic,Yes,No,No,No,No,5
131518-92,50,Not available,385141,133759-7,Resident,"Rebound, Op ill w4 t2",2023-10-30 00:00:00,50,,Negative,Negative,0,,"Undetectable, will not be done",,,Ct,2023-09-08 00:00:00,2023-09-10 00:00:00,2023-12-27 00:00:00,Yes,63,Female,Female at birth,White,Non-Hispanic,Yes,No,No,No,No,5
131518-92,54,,385141,133759-7,Resident,"Rebound, Op ill week 5",2023-11-03 00:00:00,54,,Negative,Negative,0,,"Undetectable, will not be done",,,VL,2023-09-08 00:00:00,2023-09-10 00:00:00,2023-12-27 00:00:00,Yes,63,Female,Female at birth,White,Non-Hispanic,Yes,No,No,No,No,5
131518-92,54,Not available,385141,133759-7,Resident,"Rebound, Op ill week 5",2023-11-03 00:00:00,54,,Negative,Negative,0,,"Undetectable, will not be done",,,Ct,2023-09-08 00:00:00,2023-09-10 00:00:00,2023-12-27 00:00:00,Yes,63,Female,Female at birth,White,Non-Hispanic,Yes,No,No,No,No,5
131518-92,60,,385141,133759-7,Resident,"Rebound, Op ill week 6",2023-11-09 00:00:00,60,,Negative,Negative,0,,"Undetectable, will not be done",,,VL,2023-09-08 00:00:00,2023-09-10 00:00:00,2023-12-27 00:00:00,Yes,63,Female,Female at birth,White,Non-Hispanic,Yes,No,No,No,No,5
131518-92,60,Not available,385141,133759-7,Resident,"Rebound, Op ill week 6",2023-11-09 00:00:00,60,,Negative,Negative,0,,"Undetectable, will not be done",,,Ct,2023-09-08 00:00:00,2023-09-10 00:00:00,2023-12-27 00:00:00,Yes,63,Female,Female at birth,White,Non-Hispanic,Yes,No,No,No,No,5
131518-92,71,,385141,133759-7,Resident,"Rebound, Op ill week 7",2023-11-20 00:00:00,71,,Negative,Negative,0,,"Undetectable, will not be done",,,VL,2023-09-08 00:00:00,2023-09-10 00:00:00,2023-12-27 00:00:00,Yes,63,Female,Female at birth,White,Non-Hispanic,Yes,No,No,No,No,5
131518-92,71,Not available,385141,133759-7,Resident,"Rebound, Op ill week 7",2023-11-20 00:00:00,71,,Negative,Negative,0,,"Undetectable, will not be done",,,Ct,2023-09-08 00:00:00,2023-09-10 00:00:00,2023-12-27 00:00:00,Yes,63,Female,Female at birth,White,Non-Hispanic,Yes,No,No,No,No,5
131518-92,72,,385141,133759-7,Resident,"Rebound, Op ill week 8",2023-11-21 00:00:00,72,,Inconclusive,Negative,0,,"Undetectable, will not be done",,,VL,2023-09-08 00:00:00,2023-09-10 00:00:00,2023-12-27 00:00:00,Yes,63,Female,Female at birth,White,Non-Hispanic,Yes,No,No,No,No,5
131518-92,72,39.19,385141,133759-7,Resident,"Rebound, Op ill week 8",2023-11-21 00:00:00,72,,Inconclusive,Negative,0,,"Undetectable, will not be done",,,Ct,2023-09-08 00:00:00,2023-09-10 00:00:00,2023-12-27 00:00:00,Yes,63,Female,Female at birth,White,Non-Hispanic,Yes,No,No,No,No,5
131518-92,81,,385141,133759-7,Resident,"Rebound, Op ill week 9",2023-11-30 00:00:00,81,,Negative,Negative,0,,"Undetectable, will not be done",,,VL,2023-09-08 00:00:00,2023-09-10 00:00:00,2023-12-27 00:00:00,Yes,63,Female,Female at birth,White,Non-Hispanic,Yes,No,No,No,No,5
131518-92,81,Not available,385141,133759-7,Resident,"Rebound, Op ill week 9",2023-11-30 00:00:00,81,,Negative,Negative,0,,"Undetectable, will not be done",,,Ct,2023-09-08 00:00:00,2023-09-10 00:00:00,2023-12-27 00:00:00,Yes,63,Female,Female at birth,White,Non-Hispanic,Yes,No,No,No,No,5
131518-92,89,,385141,133759-7,Resident,"Rebound, Op ill week 10",2023-12-08 00:00:00,89,,Negative,Negative,0,,"Undetectable, will not be done",,,VL,2023-09-08 00:00:00,2023-09-10 00:00:00,2023-12-27 00:00:00,Yes,63,Female,Female at birth,White,Non-Hispanic,Yes,No,No,No,No,5
131518-92,89,Not available,385141,133759-7,Resident,"Rebound, Op ill week 10",2023-12-08 00:00:00,89,,Negative,Negative,0,,"Undetectable, will not be done",,,Ct,2023-09-08 00:00:00,2023-09-10 00:00:00,2023-12-27 00:00:00,Yes,63,Female,Female at birth,White,Non-Hispanic,Yes,No,No,No,No,5
131518-92,95,,385141,133759-7,Resident,"Rebound, Op ill week 11",2023-12-14 00:00:00,95,,Inconclusive,Negative,0,,"Undetectable, will not be done",,,VL,2023-09-08 00:00:00,2023-09-10 00:00:00,2023-12-27 00:00:00,Yes,63,Female,Female at birth,White,Non-Hispanic,Yes,No,No,No,No,5
131518-92,95,Not available,385141,133759-7,Resident,"Rebound, Op ill week 11",2023-12-14 00:00:00,95,,Inconclusive,Negative,0,,"Undetectable, will not be done",,,Ct,2023-09-08 00:00:00,2023-09-10 00:00:00,2023-12-27 00:00:00,Yes,63,Female,Female at birth,White,Non-Hispanic,Yes,No,No,No,No,5
131518-92,103,,385141,133759-7,Resident,"Rebound, Op ill week 12",2023-12-22 00:00:00,103,,Negative,Negative,0,,"Undetectable, will not be done",,,VL,2023-09-08 00:00:00,2023-09-10 00:00:00,2023-12-27 00:00:00,Yes,63,Female,Female at birth,White,Non-Hispanic,Yes,No,No,No,No,5
131518-92,103,Not available,385141,133759-7,Resident,"Rebound, Op ill week 12",2023-12-22 00:00:00,103,,Negative,Negative,0,,"Undetectable, will not be done",,,Ct,2023-09-08 00:00:00,2023-09-10 00:00:00,2023-12-27 00:00:00,Yes,63,Female,Female at birth,White,Non-Hispanic,Yes,No,No,No,No,5
131518-92,108,,385141,133759-7,Resident,"Rebound, Op ill week 13",2023-12-27 00:00:00,108,,Negative,Negative,0,,"Undetectable, will not be done",,,VL,2023-09-08 00:00:00,2023-09-10 00:00:00,2023-12-27 00:00:00,Yes,63,Female,Female at birth,White,Non-Hispanic,Yes,No,No,No,No,5
131518-92,108,Not available,385141,133759-7,Resident,"Rebound, Op ill week 13",2023-12-27 00:00:00,108,,Negative,Negative,0,,"Undetectable, will not be done",,,Ct,2023-09-08 00:00:00,2023-09-10 00:00:00,2023-12-27 00:00:00,Yes,63,Female,Female at birth,White,Non-Hispanic,Yes,No,No,No,No,5
131518-110,2,532649194.323363,385218,133759-8,Staff,Illness Day 1,2023-08-24 00:00:00,2,,Positive,Positive,0,8.72644127445092,Within detectable range,Omicron,XBB.1.16.6,VL,2023-08-22 00:00:00,2023-08-22 00:00:00,2023-11-14 00:00:00,Yes,53,Female,Female at birth,American Indian or Alaska Native,Hispanic,No,No,No,No,No,4
131518-110,2,14.63,385218,133759-8,Staff,Illness Day 1,2023-08-24 00:00:00,2,,Positive,Positive,0,8.72644127445092,Within detectable range,Omicron,XBB.1.16.6,Ct,2023-08-22 00:00:00,2023-08-22 00:00:00,2023-11-14 00:00:00,Yes,53,Female,Female at birth,American Indian or Alaska Native,Hispanic,No,No,No,No,No,4
131518-110,2,16848065.8797893,385218,133759-8,Staff,Illness Day 2,2023-08-24 00:00:00,2,,Positive,Positive,0,7.22655005203544,Within detectable range,,,VL,2023-08-22 00:00:00,2023-08-22 00:00:00,2023-11-14 00:00:00,Yes,53,Female,Female at birth,American Indian or Alaska Native,Hispanic,No,No,No,No,No,4
131518-110,2,19.55,385218,133759-8,Staff,Illness Day 2,2023-08-24 00:00:00,2,,Positive,Positive,0,7.22655005203544,Within detectable range,,,Ct,2023-08-22 00:00:00,2023-08-22 00:00:00,2023-11-14 00:00:00,Yes,53,Female,Female at birth,American Indian or Alaska Native,Hispanic,No,No,No,No,No,4
131518-110,3,4509917.60473537,385218,133759-8,Staff,Illness Day 3,2023-08-25 00:00:00,3,,Positive,Positive,0,6.65416860747982,Within detectable range,,,VL,2023-08-22 00:00:00,2023-08-22 00:00:00,2023-11-14 00:00:00,Yes,53,Female,Female at birth,American Indian or Alaska Native,Hispanic,No,No,No,No,No,4
131518-110,3,17.99,385218,133759-8,Staff,Illness Day 3,2023-08-25 00:00:00,3,,Positive,Positive,0,6.65416860747982,Within detectable range,,,Ct,2023-08-22 00:00:00,2023-08-22 00:00:00,2023-11-14 00:00:00,Yes,53,Female,Female at birth,American Indian or Alaska Native,Hispanic,No,No,No,No,No,4
131518-110,4,240623.862673351,385218,133759-8,Staff,Illness Day 4,2023-08-26 00:00:00,4,,Positive,Positive,0,5.38133869413214,Within detectable range,,,VL,2023-08-22 00:00:00,2023-08-22 00:00:00,2023-11-14 00:00:00,Yes,53,Female,Female at birth,American Indian or Alaska Native,Hispanic,No,No,No,No,No,4
131518-110,4,23.64,385218,133759-8,Staff,Illness Day 4,2023-08-26 00:00:00,4,,Positive,Positive,0,5.38133869413214,Within detectable range,,,Ct,2023-08-22 00:00:00,2023-08-22 00:00:00,2023-11-14 00:00:00,Yes,53,Female,Female at birth,American Indian or Alaska Native,Hispanic,No,No,No,No,No,4
131518-110,5,656640.683798837,385218,133759-8,Staff,Illness Day 5,2023-08-27 00:00:00,5,,Positive,Positive,0,5.81732778701649,Within detectable range,,,VL,2023-08-22 00:00:00,2023-08-22 00:00:00,2023-11-14 00:00:00,Yes,53,Female,Female at birth,American Indian or Alaska Native,Hispanic,No,No,No,No,No,4
131518-110,5,25.91,385218,133759-8,Staff,Illness Day 5,2023-08-27 00:00:00,5,,Positive,Positive,0,5.81732778701649,Within detectable range,,,Ct,2023-08-22 00:00:00,2023-08-22 00:00:00,2023-11-14 00:00:00,Yes,53,Female,Female at birth,American Indian or Alaska Native,Hispanic,No,No,No,No,No,4
131518-110,6,3331526.69794871,385218,133759-8,Staff,Illness Day 6,2023-08-28 00:00:00,6,,Positive,Positive,0,6.52264329793594,Within detectable range,,,VL,2023-08-22 00:00:00,2023-08-22 00:00:00,2023-11-14 00:00:00,Yes,53,Female,Female at birth,American Indian or Alaska Native,Hispanic,No,No,No,No,No,4
131518-110,6,22.17,385218,133759-8,Staff,Illness Day 6,2023-08-28 00:00:00,6,,Positive,Positive,0,6.52264329793594,Within detectable range,,,Ct,2023-08-22 00:00:00,2023-08-22 00:00:00,2023-11-14 00:00:00,Yes,53,Female,Female at birth,American Indian or Alaska Native,Hispanic,No,No,No,No,No,4
131518-110,7,244901.176754967,385218,133759-8,Staff,Illness Day 7,2023-08-29 00:00:00,7,,Negative,Positive,0,5.38899087192325,Within detectable range,,,VL,2023-08-22 00:00:00,2023-08-22 00:00:00,2023-11-14 00:00:00,Yes,53,Female,Female at birth,American Indian or Alaska Native,Hispanic,No,No,No,No,No,4
131518-110,7,25.53,385218,133759-8,Staff,Illness Day 7,2023-08-29 00:00:00,7,,Negative,Positive,0,5.38899087192325,Within detectable range,,,Ct,2023-08-22 00:00:00,2023-08-22 00:00:00,2023-11-14 00:00:00,Yes,53,Female,Female at birth,American Indian or Alaska Native,Hispanic,No,No,No,No,No,4
131518-110,8,130585.873716099,385218,133759-8,Staff,Illness Day 8,2023-08-30 00:00:00,8,,Negative,Positive,0,5.11589619915219,Within detectable range,,,VL,2023-08-22 00:00:00,2023-08-22 00:00:00,2023-11-14 00:00:00,Yes,53,Female,Female at birth,American Indian or Alaska Native,Hispanic,No,No,No,No,No,4
131518-110,8,26.96,385218,133759-8,Staff,Illness Day 8,2023-08-30 00:00:00,8,,Negative,Positive,0,5.11589619915219,Within detectable range,,,Ct,2023-08-22 00:00:00,2023-08-22 00:00:00,2023-11-14 00:00:00,Yes,53,Female,Female at birth,American Indian or Alaska Native,Hispanic,No,No,No,No,No,4
131518-110,9,15087.9276650326,385218,133759-8,Staff,Illness Day 9,2023-08-31 00:00:00,9,,Negative,Positive,0,4.17862959329142,Within detectable range,,,VL,2023-08-22 00:00:00,2023-08-22 00:00:00,2023-11-14 00:00:00,Yes,53,Female,Female at birth,American Indian or Alaska Native,Hispanic,No,No,No,No,No,4
131518-110,9,30.21,385218,133759-8,Staff,Illness Day 9,2023-08-31 00:00:00,9,,Negative,Positive,0,4.17862959329142,Within detectable range,,,Ct,2023-08-22 00:00:00,2023-08-22 00:00:00,2023-11-14 00:00:00,Yes,53,Female,Female at birth,American Indian or Alaska Native,Hispanic,No,No,No,No,No,4
131518-110,10,426.292820587259,385218,133759-8,Staff,Illness Day 10,2023-09-01 00:00:00,10,,Negative,Positive,0,2.62970801853596,"Less than 10,000 copies/mL",,,VL,2023-08-22 00:00:00,2023-08-22 00:00:00,2023-11-14 00:00:00,Yes,53,Female,Female at birth,American Indian or Alaska Native,Hispanic,No,No,No,No,No,4
131518-110,10,33.75,385218,133759-8,Staff,Illness Day 10,2023-09-01 00:00:00,10,,Negative,Positive,0,2.62970801853596,"Less than 10,000 copies/mL",,,Ct,2023-08-22 00:00:00,2023-08-22 00:00:00,2023-11-14 00:00:00,Yes,53,Female,Female at birth,American Indian or Alaska Native,Hispanic,No,No,No,No,No,4
131518-110,11,,385218,133759-8,Staff,Illness Day 11,2023-09-02 00:00:00,11,,Negative,Negative,0,,"Undetectable, will not be done",,,VL,2023-08-22 00:00:00,2023-08-22 00:00:00,2023-11-14 00:00:00,Yes,53,Female,Female at birth,American Indian or Alaska Native,Hispanic,No,No,No,No,No,4
131518-110,11,44.24,385218,133759-8,Staff,Illness Day 11,2023-09-02 00:00:00,11,,Negative,Negative,0,,"Undetectable, will not be done",,,Ct,2023-08-22 00:00:00,2023-08-22 00:00:00,2023-11-14 00:00:00,Yes,53,Female,Female at birth,American Indian or Alaska Native,Hispanic,No,No,No,No,No,4
131518-110,12,,385218,133759-8,Staff,Illness Day 12,2023-09-03 00:00:00,12,,Negative,Negative,0,,"Undetectable, will not be done",,,VL,2023-08-22 00:00:00,2023-08-22 00:00:00,2023-11-14 00:00:00,Yes,53,Female,Female at birth,American Indian or Alaska Native,Hispanic,No,No,No,No,No,4
131518-110,12,37.92,385218,133759-8,Staff,Illness Day 12,2023-09-03 00:00:00,12,,Negative,Negative,0,,"Undetectable, will not be done",,,Ct,2023-08-22 00:00:00,2023-08-22 00:00:00,2023-11-14 00:00:00,Yes,53,Female,Female at birth,American Indian or Alaska Native,Hispanic,No,No,No,No,No,4
131518-110,13,,385218,133759-8,Staff,Illness Day 13,2023-09-04 00:00:00,13,,Negative,Negative,0,,"Undetectable, will not be done",,,VL,2023-08-22 00:00:00,2023-08-22 00:00:00,2023-11-14 00:00:00,Yes,53,Female,Female at birth,American Indian or Alaska Native,Hispanic,No,No,No,No,No,4
131518-110,13,Not available,385218,133759-8,Staff,Illness Day 13,2023-09-04 00:00:00,13,,Negative,Negative,0,,"Undetectable, will not be done",,,Ct,2023-08-22 00:00:00,2023-08-22 00:00:00,2023-11-14 00:00:00,Yes,53,Female,Female at birth,American Indian or Alaska Native,Hispanic,No,No,No,No,No,4
131518-110,14,867.916559227321,385218,133759-8,Staff,Illness Day 14,2023-09-05 00:00:00,14,,Negative,Positive,0,2.93847797447485,"Less than 10,000 copies/mL",,,VL,2023-08-22 00:00:00,2023-08-22 00:00:00,2023-11-14 00:00:00,Yes,53,Female,Female at birth,American Indian or Alaska Native,Hispanic,No,No,No,No,No,4
131518-110,14,36.9,385218,133759-8,Staff,Illness Day 14,2023-09-05 00:00:00,14,,Negative,Positive,0,2.93847797447485,"Less than 10,000 copies/mL",,,Ct,2023-08-22 00:00:00,2023-08-22 00:00:00,2023-11-14 00:00:00,Yes,53,Female,Female at birth,American Indian or Alaska Native,Hispanic,No,No,No,No,No,4
131518-110,17,,385218,133759-8,Staff,Op ill w3 t1,2023-09-08 00:00:00,17,,Negative,Negative,0,,"Undetectable, will not be done",,,VL,2023-08-22 00:00:00,2023-08-22 00:00:00,2023-11-14 00:00:00,Yes,53,Female,Female at birth,American Indian or Alaska Native,Hispanic,No,No,No,No,No,4
131518-110,17,Not available,385218,133759-8,Staff,Op ill w3 t1,2023-09-08 00:00:00,17,,Negative,Negative,0,,"Undetectable, will not be done",,,Ct,2023-08-22 00:00:00,2023-08-22 00:00:00,2023-11-14 00:00:00,Yes,53,Female,Female at birth,American Indian or Alaska Native,Hispanic,No,No,No,No,No,4
131518-110,20,,385218,133759-8,Staff,Op ill w3 t2,2023-09-11 00:00:00,20,,Negative,Negative,0,,"Undetectable, will not be done",,,VL,2023-08-22 00:00:00,2023-08-22 00:00:00,2023-11-14 00:00:00,Yes,53,Female,Female at birth,American Indian or Alaska Native,Hispanic,No,No,No,No,No,4
131518-110,20,39.92,385218,133759-8,Staff,Op ill w3 t2,2023-09-11 00:00:00,20,,Negative,Negative,0,,"Undetectable, will not be done",,,Ct,2023-08-22 00:00:00,2023-08-22 00:00:00,2023-11-14 00:00:00,Yes,53,Female,Female at birth,American Indian or Alaska Native,Hispanic,No,No,No,No,No,4
131518-110,24,,385218,133759-8,Staff,Op ill w4 t1,2023-09-15 00:00:00,24,,Negative,Negative,0,,"Undetectable, will not be done",,,VL,2023-08-22 00:00:00,2023-08-22 00:00:00,2023-11-14 00:00:00,Yes,53,Female,Female at birth,American Indian or Alaska Native,Hispanic,No,No,No,No,No,4
131518-110,24,Not available,385218,133759-8,Staff,Op ill w4 t1,2023-09-15 00:00:00,24,,Negative,Negative,0,,"Undetectable, will not be done",,,Ct,2023-08-22 00:00:00,2023-08-22 00:00:00,2023-11-14 00:00:00,Yes,53,Female,Female at birth,American Indian or Alaska Native,Hispanic,No,No,No,No,No,4
131518-110,27,,385218,133759-8,Staff,Op ill w4 t2,2023-09-18 00:00:00,27,,Negative,Negative,0,,"Undetectable, will not be done",,,VL,2023-08-22 00:00:00,2023-08-22 00:00:00,2023-11-14 00:00:00,Yes,53,Female,Female at birth,American Indian or Alaska Native,Hispanic,No,No,No,No,No,4
131518-110,27,Not available,385218,133759-8,Staff,Op ill w4 t2,2023-09-18 00:00:00,27,,Negative,Negative,0,,"Undetectable, will not be done",,,Ct,2023-08-22 00:00:00,2023-08-22 00:00:00,2023-11-14 00:00:00,Yes,53,Female,Female at birth,American Indian or Alaska Native,Hispanic,No,No,No,No,No,4
131518-110,30,,385218,133759-8,Staff,Op ill week 5,2023-09-21 00:00:00,30,,Negative,Negative,0,,"Undetectable, will not be done",,,VL,2023-08-22 00:00:00,2023-08-22 00:00:00,2023-11-14 00:00:00,Yes,53,Female,Female at birth,American Indian or Alaska Native,Hispanic,No,No,No,No,No,4
131518-110,30,Not available,385218,133759-8,Staff,Op ill week 5,2023-09-21 00:00:00,30,,Negative,Negative,0,,"Undetectable, will not be done",,,Ct,2023-08-22 00:00:00,2023-08-22 00:00:00,2023-11-14 00:00:00,Yes,53,Female,Female at birth,American Indian or Alaska Native,Hispanic,No,No,No,No,No,4
131518-110,37,,385218,133759-8,Staff,Op ill week 6,2023-09-28 00:00:00,37,,Negative,Negative,0,,"Undetectable, will not be done",,,VL,2023-08-22 00:00:00,2023-08-22 00:00:00,2023-11-14 00:00:00,Yes,53,Female,Female at birth,American Indian or Alaska Native,Hispanic,No,No,No,No,No,4
131518-110,37,Not available,385218,133759-8,Staff,Op ill week 6,2023-09-28 00:00:00,37,,Negative,Negative,0,,"Undetectable, will not be done",,,Ct,2023-08-22 00:00:00,2023-08-22 00:00:00,2023-11-14 00:00:00,Yes,53,Female,Female at birth,American Indian or Alaska Native,Hispanic,No,No,No,No,No,4
131518-110,52,,385218,133759-8,Staff,Op ill week 8,2023-10-13 00:00:00,52,,Negative,Negative,0,,"Undetectable, will not be done",,,VL,2023-08-22 00:00:00,2023-08-22 00:00:00,2023-11-14 00:00:00,Yes,53,Female,Female at birth,American Indian or Alaska Native,Hispanic,No,No,No,No,No,4
131518-110,52,Not available,385218,133759-8,Staff,Op ill week 8,2023-10-13 00:00:00,52,,Negative,Negative,0,,"Undetectable, will not be done",,,Ct,2023-08-22 00:00:00,2023-08-22 00:00:00,2023-11-14 00:00:00,Yes,53,Female,Female at birth,American Indian or Alaska Native,Hispanic,No,No,No,No,No,4
131518-110,58,,385218,133759-8,Staff,Op ill week 9,2023-10-19 00:00:00,58,,Negative,Negative,0,,"Undetectable, will not be done",,,VL,2023-08-22 00:00:00,2023-08-22 00:00:00,2023-11-14 00:00:00,Yes,53,Female,Female at birth,American Indian or Alaska Native,Hispanic,No,No,No,No,No,4
131518-110,58,Not available,385218,133759-8,Staff,Op ill week 9,2023-10-19 00:00:00,58,,Negative,Negative,0,,"Undetectable, will not be done",,,Ct,2023-08-22 00:00:00,2023-08-22 00:00:00,2023-11-14 00:00:00,Yes,53,Female,Female at birth,American Indian or Alaska Native,Hispanic,No,No,No,No,No,4
131518-110,66,,385218,133759-8,Staff,Op ill week 10,2023-10-27 00:00:00,66,,Negative,Negative,0,,"Undetectable, will not be done",,,VL,2023-08-22 00:00:00,2023-08-22 00:00:00,2023-11-14 00:00:00,Yes,53,Female,Female at birth,American Indian or Alaska Native,Hispanic,No,No,No,No,No,4
131518-110,66,Not available,385218,133759-8,Staff,Op ill week 10,2023-10-27 00:00:00,66,,Negative,Negative,0,,"Undetectable, will not be done",,,Ct,2023-08-22 00:00:00,2023-08-22 00:00:00,2023-11-14 00:00:00,Yes,53,Female,Female at birth,American Indian or Alaska Native,Hispanic,No,No,No,No,No,4
131518-110,75,,385218,133759-8,Staff,Op ill week 11,2023-11-05 00:00:00,75,,Negative,Negative,0,,"Undetectable, will not be done",,,VL,2023-08-22 00:00:00,2023-08-22 00:00:00,2023-11-14 00:00:00,Yes,53,Female,Female at birth,American Indian or Alaska Native,Hispanic,No,No,No,No,No,4
131518-110,75,Not available,385218,133759-8,Staff,Op ill week 11,2023-11-05 00:00:00,75,,Negative,Negative,0,,"Undetectable, will not be done",,,Ct,2023-08-22 00:00:00,2023-08-22 00:00:00,2023-11-14 00:00:00,Yes,53,Female,Female at birth,American Indian or Alaska Native,Hispanic,No,No,No,No,No,4
131518-110,83,,385218,133759-8,Staff,Op ill week 12,2023-11-13 00:00:00,83,,Negative,Negative,0,,"Undetectable, will not be done",,,VL,2023-08-22 00:00:00,2023-08-22 00:00:00,2023-11-14 00:00:00,Yes,53,Female,Female at birth,American Indian or Alaska Native,Hispanic,No,No,No,No,No,4
131518-110,83,Not available,385218,133759-8,Staff,Op ill week 12,2023-11-13 00:00:00,83,,Negative,Negative,0,,"Undetectable, will not be done",,,Ct,2023-08-22 00:00:00,2023-08-22 00:00:00,2023-11-14 00:00:00,Yes,53,Female,Female at birth,American Indian or Alaska Native,Hispanic,No,No,No,No,No,4
131518-110,84,,385218,133759-8,Staff,Op ill week 13,2023-11-14 00:00:00,84,,Negative,Negative,0,,"Undetectable, will not be done",,,VL,2023-08-22 00:00:00,2023-08-22 00:00:00,2023-11-14 00:00:00,Yes,53,Female,Female at birth,American Indian or Alaska Native,Hispanic,No,No,No,No,No,4
131518-110,84,Not available,385218,133759-8,Staff,Op ill week 13,2023-11-14 00:00:00,84,,Negative,Negative,0,,"Undetectable, will not be done",,,Ct,2023-08-22 00:00:00,2023-08-22 00:00:00,2023-11-14 00:00:00,Yes,53,Female,Female at birth,American Indian or Alaska Native,Hispanic,No,No,No,No,No,4
131519-102,5,323360.858333456,235224,133760-11,Resident,Illness Day 5,2023-10-24 00:00:00,5,,Positive,Positive,0,5.50968744896993,Within detectable range,,,VL,2023-08-16 00:00:00,2023-10-19 00:00:00,2024-01-15 00:00:00,Yes,90,Female,Female at birth,White,Non-Hispanic,No,No,Yes,No,No,5
131519-102,5,24.04,235224,133760-11,Resident,Illness Day 5,2023-10-24 00:00:00,5,,Positive,Positive,0,5.50968744896993,Within detectable range,,,Ct,2023-08-16 00:00:00,2023-10-19 00:00:00,2024-01-15 00:00:00,Yes,90,Female,Female at birth,White,Non-Hispanic,No,No,Yes,No,No,5
131519-102,6,10339.2781471711,235224,133760-11,Resident,Illness Day 6,2023-10-25 00:00:00,6,,Negative,Positive,0,4.01449021886975,Within detectable range,,,VL,2023-08-16 00:00:00,2023-10-19 00:00:00,2024-01-15 00:00:00,Yes,90,Female,Female at birth,White,Non-Hispanic,No,No,Yes,No,No,5
131519-102,6,28.58,235224,133760-11,Resident,Illness Day 6,2023-10-25 00:00:00,6,,Negative,Positive,0,4.01449021886975,Within detectable range,,,Ct,2023-08-16 00:00:00,2023-10-19 00:00:00,2024-01-15 00:00:00,Yes,90,Female,Female at birth,White,Non-Hispanic,No,No,Yes,No,No,5
131519-102,7,51891759.2557537,235224,133760-11,Resident,Illness Day 7,2023-10-26 00:00:00,7,,Positive,Positive,0,7.71509839457457,Within detectable range,Omicron,EG.6.1,VL,2023-08-16 00:00:00,2023-10-19 00:00:00,2024-01-15 00:00:00,Yes,90,Female,Female at birth,White,Non-Hispanic,No,No,Yes,No,No,5
131519-102,7,17.16,235224,133760-11,Resident,Illness Day 7,2023-10-26 00:00:00,7,,Positive,Positive,0,7.71509839457457,Within detectable range,Omicron,EG.6.1,Ct,2023-08-16 00:00:00,2023-10-19 00:00:00,2024-01-15 00:00:00,Yes,90,Female,Female at birth,White,Non-Hispanic,No,No,Yes,No,No,5
131519-102,8,5236022.89395035,235224,133760-11,Resident,Illness Day 8,2023-10-27 00:00:00,8,,Positive,Positive,0,6.71900153678907,Within detectable range,,,VL,2023-08-16 00:00:00,2023-10-19 00:00:00,2024-01-15 00:00:00,Yes,90,Female,Female at birth,White,Non-Hispanic,No,No,Yes,No,No,5
131519-102,8,20.17,235224,133760-11,Resident,Illness Day 8,2023-10-27 00:00:00,8,,Positive,Positive,0,6.71900153678907,Within detectable range,,,Ct,2023-08-16 00:00:00,2023-10-19 00:00:00,2024-01-15 00:00:00,Yes,90,Female,Female at birth,White,Non-Hispanic,No,No,Yes,No,No,5
131519-102,9,1652030.11806377,235224,133760-11,Resident,Illness Day 9,2023-10-28 00:00:00,9,,Positive,Positive,0,6.21801796065366,Within detectable range,,,VL,2023-08-16 00:00:00,2023-10-19 00:00:00,2024-01-15 00:00:00,Yes,90,Female,Female at birth,White,Non-Hispanic,No,No,Yes,No,No,5
131519-102,9,20.85,235224,133760-11,Resident,Illness Day 9,2023-10-28 00:00:00,9,,Positive,Positive,0,6.21801796065366,Within detectable range,,,Ct,2023-08-16 00:00:00,2023-10-19 00:00:00,2024-01-15 00:00:00,Yes,90,Female,Female at birth,White,Non-Hispanic,No,No,Yes,No,No,5
131519-102,10,10911916.2980195,235224,133760-11,Resident,Illness Day 10,2023-10-29 00:00:00,10,,Positive,Positive,0,7.03790102598472,Within detectable range,,,VL,2023-08-16 00:00:00,2023-10-19 00:00:00,2024-01-15 00:00:00,Yes,90,Female,Female at birth,White,Non-Hispanic,No,No,Yes,No,No,5
131519-102,10,18.56,235224,133760-11,Resident,Illness Day 10,2023-10-29 00:00:00,10,,Positive,Positive,0,7.03790102598472,Within detectable range,,,Ct,2023-08-16 00:00:00,2023-10-19 00:00:00,2024-01-15 00:00:00,Yes,90,Female,Female at birth,White,Non-Hispanic,No,No,Yes,No,No,5
131519-102,11,12127478.0853371,235224,133760-11,Resident,Illness Day 11,2023-10-30 00:00:00,11,,Negative,Positive,0,7.08377049851758,Within detectable range,,,VL,2023-08-16 00:00:00,2023-10-19 00:00:00,2024-01-15 00:00:00,Yes,90,Female,Female at birth,White,Non-Hispanic,No,No,Yes,No,No,5
131519-102,11,18.86,235224,133760-11,Resident,Illness Day 11,2023-10-30 00:00:00,11,,Negative,Positive,0,7.08377049851758,Within detectable range,,,Ct,2023-08-16 00:00:00,2023-10-19 00:00:00,2024-01-15 00:00:00,Yes,90,Female,Female at birth,White,Non-Hispanic,No,No,Yes,No,No,5
131519-102,12,4757677.37022139,235224,133760-11,Resident,Illness Day 12,2023-10-31 00:00:00,12,,Inconclusive,Positive,0,6.67739498812511,Within detectable range,,,VL,2023-08-16 00:00:00,2023-10-19 00:00:00,2024-01-15 00:00:00,Yes,90,Female,Female at birth,White,Non-Hispanic,No,No,Yes,No,No,5
131519-102,12,20.46,235224,133760-11,Resident,Illness Day 12,2023-10-31 00:00:00,12,,Inconclusive,Positive,0,6.67739498812511,Within detectable range,,,Ct,2023-08-16 00:00:00,2023-10-19 00:00:00,2024-01-15 00:00:00,Yes,90,Female,Female at birth,White,Non-Hispanic,No,No,Yes,No,No,5
131519-102,13,22498148.2564167,235224,133760-11,Resident,Illness Day 13,2023-11-01 00:00:00,13,,Positive,Positive,0,7.35214677432849,Within detectable range,,,VL,2023-08-16 00:00:00,2023-10-19 00:00:00,2024-01-15 00:00:00,Yes,90,Female,Female at birth,White,Non-Hispanic,No,No,Yes,No,No,5
131519-102,13,18.27,235224,133760-11,Resident,Illness Day 13,2023-11-01 00:00:00,13,,Positive,Positive,0,7.35214677432849,Within detectable range,,,Ct,2023-08-16 00:00:00,2023-10-19 00:00:00,2024-01-15 00:00:00,Yes,90,Female,Female at birth,White,Non-Hispanic,No,No,Yes,No,No,5
131519-102,14,11181350.5245878,235224,133760-11,Resident,Illness Day 14,2023-11-02 00:00:00,14,,Positive,Positive,0,7.04849426240134,Within detectable range,,,VL,2023-08-16 00:00:00,2023-10-19 00:00:00,2024-01-15 00:00:00,Yes,90,Female,Female at birth,White,Non-Hispanic,No,No,Yes,No,No,5
131519-102,14,18.64,235224,133760-11,Resident,Illness Day 14,2023-11-02 00:00:00,14,,Positive,Positive,0,7.04849426240134,Within detectable range,,,Ct,2023-08-16 00:00:00,2023-10-19 00:00:00,2024-01-15 00:00:00,Yes,90,Female,Female at birth,White,Non-Hispanic,No,No,Yes,No,No,5
131519-102,18,55411293.4635988,235224,133760-11,Resident,Op ill w3 t1,2023-11-06 00:00:00,18,,Positive,Positive,0,7.74359828799689,Within detectable range,,,VL,2023-08-16 00:00:00,2023-10-19 00:00:00,2024-01-15 00:00:00,Yes,90,Female,Female at birth,White,Non-Hispanic,No,No,Yes,No,No,5
131519-102,18,17.92,235224,133760-11,Resident,Op ill w3 t1,2023-11-06 00:00:00,18,,Positive,Positive,0,7.74359828799689,Within detectable range,,,Ct,2023-08-16 00:00:00,2023-10-19 00:00:00,2024-01-15 00:00:00,Yes,90,Female,Female at birth,White,Non-Hispanic,No,No,Yes,No,No,5
131519-102,21,378044.583297919,235224,133760-11,Resident,Op ill w3 t2,2023-11-09 00:00:00,21,,Inconclusive,Positive,0,5.57754301978039,Within detectable range,,,VL,2023-08-16 00:00:00,2023-10-19 00:00:00,2024-01-15 00:00:00,Yes,90,Female,Female at birth,White,Non-Hispanic,No,No,Yes,No,No,5
131519-102,21,23.94,235224,133760-11,Resident,Op ill w3 t2,2023-11-09 00:00:00,21,,Inconclusive,Positive,0,5.57754301978039,Within detectable range,,,Ct,2023-08-16 00:00:00,2023-10-19 00:00:00,2024-01-15 00:00:00,Yes,90,Female,Female at birth,White,Non-Hispanic,No,No,Yes,No,No,5
131519-102,25,6392759.81419862,235224,133760-11,Resident,Op ill w4 t1,2023-11-13 00:00:00,25,,Positive,Positive,0,6.80568838762991,Within detectable range,,,VL,2023-08-16 00:00:00,2023-10-19 00:00:00,2024-01-15 00:00:00,Yes,90,Female,Female at birth,White,Non-Hispanic,No,No,Yes,No,No,5
131519-102,25,18.73,235224,133760-11,Resident,Op ill w4 t1,2023-11-13 00:00:00,25,,Positive,Positive,0,6.80568838762991,Within detectable range,,,Ct,2023-08-16 00:00:00,2023-10-19 00:00:00,2024-01-15 00:00:00,Yes,90,Female,Female at birth,White,Non-Hispanic,No,No,Yes,No,No,5
131519-102,28,388477.741016135,235224,133760-11,Resident,Op ill w4 t2,2023-11-16 00:00:00,28,,Inconclusive,Positive,0,5.58936613965995,Within detectable range,Omicron,EG.6.1,VL,2023-08-16 00:00:00,2023-10-19 00:00:00,2024-01-15 00:00:00,Yes,90,Female,Female at birth,White,Non-Hispanic,No,No,Yes,No,No,5
131519-102,28,23.88,235224,133760-11,Resident,Op ill w4 t2,2023-11-16 00:00:00,28,,Inconclusive,Positive,0,5.58936613965995,Within detectable range,Omicron,EG.6.1,Ct,2023-08-16 00:00:00,2023-10-19 00:00:00,2024-01-15 00:00:00,Yes,90,Female,Female at birth,White,Non-Hispanic,No,No,Yes,No,No,5
131519-102,32,42449.854803644,235224,133760-11,Resident,Op ill week 5,2023-11-20 00:00:00,32,,Inconclusive,Positive,0,4.62787620911274,Within detectable range,,,VL,2023-08-16 00:00:00,2023-10-19 00:00:00,2024-01-15 00:00:00,Yes,90,Female,Female at birth,White,Non-Hispanic,No,No,Yes,No,No,5
131519-102,32,28.23,235224,133760-11,Resident,Op ill week 5,2023-11-20 00:00:00,32,,Inconclusive,Positive,0,4.62787620911274,Within detectable range,,,Ct,2023-08-16 00:00:00,2023-10-19 00:00:00,2024-01-15 00:00:00,Yes,90,Female,Female at birth,White,Non-Hispanic,No,No,Yes,No,No,5
131519-102,41,,235224,133760-11,Resident,Op ill week 6,2023-11-29 00:00:00,41,,Inconclusive,Positive,0,,"VL run, not detected",,,VL,2023-08-16 00:00:00,2023-10-19 00:00:00,2024-01-15 00:00:00,Yes,90,Female,Female at birth,White,Non-Hispanic,No,No,Yes,No,No,5
131519-102,41,35.51,235224,133760-11,Resident,Op ill week 6,2023-11-29 00:00:00,41,,Inconclusive,Positive,0,,"VL run, not detected",,,Ct,2023-08-16 00:00:00,2023-10-19 00:00:00,2024-01-15 00:00:00,Yes,90,Female,Female at birth,White,Non-Hispanic,No,No,Yes,No,No,5
131519-102,49,,235224,133760-11,Resident,Op ill week 7,2023-12-07 00:00:00,49,,Inconclusive,Positive,0,,"VL run, not detected",,,VL,2023-08-16 00:00:00,2023-10-19 00:00:00,2024-01-15 00:00:00,Yes,90,Female,Female at birth,White,Non-Hispanic,No,No,Yes,No,No,5
131519-102,49,32.96,235224,133760-11,Resident,Op ill week 7,2023-12-07 00:00:00,49,,Inconclusive,Positive,0,,"VL run, not detected",,,Ct,2023-08-16 00:00:00,2023-10-19 00:00:00,2024-01-15 00:00:00,Yes,90,Female,Female at birth,White,Non-Hispanic,No,No,Yes,No,No,5
131519-102,56,,235224,133760-11,Resident,Op ill week 8,2023-12-14 00:00:00,56,,Inconclusive,Negative,0,,"Undetectable, will not be done",,,VL,2023-08-16 00:00:00,2023-10-19 00:00:00,2024-01-15 00:00:00,Yes,90,Female,Female at birth,White,Non-Hispanic,No,No,Yes,No,No,5
131519-102,56,Not available,235224,133760-11,Resident,Op ill week 8,2023-12-14 00:00:00,56,,Inconclusive,Negative,0,,"Undetectable, will not be done",,,Ct,2023-08-16 00:00:00,2023-10-19 00:00:00,2024-01-15 00:00:00,Yes,90,Female,Female at birth,White,Non-Hispanic,No,No,Yes,No,No,5
131519-102,61,,235224,133760-11,Resident,Op ill week 9,2023-12-19 00:00:00,61,,Inconclusive,Negative,0,,"Undetectable, will not be done",,,VL,2023-08-16 00:00:00,2023-10-19 00:00:00,2024-01-15 00:00:00,Yes,90,Female,Female at birth,White,Non-Hispanic,No,No,Yes,No,No,5
131519-102,61,Not available,235224,133760-11,Resident,Op ill week 9,2023-12-19 00:00:00,61,,Inconclusive,Negative,0,,"Undetectable, will not be done",,,Ct,2023-08-16 00:00:00,2023-10-19 00:00:00,2024-01-15 00:00:00,Yes,90,Female,Female at birth,White,Non-Hispanic,No,No,Yes,No,No,5
131519-102,68,,235224,133760-11,Resident,Op ill week 10,2023-12-26 00:00:00,68,,Negative,Negative,0,,"Undetectable, will not be done",,,VL,2023-08-16 00:00:00,2023-10-19 00:00:00,2024-01-15 00:00:00,Yes,90,Female,Female at birth,White,Non-Hispanic,No,No,Yes,No,No,5
131519-102,68,Not available,235224,133760-11,Resident,Op ill week 10,2023-12-26 00:00:00,68,,Negative,Negative,0,,"Undetectable, will not be done",,,Ct,2023-08-16 00:00:00,2023-10-19 00:00:00,2024-01-15 00:00:00,Yes,90,Female,Female at birth,White,Non-Hispanic,No,No,Yes,No,No,5
131519-102,77,,235224,133760-11,Resident,Op ill week 11,2024-01-04 00:00:00,77,,Negative,Negative,0,,"Undetectable, will not be done",,,VL,2023-08-16 00:00:00,2023-10-19 00:00:00,2024-01-15 00:00:00,Yes,90,Female,Female at birth,White,Non-Hispanic,No,No,Yes,No,No,5
131519-102,77,Not available,235224,133760-11,Resident,Op ill week 11,2024-01-04 00:00:00,77,,Negative,Negative,0,,"Undetectable, will not be done",,,Ct,2023-08-16 00:00:00,2023-10-19 00:00:00,2024-01-15 00:00:00,Yes,90,Female,Female at birth,White,Non-Hispanic,No,No,Yes,No,No,5
131519-102,81,,235224,133760-11,Resident,Op ill week 12,2024-01-08 00:00:00,81,,Inconclusive,Negative,0,,"Undetectable, will not be done",,,VL,2023-08-16 00:00:00,2023-10-19 00:00:00,2024-01-15 00:00:00,Yes,90,Female,Female at birth,White,Non-Hispanic,No,No,Yes,No,No,5
131519-102,81,Not available,235224,133760-11,Resident,Op ill week 12,2024-01-08 00:00:00,81,,Inconclusive,Negative,0,,"Undetectable, will not be done",,,Ct,2023-08-16 00:00:00,2023-10-19 00:00:00,2024-01-15 00:00:00,Yes,90,Female,Female at birth,White,Non-Hispanic,No,No,Yes,No,No,5
131519-102,88,,235224,133760-11,Resident,Op ill week 13,2024-01-15 00:00:00,88,,Inconclusive,Negative,0,,"Undetectable, will not be done",,,VL,2023-08-16 00:00:00,2023-10-19 00:00:00,2024-01-15 00:00:00,Yes,90,Female,Female at birth,White,Non-Hispanic,No,No,Yes,No,No,5
131519-102,88,Not available,235224,133760-11,Resident,Op ill week 13,2024-01-15 00:00:00,88,,Inconclusive,Negative,0,,"Undetectable, will not be done",,,Ct,2023-08-16 00:00:00,2023-10-19 00:00:00,2024-01-15 00:00:00,Yes,90,Female,Female at birth,White,Non-Hispanic,No,No,Yes,No,No,5
131519-126,1,2258351880.34575,235224,133760-11,Resident,Illness Day 1,2023-10-15 00:00:00,1,1,Positive,Positive,0,9.35379161154209,More than 1 billion copies/mL,Omicron,EG.6.1,VL,2023-08-22 00:00:00,2023-10-14 00:00:00,2024-01-08 00:00:00,Yes,90,Female,Female at birth,White,Non-Hispanic,No,No,Yes,No,No,1
131519-126,1,12.15,235224,133760-11,Resident,Illness Day 1,2023-10-15 00:00:00,1,1,Positive,Positive,0,9.35379161154209,More than 1 billion copies/mL,Omicron,EG.6.1,Ct,2023-08-22 00:00:00,2023-10-14 00:00:00,2024-01-08 00:00:00,Yes,90,Female,Female at birth,White,Non-Hispanic,No,No,Yes,No,No,1
131519-126,2,24484665.9779938,235224,133760-11,Resident,Illness Day 2,2023-10-16 00:00:00,2,,Positive,Positive,0,7.38889418371043,Within detectable range,,,VL,2023-08-22 00:00:00,2023-10-14 00:00:00,2024-01-08 00:00:00,Yes,90,Female,Female at birth,White,Non-Hispanic,No,No,Yes,No,No,1
131519-126,2,17.67,235224,133760-11,Resident,Illness Day 2,2023-10-16 00:00:00,2,,Positive,Positive,0,7.38889418371043,Within detectable range,,,Ct,2023-08-22 00:00:00,2023-10-14 00:00:00,2024-01-08 00:00:00,Yes,90,Female,Female at birth,White,Non-Hispanic,No,No,Yes,No,No,1
131519-126,3,1645469.92057686,235224,133760-11,Resident,Illness Day 3,2023-10-17 00:00:00,3,,Positive,Positive,0,6.21628994773833,Within detectable range,,,VL,2023-08-22 00:00:00,2023-10-14 00:00:00,2024-01-08 00:00:00,Yes,90,Female,Female at birth,White,Non-Hispanic,No,No,Yes,No,No,1
131519-126,3,21.79,235224,133760-11,Resident,Illness Day 3,2023-10-17 00:00:00,3,,Positive,Positive,0,6.21628994773833,Within detectable range,,,Ct,2023-08-22 00:00:00,2023-10-14 00:00:00,2024-01-08 00:00:00,Yes,90,Female,Female at birth,White,Non-Hispanic,No,No,Yes,No,No,1
131519-126,4,140825.158810223,235224,133760-11,Resident,Illness Day 4,2023-10-18 00:00:00,4,,Positive,Positive,0,5.14868024966677,Within detectable range,,,VL,2023-08-22 00:00:00,2023-10-14 00:00:00,2024-01-08 00:00:00,Yes,90,Female,Female at birth,White,Non-Hispanic,No,No,Yes,No,No,1
131519-126,4,24.5,235224,133760-11,Resident,Illness Day 4,2023-10-18 00:00:00,4,,Positive,Positive,0,5.14868024966677,Within detectable range,,,Ct,2023-08-22 00:00:00,2023-10-14 00:00:00,2024-01-08 00:00:00,Yes,90,Female,Female at birth,White,Non-Hispanic,No,No,Yes,No,No,1
131519-126,5,71285.0073704327,235224,133760-11,Resident,Illness Day 5,2023-10-19 00:00:00,5,,Positive,Positive,0,4.85299819884261,Within detectable range,,,VL,2023-08-22 00:00:00,2023-10-14 00:00:00,2024-01-08 00:00:00,Yes,90,Female,Female at birth,White,Non-Hispanic,No,No,Yes,No,No,1
131519-126,5,26.35,235224,133760-11,Resident,Illness Day 5,2023-10-19 00:00:00,5,,Positive,Positive,0,4.85299819884261,Within detectable range,,,Ct,2023-08-22 00:00:00,2023-10-14 00:00:00,2024-01-08 00:00:00,Yes,90,Female,Female at birth,White,Non-Hispanic,No,No,Yes,No,No,1
131519-126,6,6347.61541006928,235224,133760-11,Resident,Illness Day 6,2023-10-20 00:00:00,6,,Negative,Positive,0,3.80261060580422,"Less than 10,000 copies/mL",,,VL,2023-08-22 00:00:00,2023-10-14 00:00:00,2024-01-08 00:00:00,Yes,90,Female,Female at birth,White,Non-Hispanic,No,No,Yes,No,No,1
131519-126,6,30.45,235224,133760-11,Resident,Illness Day 6,2023-10-20 00:00:00,6,,Negative,Positive,0,3.80261060580422,"Less than 10,000 copies/mL",,,Ct,2023-08-22 00:00:00,2023-10-14 00:00:00,2024-01-08 00:00:00,Yes,90,Female,Female at birth,White,Non-Hispanic,No,No,Yes,No,No,1
131519-126,7,3720.31946398094,235224,133760-11,Resident,Illness Day 7,2023-10-21 00:00:00,7,,Negative,Positive,0,3.57058023436766,"Less than 10,000 copies/mL",,,VL,2023-08-22 00:00:00,2023-10-14 00:00:00,2024-01-08 00:00:00,Yes,90,Female,Female at birth,White,Non-Hispanic,No,No,Yes,No,No,1
131519-126,7,32.03,235224,133760-11,Resident,Illness Day 7,2023-10-21 00:00:00,7,,Negative,Positive,0,3.57058023436766,"Less than 10,000 copies/mL",,,Ct,2023-08-22 00:00:00,2023-10-14 00:00:00,2024-01-08 00:00:00,Yes,90,Female,Female at birth,White,Non-Hispanic,No,No,Yes,No,No,1
131519-126,8,337.881366258357,235224,133760-11,Resident,Illness Day 8,2023-10-22 00:00:00,8,,Negative,Positive,0,2.52876424162895,"Less than 10,000 copies/mL",,,VL,2023-08-22 00:00:00,2023-10-14 00:00:00,2024-01-08 00:00:00,Yes,90,Female,Female at birth,White,Non-Hispanic,No,No,Yes,No,No,1
131519-126,8,35.1,235224,133760-11,Resident,Illness Day 8,2023-10-22 00:00:00,8,,Negative,Positive,0,2.52876424162895,"Less than 10,000 copies/mL",,,Ct,2023-08-22 00:00:00,2023-10-14 00:00:00,2024-01-08 00:00:00,Yes,90,Female,Female at birth,White,Non-Hispanic,No,No,Yes,No,No,1
131519-126,9,267.631497062458,235224,133760-11,Resident,Illness Day 9,2023-10-23 00:00:00,9,,Negative,Positive,0,2.4275372234286,"Less than 10,000 copies/mL",,,VL,2023-08-22 00:00:00,2023-10-14 00:00:00,2024-01-08 00:00:00,Yes,90,Female,Female at birth,White,Non-Hispanic,No,No,Yes,No,No,1
131519-126,9,35.45,235224,133760-11,Resident,Illness Day 9,2023-10-23 00:00:00,9,,Negative,Positive,0,2.4275372234286,"Less than 10,000 copies/mL",,,Ct,2023-08-22 00:00:00,2023-10-14 00:00:00,2024-01-08 00:00:00,Yes,90,Female,Female at birth,White,Non-Hispanic,No,No,Yes,No,No,1
131519-126,10,1485.23549251055,235224,133760-11,Resident,Illness Day 10,2023-10-24 00:00:00,10,,Negative,Positive,0,3.17179531896599,"Less than 10,000 copies/mL",,,VL,2023-08-22 00:00:00,2023-10-14 00:00:00,2024-01-08 00:00:00,Yes,90,Female,Female at birth,White,Non-Hispanic,No,No,Yes,No,No,1
131519-126,10,33.08,235224,133760-11,Resident,Illness Day 10,2023-10-24 00:00:00,10,,Negative,Positive,0,3.17179531896599,"Less than 10,000 copies/mL",,,Ct,2023-08-22 00:00:00,2023-10-14 00:00:00,2024-01-08 00:00:00,Yes,90,Female,Female at birth,White,Non-Hispanic,No,No,Yes,No,No,1
131519-126,11,,235224,133760-11,Resident,Illness Day 11,2023-10-25 00:00:00,11,,Negative,Negative,0,,"Undetectable, will not be done",,,VL,2023-08-22 00:00:00,2023-10-14 00:00:00,2024-01-08 00:00:00,Yes,90,Female,Female at birth,White,Non-Hispanic,No,No,Yes,No,No,1
131519-126,11,39.43,235224,133760-11,Resident,Illness Day 11,2023-10-25 00:00:00,11,,Negative,Negative,0,,"Undetectable, will not be done",,,Ct,2023-08-22 00:00:00,2023-10-14 00:00:00,2024-01-08 00:00:00,Yes,90,Female,Female at birth,White,Non-Hispanic,No,No,Yes,No,No,1
131519-126,12,4639.2486872966,235224,133760-11,Resident,Illness Day 12,2023-10-26 00:00:00,12,,Negative,Positive,0,3.66644765353316,"Less than 10,000 copies/mL",,,VL,2023-08-22 00:00:00,2023-10-14 00:00:00,2024-01-08 00:00:00,Yes,90,Female,Female at birth,White,Non-Hispanic,No,No,Yes,No,No,1
131519-126,12,31.92,235224,133760-11,Resident,Illness Day 12,2023-10-26 00:00:00,12,,Negative,Positive,0,3.66644765353316,"Less than 10,000 copies/mL",,,Ct,2023-08-22 00:00:00,2023-10-14 00:00:00,2024-01-08 00:00:00,Yes,90,Female,Female at birth,White,Non-Hispanic,No,No,Yes,No,No,1
131519-126,13,,235224,133760-11,Resident,Illness Day 13,2023-10-27 00:00:00,13,,Negative,Negative,0,,"Undetectable, will not be done",,,VL,2023-08-22 00:00:00,2023-10-14 00:00:00,2024-01-08 00:00:00,Yes,90,Female,Female at birth,White,Non-Hispanic,No,No,Yes,No,No,1
131519-126,13,Not available,235224,133760-11,Resident,Illness Day 13,2023-10-27 00:00:00,13,,Negative,Negative,0,,"Undetectable, will not be done",,,Ct,2023-08-22 00:00:00,2023-10-14 00:00:00,2024-01-08 00:00:00,Yes,90,Female,Female at birth,White,Non-Hispanic,No,No,Yes,No,No,1
131519-126,14,,235224,133760-11,Resident,Illness Day 14,2023-10-28 00:00:00,14,,Negative,Negative,0,,"Undetectable, will not be done",,,VL,2023-08-22 00:00:00,2023-10-14 00:00:00,2024-01-08 00:00:00,Yes,90,Female,Female at birth,White,Non-Hispanic,No,No,Yes,No,No,1
131519-126,14,37.78,235224,133760-11,Resident,Illness Day 14,2023-10-28 00:00:00,14,,Negative,Negative,0,,"Undetectable, will not be done",,,Ct,2023-08-22 00:00:00,2023-10-14 00:00:00,2024-01-08 00:00:00,Yes,90,Female,Female at birth,White,Non-Hispanic,No,No,Yes,No,No,1
131519-126,16,,235224,133760-11,Resident,Op ill w3 t1,2023-10-30 00:00:00,16,,Negative,Negative,0,,"Undetectable, will not be done",,,VL,2023-08-22 00:00:00,2023-10-14 00:00:00,2024-01-08 00:00:00,Yes,90,Female,Female at birth,White,Non-Hispanic,No,No,Yes,No,No,1
131519-126,16,38.36,235224,133760-11,Resident,Op ill w3 t1,2023-10-30 00:00:00,16,,Negative,Negative,0,,"Undetectable, will not be done",,,Ct,2023-08-22 00:00:00,2023-10-14 00:00:00,2024-01-08 00:00:00,Yes,90,Female,Female at birth,White,Non-Hispanic,No,No,Yes,No,No,1
131519-126,19,,235224,133760-11,Resident,Op ill w3 t2,2023-11-02 00:00:00,19,,Negative,Negative,0,,"Undetectable, will not be done",,,VL,2023-08-22 00:00:00,2023-10-14 00:00:00,2024-01-08 00:00:00,Yes,90,Female,Female at birth,White,Non-Hispanic,No,No,Yes,No,No,1
131519-126,19,Not available,235224,133760-11,Resident,Op ill w3 t2,2023-11-02 00:00:00,19,,Negative,Negative,0,,"Undetectable, will not be done",,,Ct,2023-08-22 00:00:00,2023-10-14 00:00:00,2024-01-08 00:00:00,Yes,90,Female,Female at birth,White,Non-Hispanic,No,No,Yes,No,No,1
131519-126,23,,235224,133760-11,Resident,Op ill w4 t1,2023-11-06 00:00:00,23,,Negative,Negative,0,,"Undetectable, will not be done",,,VL,2023-08-22 00:00:00,2023-10-14 00:00:00,2024-01-08 00:00:00,Yes,90,Female,Female at birth,White,Non-Hispanic,No,No,Yes,No,No,1
131519-126,23,39.22,235224,133760-11,Resident,Op ill w4 t1,2023-11-06 00:00:00,23,,Negative,Negative,0,,"Undetectable, will not be done",,,Ct,2023-08-22 00:00:00,2023-10-14 00:00:00,2024-01-08 00:00:00,Yes,90,Female,Female at birth,White,Non-Hispanic,No,No,Yes,No,No,1
131519-126,26,,235224,133760-11,Resident,Op ill w4 t2,2023-11-09 00:00:00,26,,Inconclusive,Negative,0,,"Undetectable, will not be done",,,VL,2023-08-22 00:00:00,2023-10-14 00:00:00,2024-01-08 00:00:00,Yes,90,Female,Female at birth,White,Non-Hispanic,No,No,Yes,No,No,1
131519-126,26,Not available,235224,133760-11,Resident,Op ill w4 t2,2023-11-09 00:00:00,26,,Inconclusive,Negative,0,,"Undetectable, will not be done",,,Ct,2023-08-22 00:00:00,2023-10-14 00:00:00,2024-01-08 00:00:00,Yes,90,Female,Female at birth,White,Non-Hispanic,No,No,Yes,No,No,1
131519-126,30,,235224,133760-11,Resident,Op ill week 5,2023-11-13 00:00:00,30,,Inconclusive,Negative,0,,"Undetectable, will not be done",,,VL,2023-08-22 00:00:00,2023-10-14 00:00:00,2024-01-08 00:00:00,Yes,90,Female,Female at birth,White,Non-Hispanic,No,No,Yes,No,No,1
131519-126,30,Not available,235224,133760-11,Resident,Op ill week 5,2023-11-13 00:00:00,30,,Inconclusive,Negative,0,,"Undetectable, will not be done",,,Ct,2023-08-22 00:00:00,2023-10-14 00:00:00,2024-01-08 00:00:00,Yes,90,Female,Female at birth,White,Non-Hispanic,No,No,Yes,No,No,1
131519-126,37,,235224,133760-11,Resident,Op ill week 6,2023-11-20 00:00:00,37,,Inconclusive,Negative,0,,"Undetectable, will not be done",,,VL,2023-08-22 00:00:00,2023-10-14 00:00:00,2024-01-08 00:00:00,Yes,90,Female,Female at birth,White,Non-Hispanic,No,No,Yes,No,No,1
131519-126,37,Not available,235224,133760-11,Resident,Op ill week 6,2023-11-20 00:00:00,37,,Inconclusive,Negative,0,,"Undetectable, will not be done",,,Ct,2023-08-22 00:00:00,2023-10-14 00:00:00,2024-01-08 00:00:00,Yes,90,Female,Female at birth,White,Non-Hispanic,No,No,Yes,No,No,1
131519-126,46,,235224,133760-11,Resident,Op ill week 7,2023-11-29 00:00:00,46,,Inconclusive,Negative,0,,"Undetectable, will not be done",,,VL,2023-08-22 00:00:00,2023-10-14 00:00:00,2024-01-08 00:00:00,Yes,90,Female,Female at birth,White,Non-Hispanic,No,No,Yes,No,No,1
131519-126,46,Not available,235224,133760-11,Resident,Op ill week 7,2023-11-29 00:00:00,46,,Inconclusive,Negative,0,,"Undetectable, will not be done",,,Ct,2023-08-22 00:00:00,2023-10-14 00:00:00,2024-01-08 00:00:00,Yes,90,Female,Female at birth,White,Non-Hispanic,No,No,Yes,No,No,1
131519-126,54,,235224,133760-11,Resident,Op ill week 8,2023-12-07 00:00:00,54,,Negative,Negative,0,,"Undetectable, will not be done",,,VL,2023-08-22 00:00:00,2023-10-14 00:00:00,2024-01-08 00:00:00,Yes,90,Female,Female at birth,White,Non-Hispanic,No,No,Yes,No,No,1
131519-126,54,Not available,235224,133760-11,Resident,Op ill week 8,2023-12-07 00:00:00,54,,Negative,Negative,0,,"Undetectable, will not be done",,,Ct,2023-08-22 00:00:00,2023-10-14 00:00:00,2024-01-08 00:00:00,Yes,90,Female,Female at birth,White,Non-Hispanic,No,No,Yes,No,No,1
131519-126,61,,235224,133760-11,Resident,Op ill week 9,2023-12-14 00:00:00,61,,Inconclusive,Negative,0,,"Undetectable, will not be done",,,VL,2023-08-22 00:00:00,2023-10-14 00:00:00,2024-01-08 00:00:00,Yes,90,Female,Female at birth,White,Non-Hispanic,No,No,Yes,No,No,1
131519-126,61,Not available,235224,133760-11,Resident,Op ill week 9,2023-12-14 00:00:00,61,,Inconclusive,Negative,0,,"Undetectable, will not be done",,,Ct,2023-08-22 00:00:00,2023-10-14 00:00:00,2024-01-08 00:00:00,Yes,90,Female,Female at birth,White,Non-Hispanic,No,No,Yes,No,No,1
131519-126,66,,235224,133760-11,Resident,Op ill week 10,2023-12-19 00:00:00,66,,Inconclusive,Negative,0,,"Undetectable, will not be done",,,VL,2023-08-22 00:00:00,2023-10-14 00:00:00,2024-01-08 00:00:00,Yes,90,Female,Female at birth,White,Non-Hispanic,No,No,Yes,No,No,1
131519-126,66,Not available,235224,133760-11,Resident,Op ill week 10,2023-12-19 00:00:00,66,,Inconclusive,Negative,0,,"Undetectable, will not be done",,,Ct,2023-08-22 00:00:00,2023-10-14 00:00:00,2024-01-08 00:00:00,Yes,90,Female,Female at birth,White,Non-Hispanic,No,No,Yes,No,No,1
131519-126,73,,235224,133760-11,Resident,Op ill week 11,2023-12-26 00:00:00,73,,Negative,Negative,0,,"Undetectable, will not be done",,,VL,2023-08-22 00:00:00,2023-10-14 00:00:00,2024-01-08 00:00:00,Yes,90,Female,Female at birth,White,Non-Hispanic,No,No,Yes,No,No,1
131519-126,73,Not available,235224,133760-11,Resident,Op ill week 11,2023-12-26 00:00:00,73,,Negative,Negative,0,,"Undetectable, will not be done",,,Ct,2023-08-22 00:00:00,2023-10-14 00:00:00,2024-01-08 00:00:00,Yes,90,Female,Female at birth,White,Non-Hispanic,No,No,Yes,No,No,1
131519-126,82,,235224,133760-11,Resident,Op ill week 12,2024-01-04 00:00:00,82,,Negative,Negative,0,,"Undetectable, will not be done",,,VL,2023-08-22 00:00:00,2023-10-14 00:00:00,2024-01-08 00:00:00,Yes,90,Female,Female at birth,White,Non-Hispanic,No,No,Yes,No,No,1
131519-126,82,Not available,235224,133760-11,Resident,Op ill week 12,2024-01-04 00:00:00,82,,Negative,Negative,0,,"Undetectable, will not be done",,,Ct,2023-08-22 00:00:00,2023-10-14 00:00:00,2024-01-08 00:00:00,Yes,90,Female,Female at birth,White,Non-Hispanic,No,No,Yes,No,No,1
131519-126,86,,235224,133760-11,Resident,Op ill week 13,2024-01-08 00:00:00,86,,Inconclusive,Negative,0,,"Undetectable, will not be done",,,VL,2023-08-22 00:00:00,2023-10-14 00:00:00,2024-01-08 00:00:00,Yes,90,Female,Female at birth,White,Non-Hispanic,No,No,Yes,No,No,1
131519-126,86,Not available,235224,133760-11,Resident,Op ill week 13,2024-01-08 00:00:00,86,,Inconclusive,Negative,0,,"Undetectable, will not be done",,,Ct,2023-08-22 00:00:00,2023-10-14 00:00:00,2024-01-08 00:00:00,Yes,90,Female,Female at birth,White,Non-Hispanic,No,No,Yes,No,No,1
131519-25,1,954359339.533382,235238,133760-12,Resident,Illness Day 1,2023-10-26 00:00:00,1,1,Positive,Positive,0,8.97971192794597,Within detectable range,Omicron,EG.5.1,VL,2023-07-19 00:00:00,2023-10-25 00:00:00,2024-01-24 00:00:00,Yes,84,Female,Female at birth,White,Non-Hispanic,No,No,Yes,No,No,5
131519-25,1,12.33,235238,133760-12,Resident,Illness Day 1,2023-10-26 00:00:00,1,1,Positive,Positive,0,8.97971192794597,Within detectable range,Omicron,EG.5.1,Ct,2023-07-19 00:00:00,2023-10-25 00:00:00,2024-01-24 00:00:00,Yes,84,Female,Female at birth,White,Non-Hispanic,No,No,Yes,No,No,5
131519-25,2,38436193.0227629,235238,133760-12,Resident,Illness Day 2,2023-10-27 00:00:00,2,,Positive,Positive,0,7.58474036570089,Within detectable range,,,VL,2023-07-19 00:00:00,2023-10-25 00:00:00,2024-01-24 00:00:00,Yes,84,Female,Female at birth,White,Non-Hispanic,No,No,Yes,No,No,5
131519-25,2,17.89,235238,133760-12,Resident,Illness Day 2,2023-10-27 00:00:00,2,,Positive,Positive,0,7.58474036570089,Within detectable range,,,Ct,2023-07-19 00:00:00,2023-10-25 00:00:00,2024-01-24 00:00:00,Yes,84,Female,Female at birth,White,Non-Hispanic,No,No,Yes,No,No,5
131519-25,3,43084810.0380047,235238,133760-12,Resident,Illness Day 3,2023-10-28 00:00:00,3,,Positive,Positive,0,7.63432418247068,Within detectable range,,,VL,2023-07-19 00:00:00,2023-10-25 00:00:00,2024-01-24 00:00:00,Yes,84,Female,Female at birth,White,Non-Hispanic,No,No,Yes,No,No,5
131519-25,3,17.69,235238,133760-12,Resident,Illness Day 3,2023-10-28 00:00:00,3,,Positive,Positive,0,7.63432418247068,Within detectable range,,,Ct,2023-07-19 00:00:00,2023-10-25 00:00:00,2024-01-24 00:00:00,Yes,84,Female,Female at birth,White,Non-Hispanic,No,No,Yes,No,No,5
131519-25,4,15721231.8911814,235238,133760-12,Resident,Illness Day 4,2023-10-29 00:00:00,4,,Positive,Positive,0,7.19648657367418,Within detectable range,,,VL,2023-07-19 00:00:00,2023-10-25 00:00:00,2024-01-24 00:00:00,Yes,84,Female,Female at birth,White,Non-Hispanic,No,No,Yes,No,No,5
131519-25,4,19.47,235238,133760-12,Resident,Illness Day 4,2023-10-29 00:00:00,4,,Positive,Positive,0,7.19648657367418,Within detectable range,,,Ct,2023-07-19 00:00:00,2023-10-25 00:00:00,2024-01-24 00:00:00,Yes,84,Female,Female at birth,White,Non-Hispanic,No,No,Yes,No,No,5
131519-25,5,11555.3012468249,235238,133760-12,Resident,Illness Day 5,2023-10-30 00:00:00,5,,Positive,Positive,0,4.06278127202442,Within detectable range,,,VL,2023-07-19 00:00:00,2023-10-25 00:00:00,2024-01-24 00:00:00,Yes,84,Female,Female at birth,White,Non-Hispanic,No,No,Yes,No,No,5
131519-25,5,28.45,235238,133760-12,Resident,Illness Day 5,2023-10-30 00:00:00,5,,Positive,Positive,0,4.06278127202442,Within detectable range,,,Ct,2023-07-19 00:00:00,2023-10-25 00:00:00,2024-01-24 00:00:00,Yes,84,Female,Female at birth,White,Non-Hispanic,No,No,Yes,No,No,5
131519-25,6,488673.762606483,235238,133760-12,Resident,Illness Day 6,2023-10-31 00:00:00,6,,Positive,Positive,0,5.68901902193974,Within detectable range,,,VL,2023-07-19 00:00:00,2023-10-25 00:00:00,2024-01-24 00:00:00,Yes,84,Female,Female at birth,White,Non-Hispanic,No,No,Yes,No,No,5
131519-25,6,24.59,235238,133760-12,Resident,Illness Day 6,2023-10-31 00:00:00,6,,Positive,Positive,0,5.68901902193974,Within detectable range,,,Ct,2023-07-19 00:00:00,2023-10-25 00:00:00,2024-01-24 00:00:00,Yes,84,Female,Female at birth,White,Non-Hispanic,No,No,Yes,No,No,5
131519-25,7,157590.310294228,235238,133760-12,Resident,Illness Day 7,2023-11-01 00:00:00,7,,Negative,Positive,0,5.19752951064644,Within detectable range,,,VL,2023-07-19 00:00:00,2023-10-25 00:00:00,2024-01-24 00:00:00,Yes,84,Female,Female at birth,White,Non-Hispanic,No,No,Yes,No,No,5
131519-25,7,24.74,235238,133760-12,Resident,Illness Day 7,2023-11-01 00:00:00,7,,Negative,Positive,0,5.19752951064644,Within detectable range,,,Ct,2023-07-19 00:00:00,2023-10-25 00:00:00,2024-01-24 00:00:00,Yes,84,Female,Female at birth,White,Non-Hispanic,No,No,Yes,No,No,5
131519-25,8,1395129.61162192,235238,133760-12,Resident,Illness Day 8,2023-11-02 00:00:00,8,,Positive,Positive,0,6.14461455671168,Within detectable range,,,VL,2023-07-19 00:00:00,2023-10-25 00:00:00,2024-01-24 00:00:00,Yes,84,Female,Female at birth,White,Non-Hispanic,No,No,Yes,No,No,5
131519-25,8,22.52,235238,133760-12,Resident,Illness Day 8,2023-11-02 00:00:00,8,,Positive,Positive,0,6.14461455671168,Within detectable range,,,Ct,2023-07-19 00:00:00,2023-10-25 00:00:00,2024-01-24 00:00:00,Yes,84,Female,Female at birth,White,Non-Hispanic,No,No,Yes,No,No,5
131519-25,9,22031.5317812715,235238,133760-12,Resident,Illness Day 9,2023-11-03 00:00:00,9,,Negative,Positive,0,4.34304469329362,Within detectable range,,,VL,2023-07-19 00:00:00,2023-10-25 00:00:00,2024-01-24 00:00:00,Yes,84,Female,Female at birth,White,Non-Hispanic,No,No,Yes,No,No,5
131519-25,9,29.26,235238,133760-12,Resident,Illness Day 9,2023-11-03 00:00:00,9,,Negative,Positive,0,4.34304469329362,Within detectable range,,,Ct,2023-07-19 00:00:00,2023-10-25 00:00:00,2024-01-24 00:00:00,Yes,84,Female,Female at birth,White,Non-Hispanic,No,No,Yes,No,No,5
131519-25,10,38279.2413039334,235238,133760-12,Resident,Illness Day 10,2023-11-04 00:00:00,10,,Negative,Positive,0,4.58296332145641,Within detectable range,,,VL,2023-07-19 00:00:00,2023-10-25 00:00:00,2024-01-24 00:00:00,Yes,84,Female,Female at birth,White,Non-Hispanic,No,No,Yes,No,No,5
131519-25,10,28.84,235238,133760-12,Resident,Illness Day 10,2023-11-04 00:00:00,10,,Negative,Positive,0,4.58296332145641,Within detectable range,,,Ct,2023-07-19 00:00:00,2023-10-25 00:00:00,2024-01-24 00:00:00,Yes,84,Female,Female at birth,White,Non-Hispanic,No,No,Yes,No,No,5
131519-25,11,2134.33304986407,235238,133760-12,Resident,Illness Day 11,2023-11-05 00:00:00,11,,Negative,Positive,0,3.32926218942413,"Less than 10,000 copies/mL",,,VL,2023-07-19 00:00:00,2023-10-25 00:00:00,2024-01-24 00:00:00,Yes,84,Female,Female at birth,White,Non-Hispanic,No,No,Yes,No,No,5
131519-25,11,32.71,235238,133760-12,Resident,Illness Day 11,2023-11-05 00:00:00,11,,Negative,Positive,0,3.32926218942413,"Less than 10,000 copies/mL",,,Ct,2023-07-19 00:00:00,2023-10-25 00:00:00,2024-01-24 00:00:00,Yes,84,Female,Female at birth,White,Non-Hispanic,No,No,Yes,No,No,5
131519-25,12,,235238,133760-12,Resident,Illness Day 12,2023-11-06 00:00:00,12,,Negative,Negative,0,,"Undetectable, will not be done",,,VL,2023-07-19 00:00:00,2023-10-25 00:00:00,2024-01-24 00:00:00,Yes,84,Female,Female at birth,White,Non-Hispanic,No,No,Yes,No,No,5
131519-25,12,38.31,235238,133760-12,Resident,Illness Day 12,2023-11-06 00:00:00,12,,Negative,Negative,0,,"Undetectable, will not be done",,,Ct,2023-07-19 00:00:00,2023-10-25 00:00:00,2024-01-24 00:00:00,Yes,84,Female,Female at birth,White,Non-Hispanic,No,No,Yes,No,No,5
131519-25,14,,235238,133760-12,Resident,Illness Day 14,2023-11-08 00:00:00,14,,Negative,Negative,0,,"Undetectable, will not be done",,,VL,2023-07-19 00:00:00,2023-10-25 00:00:00,2024-01-24 00:00:00,Yes,84,Female,Female at birth,White,Non-Hispanic,No,No,Yes,No,No,5
131519-25,14,Not available,235238,133760-12,Resident,Illness Day 14,2023-11-08 00:00:00,14,,Negative,Negative,0,,"Undetectable, will not be done",,,Ct,2023-07-19 00:00:00,2023-10-25 00:00:00,2024-01-24 00:00:00,Yes,84,Female,Female at birth,White,Non-Hispanic,No,No,Yes,No,No,5
131519-25,35,,235238,133760-12,Resident,Op ill week 5,2023-11-29 00:00:00,35,,Inconclusive,Negative,0,,"Undetectable, will not be done",,,VL,2023-07-19 00:00:00,2023-10-25 00:00:00,2024-01-24 00:00:00,Yes,84,Female,Female at birth,White,Non-Hispanic,No,No,Yes,No,No,5
131519-25,35,Not available,235238,133760-12,Resident,Op ill week 5,2023-11-29 00:00:00,35,,Inconclusive,Negative,0,,"Undetectable, will not be done",,,Ct,2023-07-19 00:00:00,2023-10-25 00:00:00,2024-01-24 00:00:00,Yes,84,Female,Female at birth,White,Non-Hispanic,No,No,Yes,No,No,5
131519-25,40,,235238,133760-12,Resident,Op ill week 6,2023-12-04 00:00:00,40,,Inconclusive,Negative,0,,"Undetectable, will not be done",,,VL,2023-07-19 00:00:00,2023-10-25 00:00:00,2024-01-24 00:00:00,Yes,84,Female,Female at birth,White,Non-Hispanic,No,No,Yes,No,No,5
131519-25,40,Not available,235238,133760-12,Resident,Op ill week 6,2023-12-04 00:00:00,40,,Inconclusive,Negative,0,,"Undetectable, will not be done",,,Ct,2023-07-19 00:00:00,2023-10-25 00:00:00,2024-01-24 00:00:00,Yes,84,Female,Female at birth,White,Non-Hispanic,No,No,Yes,No,No,5
131519-25,47,,235238,133760-12,Resident,Op ill week 7,2023-12-11 00:00:00,47,,Inconclusive,Negative,0,,"Undetectable, will not be done",,,VL,2023-07-19 00:00:00,2023-10-25 00:00:00,2024-01-24 00:00:00,Yes,84,Female,Female at birth,White,Non-Hispanic,No,No,Yes,No,No,5
131519-25,47,44.92,235238,133760-12,Resident,Op ill week 7,2023-12-11 00:00:00,47,,Inconclusive,Negative,0,,"Undetectable, will not be done",,,Ct,2023-07-19 00:00:00,2023-10-25 00:00:00,2024-01-24 00:00:00,Yes,84,Female,Female at birth,White,Non-Hispanic,No,No,Yes,No,No,5
131519-25,62,,235238,133760-12,Resident,Op ill week 9,2023-12-26 00:00:00,62,,Negative,Negative,0,,"Undetectable, will not be done",,,VL,2023-07-19 00:00:00,2023-10-25 00:00:00,2024-01-24 00:00:00,Yes,84,Female,Female at birth,White,Non-Hispanic,No,No,Yes,No,No,5
131519-25,62,Not available,235238,133760-12,Resident,Op ill week 9,2023-12-26 00:00:00,62,,Negative,Negative,0,,"Undetectable, will not be done",,,Ct,2023-07-19 00:00:00,2023-10-25 00:00:00,2024-01-24 00:00:00,Yes,84,Female,Female at birth,White,Non-Hispanic,No,No,Yes,No,No,5
131519-25,71,,235238,133760-12,Resident,Op ill week 10,2024-01-04 00:00:00,71,,Negative,Negative,0,,"Undetectable, will not be done",,,VL,2023-07-19 00:00:00,2023-10-25 00:00:00,2024-01-24 00:00:00,Yes,84,Female,Female at birth,White,Non-Hispanic,No,No,Yes,No,No,5
131519-25,71,Not available,235238,133760-12,Resident,Op ill week 10,2024-01-04 00:00:00,71,,Negative,Negative,0,,"Undetectable, will not be done",,,Ct,2023-07-19 00:00:00,2023-10-25 00:00:00,2024-01-24 00:00:00,Yes,84,Female,Female at birth,White,Non-Hispanic,No,No,Yes,No,No,5
131519-25,75,,235238,133760-12,Resident,Op ill week 11,2024-01-08 00:00:00,75,,Inconclusive,Negative,0,,"Undetectable, will not be done",,,VL,2023-07-19 00:00:00,2023-10-25 00:00:00,2024-01-24 00:00:00,Yes,84,Female,Female at birth,White,Non-Hispanic,No,No,Yes,No,No,5
131519-25,75,Not available,235238,133760-12,Resident,Op ill week 11,2024-01-08 00:00:00,75,,Inconclusive,Negative,0,,"Undetectable, will not be done",,,Ct,2023-07-19 00:00:00,2023-10-25 00:00:00,2024-01-24 00:00:00,Yes,84,Female,Female at birth,White,Non-Hispanic,No,No,Yes,No,No,5
131519-25,82,,235238,133760-12,Resident,Op ill week 12,2024-01-15 00:00:00,82,,Inconclusive,Negative,0,,"Undetectable, will not be done",,,VL,2023-07-19 00:00:00,2023-10-25 00:00:00,2024-01-24 00:00:00,Yes,84,Female,Female at birth,White,Non-Hispanic,No,No,Yes,No,No,5
131519-25,82,Not available,235238,133760-12,Resident,Op ill week 12,2024-01-15 00:00:00,82,,Inconclusive,Negative,0,,"Undetectable, will not be done",,,Ct,2023-07-19 00:00:00,2023-10-25 00:00:00,2024-01-24 00:00:00,Yes,84,Female,Female at birth,White,Non-Hispanic,No,No,Yes,No,No,5
131519-25,91,,235238,133760-12,Resident,Op ill week 13,2024-01-24 00:00:00,91,,Inconclusive,Negative,0,,"Undetectable, will not be done",,,VL,2023-07-19 00:00:00,2023-10-25 00:00:00,2024-01-24 00:00:00,Yes,84,Female,Female at birth,White,Non-Hispanic,No,No,Yes,No,No,5
131519-25,91,Not available,235238,133760-12,Resident,Op ill week 13,2024-01-24 00:00:00,91,,Inconclusive,Negative,0,,"Undetectable, will not be done",,,Ct,2023-07-19 00:00:00,2023-10-25 00:00:00,2024-01-24 00:00:00,Yes,84,Female,Female at birth,White,Non-Hispanic,No,No,Yes,No,No,5
131519-5,-11,,235238,133760-12,Resident,Tier 1 Testing,2023-10-19 00:00:00,-11,,Negative,Negative,0,,"Undetectable, will not be done",,,VL,2023-07-06 00:00:00,2023-10-30 00:00:00,2023-11-13 00:00:00,Yes,86,Female,Female at birth,White,Non-Hispanic,No,No,Yes,No,No,4
131519-5,-11,Not available,235238,133760-12,Resident,Tier 1 Testing,2023-10-19 00:00:00,-11,,Negative,Negative,0,,"Undetectable, will not be done",,,Ct,2023-07-06 00:00:00,2023-10-30 00:00:00,2023-11-13 00:00:00,Yes,86,Female,Female at birth,White,Non-Hispanic,No,No,Yes,No,No,4
131519-5,-10,,235238,133760-12,Resident,Tier 1 Testing,2023-10-20 00:00:00,-10,,Negative,Negative,0,,"Undetectable, will not be done",,,VL,2023-07-06 00:00:00,2023-10-30 00:00:00,2023-11-13 00:00:00,Yes,86,Female,Female at birth,White,Non-Hispanic,No,No,Yes,No,No,4
131519-5,-10,Not available,235238,133760-12,Resident,Tier 1 Testing,2023-10-20 00:00:00,-10,,Negative,Negative,0,,"Undetectable, will not be done",,,Ct,2023-07-06 00:00:00,2023-10-30 00:00:00,2023-11-13 00:00:00,Yes,86,Female,Female at birth,White,Non-Hispanic,No,No,Yes,No,No,4
131519-5,-9,,235238,133760-12,Resident,Tier 1 Testing,2023-10-21 00:00:00,-9,,Negative,Negative,0,,"Undetectable, will not be done",,,VL,2023-07-06 00:00:00,2023-10-30 00:00:00,2023-11-13 00:00:00,Yes,86,Female,Female at birth,White,Non-Hispanic,No,No,Yes,No,No,4
131519-5,-9,Not available,235238,133760-12,Resident,Tier 1 Testing,2023-10-21 00:00:00,-9,,Negative,Negative,0,,"Undetectable, will not be done",,,Ct,2023-07-06 00:00:00,2023-10-30 00:00:00,2023-11-13 00:00:00,Yes,86,Female,Female at birth,White,Non-Hispanic,No,No,Yes,No,No,4
131519-5,-8,,235238,133760-12,Resident,Tier 1 Testing,2023-10-22 00:00:00,-8,,Negative,Negative,0,,"Undetectable, will not be done",,,VL,2023-07-06 00:00:00,2023-10-30 00:00:00,2023-11-13 00:00:00,Yes,86,Female,Female at birth,White,Non-Hispanic,No,No,Yes,No,No,4
131519-5,-8,Not available,235238,133760-12,Resident,Tier 1 Testing,2023-10-22 00:00:00,-8,,Negative,Negative,0,,"Undetectable, will not be done",,,Ct,2023-07-06 00:00:00,2023-10-30 00:00:00,2023-11-13 00:00:00,Yes,86,Female,Female at birth,White,Non-Hispanic,No,No,Yes,No,No,4
131519-5,-7,,235238,133760-12,Resident,Tier 1 Testing,2023-10-23 00:00:00,-7,,Negative,Negative,0,,"Undetectable, will not be done",,,VL,2023-07-06 00:00:00,2023-10-30 00:00:00,2023-11-13 00:00:00,Yes,86,Female,Female at birth,White,Non-Hispanic,No,No,Yes,No,No,4
131519-5,-7,Not available,235238,133760-12,Resident,Tier 1 Testing,2023-10-23 00:00:00,-7,,Negative,Negative,0,,"Undetectable, will not be done",,,Ct,2023-07-06 00:00:00,2023-10-30 00:00:00,2023-11-13 00:00:00,Yes,86,Female,Female at birth,White,Non-Hispanic,No,No,Yes,No,No,4
131519-5,-6,,235238,133760-12,Resident,Tier 1 Testing,2023-10-24 00:00:00,-6,,Negative,Negative,0,,"Undetectable, will not be done",,,VL,2023-07-06 00:00:00,2023-10-30 00:00:00,2023-11-13 00:00:00,Yes,86,Female,Female at birth,White,Non-Hispanic,No,No,Yes,No,No,4
131519-5,-6,Not available,235238,133760-12,Resident,Tier 1 Testing,2023-10-24 00:00:00,-6,,Negative,Negative,0,,"Undetectable, will not be done",,,Ct,2023-07-06 00:00:00,2023-10-30 00:00:00,2023-11-13 00:00:00,Yes,86,Female,Female at birth,White,Non-Hispanic,No,No,Yes,No,No,4
131519-5,-5,,235238,133760-12,Resident,Tier 1 Testing,2023-10-25 00:00:00,-5,,Negative,Negative,0,,"Undetectable, will not be done",,,VL,2023-07-06 00:00:00,2023-10-30 00:00:00,2023-11-13 00:00:00,Yes,86,Female,Female at birth,White,Non-Hispanic,No,No,Yes,No,No,4
131519-5,-5,Not available,235238,133760-12,Resident,Tier 1 Testing,2023-10-25 00:00:00,-5,,Negative,Negative,0,,"Undetectable, will not be done",,,Ct,2023-07-06 00:00:00,2023-10-30 00:00:00,2023-11-13 00:00:00,Yes,86,Female,Female at birth,White,Non-Hispanic,No,No,Yes,No,No,4
131519-5,1,,235238,133760-12,Resident,Illness Day 1,2023-10-31 00:00:00,1,1,Negative,Negative,0,,"Undetectable, will not be done",,,VL,2023-07-06 00:00:00,2023-10-30 00:00:00,2023-11-13 00:00:00,Yes,86,Female,Female at birth,White,Non-Hispanic,No,No,Yes,No,No,4
131519-5,1,Not available,235238,133760-12,Resident,Illness Day 1,2023-10-31 00:00:00,1,1,Negative,Negative,0,,"Undetectable, will not be done",,,Ct,2023-07-06 00:00:00,2023-10-30 00:00:00,2023-11-13 00:00:00,Yes,86,Female,Female at birth,White,Non-Hispanic,No,No,Yes,No,No,4
131519-5,2,,235238,133760-12,Resident,Illness Day 2,2023-11-01 00:00:00,2,,Negative,Negative,0,,"Undetectable, will not be done",,,VL,2023-07-06 00:00:00,2023-10-30 00:00:00,2023-11-13 00:00:00,Yes,86,Female,Female at birth,White,Non-Hispanic,No,No,Yes,No,No,4
131519-5,2,Not available,235238,133760-12,Resident,Illness Day 2,2023-11-01 00:00:00,2,,Negative,Negative,0,,"Undetectable, will not be done",,,Ct,2023-07-06 00:00:00,2023-10-30 00:00:00,2023-11-13 00:00:00,Yes,86,Female,Female at birth,White,Non-Hispanic,No,No,Yes,No,No,4
131519-5,3,,235238,133760-12,Resident,Illness Day 3,2023-11-02 00:00:00,3,,Negative,Negative,0,,"Undetectable, will not be done",,,VL,2023-07-06 00:00:00,2023-10-30 00:00:00,2023-11-13 00:00:00,Yes,86,Female,Female at birth,White,Non-Hispanic,No,No,Yes,No,No,4
131519-5,3,Not available,235238,133760-12,Resident,Illness Day 3,2023-11-02 00:00:00,3,,Negative,Negative,0,,"Undetectable, will not be done",,,Ct,2023-07-06 00:00:00,2023-10-30 00:00:00,2023-11-13 00:00:00,Yes,86,Female,Female at birth,White,Non-Hispanic,No,No,Yes,No,No,4
131519-5,4,,235238,133760-12,Resident,Illness Day 4,2023-11-03 00:00:00,4,,Negative,Negative,0,,"Undetectable, will not be done",,,VL,2023-07-06 00:00:00,2023-10-30 00:00:00,2023-11-13 00:00:00,Yes,86,Female,Female at birth,White,Non-Hispanic,No,No,Yes,No,No,4
131519-5,4,Not available,235238,133760-12,Resident,Illness Day 4,2023-11-03 00:00:00,4,,Negative,Negative,0,,"Undetectable, will not be done",,,Ct,2023-07-06 00:00:00,2023-10-30 00:00:00,2023-11-13 00:00:00,Yes,86,Female,Female at birth,White,Non-Hispanic,No,No,Yes,No,No,4
131519-5,5,,235238,133760-12,Resident,Illness Day 5,2023-11-04 00:00:00,5,,Negative,Negative,0,,"Undetectable, will not be done",,,VL,2023-07-06 00:00:00,2023-10-30 00:00:00,2023-11-13 00:00:00,Yes,86,Female,Female at birth,White,Non-Hispanic,No,No,Yes,No,No,4
131519-5,5,Not available,235238,133760-12,Resident,Illness Day 5,2023-11-04 00:00:00,5,,Negative,Negative,0,,"Undetectable, will not be done",,,Ct,2023-07-06 00:00:00,2023-10-30 00:00:00,2023-11-13 00:00:00,Yes,86,Female,Female at birth,White,Non-Hispanic,No,No,Yes,No,No,4
131519-5,6,,235238,133760-12,Resident,Illness Day 6,2023-11-05 00:00:00,6,,Negative,Negative,0,,"Undetectable, will not be done",,,VL,2023-07-06 00:00:00,2023-10-30 00:00:00,2023-11-13 00:00:00,Yes,86,Female,Female at birth,White,Non-Hispanic,No,No,Yes,No,No,4
131519-5,6,Not available,235238,133760-12,Resident,Illness Day 6,2023-11-05 00:00:00,6,,Negative,Negative,0,,"Undetectable, will not be done",,,Ct,2023-07-06 00:00:00,2023-10-30 00:00:00,2023-11-13 00:00:00,Yes,86,Female,Female at birth,White,Non-Hispanic,No,No,Yes,No,No,4
131519-5,7,,235238,133760-12,Resident,Illness Day 7,2023-11-06 00:00:00,7,,Negative,Negative,0,,"Undetectable, will not be done",,,VL,2023-07-06 00:00:00,2023-10-30 00:00:00,2023-11-13 00:00:00,Yes,86,Female,Female at birth,White,Non-Hispanic,No,No,Yes,No,No,4
131519-5,7,Not available,235238,133760-12,Resident,Illness Day 7,2023-11-06 00:00:00,7,,Negative,Negative,0,,"Undetectable, will not be done",,,Ct,2023-07-06 00:00:00,2023-10-30 00:00:00,2023-11-13 00:00:00,Yes,86,Female,Female at birth,White,Non-Hispanic,No,No,Yes,No,No,4
131519-5,8,,235238,133760-12,Resident,Illness Day 8,2023-11-07 00:00:00,8,,Negative,Negative,0,,"Undetectable, will not be done",,,VL,2023-07-06 00:00:00,2023-10-30 00:00:00,2023-11-13 00:00:00,Yes,86,Female,Female at birth,White,Non-Hispanic,No,No,Yes,No,No,4
131519-5,8,Not available,235238,133760-12,Resident,Illness Day 8,2023-11-07 00:00:00,8,,Negative,Negative,0,,"Undetectable, will not be done",,,Ct,2023-07-06 00:00:00,2023-10-30 00:00:00,2023-11-13 00:00:00,Yes,86,Female,Female at birth,White,Non-Hispanic,No,No,Yes,No,No,4
131519-5,9,,235238,133760-12,Resident,Illness Day 9,2023-11-08 00:00:00,9,,Negative,Negative,0,,"Undetectable, will not be done",,,VL,2023-07-06 00:00:00,2023-10-30 00:00:00,2023-11-13 00:00:00,Yes,86,Female,Female at birth,White,Non-Hispanic,No,No,Yes,No,No,4
131519-5,9,Not available,235238,133760-12,Resident,Illness Day 9,2023-11-08 00:00:00,9,,Negative,Negative,0,,"Undetectable, will not be done",,,Ct,2023-07-06 00:00:00,2023-10-30 00:00:00,2023-11-13 00:00:00,Yes,86,Female,Female at birth,White,Non-Hispanic,No,No,Yes,No,No,4
131519-5,10,,235238,133760-12,Resident,Illness Day 10,2023-11-09 00:00:00,10,,Negative,Negative,0,,"Undetectable, will not be done",,,VL,2023-07-06 00:00:00,2023-10-30 00:00:00,2023-11-13 00:00:00,Yes,86,Female,Female at birth,White,Non-Hispanic,No,No,Yes,No,No,4
131519-5,10,Not available,235238,133760-12,Resident,Illness Day 10,2023-11-09 00:00:00,10,,Negative,Negative,0,,"Undetectable, will not be done",,,Ct,2023-07-06 00:00:00,2023-10-30 00:00:00,2023-11-13 00:00:00,Yes,86,Female,Female at birth,White,Non-Hispanic,No,No,Yes,No,No,4
131519-5,11,,235238,133760-12,Resident,Illness Day 11,2023-11-10 00:00:00,11,,Negative,Negative,0,,"Undetectable, will not be done",,,VL,2023-07-06 00:00:00,2023-10-30 00:00:00,2023-11-13 00:00:00,Yes,86,Female,Female at birth,White,Non-Hispanic,No,No,Yes,No,No,4
131519-5,11,Not available,235238,133760-12,Resident,Illness Day 11,2023-11-10 00:00:00,11,,Negative,Negative,0,,"Undetectable, will not be done",,,Ct,2023-07-06 00:00:00,2023-10-30 00:00:00,2023-11-13 00:00:00,Yes,86,Female,Female at birth,White,Non-Hispanic,No,No,Yes,No,No,4
131519-5,12,,235238,133760-12,Resident,Illness Day 12,2023-11-11 00:00:00,12,,Negative,Negative,0,,"Undetectable, will not be done",,,VL,2023-07-06 00:00:00,2023-10-30 00:00:00,2023-11-13 00:00:00,Yes,86,Female,Female at birth,White,Non-Hispanic,No,No,Yes,No,No,4
131519-5,12,Not available,235238,133760-12,Resident,Illness Day 12,2023-11-11 00:00:00,12,,Negative,Negative,0,,"Undetectable, will not be done",,,Ct,2023-07-06 00:00:00,2023-10-30 00:00:00,2023-11-13 00:00:00,Yes,86,Female,Female at birth,White,Non-Hispanic,No,No,Yes,No,No,4
131519-5,13,,235238,133760-12,Resident,Illness Day 13,2023-11-12 00:00:00,13,,Negative,Negative,0,,"Undetectable, will not be done",,,VL,2023-07-06 00:00:00,2023-10-30 00:00:00,2023-11-13 00:00:00,Yes,86,Female,Female at birth,White,Non-Hispanic,No,No,Yes,No,No,4
131519-5,13,Not available,235238,133760-12,Resident,Illness Day 13,2023-11-12 00:00:00,13,,Negative,Negative,0,,"Undetectable, will not be done",,,Ct,2023-07-06 00:00:00,2023-10-30 00:00:00,2023-11-13 00:00:00,Yes,86,Female,Female at birth,White,Non-Hispanic,No,No,Yes,No,No,4
131519-5,14,,235238,133760-12,Resident,Illness Day 14,2023-11-13 00:00:00,14,,Negative,Negative,0,,"Undetectable, will not be done",,,VL,2023-07-06 00:00:00,2023-10-30 00:00:00,2023-11-13 00:00:00,Yes,86,Female,Female at birth,White,Non-Hispanic,No,No,Yes,No,No,4
131519-5,14,Not available,235238,133760-12,Resident,Illness Day 14,2023-11-13 00:00:00,14,,Negative,Negative,0,,"Undetectable, will not be done",,,Ct,2023-07-06 00:00:00,2023-10-30 00:00:00,2023-11-13 00:00:00,Yes,86,Female,Female at birth,White,Non-Hispanic,No,No,Yes,No,No,4
131519-6,1,229210.693575428,235238,133760-12,Resident,Illness Day 1,2023-10-26 00:00:00,1,1,Negative,Positive,0,5.36023487530436,Within detectable range,,,VL,2023-07-06 00:00:00,2023-10-25 00:00:00,2023-11-08 00:00:00,Yes,80,Male,Male at birth,White,Non-Hispanic,No,No,Yes,No,No,4
131519-6,1,25.77,235238,133760-12,Resident,Illness Day 1,2023-10-26 00:00:00,1,1,Negative,Positive,0,5.36023487530436,Within detectable range,,,Ct,2023-07-06 00:00:00,2023-10-25 00:00:00,2023-11-08 00:00:00,Yes,80,Male,Male at birth,White,Non-Hispanic,No,No,Yes,No,No,4
131519-6,2,500433.700162663,235238,133760-12,Resident,Illness Day 2,2023-10-27 00:00:00,2,,Positive,Positive,0,5.69934654822736,Within detectable range,Omicron,EG.5.1,VL,2023-07-06 00:00:00,2023-10-25 00:00:00,2023-11-08 00:00:00,Yes,80,Male,Male at birth,White,Non-Hispanic,No,No,Yes,No,No,4
131519-6,2,24.42,235238,133760-12,Resident,Illness Day 2,2023-10-27 00:00:00,2,,Positive,Positive,0,5.69934654822736,Within detectable range,Omicron,EG.5.1,Ct,2023-07-06 00:00:00,2023-10-25 00:00:00,2023-11-08 00:00:00,Yes,80,Male,Male at birth,White,Non-Hispanic,No,No,Yes,No,No,4
131519-6,3,30112.8439474921,235238,133760-12,Resident,Illness Day 3,2023-10-28 00:00:00,3,,Negative,Positive,0,4.47875177352595,Within detectable range,,,VL,2023-07-06 00:00:00,2023-10-25 00:00:00,2023-11-08 00:00:00,Yes,80,Male,Male at birth,White,Non-Hispanic,No,No,Yes,No,No,4
131519-6,3,28.58,235238,133760-12,Resident,Illness Day 3,2023-10-28 00:00:00,3,,Negative,Positive,0,4.47875177352595,Within detectable range,,,Ct,2023-07-06 00:00:00,2023-10-25 00:00:00,2023-11-08 00:00:00,Yes,80,Male,Male at birth,White,Non-Hispanic,No,No,Yes,No,No,4
131519-6,4,9994.62939652553,235238,133760-12,Resident,Illness Day 4,2023-10-29 00:00:00,4,,Negative,Positive,0,3.99976669499961,"Less than 10,000 copies/mL",,,VL,2023-07-06 00:00:00,2023-10-25 00:00:00,2023-11-08 00:00:00,Yes,80,Male,Male at birth,White,Non-Hispanic,No,No,Yes,No,No,4
131519-6,4,30.26,235238,133760-12,Resident,Illness Day 4,2023-10-29 00:00:00,4,,Negative,Positive,0,3.99976669499961,"Less than 10,000 copies/mL",,,Ct,2023-07-06 00:00:00,2023-10-25 00:00:00,2023-11-08 00:00:00,Yes,80,Male,Male at birth,White,Non-Hispanic,No,No,Yes,No,No,4
131519-6,5,,235238,133760-12,Resident,Illness Day 5,2023-10-30 00:00:00,5,,Negative,Positive,0,,"VL run, not detected",,,VL,2023-07-06 00:00:00,2023-10-25 00:00:00,2023-11-08 00:00:00,Yes,80,Male,Male at birth,White,Non-Hispanic,No,No,Yes,No,No,4
131519-6,5,34.56,235238,133760-12,Resident,Illness Day 5,2023-10-30 00:00:00,5,,Negative,Positive,0,,"VL run, not detected",,,Ct,2023-07-06 00:00:00,2023-10-25 00:00:00,2023-11-08 00:00:00,Yes,80,Male,Male at birth,White,Non-Hispanic,No,No,Yes,No,No,4
131519-6,6,5061.01912235051,235238,133760-12,Resident,Illness Day 6,2023-10-31 00:00:00,6,,Negative,Positive,0,3.70423797823264,"Less than 10,000 copies/mL",,,VL,2023-07-06 00:00:00,2023-10-25 00:00:00,2023-11-08 00:00:00,Yes,80,Male,Male at birth,White,Non-Hispanic,No,No,Yes,No,No,4
131519-6,6,32.51,235238,133760-12,Resident,Illness Day 6,2023-10-31 00:00:00,6,,Negative,Positive,0,3.70423797823264,"Less than 10,000 copies/mL",,,Ct,2023-07-06 00:00:00,2023-10-25 00:00:00,2023-11-08 00:00:00,Yes,80,Male,Male at birth,White,Non-Hispanic,No,No,Yes,No,No,4
131519-6,7,,235238,133760-12,Resident,Illness Day 7,2023-11-01 00:00:00,7,,Negative,Negative,0,,"Undetectable, will not be done",,,VL,2023-07-06 00:00:00,2023-10-25 00:00:00,2023-11-08 00:00:00,Yes,80,Male,Male at birth,White,Non-Hispanic,No,No,Yes,No,No,4
131519-6,7,Not available,235238,133760-12,Resident,Illness Day 7,2023-11-01 00:00:00,7,,Negative,Negative,0,,"Undetectable, will not be done",,,Ct,2023-07-06 00:00:00,2023-10-25 00:00:00,2023-11-08 00:00:00,Yes,80,Male,Male at birth,White,Non-Hispanic,No,No,Yes,No,No,4
131519-6,8,,235238,133760-12,Resident,Illness Day 8,2023-11-02 00:00:00,8,,Negative,Negative,0,,"Undetectable, will not be done",,,VL,2023-07-06 00:00:00,2023-10-25 00:00:00,2023-11-08 00:00:00,Yes,80,Male,Male at birth,White,Non-Hispanic,No,No,Yes,No,No,4
131519-6,8,Not available,235238,133760-12,Resident,Illness Day 8,2023-11-02 00:00:00,8,,Negative,Negative,0,,"Undetectable, will not be done",,,Ct,2023-07-06 00:00:00,2023-10-25 00:00:00,2023-11-08 00:00:00,Yes,80,Male,Male at birth,White,Non-Hispanic,No,No,Yes,No,No,4
131519-6,9,,235238,133760-12,Resident,Illness Day 9,2023-11-03 00:00:00,9,,Negative,Negative,0,,"Undetectable, will not be done",,,VL,2023-07-06 00:00:00,2023-10-25 00:00:00,2023-11-08 00:00:00,Yes,80,Male,Male at birth,White,Non-Hispanic,No,No,Yes,No,No,4
131519-6,9,Not available,235238,133760-12,Resident,Illness Day 9,2023-11-03 00:00:00,9,,Negative,Negative,0,,"Undetectable, will not be done",,,Ct,2023-07-06 00:00:00,2023-10-25 00:00:00,2023-11-08 00:00:00,Yes,80,Male,Male at birth,White,Non-Hispanic,No,No,Yes,No,No,4
131519-6,10,,235238,133760-12,Resident,Illness Day 10,2023-11-04 00:00:00,10,,Negative,Negative,0,,"Undetectable, will not be done",,,VL,2023-07-06 00:00:00,2023-10-25 00:00:00,2023-11-08 00:00:00,Yes,80,Male,Male at birth,White,Non-Hispanic,No,No,Yes,No,No,4
131519-6,10,Not available,235238,133760-12,Resident,Illness Day 10,2023-11-04 00:00:00,10,,Negative,Negative,0,,"Undetectable, will not be done",,,Ct,2023-07-06 00:00:00,2023-10-25 00:00:00,2023-11-08 00:00:00,Yes,80,Male,Male at birth,White,Non-Hispanic,No,No,Yes,No,No,4
131519-6,11,,235238,133760-12,Resident,Illness Day 11,2023-11-05 00:00:00,11,,Negative,Negative,0,,"Undetectable, will not be done",,,VL,2023-07-06 00:00:00,2023-10-25 00:00:00,2023-11-08 00:00:00,Yes,80,Male,Male at birth,White,Non-Hispanic,No,No,Yes,No,No,4
131519-6,11,Not available,235238,133760-12,Resident,Illness Day 11,2023-11-05 00:00:00,11,,Negative,Negative,0,,"Undetectable, will not be done",,,Ct,2023-07-06 00:00:00,2023-10-25 00:00:00,2023-11-08 00:00:00,Yes,80,Male,Male at birth,White,Non-Hispanic,No,No,Yes,No,No,4
131519-6,12,,235238,133760-12,Resident,Illness Day 12,2023-11-06 00:00:00,12,,Negative,Negative,0,,"Undetectable, will not be done",,,VL,2023-07-06 00:00:00,2023-10-25 00:00:00,2023-11-08 00:00:00,Yes,80,Male,Male at birth,White,Non-Hispanic,No,No,Yes,No,No,4
131519-6,12,39.79,235238,133760-12,Resident,Illness Day 12,2023-11-06 00:00:00,12,,Negative,Negative,0,,"Undetectable, will not be done",,,Ct,2023-07-06 00:00:00,2023-10-25 00:00:00,2023-11-08 00:00:00,Yes,80,Male,Male at birth,White,Non-Hispanic,No,No,Yes,No,No,4
131519-6,13,,235238,133760-12,Resident,Illness Day 13,2023-11-07 00:00:00,13,,Negative,Negative,0,,"Undetectable, will not be done",,,VL,2023-07-06 00:00:00,2023-10-25 00:00:00,2023-11-08 00:00:00,Yes,80,Male,Male at birth,White,Non-Hispanic,No,No,Yes,No,No,4
131519-6,13,Not available,235238,133760-12,Resident,Illness Day 13,2023-11-07 00:00:00,13,,Negative,Negative,0,,"Undetectable, will not be done",,,Ct,2023-07-06 00:00:00,2023-10-25 00:00:00,2023-11-08 00:00:00,Yes,80,Male,Male at birth,White,Non-Hispanic,No,No,Yes,No,No,4
131519-6,14,,235238,133760-12,Resident,Illness Day 14,2023-11-08 00:00:00,14,,Negative,Negative,0,,"Undetectable, will not be done",,,VL,2023-07-06 00:00:00,2023-10-25 00:00:00,2023-11-08 00:00:00,Yes,80,Male,Male at birth,White,Non-Hispanic,No,No,Yes,No,No,4
131519-6,14,Not available,235238,133760-12,Resident,Illness Day 14,2023-11-08 00:00:00,14,,Negative,Negative,0,,"Undetectable, will not be done",,,Ct,2023-07-06 00:00:00,2023-10-25 00:00:00,2023-11-08 00:00:00,Yes,80,Male,Male at birth,White,Non-Hispanic,No,No,Yes,No,No,4
131519-8,1,674674533.227881,235238,133760-12,Resident,Illness Day 1,2023-10-26 00:00:00,1,1,Positive,Positive,0,8.82909431725869,Within detectable range,Omicron,EG.5.1,VL,2023-07-10 00:00:00,2023-10-25 00:00:00,2023-11-08 00:00:00,Yes,90,Male,Male at birth,White,Non-Hispanic,No,No,Yes,No,No,4
131519-8,1,13.3,235238,133760-12,Resident,Illness Day 1,2023-10-26 00:00:00,1,1,Positive,Positive,0,8.82909431725869,Within detectable range,Omicron,EG.5.1,Ct,2023-07-10 00:00:00,2023-10-25 00:00:00,2023-11-08 00:00:00,Yes,90,Male,Male at birth,White,Non-Hispanic,No,No,Yes,No,No,4
131519-8,2,171478750.04033,235238,133760-12,Resident,Illness Day 2,2023-10-27 00:00:00,2,,Positive,Positive,0,8.23421030914834,Within detectable range,,,VL,2023-07-10 00:00:00,2023-10-25 00:00:00,2023-11-08 00:00:00,Yes,90,Male,Male at birth,White,Non-Hispanic,No,No,Yes,No,No,4
131519-8,2,16.59,235238,133760-12,Resident,Illness Day 2,2023-10-27 00:00:00,2,,Positive,Positive,0,8.23421030914834,Within detectable range,,,Ct,2023-07-10 00:00:00,2023-10-25 00:00:00,2023-11-08 00:00:00,Yes,90,Male,Male at birth,White,Non-Hispanic,No,No,Yes,No,No,4
131519-8,3,25567154.4949231,235238,133760-12,Resident,Illness Day 3,2023-10-28 00:00:00,3,,Positive,Positive,0,7.40768239576512,Within detectable range,,,VL,2023-07-10 00:00:00,2023-10-25 00:00:00,2023-11-08 00:00:00,Yes,90,Male,Male at birth,White,Non-Hispanic,No,No,Yes,No,No,4
131519-8,3,19.16,235238,133760-12,Resident,Illness Day 3,2023-10-28 00:00:00,3,,Positive,Positive,0,7.40768239576512,Within detectable range,,,Ct,2023-07-10 00:00:00,2023-10-25 00:00:00,2023-11-08 00:00:00,Yes,90,Male,Male at birth,White,Non-Hispanic,No,No,Yes,No,No,4
131519-8,4,33529595.9551665,235238,133760-12,Resident,Illness Day 4,2023-10-29 00:00:00,4,,Positive,Positive,0,7.52542832004084,Within detectable range,,,VL,2023-07-10 00:00:00,2023-10-25 00:00:00,2023-11-08 00:00:00,Yes,90,Male,Male at birth,White,Non-Hispanic,No,No,Yes,No,No,4
131519-8,4,17.23,235238,133760-12,Resident,Illness Day 4,2023-10-29 00:00:00,4,,Positive,Positive,0,7.52542832004084,Within detectable range,,,Ct,2023-07-10 00:00:00,2023-10-25 00:00:00,2023-11-08 00:00:00,Yes,90,Male,Male at birth,White,Non-Hispanic,No,No,Yes,No,No,4
131519-8,5,63863191.3957026,235238,133760-12,Resident,Illness Day 5,2023-10-30 00:00:00,5,,Positive,Positive,0,7.80525061747483,Within detectable range,,,VL,2023-07-10 00:00:00,2023-10-25 00:00:00,2023-11-08 00:00:00,Yes,90,Male,Male at birth,White,Non-Hispanic,No,No,Yes,No,No,4
131519-8,5,16.36,235238,133760-12,Resident,Illness Day 5,2023-10-30 00:00:00,5,,Positive,Positive,0,7.80525061747483,Within detectable range,,,Ct,2023-07-10 00:00:00,2023-10-25 00:00:00,2023-11-08 00:00:00,Yes,90,Male,Male at birth,White,Non-Hispanic,No,No,Yes,No,No,4
131519-8,6,136860.113049272,235238,133760-12,Resident,Illness Day 6,2023-10-31 00:00:00,6,,Inconclusive,Positive,0,5.13627689439663,Within detectable range,,,VL,2023-07-10 00:00:00,2023-10-25 00:00:00,2023-11-08 00:00:00,Yes,90,Male,Male at birth,White,Non-Hispanic,No,No,Yes,No,No,4
131519-8,6,26.64,235238,133760-12,Resident,Illness Day 6,2023-10-31 00:00:00,6,,Inconclusive,Positive,0,5.13627689439663,Within detectable range,,,Ct,2023-07-10 00:00:00,2023-10-25 00:00:00,2023-11-08 00:00:00,Yes,90,Male,Male at birth,White,Non-Hispanic,No,No,Yes,No,No,4
131519-8,7,141321.192492396,235238,133760-12,Resident,Illness Day 7,2023-11-01 00:00:00,7,,Positive,Positive,0,5.1502072934294,Within detectable range,,,VL,2023-07-10 00:00:00,2023-10-25 00:00:00,2023-11-08 00:00:00,Yes,90,Male,Male at birth,White,Non-Hispanic,No,No,Yes,No,No,4
131519-8,7,26.8,235238,133760-12,Resident,Illness Day 7,2023-11-01 00:00:00,7,,Positive,Positive,0,5.1502072934294,Within detectable range,,,Ct,2023-07-10 00:00:00,2023-10-25 00:00:00,2023-11-08 00:00:00,Yes,90,Male,Male at birth,White,Non-Hispanic,No,No,Yes,No,No,4
131519-8,8,66948.1424117188,235238,133760-12,Resident,Illness Day 8,2023-11-02 00:00:00,8,,Positive,Positive,0,4.8257385312878,Within detectable range,,,VL,2023-07-10 00:00:00,2023-10-25 00:00:00,2023-11-08 00:00:00,Yes,90,Male,Male at birth,White,Non-Hispanic,No,No,Yes,No,No,4
131519-8,8,27.51,235238,133760-12,Resident,Illness Day 8,2023-11-02 00:00:00,8,,Positive,Positive,0,4.8257385312878,Within detectable range,,,Ct,2023-07-10 00:00:00,2023-10-25 00:00:00,2023-11-08 00:00:00,Yes,90,Male,Male at birth,White,Non-Hispanic,No,No,Yes,No,No,4
131519-8,9,11066.6726933013,235238,133760-12,Resident,Illness Day 9,2023-11-03 00:00:00,9,,Negative,Positive,0,4.04401706549041,Within detectable range,,,VL,2023-07-10 00:00:00,2023-10-25 00:00:00,2023-11-08 00:00:00,Yes,90,Male,Male at birth,White,Non-Hispanic,No,No,Yes,No,No,4
131519-8,9,29.75,235238,133760-12,Resident,Illness Day 9,2023-11-03 00:00:00,9,,Negative,Positive,0,4.04401706549041,Within detectable range,,,Ct,2023-07-10 00:00:00,2023-10-25 00:00:00,2023-11-08 00:00:00,Yes,90,Male,Male at birth,White,Non-Hispanic,No,No,Yes,No,No,4
131519-8,10,25282.1283782117,235238,133760-12,Resident,Illness Day 10,2023-11-04 00:00:00,10,,Negative,Positive,0,4.40281363226872,Within detectable range,,,VL,2023-07-10 00:00:00,2023-10-25 00:00:00,2023-11-08 00:00:00,Yes,90,Male,Male at birth,White,Non-Hispanic,No,No,Yes,No,No,4
131519-8,10,29.97,235238,133760-12,Resident,Illness Day 10,2023-11-04 00:00:00,10,,Negative,Positive,0,4.40281363226872,Within detectable range,,,Ct,2023-07-10 00:00:00,2023-10-25 00:00:00,2023-11-08 00:00:00,Yes,90,Male,Male at birth,White,Non-Hispanic,No,No,Yes,No,No,4
131519-8,11,21606.0655636063,235238,133760-12,Resident,Illness Day 11,2023-11-05 00:00:00,11,,Negative,Positive,0,4.33457568962354,Within detectable range,,,VL,2023-07-10 00:00:00,2023-10-25 00:00:00,2023-11-08 00:00:00,Yes,90,Male,Male at birth,White,Non-Hispanic,No,No,Yes,No,No,4
131519-8,11,29.43,235238,133760-12,Resident,Illness Day 11,2023-11-05 00:00:00,11,,Negative,Positive,0,4.33457568962354,Within detectable range,,,Ct,2023-07-10 00:00:00,2023-10-25 00:00:00,2023-11-08 00:00:00,Yes,90,Male,Male at birth,White,Non-Hispanic,No,No,Yes,No,No,4
131519-8,12,8743.96383038372,235238,133760-12,Resident,Illness Day 12,2023-11-06 00:00:00,12,,Negative,Positive,0,3.94170835247581,"Less than 10,000 copies/mL",,,VL,2023-07-10 00:00:00,2023-10-25 00:00:00,2023-11-08 00:00:00,Yes,90,Male,Male at birth,White,Non-Hispanic,No,No,Yes,No,No,4
131519-8,12,29.9,235238,133760-12,Resident,Illness Day 12,2023-11-06 00:00:00,12,,Negative,Positive,0,3.94170835247581,"Less than 10,000 copies/mL",,,Ct,2023-07-10 00:00:00,2023-10-25 00:00:00,2023-11-08 00:00:00,Yes,90,Male,Male at birth,White,Non-Hispanic,No,No,Yes,No,No,4
131519-8,13,,235238,133760-12,Resident,Illness Day 13,2023-11-07 00:00:00,13,,Negative,Positive,0,,"VL run, not detected",,,VL,2023-07-10 00:00:00,2023-10-25 00:00:00,2023-11-08 00:00:00,Yes,90,Male,Male at birth,White,Non-Hispanic,No,No,Yes,No,No,4
131519-8,13,36.43,235238,133760-12,Resident,Illness Day 13,2023-11-07 00:00:00,13,,Negative,Positive,0,,"VL run, not detected",,,Ct,2023-07-10 00:00:00,2023-10-25 00:00:00,2023-11-08 00:00:00,Yes,90,Male,Male at birth,White,Non-Hispanic,No,No,Yes,No,No,4
131519-8,14,839.87265551181,235238,133760-12,Resident,Illness Day 14,2023-11-08 00:00:00,14,,Negative,Positive,0,2.92421344177488,"Less than 10,000 copies/mL",,,VL,2023-07-10 00:00:00,2023-10-25 00:00:00,2023-11-08 00:00:00,Yes,90,Male,Male at birth,White,Non-Hispanic,No,No,Yes,No,No,4
131519-8,14,35.09,235238,133760-12,Resident,Illness Day 14,2023-11-08 00:00:00,14,,Negative,Positive,0,2.92421344177488,"Less than 10,000 copies/mL",,,Ct,2023-07-10 00:00:00,2023-10-25 00:00:00,2023-11-08 00:00:00,Yes,90,Male,Male at birth,White,Non-Hispanic,No,No,Yes,No,No,4
131520-187,1,1100856.35449794,395845,133761-2,Resident,Illness Day 1,2023-10-07 00:00:00,1,,Positive,Positive,0,6.04173065365037,Within detectable range,,,VL,2023-10-07 00:00:00,2023-10-06 00:00:00,2023-12-19 00:00:00,Yes,81,Male,Male at birth,White,Non-Hispanic,No,No,No,No,No,4
131520-187,1,23.77,395845,133761-2,Resident,Illness Day 1,2023-10-07 00:00:00,1,,Positive,Positive,0,6.04173065365037,Within detectable range,,,Ct,2023-10-07 00:00:00,2023-10-06 00:00:00,2023-12-19 00:00:00,Yes,81,Male,Male at birth,White,Non-Hispanic,No,No,No,No,No,4
131520-187,2,360756.938620957,395845,133761-2,Resident,Illness Day 2,2023-10-08 00:00:00,2,,Positive,Positive,0,5.55721469285164,Within detectable range,,,VL,2023-10-07 00:00:00,2023-10-06 00:00:00,2023-12-19 00:00:00,Yes,81,Male,Male at birth,White,Non-Hispanic,No,No,No,No,No,4
131520-187,2,24.66,395845,133761-2,Resident,Illness Day 2,2023-10-08 00:00:00,2,,Positive,Positive,0,5.55721469285164,Within detectable range,,,Ct,2023-10-07 00:00:00,2023-10-06 00:00:00,2023-12-19 00:00:00,Yes,81,Male,Male at birth,White,Non-Hispanic,No,No,No,No,No,4
131520-187,3,77601233.7923434,395845,133761-2,Resident,Illness Day 3,2023-10-09 00:00:00,3,,Positive,Positive,0,7.88986862621885,Within detectable range,,,VL,2023-10-07 00:00:00,2023-10-06 00:00:00,2023-12-19 00:00:00,Yes,81,Male,Male at birth,White,Non-Hispanic,No,No,No,No,No,4
131520-187,3,17.12,395845,133761-2,Resident,Illness Day 3,2023-10-09 00:00:00,3,,Positive,Positive,0,7.88986862621885,Within detectable range,,,Ct,2023-10-07 00:00:00,2023-10-06 00:00:00,2023-12-19 00:00:00,Yes,81,Male,Male at birth,White,Non-Hispanic,No,No,No,No,No,4
131520-187,4,1528554.37864731,395845,133761-2,Resident,Illness Day 4,2023-10-10 00:00:00,4,,Positive,Positive,0,6.18428089345555,Within detectable range,,,VL,2023-10-07 00:00:00,2023-10-06 00:00:00,2023-12-19 00:00:00,Yes,81,Male,Male at birth,White,Non-Hispanic,No,No,No,No,No,4
131520-187,4,23.06,395845,133761-2,Resident,Illness Day 4,2023-10-10 00:00:00,4,,Positive,Positive,0,6.18428089345555,Within detectable range,,,Ct,2023-10-07 00:00:00,2023-10-06 00:00:00,2023-12-19 00:00:00,Yes,81,Male,Male at birth,White,Non-Hispanic,No,No,No,No,No,4
131520-187,5,111421524.654607,395845,133761-2,Resident,Illness Day 5,2023-10-11 00:00:00,5,,Positive,Positive,0,8.04696909690347,Within detectable range,Omicron,HV.1,VL,2023-10-07 00:00:00,2023-10-06 00:00:00,2023-12-19 00:00:00,Yes,81,Male,Male at birth,White,Non-Hispanic,No,No,No,No,No,4
131520-187,5,16.8,395845,133761-2,Resident,Illness Day 5,2023-10-11 00:00:00,5,,Positive,Positive,0,8.04696909690347,Within detectable range,Omicron,HV.1,Ct,2023-10-07 00:00:00,2023-10-06 00:00:00,2023-12-19 00:00:00,Yes,81,Male,Male at birth,White,Non-Hispanic,No,No,No,No,No,4
131520-187,6,262120.545524764,395845,133761-2,Resident,Illness Day 6,2023-10-12 00:00:00,6,,Positive,Positive,0,5.41850106313787,Within detectable range,,,VL,2023-10-07 00:00:00,2023-10-06 00:00:00,2023-12-19 00:00:00,Yes,81,Male,Male at birth,White,Non-Hispanic,No,No,No,No,No,4
131520-187,6,24.35,395845,133761-2,Resident,Illness Day 6,2023-10-12 00:00:00,6,,Positive,Positive,0,5.41850106313787,Within detectable range,,,Ct,2023-10-07 00:00:00,2023-10-06 00:00:00,2023-12-19 00:00:00,Yes,81,Male,Male at birth,White,Non-Hispanic,No,No,No,No,No,4
131520-187,7,145574.34198192,395845,133761-2,Resident,Illness Day 7,2023-10-13 00:00:00,7,,Positive,Positive,0,5.16308483570765,Within detectable range,,,VL,2023-10-07 00:00:00,2023-10-06 00:00:00,2023-12-19 00:00:00,Yes,81,Male,Male at birth,White,Non-Hispanic,No,No,No,No,No,4
131520-187,7,24.29,395845,133761-2,Resident,Illness Day 7,2023-10-13 00:00:00,7,,Positive,Positive,0,5.16308483570765,Within detectable range,,,Ct,2023-10-07 00:00:00,2023-10-06 00:00:00,2023-12-19 00:00:00,Yes,81,Male,Male at birth,White,Non-Hispanic,No,No,No,No,No,4
131520-187,8,74954.7260302534,395845,133761-2,Resident,Illness Day 8,2023-10-14 00:00:00,8,,Positive,Positive,0,4.87479902109561,Within detectable range,,,VL,2023-10-07 00:00:00,2023-10-06 00:00:00,2023-12-19 00:00:00,Yes,81,Male,Male at birth,White,Non-Hispanic,No,No,No,No,No,4
131520-187,8,26.59,395845,133761-2,Resident,Illness Day 8,2023-10-14 00:00:00,8,,Positive,Positive,0,4.87479902109561,Within detectable range,,,Ct,2023-10-07 00:00:00,2023-10-06 00:00:00,2023-12-19 00:00:00,Yes,81,Male,Male at birth,White,Non-Hispanic,No,No,No,No,No,4
131520-187,9,7357188.96069697,395845,133761-2,Resident,Illness Day 9,2023-10-15 00:00:00,9,,Positive,Positive,0,6.86671191052587,Within detectable range,,,VL,2023-10-07 00:00:00,2023-10-06 00:00:00,2023-12-19 00:00:00,Yes,81,Male,Male at birth,White,Non-Hispanic,No,No,No,No,No,4
131520-187,9,19.18,395845,133761-2,Resident,Illness Day 9,2023-10-15 00:00:00,9,,Positive,Positive,0,6.86671191052587,Within detectable range,,,Ct,2023-10-07 00:00:00,2023-10-06 00:00:00,2023-12-19 00:00:00,Yes,81,Male,Male at birth,White,Non-Hispanic,No,No,No,No,No,4
131520-187,10,256006.188600538,395845,133761-2,Resident,Illness Day 10,2023-10-16 00:00:00,10,,Positive,Positive,0,5.40825046391567,Within detectable range,,,VL,2023-10-07 00:00:00,2023-10-06 00:00:00,2023-12-19 00:00:00,Yes,81,Male,Male at birth,White,Non-Hispanic,No,No,No,No,No,4
131520-187,10,24.83,395845,133761-2,Resident,Illness Day 10,2023-10-16 00:00:00,10,,Positive,Positive,0,5.40825046391567,Within detectable range,,,Ct,2023-10-07 00:00:00,2023-10-06 00:00:00,2023-12-19 00:00:00,Yes,81,Male,Male at birth,White,Non-Hispanic,No,No,No,No,No,4
131520-187,11,271648.73574352,395845,133761-2,Resident,Illness Day 11,2023-10-17 00:00:00,11,,Positive,Positive,0,5.43400768816271,Within detectable range,,,VL,2023-10-07 00:00:00,2023-10-06 00:00:00,2023-12-19 00:00:00,Yes,81,Male,Male at birth,White,Non-Hispanic,No,No,No,No,No,4
131520-187,11,24.39,395845,133761-2,Resident,Illness Day 11,2023-10-17 00:00:00,11,,Positive,Positive,0,5.43400768816271,Within detectable range,,,Ct,2023-10-07 00:00:00,2023-10-06 00:00:00,2023-12-19 00:00:00,Yes,81,Male,Male at birth,White,Non-Hispanic,No,No,No,No,No,4
131520-187,12,7221885.53900437,395845,133761-2,Resident,Illness Day 12,2023-10-18 00:00:00,12,,Positive,Positive,0,6.85865060093203,Within detectable range,,,VL,2023-10-07 00:00:00,2023-10-06 00:00:00,2023-12-19 00:00:00,Yes,81,Male,Male at birth,White,Non-Hispanic,No,No,No,No,No,4
131520-187,12,20.29,395845,133761-2,Resident,Illness Day 12,2023-10-18 00:00:00,12,,Positive,Positive,0,6.85865060093203,Within detectable range,,,Ct,2023-10-07 00:00:00,2023-10-06 00:00:00,2023-12-19 00:00:00,Yes,81,Male,Male at birth,White,Non-Hispanic,No,No,No,No,No,4
131520-187,13,65733.050153548,395845,133761-2,Resident,Illness Day 13,2023-10-19 00:00:00,13,,Negative,Positive,0,4.81778378493701,Within detectable range,,,VL,2023-10-07 00:00:00,2023-10-06 00:00:00,2023-12-19 00:00:00,Yes,81,Male,Male at birth,White,Non-Hispanic,No,No,No,No,No,4
131520-187,13,27.8,395845,133761-2,Resident,Illness Day 13,2023-10-19 00:00:00,13,,Negative,Positive,0,4.81778378493701,Within detectable range,,,Ct,2023-10-07 00:00:00,2023-10-06 00:00:00,2023-12-19 00:00:00,Yes,81,Male,Male at birth,White,Non-Hispanic,No,No,No,No,No,4
131520-187,14,8785210.19421559,395845,133761-2,Resident,Illness Day 14,2023-10-20 00:00:00,14,,Negative,Positive,0,6.94375215684963,Within detectable range,,,VL,2023-10-07 00:00:00,2023-10-06 00:00:00,2023-12-19 00:00:00,Yes,81,Male,Male at birth,White,Non-Hispanic,No,No,No,No,No,4
131520-187,14,20.88,395845,133761-2,Resident,Illness Day 14,2023-10-20 00:00:00,14,,Negative,Positive,0,6.94375215684963,Within detectable range,,,Ct,2023-10-07 00:00:00,2023-10-06 00:00:00,2023-12-19 00:00:00,Yes,81,Male,Male at birth,White,Non-Hispanic,No,No,No,No,No,4
131520-187,17,9652246.42500612,395845,133761-2,Resident,Op ill w3 t1,2023-10-23 00:00:00,17,,Positive,Positive,0,6.98462840105836,Within detectable range,,,VL,2023-10-07 00:00:00,2023-10-06 00:00:00,2023-12-19 00:00:00,Yes,81,Male,Male at birth,White,Non-Hispanic,No,No,No,No,No,4
131520-187,17,20.58,395845,133761-2,Resident,Op ill w3 t1,2023-10-23 00:00:00,17,,Positive,Positive,0,6.98462840105836,Within detectable range,,,Ct,2023-10-07 00:00:00,2023-10-06 00:00:00,2023-12-19 00:00:00,Yes,81,Male,Male at birth,White,Non-Hispanic,No,No,No,No,No,4
131520-187,20,1765308.80835267,395845,133761-2,Resident,Op ill w3 t2,2023-10-26 00:00:00,20,,Negative,Positive,0,6.2468206882125,Within detectable range,,,VL,2023-10-07 00:00:00,2023-10-06 00:00:00,2023-12-19 00:00:00,Yes,81,Male,Male at birth,White,Non-Hispanic,No,No,No,No,No,4
131520-187,20,21.53,395845,133761-2,Resident,Op ill w3 t2,2023-10-26 00:00:00,20,,Negative,Positive,0,6.2468206882125,Within detectable range,,,Ct,2023-10-07 00:00:00,2023-10-06 00:00:00,2023-12-19 00:00:00,Yes,81,Male,Male at birth,White,Non-Hispanic,No,No,No,No,No,4
131520-187,24,1589524.71975071,395845,133761-2,Resident,Op ill w4 t1,2023-10-30 00:00:00,24,,Negative,Positive,0,6.20126728630417,Within detectable range,,,VL,2023-10-07 00:00:00,2023-10-06 00:00:00,2023-12-19 00:00:00,Yes,81,Male,Male at birth,White,Non-Hispanic,No,No,No,No,No,4
131520-187,24,30.64,395845,133761-2,Resident,Op ill w4 t1,2023-10-30 00:00:00,24,,Negative,Positive,0,6.20126728630417,Within detectable range,,,Ct,2023-10-07 00:00:00,2023-10-06 00:00:00,2023-12-19 00:00:00,Yes,81,Male,Male at birth,White,Non-Hispanic,No,No,No,No,No,4
131520-187,27,4530937.93971628,395845,133761-2,Resident,Op ill w4 t2,2023-11-02 00:00:00,27,,Positive,Positive,0,6.65618811368584,Within detectable range,,,VL,2023-10-07 00:00:00,2023-10-06 00:00:00,2023-12-19 00:00:00,Yes,81,Male,Male at birth,White,Non-Hispanic,No,No,No,No,No,4
131520-187,27,21.5,395845,133761-2,Resident,Op ill w4 t2,2023-11-02 00:00:00,27,,Positive,Positive,0,6.65618811368584,Within detectable range,,,Ct,2023-10-07 00:00:00,2023-10-06 00:00:00,2023-12-19 00:00:00,Yes,81,Male,Male at birth,White,Non-Hispanic,No,No,No,No,No,4
131520-187,32,312452.585980004,395845,133761-2,Resident,Op ill week 5,2023-11-07 00:00:00,32,,Negative,Positive,0,5.49478412340957,Within detectable range,,,VL,2023-10-07 00:00:00,2023-10-06 00:00:00,2023-12-19 00:00:00,Yes,81,Male,Male at birth,White,Non-Hispanic,No,No,No,No,No,4
131520-187,32,27.1,395845,133761-2,Resident,Op ill week 5,2023-11-07 00:00:00,32,,Negative,Positive,0,5.49478412340957,Within detectable range,,,Ct,2023-10-07 00:00:00,2023-10-06 00:00:00,2023-12-19 00:00:00,Yes,81,Male,Male at birth,White,Non-Hispanic,No,No,No,No,No,4
131520-187,39,154812.248375033,395845,133761-2,Resident,Op ill week 6,2023-11-14 00:00:00,39,,Negative,Positive,0,5.18980531804748,Within detectable range,Omicron,HV.1,VL,2023-10-07 00:00:00,2023-10-06 00:00:00,2023-12-19 00:00:00,Yes,81,Male,Male at birth,White,Non-Hispanic,No,No,No,No,No,4
131520-187,39,24.8,395845,133761-2,Resident,Op ill week 6,2023-11-14 00:00:00,39,,Negative,Positive,0,5.18980531804748,Within detectable range,Omicron,HV.1,Ct,2023-10-07 00:00:00,2023-10-06 00:00:00,2023-12-19 00:00:00,Yes,81,Male,Male at birth,White,Non-Hispanic,No,No,No,No,No,4
131520-187,46,432849.559484674,395845,133761-2,Resident,Op ill week 7,2023-11-21 00:00:00,46,,Negative,Positive,0,5.6363369798677,Within detectable range,,,VL,2023-10-07 00:00:00,2023-10-06 00:00:00,2023-12-19 00:00:00,Yes,81,Male,Male at birth,White,Non-Hispanic,No,No,No,No,No,4
131520-187,46,27.17,395845,133761-2,Resident,Op ill week 7,2023-11-21 00:00:00,46,,Negative,Positive,0,5.6363369798677,Within detectable range,,,Ct,2023-10-07 00:00:00,2023-10-06 00:00:00,2023-12-19 00:00:00,Yes,81,Male,Male at birth,White,Non-Hispanic,No,No,No,No,No,4
131520-187,53,,395845,133761-2,Resident,Op ill week 8,2023-11-28 00:00:00,53,,Negative,Positive,0,,"VL run, not detected",,,VL,2023-10-07 00:00:00,2023-10-06 00:00:00,2023-12-19 00:00:00,Yes,81,Male,Male at birth,White,Non-Hispanic,No,No,No,No,No,4
131520-187,53,32.99,395845,133761-2,Resident,Op ill week 8,2023-11-28 00:00:00,53,,Negative,Positive,0,,"VL run, not detected",,,Ct,2023-10-07 00:00:00,2023-10-06 00:00:00,2023-12-19 00:00:00,Yes,81,Male,Male at birth,White,Non-Hispanic,No,No,No,No,No,4
131520-187,60,8349195.99365413,395845,133761-2,Resident,Op ill week 9,2023-12-05 00:00:00,60,,Positive,Positive,0,6.92164465604274,Within detectable range,,,VL,2023-10-07 00:00:00,2023-10-06 00:00:00,2023-12-19 00:00:00,Yes,81,Male,Male at birth,White,Non-Hispanic,No,No,No,No,No,4
131520-187,60,18.41,395845,133761-2,Resident,Op ill week 9,2023-12-05 00:00:00,60,,Positive,Positive,0,6.92164465604274,Within detectable range,,,Ct,2023-10-07 00:00:00,2023-10-06 00:00:00,2023-12-19 00:00:00,Yes,81,Male,Male at birth,White,Non-Hispanic,No,No,No,No,No,4
131520-187,67,231717.587490341,395845,133761-2,Resident,Op ill week 10,2023-12-12 00:00:00,67,,Positive,Positive,0,5.3649589982273,Within detectable range,,,VL,2023-10-07 00:00:00,2023-10-06 00:00:00,2023-12-19 00:00:00,Yes,81,Male,Male at birth,White,Non-Hispanic,No,No,No,No,No,4
131520-187,67,25.22,395845,133761-2,Resident,Op ill week 10,2023-12-12 00:00:00,67,,Positive,Positive,0,5.3649589982273,Within detectable range,,,Ct,2023-10-07 00:00:00,2023-10-06 00:00:00,2023-12-19 00:00:00,Yes,81,Male,Male at birth,White,Non-Hispanic,No,No,No,No,No,4
131520-187,74,3150296.92140029,395845,133761-2,Resident,Op ill week 11,2023-12-19 00:00:00,74,,Negative,Positive,0,6.49835148878915,Within detectable range,Omicron,HV.1,VL,2023-10-07 00:00:00,2023-10-06 00:00:00,2023-12-19 00:00:00,Yes,81,Male,Male at birth,White,Non-Hispanic,No,No,No,No,No,4
131520-187,74,22.85,395845,133761-2,Resident,Op ill week 11,2023-12-19 00:00:00,74,,Negative,Positive,0,6.49835148878915,Within detectable range,Omicron,HV.1,Ct,2023-10-07 00:00:00,2023-10-06 00:00:00,2023-12-19 00:00:00,Yes,81,Male,Male at birth,White,Non-Hispanic,No,No,No,No,No,4
131521-10,1,2599070835.20592,525305,133762-1,Staff,Illness Day 1,2023-10-12 00:00:00,1,,Positive,Positive,0,9.41481811594574,More than 1 billion copies/mL,Omicron,FY.5,VL,2023-08-31 00:00:00,2023-10-11 00:00:00,2024-01-06 00:00:00,Yes,55,Female,Female at birth,White,Non-Hispanic,No,No,No,No,No,4
131521-10,1,10.31,525305,133762-1,Staff,Illness Day 1,2023-10-12 00:00:00,1,,Positive,Positive,0,9.41481811594574,More than 1 billion copies/mL,Omicron,FY.5,Ct,2023-08-31 00:00:00,2023-10-11 00:00:00,2024-01-06 00:00:00,Yes,55,Female,Female at birth,White,Non-Hispanic,No,No,No,No,No,4
131521-10,3,11557483.1947212,525305,133762-1,Staff,Illness Day 3,2023-10-14 00:00:00,3,,Positive,Positive,0,7.06286327062017,Within detectable range,,,VL,2023-08-31 00:00:00,2023-10-11 00:00:00,2024-01-06 00:00:00,Yes,55,Female,Female at birth,White,Non-Hispanic,No,No,No,No,No,4
131521-10,3,17.62,525305,133762-1,Staff,Illness Day 3,2023-10-14 00:00:00,3,,Positive,Positive,0,7.06286327062017,Within detectable range,,,Ct,2023-08-31 00:00:00,2023-10-11 00:00:00,2024-01-06 00:00:00,Yes,55,Female,Female at birth,White,Non-Hispanic,No,No,No,No,No,4
131521-10,5,411177.946191831,525305,133762-1,Staff,Illness Day 5,2023-10-16 00:00:00,5,,Positive,Positive,0,5.61402981293264,Within detectable range,,,VL,2023-08-31 00:00:00,2023-10-11 00:00:00,2024-01-06 00:00:00,Yes,55,Female,Female at birth,White,Non-Hispanic,No,No,No,No,No,4
131521-10,5,22.91,525305,133762-1,Staff,Illness Day 5,2023-10-16 00:00:00,5,,Positive,Positive,0,5.61402981293264,Within detectable range,,,Ct,2023-08-31 00:00:00,2023-10-11 00:00:00,2024-01-06 00:00:00,Yes,55,Female,Female at birth,White,Non-Hispanic,No,No,No,No,No,4
131521-10,7,929.269784465201,525305,133762-1,Staff,Illness Day 7,2023-10-18 00:00:00,7,,Negative,Positive,0,2.96814181614129,"Less than 10,000 copies/mL",,,VL,2023-08-31 00:00:00,2023-10-11 00:00:00,2024-01-06 00:00:00,Yes,55,Female,Female at birth,White,Non-Hispanic,No,No,No,No,No,4
131521-10,7,31.48,525305,133762-1,Staff,Illness Day 7,2023-10-18 00:00:00,7,,Negative,Positive,0,2.96814181614129,"Less than 10,000 copies/mL",,,Ct,2023-08-31 00:00:00,2023-10-11 00:00:00,2024-01-06 00:00:00,Yes,55,Female,Female at birth,White,Non-Hispanic,No,No,No,No,No,4
131521-10,9,,525305,133762-1,Staff,Illness Day 9,2023-10-20 00:00:00,9,,Negative,Negative,0,,"Undetectable, will not be done",,,VL,2023-08-31 00:00:00,2023-10-11 00:00:00,2024-01-06 00:00:00,Yes,55,Female,Female at birth,White,Non-Hispanic,No,No,No,No,No,4
131521-10,9,37.42,525305,133762-1,Staff,Illness Day 9,2023-10-20 00:00:00,9,,Negative,Negative,0,,"Undetectable, will not be done",,,Ct,2023-08-31 00:00:00,2023-10-11 00:00:00,2024-01-06 00:00:00,Yes,55,Female,Female at birth,White,Non-Hispanic,No,No,No,No,No,4
131521-10,11,,525305,133762-1,Staff,Illness Day 12,2023-10-22 00:00:00,11,,Negative,Negative,0,,"Undetectable, will not be done",,,VL,2023-08-31 00:00:00,2023-10-11 00:00:00,2024-01-06 00:00:00,Yes,55,Female,Female at birth,White,Non-Hispanic,No,No,No,No,No,4
131521-10,11,37.4,525305,133762-1,Staff,Illness Day 12,2023-10-22 00:00:00,11,,Negative,Negative,0,,"Undetectable, will not be done",,,Ct,2023-08-31 00:00:00,2023-10-11 00:00:00,2024-01-06 00:00:00,Yes,55,Female,Female at birth,White,Non-Hispanic,No,No,No,No,No,4
131521-10,14,,525305,133762-1,Staff,Illness Day 14,2023-10-25 00:00:00,14,,Negative,Negative,0,,"Undetectable, will not be done",,,VL,2023-08-31 00:00:00,2023-10-11 00:00:00,2024-01-06 00:00:00,Yes,55,Female,Female at birth,White,Non-Hispanic,No,No,No,No,No,4
131521-10,14,Not available,525305,133762-1,Staff,Illness Day 14,2023-10-25 00:00:00,14,,Negative,Negative,0,,"Undetectable, will not be done",,,Ct,2023-08-31 00:00:00,2023-10-11 00:00:00,2024-01-06 00:00:00,Yes,55,Female,Female at birth,White,Non-Hispanic,No,No,No,No,No,4
131521-10,18,,525305,133762-1,Staff,Op ill w3 t1,2023-10-29 00:00:00,18,,Not done,Negative,0,,"Undetectable, will not be done",,,VL,2023-08-31 00:00:00,2023-10-11 00:00:00,2024-01-06 00:00:00,Yes,55,Female,Female at birth,White,Non-Hispanic,No,No,No,No,No,4
131521-10,18,38.89,525305,133762-1,Staff,Op ill w3 t1,2023-10-29 00:00:00,18,,Not done,Negative,0,,"Undetectable, will not be done",,,Ct,2023-08-31 00:00:00,2023-10-11 00:00:00,2024-01-06 00:00:00,Yes,55,Female,Female at birth,White,Non-Hispanic,No,No,No,No,No,4
131521-10,22,,525305,133762-1,Staff,Op ill w3 t2,2023-11-02 00:00:00,22,,Not done,Negative,0,,"Undetectable, will not be done",,,VL,2023-08-31 00:00:00,2023-10-11 00:00:00,2024-01-06 00:00:00,Yes,55,Female,Female at birth,White,Non-Hispanic,No,No,No,No,No,4
131521-10,22,Not available,525305,133762-1,Staff,Op ill w3 t2,2023-11-02 00:00:00,22,,Not done,Negative,0,,"Undetectable, will not be done",,,Ct,2023-08-31 00:00:00,2023-10-11 00:00:00,2024-01-06 00:00:00,Yes,55,Female,Female at birth,White,Non-Hispanic,No,No,No,No,No,4
131521-10,26,,525305,133762-1,Staff,Op ill w4 t1,2023-11-06 00:00:00,26,,Negative,Negative,0,,"Undetectable, will not be done",,,VL,2023-08-31 00:00:00,2023-10-11 00:00:00,2024-01-06 00:00:00,Yes,55,Female,Female at birth,White,Non-Hispanic,No,No,No,No,No,4
131521-10,26,Not available,525305,133762-1,Staff,Op ill w4 t1,2023-11-06 00:00:00,26,,Negative,Negative,0,,"Undetectable, will not be done",,,Ct,2023-08-31 00:00:00,2023-10-11 00:00:00,2024-01-06 00:00:00,Yes,55,Female,Female at birth,White,Non-Hispanic,No,No,No,No,No,4
131521-10,32,,525305,133762-1,Staff,Op ill week 5,2023-11-12 00:00:00,32,,Not done,Negative,0,,"Undetectable, will not be done",,,VL,2023-08-31 00:00:00,2023-10-11 00:00:00,2024-01-06 00:00:00,Yes,55,Female,Female at birth,White,Non-Hispanic,No,No,No,No,No,4
131521-10,32,Not available,525305,133762-1,Staff,Op ill week 5,2023-11-12 00:00:00,32,,Not done,Negative,0,,"Undetectable, will not be done",,,Ct,2023-08-31 00:00:00,2023-10-11 00:00:00,2024-01-06 00:00:00,Yes,55,Female,Female at birth,White,Non-Hispanic,No,No,No,No,No,4
131521-10,41,,525305,133762-1,Staff,Op ill week 6,2023-11-21 00:00:00,41,,Not done,Negative,0,,"Undetectable, will not be done",,,VL,2023-08-31 00:00:00,2023-10-11 00:00:00,2024-01-06 00:00:00,Yes,55,Female,Female at birth,White,Non-Hispanic,No,No,No,No,No,4
131521-10,41,Not available,525305,133762-1,Staff,Op ill week 6,2023-11-21 00:00:00,41,,Not done,Negative,0,,"Undetectable, will not be done",,,Ct,2023-08-31 00:00:00,2023-10-11 00:00:00,2024-01-06 00:00:00,Yes,55,Female,Female at birth,White,Non-Hispanic,No,No,No,No,No,4
131521-10,50,,525305,133762-1,Staff,Op ill week 7,2023-11-30 00:00:00,50,,Not done,Negative,0,,"Undetectable, will not be done",,,VL,2023-08-31 00:00:00,2023-10-11 00:00:00,2024-01-06 00:00:00,Yes,55,Female,Female at birth,White,Non-Hispanic,No,No,No,No,No,4
131521-10,50,Not available,525305,133762-1,Staff,Op ill week 7,2023-11-30 00:00:00,50,,Not done,Negative,0,,"Undetectable, will not be done",,,Ct,2023-08-31 00:00:00,2023-10-11 00:00:00,2024-01-06 00:00:00,Yes,55,Female,Female at birth,White,Non-Hispanic,No,No,No,No,No,4
131521-10,59,,525305,133762-1,Staff,Op ill week 9,2023-12-09 00:00:00,59,,Not done,Negative,0,,"Undetectable, will not be done",,,VL,2023-08-31 00:00:00,2023-10-11 00:00:00,2024-01-06 00:00:00,Yes,55,Female,Female at birth,White,Non-Hispanic,No,No,No,No,No,4
131521-10,59,Not available,525305,133762-1,Staff,Op ill week 9,2023-12-09 00:00:00,59,,Not done,Negative,0,,"Undetectable, will not be done",,,Ct,2023-08-31 00:00:00,2023-10-11 00:00:00,2024-01-06 00:00:00,Yes,55,Female,Female at birth,White,Non-Hispanic,No,No,No,No,No,4
131521-10,66,,525305,133762-1,Staff,Op ill week 10,2023-12-16 00:00:00,66,,Not done,Negative,0,,"Undetectable, will not be done",,,VL,2023-08-31 00:00:00,2023-10-11 00:00:00,2024-01-06 00:00:00,Yes,55,Female,Female at birth,White,Non-Hispanic,No,No,No,No,No,4
131521-10,66,Not available,525305,133762-1,Staff,Op ill week 10,2023-12-16 00:00:00,66,,Not done,Negative,0,,"Undetectable, will not be done",,,Ct,2023-08-31 00:00:00,2023-10-11 00:00:00,2024-01-06 00:00:00,Yes,55,Female,Female at birth,White,Non-Hispanic,No,No,No,No,No,4
131521-10,73,,525305,133762-1,Staff,Op ill week 11,2023-12-23 00:00:00,73,,Not done,Negative,0,,"Undetectable, will not be done",,,VL,2023-08-31 00:00:00,2023-10-11 00:00:00,2024-01-06 00:00:00,Yes,55,Female,Female at birth,White,Non-Hispanic,No,No,No,No,No,4
131521-10,73,Not available,525305,133762-1,Staff,Op ill week 11,2023-12-23 00:00:00,73,,Not done,Negative,0,,"Undetectable, will not be done",,,Ct,2023-08-31 00:00:00,2023-10-11 00:00:00,2024-01-06 00:00:00,Yes,55,Female,Female at birth,White,Non-Hispanic,No,No,No,No,No,4
131521-10,80,,525305,133762-1,Staff,Op ill week 12,2023-12-30 00:00:00,80,,Not done,Negative,0,,"Undetectable, will not be done",,,VL,2023-08-31 00:00:00,2023-10-11 00:00:00,2024-01-06 00:00:00,Yes,55,Female,Female at birth,White,Non-Hispanic,No,No,No,No,No,4
131521-10,80,Not available,525305,133762-1,Staff,Op ill week 12,2023-12-30 00:00:00,80,,Not done,Negative,0,,"Undetectable, will not be done",,,Ct,2023-08-31 00:00:00,2023-10-11 00:00:00,2024-01-06 00:00:00,Yes,55,Female,Female at birth,White,Non-Hispanic,No,No,No,No,No,4
131521-10,87,,525305,133762-1,Staff,Op ill week 13,2024-01-06 00:00:00,87,,Not done,Negative,0,,"Undetectable, will not be done",,,VL,2023-08-31 00:00:00,2023-10-11 00:00:00,2024-01-06 00:00:00,Yes,55,Female,Female at birth,White,Non-Hispanic,No,No,No,No,No,4
131521-10,87,Not available,525305,133762-1,Staff,Op ill week 13,2024-01-06 00:00:00,87,,Not done,Negative,0,,"Undetectable, will not be done",,,Ct,2023-08-31 00:00:00,2023-10-11 00:00:00,2024-01-06 00:00:00,Yes,55,Female,Female at birth,White,Non-Hispanic,No,No,No,No,No,4
131521-22,2,4371582.73400852,525305,133762-2,Staff,Illness Day 2,2023-10-27 00:00:00,2,,Positive,Positive,0,6.64063870200461,Within detectable range,Omicron,HV.1,VL,2023-09-05 00:00:00,2023-10-25 00:00:00,2023-11-08 00:00:00,Yes,33,Female,Female at birth,White,Non-Hispanic,No,No,No,No,No,4
131521-22,2,20.76,525305,133762-2,Staff,Illness Day 2,2023-10-27 00:00:00,2,,Positive,Positive,0,6.64063870200461,Within detectable range,Omicron,HV.1,Ct,2023-09-05 00:00:00,2023-10-25 00:00:00,2023-11-08 00:00:00,Yes,33,Female,Female at birth,White,Non-Hispanic,No,No,No,No,No,4
131521-22,4,9445.28080736071,525305,133762-2,Staff,Illness Day 4,2023-10-29 00:00:00,4,,Positive,Positive,0,3.97521487398622,"Less than 10,000 copies/mL",,,VL,2023-09-05 00:00:00,2023-10-25 00:00:00,2023-11-08 00:00:00,Yes,33,Female,Female at birth,White,Non-Hispanic,No,No,No,No,No,4
131521-22,4,28.45,525305,133762-2,Staff,Illness Day 4,2023-10-29 00:00:00,4,,Positive,Positive,0,3.97521487398622,"Less than 10,000 copies/mL",,,Ct,2023-09-05 00:00:00,2023-10-25 00:00:00,2023-11-08 00:00:00,Yes,33,Female,Female at birth,White,Non-Hispanic,No,No,No,No,No,4
131521-22,6,194488.719195898,525305,133762-2,Staff,Illness Day 6,2023-10-31 00:00:00,6,,Inconclusive,Positive,0,5.28889441628871,Within detectable range,,,VL,2023-09-05 00:00:00,2023-10-25 00:00:00,2023-11-08 00:00:00,Yes,33,Female,Female at birth,White,Non-Hispanic,No,No,No,No,No,4
131521-22,6,22.44,525305,133762-2,Staff,Illness Day 6,2023-10-31 00:00:00,6,,Inconclusive,Positive,0,5.28889441628871,Within detectable range,,,Ct,2023-09-05 00:00:00,2023-10-25 00:00:00,2023-11-08 00:00:00,Yes,33,Female,Female at birth,White,Non-Hispanic,No,No,No,No,No,4
131521-22,8,3579.98583300056,525305,133762-2,Staff,Illness Day 8,2023-11-02 00:00:00,8,,Inconclusive,Positive,0,3.55388130802325,"Less than 10,000 copies/mL",,,VL,2023-09-05 00:00:00,2023-10-25 00:00:00,2023-11-08 00:00:00,Yes,33,Female,Female at birth,White,Non-Hispanic,No,No,No,No,No,4
131521-22,8,32.25,525305,133762-2,Staff,Illness Day 8,2023-11-02 00:00:00,8,,Inconclusive,Positive,0,3.55388130802325,"Less than 10,000 copies/mL",,,Ct,2023-09-05 00:00:00,2023-10-25 00:00:00,2023-11-08 00:00:00,Yes,33,Female,Female at birth,White,Non-Hispanic,No,No,No,No,No,4
131521-22,10,,525305,133762-2,Staff,Illness Day 10,2023-11-04 00:00:00,10,,Negative,Negative,0,,"Undetectable, will not be done",,,VL,2023-09-05 00:00:00,2023-10-25 00:00:00,2023-11-08 00:00:00,Yes,33,Female,Female at birth,White,Non-Hispanic,No,No,No,No,No,4
131521-22,10,Not available,525305,133762-2,Staff,Illness Day 10,2023-11-04 00:00:00,10,,Negative,Negative,0,,"Undetectable, will not be done",,,Ct,2023-09-05 00:00:00,2023-10-25 00:00:00,2023-11-08 00:00:00,Yes,33,Female,Female at birth,White,Non-Hispanic,No,No,No,No,No,4
131521-22,12,,525305,133762-2,Staff,Illness Day 11,2023-11-06 00:00:00,12,,Negative,Negative,0,,"Undetectable, will not be done",,,VL,2023-09-05 00:00:00,2023-10-25 00:00:00,2023-11-08 00:00:00,Yes,33,Female,Female at birth,White,Non-Hispanic,No,No,No,No,No,4
131521-22,12,Not available,525305,133762-2,Staff,Illness Day 11,2023-11-06 00:00:00,12,,Negative,Negative,0,,"Undetectable, will not be done",,,Ct,2023-09-05 00:00:00,2023-10-25 00:00:00,2023-11-08 00:00:00,Yes,33,Female,Female at birth,White,Non-Hispanic,No,No,No,No,No,4
131521-22,14,,525305,133762-2,Staff,Illness Day 13,2023-11-08 00:00:00,14,,Negative,Negative,0,,"Undetectable, will not be done",,,VL,2023-09-05 00:00:00,2023-10-25 00:00:00,2023-11-08 00:00:00,Yes,33,Female,Female at birth,White,Non-Hispanic,No,No,No,No,No,4
131521-22,14,Not available,525305,133762-2,Staff,Illness Day 13,2023-11-08 00:00:00,14,,Negative,Negative,0,,"Undetectable, will not be done",,,Ct,2023-09-05 00:00:00,2023-10-25 00:00:00,2023-11-08 00:00:00,Yes,33,Female,Female at birth,White,Non-Hispanic,No,No,No,No,No,4
