PatientID,time,value,Lineage,Antigen,Virus_pos_days,Age,Index,analyte,first_symptom,Nasal_CN_or_Saliva_Ct
443108,-8,negative,B.1.2,,,37,0,Saliva_Ct,-2,47
443108,-4,434910.6072324525,B.1.2,,,37,1,Saliva_Ct,-2,30.72
443108,-2,331131.1214825908,B.1.2,Pos,3,37,1,Nasal_CN,-2,23.32
443108,-2,769839161.9294324,B.1.2,Pos,3,37,1,Saliva_Ct,-2,19.12
443108,-1,14206922.128601816,B.1.2,Pos,2,37,1,Nasal_CN,-2,16.79
443108,-1,312176351.08481574,B.1.2,Pos,2,37,1,Saliva_Ct,-2,20.52
443108,0,67608297.53919819,B.1.2,Pos,2,37,1,Nasal_CN,-2,14.08
443108,0,71779429.127136,B.1.2,Pos,2,37,1,Saliva_Ct,-2,22.8
443108,1,7807284.401379069,B.1.2,Pos,3,37,1,Nasal_CN,-2,17.83
443108,1,negative,B.1.2,Pos,3,37,1,Saliva_Ct,-2,47
443108,2,5787619.883491197,B.1.2,Pos,3,37,1,Nasal_CN,-2,18.35
443108,2,18535316.234148104,B.1.2,Pos,3,37,1,Saliva_Ct,-2,24.9
443108,3,977237.2209558091,B.1.2,Pos,3,37,1,Nasal_CN,-2,21.44
443108,3,11137815.001346635,B.1.2,Pos,3,37,1,Saliva_Ct,-2,25.69
443108,4,1035142.1666793431,B.1.2,Pos,3,37,1,Nasal_CN,-2,21.34
443108,4,2017437.085611921,B.1.2,Pos,3,37,1,Saliva_Ct,-2,28.34
443108,5,117489.75549395279,B.1.2,Pos,4,37,1,Nasal_CN,-2,25.12
443108,5,19266374.595240794,B.1.2,Pos,4,37,1,Saliva_Ct,-2,24.84
443108,6,5011.872336272715,B.1.2,Neg,5.9,37,1,Nasal_CN,-2,30.6
443108,6,261336.45761890206,B.1.2,Neg,5.9,37,1,Saliva_Ct,-2,31.51
443108,7,375.83740428844357,B.1.2,Neg,5.9,37,1,Nasal_CN,-2,35.1
443108,7,31944.787242086815,B.1.2,Neg,5.9,37,1,Saliva_Ct,-2,34.77
443108,8,87.59917176331152,B.1.2,Neg,5.9,37,1,Nasal_CN,-2,37.63
443108,8,47951.25740813498,B.1.2,Neg,5.9,37,1,Saliva_Ct,-2,34.14
443108,9,231.73946499684797,B.1.2,Neg,5.9,37,1,Nasal_CN,-2,35.94
443108,9,40290.25350832952,B.1.2,Neg,5.9,37,1,Saliva_Ct,-2,34.41
443108,10,104.71285480508985,B.1.2,Neg,5.9,37,1,Nasal_CN,-2,37.32
443108,10,5937.45047302193,B.1.2,Neg,5.9,37,1,Saliva_Ct,-2,37.38
443108,11,negative,B.1.2,Neg,5.9,37,1,Nasal_CN,-2,48
443108,11,negative,B.1.2,Neg,5.9,37,1,Saliva_Ct,-2,47
444391,-5,negative,B.1.2,,,57,0,Saliva_Ct,-2,47
444391,-4,1568917.1126078502,B.1.2,,,57,1,Saliva_Ct,-2,28.73
444391,-2,291742.7014001166,B.1.2,Pos,3,57,1,Nasal_CN,-2,23.54
444391,-2,80612056.38638903,B.1.2,Pos,3,57,1,Saliva_Ct,-2,22.62
444391,-1,47588279.098881714,B.1.2,Pos,2,57,1,Nasal_CN,-2,14.69
444391,-1,16188253.626421068,B.1.2,Pos,2,57,1,Saliva_Ct,-2,25.11
444391,0,70388222.79364571,B.1.2,Pos,2,57,1,Nasal_CN,-2,14.01
444391,0,2989509.927814581,B.1.2,Pos,2,57,1,Saliva_Ct,-2,27.73
444391,1,35481338.92335753,B.1.2,Pos,2,57,1,Nasal_CN,-2,15.2
444391,1,2030486.002716804,B.1.2,Pos,2,57,1,Saliva_Ct,-2,28.33
444391,2,17278259.805078626,B.1.2,Pos,3,57,1,Nasal_CN,-2,16.45
444391,2,1499684.835502368,B.1.2,Pos,3,57,1,Saliva_Ct,-2,28.8
444391,3,1983809.6568365032,B.1.2,Pos,3,57,1,Nasal_CN,-2,20.21
444391,3,234207.0694793826,B.1.2,Pos,3,57,1,Saliva_Ct,-2,31.68
444391,4,191646.10627353852,B.1.2,Pos,3,57,1,Nasal_CN,-2,24.27
444391,4,669884.6094165244,B.1.2,Pos,3,57,1,Saliva_Ct,-2,30.05
444391,5,348738.584135218,B.1.2,Pos,3,57,1,Nasal_CN,-2,23.23
444391,5,291608.3798521222,B.1.2,Pos,3,57,1,Saliva_Ct,-2,31.34
444391,6,546386.549881854,B.1.2,Pos,3,57,1,Nasal_CN,-2,22.45
444391,7,15667.51070108147,B.1.2,Pos,5.9,57,1,Nasal_CN,-2,28.62
444391,7,3218.103443093442,B.1.2,Pos,5.9,57,1,Saliva_Ct,-2,38.33
444391,8,11028.082338495507,B.1.2,Pos,5.9,57,1,Nasal_CN,-2,29.23
444391,8,66619.29002234538,B.1.2,Pos,5.9,57,1,Saliva_Ct,-2,33.63
444391,9,2722.7013080779097,B.1.2,Pos,5.9,57,1,Nasal_CN,-2,31.66
444391,9,negative,B.1.2,Pos,5.9,57,1,Saliva_Ct,-2,47
444391,10,1513.5612484362073,B.1.2,Pos,5.9,57,1,Nasal_CN,-2,32.68
444391,10,16873.29890625803,B.1.2,Pos,5.9,57,1,Saliva_Ct,-2,35.76
444391,11,17.885455291077694,B.1.2,Neg,5.9,57,1,Nasal_CN,-2,40.39
444391,11,negative,B.1.2,Neg,5.9,57,1,Saliva_Ct,-2,47
445535,-4,negative,B.1.1.207,,,40,0,Saliva_Ct,0,47
445535,-2,4234479.161692068,B.1.1.207,,,40,1,Saliva_Ct,0,27.19
445535,0,47315125.896148026,B.1.1.207,Pos,3,40,1,Nasal_CN,0,14.7
445535,0,298400811.593022,B.1.1.207,Pos,3,40,1,Saliva_Ct,0,20.59
445535,1,47315125.896148026,B.1.1.207,Pos,2,40,1,Nasal_CN,0,14.7
445535,1,157615890.49638423,B.1.1.207,Pos,2,40,1,Saliva_Ct,0,21.58
445535,2,16788040.18122559,B.1.1.207,Pos,3,40,1,Nasal_CN,0,16.5
445535,2,232059846.15989244,B.1.1.207,Pos,3,40,1,Saliva_Ct,0,20.98
445535,3,6456542.290346549,B.1.1.207,Pos,3,40,1,Nasal_CN,0,18.16
445535,3,238122262.3276836,B.1.1.207,Pos,3,40,1,Saliva_Ct,0,20.94
445535,4,5956621.435290097,B.1.1.207,Pos,3,40,1,Nasal_CN,0,18.3
445535,4,3445085.462865786,B.1.1.207,Pos,3,40,1,Saliva_Ct,0,27.51
445535,5,7807284.401379069,B.1.1.207,Pos,3,40,1,Nasal_CN,0,17.83
445535,5,2511886.431509577,B.1.1.207,Pos,3,40,1,Saliva_Ct,0,28
445535,6,891250.938133744,B.1.1.207,Pos,3,40,1,Nasal_CN,0,21.6
445535,6,1173815.9324832193,B.1.1.207,Pos,3,40,1,Saliva_Ct,0,29.18
445535,7,319889.5109691397,B.1.1.207,Neg,4,40,1,Nasal_CN,0,23.38
445535,7,1903706.531742073,B.1.1.207,Neg,4,40,1,Saliva_Ct,0,28.43
445535,8,66834.39175686135,B.1.1.207,Pos,5.9,40,1,Nasal_CN,0,26.1
445535,8,87902.25168308824,B.1.1.207,Pos,5.9,40,1,Saliva_Ct,0,33.2
445535,9,11614.486138403414,B.1.1.207,Neg,5.9,40,1,Nasal_CN,0,29.14
445535,9,23291.636302139686,B.1.1.207,Neg,5.9,40,1,Saliva_Ct,0,35.26
445535,10,492.6063433495761,B.1.1.207,Neg,5.9,40,1,Nasal_CN,0,34.63
445535,10,negative,B.1.1.207,Neg,5.9,40,1,Saliva_Ct,0,47
445535,11,321.7362532695601,B.1.1.207,Neg,5.9,40,1,Nasal_CN,0,35.37
445535,11,negative,B.1.1.207,Neg,5.9,40,1,Saliva_Ct,0,47
445535,12,negative,B.1.1.207,Pos,5.9,40,1,Nasal_CN,0,48
445535,12,negative,B.1.1.207,Pos,5.9,40,1,Saliva_Ct,0,47
445535,13,278.61211686297725,B.1.1.207,Neg,5.9,40,1,Nasal_CN,0,35.62
445535,13,negative,B.1.1.207,Neg,5.9,40,1,Saliva_Ct,0,47
435772,-6,negative,B.1.1.207,,,22,0,Saliva_Ct,-5,47
435772,-4,negative,B.1.1.207,Neg,5.9,22,1,Nasal_CN,-5,48
435772,-4,negative,B.1.1.207,Neg,5.9,22,1,Saliva_Ct,-5,47
435772,-3,20.53525026457146,B.1.1.207,Neg,5.9,22,1,Nasal_CN,-5,40.15
435772,-3,7884.969177453787,B.1.1.207,Neg,5.9,22,1,Saliva_Ct,-5,36.94
435772,-2,676082.9753919819,B.1.1.207,Pos,4,22,1,Nasal_CN,-5,22.08
435772,-2,573852.1326746177,B.1.1.207,Pos,4,22,1,Saliva_Ct,-5,30.29
435772,-2,676082.9753919819,B.1.1.207,Pos,4,22,1,Nasal_CN,-5,22.08
435772,-2,573852.1326746177,B.1.1.207,Pos,4,22,1,Saliva_Ct,-5,30.29
435772,-1,25556419.01064137,B.1.1.207,Pos,3,22,1,Nasal_CN,-5,15.77
435772,-1,1651961.798229015,B.1.1.207,Pos,3,22,1,Saliva_Ct,-5,28.65
435772,0,51286138.39913638,B.1.1.207,Pos,3,22,1,Nasal_CN,-5,14.56
435772,0,661302.2494817659,B.1.1.207,Pos,3,22,1,Saliva_Ct,-5,30.07
435772,1,39582206.48357227,B.1.1.207,Pos,3,22,1,Nasal_CN,-5,15.01
435772,1,1251987.5206248814,B.1.1.207,Pos,3,22,1,Saliva_Ct,-5,29.08
435772,2,9549925.860214349,B.1.1.207,Pos,3,22,1,Nasal_CN,-5,17.48
435772,2,162181.00973589264,B.1.1.207,Pos,3,22,1,Saliva_Ct,-5,32.25
435772,3,767361.4893618185,B.1.1.207,Pos,5.9,22,1,Nasal_CN,-5,21.86
435772,3,58183.52110480684,B.1.1.207,Pos,5.9,22,1,Saliva_Ct,-5,33.84
435772,4,8609.937521845999,B.1.1.207,Pos,5.9,22,1,Nasal_CN,-5,29.66
435772,4,78270.84095906104,B.1.1.207,Pos,5.9,22,1,Saliva_Ct,-5,33.38
435772,5,1295.6866975170162,B.1.1.207,Neg,5.9,22,1,Nasal_CN,-5,32.95
435772,5,103944.13751488006,B.1.1.207,Neg,5.9,22,1,Saliva_Ct,-5,32.94
435772,6,623.7348354824192,B.1.1.207,Neg,5.9,22,1,Nasal_CN,-5,34.22
435772,6,1140775012.9221158,B.1.1.207,Neg,5.9,22,1,Saliva_Ct,-5,18.51
435772,7,886.1352236594994,B.1.1.207,Neg,5.9,22,1,Nasal_CN,-5,33.61
435772,7,49842.52094042594,B.1.1.207,Neg,5.9,22,1,Saliva_Ct,-5,34.08
435772,8,27.542287033381633,B.1.1.207,Neg,5.9,22,1,Nasal_CN,-5,39.64
435772,8,negative,B.1.1.207,Neg,5.9,22,1,Saliva_Ct,-5,47
435772,9,negative,B.1.1.207,Neg,5.9,22,1,Nasal_CN,-5,48
435772,9,6014.5065197754775,B.1.1.207,Neg,5.9,22,1,Saliva_Ct,-5,37.36
435805,-10,negative,B.1.2,,,23,0,Saliva_Ct,0,47
435805,-2,4975079.213514392,B.1.2,,,23,1,Saliva_Ct,0,26.94
435805,0,57876198.83491197,B.1.2,Pos,2,23,1,Nasal_CN,0,14.35
435805,0,39920870.24388075,B.1.2,Pos,2,23,1,Saliva_Ct,0,23.71
435805,1,1380384.2646028837,B.1.2,Pos,3,23,1,Nasal_CN,0,20.84
435805,1,26595000.32721515,B.1.2,Pos,3,23,1,Saliva_Ct,0,24.34
435805,2,3002617.4208612675,B.1.2,Pos,3,23,1,Nasal_CN,0,19.49
435805,2,12835121.968394963,B.1.2,Pos,3,23,1,Saliva_Ct,0,25.47
435805,3,25852.348395621888,B.1.2,Pos,5.9,23,1,Nasal_CN,0,27.75
435805,3,4786300.923226381,B.1.2,Pos,5.9,23,1,Saliva_Ct,0,27
435805,4,52480.74602497723,B.1.2,Pos,4,23,1,Nasal_CN,0,26.52
435805,4,16292960.32639718,B.1.2,Pos,4,23,1,Saliva_Ct,0,25.1
435805,5,290068.119869315,B.1.2,Pos,3,23,1,Nasal_CN,0,23.55
435805,5,138547916.7566724,B.1.2,Pos,3,23,1,Saliva_Ct,0,21.78
435805,6,42169.65034285822,B.1.2,Pos,4,23,1,Nasal_CN,0,26.9
435805,6,3627438.0147645758,B.1.2,Pos,4,23,1,Saliva_Ct,0,27.43
435805,7,4004.0546833054636,B.1.2,Pos,4,23,1,Nasal_CN,0,30.99
435805,7,5171303.179169624,B.1.2,Pos,4,23,1,Saliva_Ct,0,26.88
435805,8,63826.34861905483,B.1.2,Neg,5.9,23,1,Nasal_CN,0,26.18
435805,8,2610958.6865859283,B.1.2,Neg,5.9,23,1,Saliva_Ct,0,27.94
435805,9,365.1741272548377,B.1.2,Neg,5.9,23,1,Nasal_CN,0,35.15
435805,9,440554.86350655346,B.1.2,Neg,5.9,23,1,Saliva_Ct,0,30.7
435805,10,120.92051829432073,B.1.2,Neg,5.9,23,1,Nasal_CN,0,37.07
435805,10,35416.040042646106,B.1.2,Neg,5.9,23,1,Saliva_Ct,0,34.61
435805,11,142.88939585111007,B.1.2,Neg,5.9,23,1,Nasal_CN,0,36.78
435805,11,81357.95056053948,B.1.2,Neg,5.9,23,1,Saliva_Ct,0,33.32
435805,12,23.71373705661655,B.1.2,Neg,5.9,23,1,Nasal_CN,0,39.9
435805,12,22698.648518838214,B.1.2,Neg,5.9,23,1,Saliva_Ct,0,35.3
435805,13,206.5380155810527,B.1.2,Neg,5.9,23,1,Nasal_CN,0,36.14
435805,13,58559.85598492877,B.1.2,Neg,5.9,23,1,Saliva_Ct,0,33.83
435985,-14,negative,B.1.2,,,47,0,Saliva_Ct,-2,47
435985,-5,79799.46872679752,B.1.2,,,47,1,Saliva_Ct,-2,33.35
435985,-3,10592537.251772875,B.1.2,,3,47,1,Nasal_CN,-2,17.3
435985,-3,1706082.3890031208,B.1.2,,3,47,1,Saliva_Ct,-2,28.6
435985,-2,252638.77101318954,B.1.2,Pos,4,47,1,Nasal_CN,-2,23.79
435985,-2,1025179.7048255566,B.1.2,Pos,4,47,1,Saliva_Ct,-2,29.39
435985,-1,1916461.0627353853,B.1.2,Pos,3,47,1,Nasal_CN,-2,20.27
435985,-1,520954.7473285543,B.1.2,Pos,3,47,1,Saliva_Ct,-2,30.44
435985,0,56885293.08438402,B.1.2,Pos,2,47,1,Nasal_CN,-2,14.38
435985,0,661302.2494817659,B.1.2,Pos,2,47,1,Saliva_Ct,-2,30.07
435985,1,12373711.899353506,B.1.2,Pos,3,47,1,Nasal_CN,-2,17.03
435985,1,11577105.74115271,B.1.2,Pos,3,47,1,Saliva_Ct,-2,25.63
435985,2,2006781.090018186,B.1.2,Pos,4,47,1,Nasal_CN,-2,20.19
435985,2,19952.62314968875,B.1.2,Pos,4,47,1,Saliva_Ct,-2,35.5
435985,3,91201.08393559097,B.1.2,Pos,5.9,47,1,Nasal_CN,-2,25.56
435985,3,193018.97276345702,B.1.2,Pos,5.9,47,1,Saliva_Ct,-2,31.98
435985,4,338.844156139202,B.1.2,Neg,5.9,47,1,Nasal_CN,-2,35.28
435985,4,negative,B.1.2,Neg,5.9,47,1,Saliva_Ct,-2,47
435985,5,19275.249131909328,B.1.2,Neg,5.9,47,1,Nasal_CN,-2,28.26
435985,5,136269.9196994862,B.1.2,Neg,5.9,47,1,Saliva_Ct,-2,32.52
435985,6,183.0206106311053,B.1.2,Neg,5.9,47,1,Nasal_CN,-2,36.35
435985,6,negative,B.1.2,Neg,5.9,47,1,Saliva_Ct,-2,47
435985,7,1348.9628825916504,B.1.2,Neg,5,47,1,Nasal_CN,-2,32.88
435985,7,negative,B.1.2,Neg,5,47,1,Saliva_Ct,-2,47
435985,8,128.82495516931323,B.1.2,Neg,5.9,47,1,Nasal_CN,-2,36.96
435985,8,negative,B.1.2,Neg,5.9,47,1,Saliva_Ct,-2,47
435985,9,634.5999009812872,B.1.2,Neg,5.9,47,1,Nasal_CN,-2,34.19
435985,9,negative,B.1.2,Neg,5.9,47,1,Saliva_Ct,-2,47
435985,10,negative,B.1.2,Neg,5.9,47,1,Nasal_CN,-2,48
435985,10,negative,B.1.2,Neg,5.9,47,1,Saliva_Ct,-2,47
450241 *,-7,negative,B.1.1.7,,,28,0,Saliva_Ct,-1,47
450241 *,-3,4988.844874600127,B.1.1.7,,,28,1,Saliva_Ct,-1,37.65
450241 *,-1,11481536.214968817,B.1.1.7,Pos,4,28,1,Nasal_CN,-1,17.16
450241 *,-1,11956387.999881225,B.1.1.7,Pos,4,28,1,Saliva_Ct,-1,25.58
450241 *,0,54954087.38576248,B.1.1.7,Pos,4,28,1,Nasal_CN,-1,14.44
450241 *,0,43132040.06994157,B.1.1.7,Pos,4,28,1,Saliva_Ct,-1,23.59
450241 *,1,8810488.730080128,B.1.1.7,Pos,5,28,1,Nasal_CN,-1,17.62
450241 *,1,828705.077906983,B.1.1.7,Pos,5,28,1,Saliva_Ct,-1,29.72
450241 *,2,17080477.200597078,B.1.1.7,Pos,5,28,1,Nasal_CN,-1,16.47
450241 *,2,723769.0370745296,B.1.1.7,Pos,5,28,1,Saliva_Ct,-1,29.93
450241 *,3,5011872.336272715,B.1.1.7,Pos,5,28,1,Nasal_CN,-1,18.6
450241 *,3,7762471.166286912,B.1.1.7,Pos,5,28,1,Saliva_Ct,-1,26.25
450241 *,4,512861.3839913648,B.1.1.7,Pos,5.9,28,1,Nasal_CN,-1,22.56
450241 *,4,5515691.912608017,B.1.1.7,Pos,5.9,28,1,Saliva_Ct,-1,26.78
450241 *,5,5432503.314924325,B.1.1.7,Pos,4,28,1,Nasal_CN,-1,18.46
450241 *,5,2070141.3487910372,B.1.1.7,Pos,4,28,1,Saliva_Ct,-1,28.3
450241 *,6,1102808.2338495508,B.1.1.7,Pos,5,28,1,Nasal_CN,-1,21.23
450241 *,6,17947336.268325247,B.1.1.7,Pos,5,28,1,Saliva_Ct,-1,24.95
450241 *,7,172782.59805078627,B.1.1.7,Pos,5.9,28,1,Nasal_CN,-1,24.45
450241 *,7,7712585.649892122,B.1.1.7,Pos,5.9,28,1,Saliva_Ct,-1,26.26
450241 *,8,348738.584135218,B.1.1.7,Pos,5.9,28,1,Nasal_CN,-1,23.23
450241 *,8,62690249.7476164,B.1.1.7,Pos,5.9,28,1,Saliva_Ct,-1,23.01
450241 *,9,2030.0185198596803,B.1.1.7,Neg,5.9,28,1,Nasal_CN,-1,32.17
450241 *,9,2560943.5171567644,B.1.1.7,Neg,5.9,28,1,Saliva_Ct,-1,27.97
450241 *,10,2615.1704481379943,B.1.1.7,Neg,5.9,28,1,Nasal_CN,-1,31.73
450241 *,10,9179097.860573363,B.1.1.7,Neg,5.9,28,1,Saliva_Ct,-1,25.99
450241 *,11,2834.653633489665,B.1.1.7,Neg,5.9,28,1,Nasal_CN,-1,31.59
450241 *,11,28813.764348397,B.1.1.7,Neg,5.9,28,1,Saliva_Ct,-1,34.93
450241 *,12,77.62471166286896,B.1.1.7,Neg,5.9,28,1,Nasal_CN,-1,37.84
450241 *,12,657052.3909635547,B.1.1.7,Neg,5.9,28,1,Saliva_Ct,-1,30.08
451479,-5,negative,B.1.2,,,20,0,Saliva_Ct,0,47
451479,0,3801893.9632056127,B.1.2,,3,20,1,Nasal_CN,0,19.08
451479,0,10509934.271862155,B.1.2,,3,20,1,Saliva_Ct,0,25.78
451479,1,1273503.0810166604,B.1.2,Pos,3,20,1,Nasal_CN,0,20.98
451479,1,1326783.31072416,B.1.2,Pos,3,20,1,Saliva_Ct,0,28.99
451479,1,1273503.0810166604,B.1.2,Pos,3,20,1,Nasal_CN,0,20.98
451479,1,1326783.31072416,B.1.2,Pos,3,20,1,Saliva_Ct,0,28.99
451479,1,2175.2040340195244,B.1.2,Pos,3,20,1,Nasal_CN,0,32.05
451479,1,1326783.31072416,B.1.2,Pos,3,20,1,Saliva_Ct,0,28.99
451479,1,2175.2040340195244,B.1.2,Pos,3,20,1,Nasal_CN,0,32.05
451479,1,1326783.31072416,B.1.2,Pos,3,20,1,Saliva_Ct,0,28.99
451479,2,30725.573652674455,B.1.2,Pos,5.9,20,1,Nasal_CN,0,27.45
451479,2,370168.9610332352,B.1.2,Pos,5.9,20,1,Saliva_Ct,0,30.97
451479,3,9440.608762859227,B.1.2,Neg,5.9,20,1,Nasal_CN,0,29.5
451479,3,488427.37842292566,B.1.2,Neg,5.9,20,1,Saliva_Ct,0,30.54
451479,4,66619.29002234538,B.1.2,Neg,,20,1,Saliva_Ct,0,33.63
451479,5,794.3282347242822,B.1.2,Neg,5.9,20,1,Nasal_CN,0,33.8
451479,5,53505.693817313564,B.1.2,Neg,5.9,20,1,Saliva_Ct,0,33.97
451479,6,53.39492735741756,B.1.2,Neg,5.9,20,1,Nasal_CN,0,38.49
451479,6,7537.025766884261,B.1.2,Neg,5.9,20,1,Saliva_Ct,0,37.01
451479,7,30.90295432513592,B.1.2,Neg,5.9,20,1,Nasal_CN,0,39.44
451479,7,6292.163512879859,B.1.2,Neg,5.9,20,1,Saliva_Ct,0,37.29
451479,8,36.09940135864159,B.1.2,Neg,5.9,20,1,Nasal_CN,0,39.17
451479,8,negative,B.1.2,Neg,5.9,20,1,Saliva_Ct,0,47
451479,9,negative,B.1.2,Neg,5.9,20,1,Nasal_CN,0,48
451479,9,negative,B.1.2,Neg,5.9,20,1,Saliva_Ct,0,47
451479,10,negative,B.1.2,Neg,5.9,20,1,Nasal_CN,0,48
451479,10,65343.13996496,B.1.2,Neg,5.9,20,1,Saliva_Ct,0,33.66
451479,11,negative,B.1.2,Neg,5.9,20,1,Nasal_CN,0,48
451479,11,negative,B.1.2,Neg,5.9,20,1,Saliva_Ct,0,47
451479,12,negative,B.1.2,Neg,5.9,20,1,Nasal_CN,0,48
451479,12,negative,B.1.2,Neg,5.9,20,1,Saliva_Ct,0,47
441736,-7,negative,B.1.2,,,28,0,Saliva_Ct,-3,47
441736,-4,1452111.6175877391,B.1.2,,,28,1,Saliva_Ct,-3,28.85
441736,-2,8912509.381337442,B.1.2,Pos,3,28,1,Nasal_CN,-3,17.6
441736,-2,2251127.015912876,B.1.2,Pos,3,28,1,Saliva_Ct,-3,28.17
441736,-1,4623810.213992603,B.1.2,Pos,3,28,1,Nasal_CN,-3,18.74
441736,-1,538021.9571891105,B.1.2,Pos,3,28,1,Saliva_Ct,-3,30.39
441736,0,40040546.83305456,B.1.2,Pos,2,28,1,Nasal_CN,-3,14.99
441736,0,3627438.0147645758,B.1.2,Pos,2,28,1,Saliva_Ct,-3,27.43
441736,1,982878.8730000316,B.1.2,Pos,3,28,1,Nasal_CN,-3,21.43
441736,1,276949.12668096775,B.1.2,Pos,3,28,1,Saliva_Ct,-3,31.42
441736,2,166916.78072110546,B.1.2,Pos,3,28,1,Nasal_CN,-3,24.51
441736,2,105293.12128434377,B.1.2,Pos,3,28,1,Saliva_Ct,-3,32.92
441736,3,338844.15613920207,B.1.2,Pos,3,28,1,Nasal_CN,-3,23.28
441736,3,405135.22022926353,B.1.2,Pos,3,28,1,Saliva_Ct,-3,30.83
441736,4,13803.842646028837,B.1.2,Pos,5.9,28,1,Nasal_CN,-3,28.84
441736,4,141644.59272385115,B.1.2,Pos,5.9,28,1,Saliva_Ct,-3,32.46
441736,5,8609.937521845999,B.1.2,Neg,5.9,28,1,Nasal_CN,-3,29.66
441736,5,156027.08686930584,B.1.2,Neg,5.9,28,1,Saliva_Ct,-3,32.31
441736,6,2030.0185198596803,B.1.2,Pos,5.9,28,1,Nasal_CN,-3,32.17
441736,6,negative,B.1.2,Pos,5.9,28,1,Saliva_Ct,-3,47
441736,7,841.395141645193,B.1.2,Neg,5.9,28,1,Nasal_CN,-3,33.7
441736,7,negative,B.1.2,Neg,5.9,28,1,Saliva_Ct,-3,47
441736,8,204.17379446695315,B.1.2,Neg,5.9,28,1,Nasal_CN,-3,36.16
441736,8,negative,B.1.2,Neg,5.9,28,1,Saliva_Ct,-3,47
441736,9,30.373860919461045,B.1.2,Neg,5.9,28,1,Nasal_CN,-3,39.47
441736,9,negative,B.1.2,Neg,5.9,28,1,Saliva_Ct,-3,47
441736,10,negative,B.1.2,Neg,5.9,28,1,Nasal_CN,-3,48
441736,10,negative,B.1.2,Neg,5.9,28,1,Saliva_Ct,-3,47
441736,11,negative,B.1.2,Neg,5.9,28,1,Nasal_CN,-3,48
441736,11,negative,B.1.2,Neg,5.9,28,1,Saliva_Ct,-3,47
451346,-6,negative,B.1.1.519,,,52,0,Saliva_Ct,-1,47
451346,-3,407755.661750211,B.1.1.519,,,52,1,Saliva_Ct,-1,30.82
451346,-1,5623413.251903491,B.1.1.519,Pos,2,52,1,Nasal_CN,-1,18.4
451346,-1,7516228.940182045,B.1.1.519,Pos,2,52,1,Saliva_Ct,-1,26.3
451346,0,18836490.894897982,B.1.1.519,Pos,2,52,1,Nasal_CN,-1,16.3
451346,0,4047622.486878724,B.1.1.519,Pos,2,52,1,Saliva_Ct,-1,27.26
451346,1,1077705.2536943213,B.1.1.519,Pos,3,52,1,Nasal_CN,-1,21.27
451346,1,640324.324468947,B.1.1.519,Pos,3,52,1,Saliva_Ct,-1,30.12
451346,2,2497468.389154143,B.1.1.519,Pos,3,52,1,Nasal_CN,-1,19.81
451346,2,234207.0694793826,B.1.1.519,Pos,3,52,1,Saliva_Ct,-1,31.68
451346,3,19724.227361148533,B.1.1.519,Pos,5.9,52,1,Nasal_CN,-1,28.22
451346,3,311028.3668685136,B.1.1.519,Pos,5.9,52,1,Saliva_Ct,-1,31.24
451346,4,4168.6938347033465,B.1.1.519,Pos,5.9,52,1,Nasal_CN,-1,30.92
451346,4,161138.75357200042,B.1.1.519,Pos,5.9,52,1,Saliva_Ct,-1,32.26
451346,5,11816.80312544783,B.1.1.519,Neg,5.9,52,1,Nasal_CN,-1,29.11
451346,5,109446.02678150774,B.1.1.519,Neg,5.9,52,1,Saliva_Ct,-1,32.86
451346,6,424.1309839104877,B.1.1.519,Neg,5.9,52,1,Nasal_CN,-1,34.89
451346,6,24210.2904673617,B.1.1.519,Neg,5.9,52,1,Saliva_Ct,-1,35.2
451346,7,375.83740428844357,B.1.1.519,Neg,5.9,52,1,Nasal_CN,-1,35.1
451346,7,11240.87193469727,B.1.1.519,Neg,5.9,52,1,Saliva_Ct,-1,36.39
451346,7,375.83740428844357,B.1.1.519,Neg,5.9,52,1,Nasal_CN,-1,35.1
451346,7,11240.87193469727,B.1.1.519,Neg,5.9,52,1,Saliva_Ct,-1,36.39
451346,8,129.56866975170163,B.1.1.519,Neg,5.9,52,1,Nasal_CN,-1,36.95
451346,8,negative,B.1.1.519,Neg,5.9,52,1,Saliva_Ct,-1,47
451346,9,11.614486138403414,B.1.1.519,Neg,5.9,52,1,Nasal_CN,-1,41.14
451346,9,negative,B.1.1.519,Neg,5.9,52,1,Saliva_Ct,-1,47
451346,10,138.0384264602881,B.1.1.519,Neg,5.9,52,1,Nasal_CN,-1,36.84
451346,10,negative,B.1.1.519,Neg,5.9,52,1,Saliva_Ct,-1,47
451346,11,36.09940135864159,B.1.1.519,Neg,5.9,52,1,Nasal_CN,-1,39.17
451346,11,negative,B.1.1.519,Neg,5.9,52,1,Saliva_Ct,-1,47
451346,12,303.73860919461043,B.1.1.519,Neg,5.9,52,1,Nasal_CN,-1,35.47
451346,12,negative,B.1.1.519,Neg,5.9,52,1,Saliva_Ct,-1,47
473107 *,-8,negative,B.1.1.7,,,30,0,Saliva_Ct,-5,47
473107 *,-5,565587.7570891533,B.1.1.7,Pos,2,30,1,Nasal_CN,-5,22.39
473107 *,-5,15275660.582380733,B.1.1.7,Pos,2,30,1,Saliva_Ct,-5,25.2
473107 *,-4,789768.8493998856,B.1.1.7,Pos,3,30,1,Nasal_CN,-5,21.81
473107 *,-4,260615354.99988976,B.1.1.7,Pos,3,30,1,Saliva_Ct,-5,20.8
473107 *,-3,1479108.3881682071,B.1.1.7,Pos,3,30,1,Nasal_CN,-5,20.72
473107 *,-3,922146665.1242648,B.1.1.7,Pos,3,30,1,Saliva_Ct,-5,18.84
473107 *,-2,16595869.074375598,B.1.1.7,Pos,2,30,1,Nasal_CN,-5,16.52
473107 *,-2,703396171.2162458,B.1.1.7,Pos,2,30,1,Saliva_Ct,-5,19.26
473107 *,-1,41447658.40379389,B.1.1.7,Pos,2,30,1,Nasal_CN,-5,14.93
473107 *,-1,28920113.962154813,B.1.1.7,Pos,2,30,1,Saliva_Ct,-5,24.21
473107 *,0,75857757.5029182,B.1.1.7,Pos,2,30,1,Nasal_CN,-5,13.88
473107 *,0,5696393.73341183,B.1.1.7,Pos,2,30,1,Saliva_Ct,-5,26.73
473107 *,1,26915348.039269138,B.1.1.7,Neg,2,30,1,Nasal_CN,-5,15.68
473107 *,1,24143487.29714149,B.1.1.7,Neg,2,30,1,Saliva_Ct,-5,24.49
473107 *,2,201836.63636815597,B.1.1.7,Pos,5.9,30,1,Nasal_CN,-5,24.18
473107 *,2,4516479.049291118,B.1.1.7,Pos,5.9,30,1,Saliva_Ct,-5,27.09
473107 *,3,56885.29308438413,B.1.1.7,Neg,5.9,30,1,Nasal_CN,-5,26.38
473107 *,3,1695118.2515313951,B.1.1.7,Neg,5.9,30,1,Saliva_Ct,-5,28.61
473107 *,4,1154.781984689458,B.1.1.7,Neg,5.9,30,1,Nasal_CN,-5,33.15
473107 *,4,491586.55915686104,B.1.1.7,Neg,5.9,30,1,Saliva_Ct,-5,30.53
473107 *,5,1949.8445997580416,B.1.1.7,Neg,5.9,30,1,Nasal_CN,-5,32.24
473107 *,5,245019.1336880778,B.1.1.7,Neg,5.9,30,1,Saliva_Ct,-5,31.61
473107 *,6,346.736850452531,B.1.1.7,Neg,5.9,30,1,Nasal_CN,-5,35.24
473107 *,6,2062.528697846569,B.1.1.7,Neg,5.9,30,1,Saliva_Ct,-5,39.02
473107 *,7,263.02679918953817,B.1.1.7,Neg,5.9,30,1,Nasal_CN,-5,35.72
473107 *,7,negative,B.1.1.7,Neg,5.9,30,1,Saliva_Ct,-5,47
473107 *,8,50.69907082747044,B.1.1.7,Neg,5.9,30,1,Nasal_CN,-5,38.58
473107 *,8,83483.37537236499,B.1.1.7,Neg,5.9,30,1,Saliva_Ct,-5,33.28
441582,-8,negative,B.1.2,,,23,0,Saliva_Ct,-3,47
441582,-5,4545691.935849246,B.1.2,,,23,1,Saliva_Ct,-3,27.08
441582,-3,860993.7521845999,B.1.2,Pos,3,23,1,Nasal_CN,-3,21.66
441582,-3,5039645.636126419,B.1.2,Pos,3,23,1,Saliva_Ct,-3,26.92
441582,-2,416869.38347033464,B.1.2,Pos,3,23,1,Nasal_CN,-3,22.92
441582,-2,2070141.3487910372,B.1.2,Pos,3,23,1,Saliva_Ct,-3,28.3
441582,-1,139636.83610559363,B.1.2,Pos,3,23,1,Nasal_CN,-3,24.82
441582,-1,325386.85178010724,B.1.2,Pos,3,23,1,Saliva_Ct,-3,31.17
441582,0,3630780.54770101,B.1.2,Pos,3,23,1,Nasal_CN,-3,19.16
441582,0,504428.945952414,B.1.2,Pos,3,23,1,Saliva_Ct,-3,30.49
441582,1,703882.2279364556,B.1.2,Pos,4,23,1,Nasal_CN,-3,22.01
441582,1,1151330.4741558158,B.1.2,Pos,4,23,1,Saliva_Ct,-3,29.21
441582,2,40271.703432545866,B.1.2,Pos,5.9,23,1,Nasal_CN,-3,26.98
441582,2,9264.031007363976,B.1.2,Pos,5.9,23,1,Saliva_Ct,-3,36.69
441582,3,24266.100950824144,B.1.2,Pos,5.9,23,1,Nasal_CN,-3,27.86
441582,3,21281.39045982709,B.1.2,Pos,5.9,23,1,Saliva_Ct,-3,35.4
441582,4,11816.80312544783,B.1.2,Neg,5.9,23,1,Nasal_CN,-3,29.11
441582,4,negative,B.1.2,Neg,5.9,23,1,Saliva_Ct,-3,47
441582,5,5099.175975748696,B.1.2,Neg,5.9,23,1,Nasal_CN,-3,30.57
441582,5,negative,B.1.2,Neg,5.9,23,1,Saliva_Ct,-3,47
441582,6,105.31736871297139,B.1.2,Neg,5.9,23,1,Nasal_CN,-3,37.31
441582,6,negative,B.1.2,Neg,5.9,23,1,Saliva_Ct,-3,47
441582,7,4192.759966846051,B.1.2,Neg,5.9,23,1,Nasal_CN,-3,30.91
441582,7,negative,B.1.2,Neg,5.9,23,1,Saliva_Ct,-3,47
441582,8,negative,B.1.2,Neg,5.9,23,1,Nasal_CN,-3,48
441582,8,negative,B.1.2,Neg,5.9,23,1,Saliva_Ct,-3,47
441582,9,negative,B.1.2,Neg,5.9,23,1,Nasal_CN,-3,48
441582,9,negative,B.1.2,Neg,5.9,23,1,Saliva_Ct,-3,47
441582,10,negative,B.1.2,Neg,5.9,23,1,Nasal_CN,-3,48
441582,10,negative,B.1.2,Neg,5.9,23,1,Saliva_Ct,-3,47
442978,-2,69502431.75887962,B.1.2,,,27,1,Saliva_Ct,0,22.85
442978,0,4192759.9668460507,B.1.2,Pos,3,27,1,Nasal_CN,0,18.91
442978,0,101671680.04663739,B.1.2,Pos,3,27,1,Saliva_Ct,0,22.26
442978,1,860993.7521845999,B.1.2,Pos,3,27,1,Nasal_CN,0,21.66
442978,1,20682355.559317604,B.1.2,Pos,3,27,1,Saliva_Ct,0,24.73
442978,2,122320.711904993,B.1.2,Pos,5.9,27,1,Nasal_CN,0,25.05
442978,2,11577105.74115271,B.1.2,Pos,5.9,27,1,Saliva_Ct,0,25.63
442978,3,125169.9273031723,B.1.2,Pos,3,27,1,Nasal_CN,0,25.01
442978,3,3028307.694265775,B.1.2,Pos,3,27,1,Saliva_Ct,0,27.71
442978,4,226464.43075930572,B.1.2,Pos,3,27,1,Nasal_CN,0,23.98
442978,4,3512367.904656803,B.1.2,Pos,3,27,1,Saliva_Ct,0,27.48
442978,5,84625.2568807268,B.1.2,Pos,3,27,1,Nasal_CN,0,25.69
442978,5,3229981.240595625,B.1.2,Pos,3,27,1,Saliva_Ct,0,27.61
442978,6,54013.211476463475,B.1.2,Neg,4,27,1,Nasal_CN,0,26.47
442978,6,669884.6094165244,B.1.2,Neg,4,27,1,Saliva_Ct,0,30.05
442978,7,27861.211686297665,B.1.2,Neg,5.9,27,1,Nasal_CN,0,27.62
442978,7,349301.1375635548,B.1.2,Neg,5.9,27,1,Saliva_Ct,0,31.06
442978,8,47043.54057259755,B.1.2,Pos,5.9,27,1,Nasal_CN,0,26.71
442978,8,866961.8757582179,B.1.2,Pos,5.9,27,1,Saliva_Ct,0,29.65
442978,9,7897.688493998856,B.1.2,Neg,5.9,27,1,Nasal_CN,0,29.81
442978,10,613.0557921498201,B.1.2,Neg,5.9,27,1,Nasal_CN,0,34.25
442978,10,1706082.3890031208,B.1.2,Neg,5.9,27,1,Saliva_Ct,0,28.6
442978,11,498.3104559705293,B.1.2,Neg,5.9,27,1,Nasal_CN,0,34.61
442978,11,360744.7338641901,B.1.2,Neg,5.9,27,1,Saliva_Ct,0,31.01
442978,12,22.908676527677702,B.1.2,Neg,5.9,27,1,Nasal_CN,0,39.96
442978,12,41879.35651179165,B.1.2,Neg,5.9,27,1,Saliva_Ct,0,34.35
442978,13,negative,B.1.2,Neg,5.9,27,1,Nasal_CN,0,48
442978,13,71055.87633694727,B.1.2,Neg,5.9,27,1,Saliva_Ct,0,33.53
444332,-8,negative,B.1.2,,,44,0,Saliva_Ct,-2,47
444332,-4,263026.7991895382,B.1.2,,,44,1,Saliva_Ct,-2,31.5
444332,-2,10115.794542598982,B.1.2,Neg,5.9,44,1,Nasal_CN,-2,29.38
444332,-2,33327289.957613792,B.1.2,Neg,5.9,44,1,Saliva_Ct,-2,23.99
444332,-1,2125690.3452171055,B.1.2,Pos,3,44,1,Nasal_CN,-2,20.09
444332,-1,34641764.10352489,B.1.2,Pos,3,44,1,Saliva_Ct,-2,23.93
444332,0,18945235.143565916,B.1.2,Pos,2,44,1,Nasal_CN,-2,16.29
444332,0,503037081.08462405,B.1.2,Pos,2,44,1,Saliva_Ct,-2,19.78
444332,1,10057730.63001737,B.1.2,Pos,2,44,1,Nasal_CN,-2,17.39
444332,1,151635190.07872874,B.1.2,Pos,2,44,1,Saliva_Ct,-2,21.64
444332,2,6683439.175686135,B.1.2,Pos,3,44,1,Nasal_CN,-2,18.1
444332,2,9853715.06858618,B.1.2,Pos,3,44,1,Saliva_Ct,-2,25.88
444332,3,412097.5190973296,B.1.2,Pos,3,44,1,Nasal_CN,-2,22.94
444332,3,11577105.74115271,B.1.2,Pos,3,44,1,Saliva_Ct,-2,25.63
444332,4,1202264.4346174132,B.1.2,Pos,5.9,44,1,Nasal_CN,-2,21.08
444332,4,76067650.07662268,B.1.2,Pos,5.9,44,1,Saliva_Ct,-2,22.71
444332,5,140442.96835779474,B.1.2,Pos,5.9,44,1,Nasal_CN,-2,24.81
444332,5,1706082.3890031208,B.1.2,Pos,5.9,44,1,Saliva_Ct,-2,28.6
444332,6,305492.1113215509,B.1.2,Pos,5.9,44,1,Nasal_CN,-2,23.46
444332,6,6606934.480075951,B.1.2,Pos,5.9,44,1,Saliva_Ct,-2,26.5
444332,7,9015711.37605957,B.1.2,Pos,5.9,44,1,Nasal_CN,-2,17.58
444332,7,1072506.6656157041,B.1.2,Pos,5.9,44,1,Saliva_Ct,-2,29.32
444332,8,negative,B.1.2,Pos,5.9,44,1,Nasal_CN,-2,48
444332,8,472933.4149186511,B.1.2,Pos,5.9,44,1,Saliva_Ct,-2,30.59
444332,9,40.97321098135405,B.1.2,Neg,5.9,44,1,Nasal_CN,-2,38.95
444332,9,61263.24544438652,B.1.2,Neg,5.9,44,1,Saliva_Ct,-2,33.76
444332,10,59910.09386113537,B.1.2,Pos,5.9,44,1,Nasal_CN,-2,26.29
444332,10,2432204.009073811,B.1.2,Pos,5.9,44,1,Saliva_Ct,-2,28.05
444332,11,160324.53906900418,B.1.2,Neg,5.9,44,1,Nasal_CN,-2,24.58
444332,11,4317178.444709222,B.1.2,Neg,5.9,44,1,Saliva_Ct,-2,27.16
435786,-8,negative,B.1.2,,,30,0,Saliva_Ct,0,47
435786,-2,26595000.32721515,B.1.2,,,30,1,Saliva_Ct,0,24.34
435786,0,160324539.06900418,B.1.2,Neg,2,30,1,Nasal_CN,0,12.58
435786,0,95940063.15159316,B.1.2,Neg,2,30,1,Saliva_Ct,0,22.35
435786,1,4786300.923226381,B.1.2,Neg,2,30,1,Nasal_CN,0,18.68
435786,1,32270076.875155322,B.1.2,Neg,2,30,1,Saliva_Ct,0,24.04
435786,2,98.85530946569371,B.1.2,Pos,3,30,1,Nasal_CN,0,37.42
435786,2,10375284.158180105,B.1.2,Pos,3,30,1,Saliva_Ct,0,25.8
435786,3,125169.9273031723,B.1.2,Pos,5.9,30,1,Nasal_CN,0,25.01
435786,3,12918140.390030546,B.1.2,Pos,5.9,30,1,Saliva_Ct,0,25.46
435786,4,129568.66975170189,B.1.2,Pos,5.9,30,1,Nasal_CN,0,24.95
435786,4,2070141.3487910372,B.1.2,Pos,5.9,30,1,Saliva_Ct,0,28.3
435786,5,6531305.526474716,B.1.2,Pos,5.9,30,1,Nasal_CN,0,18.14
435786,5,2610958.6865859283,B.1.2,Pos,5.9,30,1,Saliva_Ct,0,27.94
435786,6,negative,B.1.2,Pos,5.9,30,1,Nasal_CN,0,48
435786,6,608135.0012787164,B.1.2,Pos,5.9,30,1,Saliva_Ct,0,30.2
435786,7,6025.595860743569,B.1.2,Pos,5.9,30,1,Nasal_CN,0,30.28
435786,7,669884.6094165244,B.1.2,Pos,5.9,30,1,Saliva_Ct,0,30.05
435786,8,758.5775750291821,B.1.2,Pos,5.9,30,1,Nasal_CN,0,33.88
435786,8,146285.0686999855,B.1.2,Pos,5.9,30,1,Saliva_Ct,0,32.41
435786,9,533.9492735741755,B.1.2,Neg,5,30,1,Nasal_CN,0,34.49
435786,9,13378.271336046984,B.1.2,Neg,5,30,1,Saliva_Ct,0,36.12
435786,10,2238.7211385683377,B.1.2,Neg,5.9,30,1,Nasal_CN,0,32
435786,10,7277798.045368227,B.1.2,Neg,5.9,30,1,Saliva_Ct,0,26.35
435786,11,283.4653633489659,B.1.2,Neg,5.9,30,1,Nasal_CN,0,35.59
435786,11,negative,B.1.2,Neg,5.9,30,1,Saliva_Ct,0,47
435786,12,220.03917096373954,B.1.2,Neg,5.9,30,1,Nasal_CN,0,36.03
435786,12,2143.8776659735026,B.1.2,Neg,5.9,30,1,Saliva_Ct,0,38.96
435786,13,132.58671177605606,B.1.2,Neg,5.9,30,1,Nasal_CN,0,36.91
435786,13,negative,B.1.2,Neg,5.9,30,1,Saliva_Ct,0,47
435794,-8,negative,B.1.2,,,35,0,Saliva_Ct,0,47
435794,-2,6356235.79937843,B.1.2,,,35,1,Saliva_Ct,0,26.56
435794,0,267608559.31993333,B.1.2,Pos,2,35,1,Nasal_CN,0,11.69
435794,0,121786738.48912579,B.1.2,Pos,2,35,1,Saliva_Ct,0,21.98
435794,1,14537843.856076606,B.1.2,Pos,3,35,1,Nasal_CN,0,16.75
435794,1,5845208.403588542,B.1.2,Pos,3,35,1,Saliva_Ct,0,26.69
435794,2,9332543.007969905,B.1.2,Pos,3,35,1,Nasal_CN,0,17.52
435794,2,1706082.3890031208,B.1.2,Pos,3,35,1,Saliva_Ct,0,28.6
435794,3,168849.58594867532,B.1.2,Pos,4,35,1,Nasal_CN,0,24.49
435794,3,2495743.794831564,B.1.2,Pos,4,35,1,Saliva_Ct,0,28.01
435794,4,27227.0130807791,B.1.2,Neg,5.9,35,1,Nasal_CN,0,27.66
435794,4,2447935.666196066,B.1.2,Neg,5.9,35,1,Saliva_Ct,0,28.04
435794,5,43903.58656409447,B.1.2,Neg,5.9,35,1,Nasal_CN,0,26.83
435794,5,906984.7815057911,B.1.2,Neg,5.9,35,1,Saliva_Ct,0,29.58
435794,6,875.9917176331152,B.1.2,Neg,5.9,35,1,Nasal_CN,0,33.63
435794,6,367790.0704223862,B.1.2,Neg,5.9,35,1,Saliva_Ct,0,30.98
435794,7,7.989139416674041,B.1.2,Neg,5.9,35,1,Nasal_CN,0,41.79
435794,7,347056.3540079876,B.1.2,Neg,5.9,35,1,Saliva_Ct,0,31.07
435794,8,82.69895085679326,B.1.2,Neg,5.9,35,1,Nasal_CN,0,37.73
435794,8,109446.02678150774,B.1.2,Neg,5.9,35,1,Saliva_Ct,0,32.86
435794,9,118.16803125447831,B.1.2,Neg,5.9,35,1,Nasal_CN,0,37.11
435794,9,7834.296427662088,B.1.2,Neg,5.9,35,1,Saliva_Ct,0,36.95
435794,10,100.5773063001737,B.1.2,Neg,5.9,35,1,Nasal_CN,0,37.39
435794,10,52480.746024977125,B.1.2,Neg,5.9,35,1,Saliva_Ct,0,34
435794,11,64.19482215080346,B.1.2,Neg,5.9,35,1,Nasal_CN,0,38.17
435794,11,negative,B.1.2,Neg,5.9,35,1,Saliva_Ct,0,47
435794,12,23.98832919019485,B.1.2,Neg,5.9,35,1,Nasal_CN,0,39.88
435794,12,51808.37850719901,B.1.2,Neg,5.9,35,1,Saliva_Ct,0,34.02
435794,13,162.18100973589264,B.1.2,Neg,5.9,35,1,Nasal_CN,0,36.56
435794,13,negative,B.1.2,Neg,5.9,35,1,Saliva_Ct,0,47
438577,-10,negative,B.1.311,,,37,0,Saliva_Ct,-4,47
438577,-5,58559.85598492877,B.1.311,,,37,1,Saliva_Ct,-4,33.83
438577,-4,2125690.3452171055,B.1.311,Pos,,37,1,Nasal_CN,-4,20.09
438577,-4,72710980.31596598,B.1.311,Pos,,37,1,Saliva_Ct,-4,22.78
438577,-3,10232929.922807537,B.1.311,Pos,3,37,1,Nasal_CN,-4,17.36
438577,-3,512861383.99136585,B.1.311,Pos,3,37,1,Saliva_Ct,-4,19.75
438577,-2,23577621.959612522,B.1.311,Pos,2,37,1,Nasal_CN,-4,15.91
438577,-2,168112497.44769597,B.1.311,Pos,2,37,1,Saliva_Ct,-4,21.48
438577,-1,3736801.253821156,B.1.311,Pos,3,37,1,Nasal_CN,-4,19.11
438577,-1,205305223.92794704,B.1.311,Pos,3,37,1,Saliva_Ct,-4,21.17
438577,0,32923045.333340656,B.1.311,Pos,3,37,1,Nasal_CN,-4,15.33
438577,0,19516413.002858225,B.1.311,Pos,3,37,1,Saliva_Ct,-4,24.82
438577,1,5248074.602497723,B.1.311,Pos,3,37,1,Nasal_CN,-4,18.52
438577,1,1891472.3628330096,B.1.311,Pos,3,37,1,Saliva_Ct,-4,28.44
438577,2,329230.45333340653,B.1.311,Pos,5.9,37,1,Nasal_CN,-4,23.33
438577,2,3894036.3387971707,B.1.311,Pos,5.9,37,1,Saliva_Ct,-4,27.32
438577,3,13567.505302998597,B.1.311,Pos,5.9,37,1,Nasal_CN,-4,28.87
438577,3,2713938.4876415837,B.1.311,Pos,5.9,37,1,Saliva_Ct,-4,27.88
438577,4,3108.1359027394733,B.1.311,Neg,5.9,37,1,Nasal_CN,-4,31.43
438577,4,229720.63071583453,B.1.311,Neg,5.9,37,1,Saliva_Ct,-4,31.71
438577,5,1522.2991328804173,B.1.311,Neg,5.9,37,1,Nasal_CN,-4,32.67
438577,5,172981.63592150997,B.1.311,Neg,5.9,37,1,Saliva_Ct,-4,32.15
438577,6,373.6801253821156,B.1.311,Neg,5.9,37,1,Nasal_CN,-4,35.11
438577,6,negative,B.1.311,Neg,5.9,37,1,Saliva_Ct,-4,47
438577,7,138.0384264602881,B.1.311,Neg,5.9,37,1,Nasal_CN,-4,36.84
438577,7,negative,B.1.311,Neg,5.9,37,1,Saliva_Ct,-4,47
438577,8,33.496543915782794,B.1.311,,,37,1,Nasal_CN,-4,39.3
438577,9,10884.28737943593,B.1.311,Neg,5.9,37,1,Saliva_Ct,-4,36.44
444633,-6,negative,B.1.2,,,22,0,Saliva_Ct,-3,47
444633,-5,124968339.7211214,B.1.2,,,22,1,Saliva_Ct,-3,21.94
444633,-3,325461.78349804535,B.1.2,Pos,5.9,22,1,Nasal_CN,-3,23.35
444633,-3,58398272.4618929,B.1.2,Pos,5.9,22,1,Saliva_Ct,-3,23.12
444633,-2,17378008.287493728,B.1.2,Pos,3,22,1,Nasal_CN,-3,16.44
444633,-2,25421431.36204937,B.1.2,Pos,3,22,1,Saliva_Ct,-3,24.41
444633,-1,17988709.151287872,B.1.2,Pos,3,22,1,Nasal_CN,-3,16.38
444633,-1,27114400.08688312,B.1.2,Pos,3,22,1,Saliva_Ct,-3,24.31
444633,0,36099401.358641595,B.1.2,Pos,3,22,1,Nasal_CN,-3,15.17
444633,0,82717995.18641345,B.1.2,Pos,3,22,1,Saliva_Ct,-3,22.58
444633,1,18945235.143565916,B.1.2,Pos,3,22,1,Nasal_CN,-3,16.29
444633,1,4975079.213514392,B.1.2,Pos,3,22,1,Saliva_Ct,-3,26.94
444633,2,204173.79446695274,B.1.2,Pos,5.9,22,1,Nasal_CN,-3,24.16
444633,2,7372249.081043367,B.1.2,Pos,5.9,22,1,Saliva_Ct,-3,26.33
444633,3,2691.534803926914,B.1.2,Neg,5.9,22,1,Nasal_CN,-3,31.68
444633,3,2265687.4550129087,B.1.2,Neg,5.9,22,1,Saliva_Ct,-3,28.16
444633,4,1479.1083881682073,B.1.2,Neg,5.9,22,1,Nasal_CN,-3,32.72
444633,4,1158777.3561551261,B.1.2,Neg,5.9,22,1,Saliva_Ct,-3,29.2
444633,5,188.3649089489802,B.1.2,Neg,5.9,22,1,Nasal_CN,-3,36.3
444633,5,232701.93788481617,B.1.2,Neg,5.9,22,1,Saliva_Ct,-3,31.69
444633,6,30.549211132155094,B.1.2,Neg,5.9,22,1,Nasal_CN,-3,39.46
444633,6,384768.9338937872,B.1.2,Neg,5.9,22,1,Saliva_Ct,-3,30.91
444633,7,263.02679918953817,B.1.2,Neg,5.9,22,1,Nasal_CN,-3,35.72
444633,7,166417.8856616583,B.1.2,Neg,5.9,22,1,Saliva_Ct,-3,32.21
444633,8,47.863009232263806,B.1.2,Neg,5.9,22,1,Nasal_CN,-3,38.68
444633,8,179804.26951774277,B.1.2,Neg,5.9,22,1,Saliva_Ct,-3,32.09
444633,9,118.85022274370165,B.1.2,Neg,5.9,22,1,Nasal_CN,-3,37.1
444633,9,2056837.5866278883,B.1.2,Neg,5.9,22,1,Saliva_Ct,-3,28.31
444633,10,110.2808233849553,B.1.2,Neg,5.9,22,1,Nasal_CN,-3,37.23
444633,10,228244.33121735012,B.1.2,Neg,5.9,22,1,Saliva_Ct,-3,31.72
445602,-8,negative,B.1.2,,,42,0,Saliva_Ct,-3,47
445602,-5,11502705.477901137,B.1.2,,,42,1,Saliva_Ct,-3,25.64
445602,-3,6025.595860743569,B.1.2,Pos,5.9,42,1,Nasal_CN,-3,30.28
445602,-3,4533149061.464115,B.1.2,Pos,5.9,42,1,Saliva_Ct,-3,16.37
445602,-2,1862087.1366628655,B.1.2,Pos,3,42,1,Nasal_CN,-3,20.32
445602,-2,6338697112.569263,B.1.2,Pos,3,42,1,Saliva_Ct,-3,15.85
445602,-1,5655877.570891533,B.1.2,Pos,3,42,1,Nasal_CN,-3,18.39
445602,-1,1049059207.7764436,B.1.2,Pos,3,42,1,Saliva_Ct,-3,18.64
445602,0,21752040.3401952,B.1.2,Pos,2,42,1,Nasal_CN,-3,16.05
445602,0,638557485.0788385,B.1.2,Pos,2,42,1,Saliva_Ct,-3,19.41
445602,1,215030.46793402542,B.1.2,Pos,3,42,1,Nasal_CN,-3,24.07
445602,1,3391563869.0582194,B.1.2,Pos,3,42,1,Saliva_Ct,-3,16.82
445602,2,179887.09151287875,B.1.2,Pos,5.9,42,1,Nasal_CN,-3,24.38
445602,2,831763771.1026709,B.1.2,Pos,5.9,42,1,Saliva_Ct,-3,19
445602,3,11415.633046188435,B.1.2,Pos,5.9,42,1,Nasal_CN,-3,29.17
445602,3,774818532.775618,B.1.2,Pos,5.9,42,1,Saliva_Ct,-3,19.11
445602,4,33689.92157414906,B.1.2,Pos,5.9,42,1,Nasal_CN,-3,27.29
445602,4,217570495.09257954,B.1.2,Pos,5.9,42,1,Saliva_Ct,-3,21.08
445602,5,221.3094709605632,B.1.2,Pos,5.9,42,1,Nasal_CN,-3,36.02
445602,5,2905360314.303151,B.1.2,Pos,5.9,42,1,Saliva_Ct,-3,17.06
445602,6,63.45999009812872,B.1.2,Neg,5.9,42,1,Nasal_CN,-3,38.19
445602,6,149692485.67600378,B.1.2,Neg,5.9,42,1,Saliva_Ct,-3,21.66
445602,7,2645.452694724046,B.1.2,Neg,5.9,42,1,Nasal_CN,-3,31.71
445602,7,336046.9824606985,B.1.2,Neg,5.9,42,1,Saliva_Ct,-3,31.12
445602,8,negative,B.1.2,Neg,5.9,42,1,Nasal_CN,-3,48
445602,8,930679.1831626532,B.1.2,Neg,5.9,42,1,Saliva_Ct,-3,29.54
445602,9,977.2372209558112,B.1.2,Neg,5.9,42,1,Nasal_CN,-3,33.44
445602,9,4458615.279480701,B.1.2,Neg,5.9,42,1,Saliva_Ct,-3,27.11
445602,10,negative,B.1.2,Neg,5.9,42,1,Nasal_CN,-3,48
445602,10,432115.65447029745,B.1.2,Neg,5.9,42,1,Saliva_Ct,-3,30.73
432192,-7,negative,B.1.576,,,22,0,Saliva_Ct,-2,47
432192,-4,1151330.4741558158,B.1.576,,,22,1,Saliva_Ct,-2,29.21
432192,-2,44157.044735331205,B.1.576,Pos,5.9,22,1,Nasal_CN,-2,26.82
432192,-2,1220112.8470319293,B.1.576,Pos,5.9,22,1,Saliva_Ct,-2,29.12
432192,-1,1437143.0533563897,B.1.576,Pos,3,22,1,Nasal_CN,-2,20.77
432192,-1,256330.33198658953,B.1.576,Pos,3,22,1,Saliva_Ct,-2,31.54
432192,0,53394927.35741756,B.1.576,Pos,2,22,1,Nasal_CN,-2,14.49
432192,0,1808006.5521100045,B.1.576,Pos,2,22,1,Saliva_Ct,-2,28.51
432192,1,5308844.442309879,B.1.576,Pos,3,22,1,Nasal_CN,-2,18.5
432192,1,405135.22022926353,B.1.576,Pos,3,22,1,Saliva_Ct,-2,30.83
432192,2,1090184.4923851267,B.1.576,Pos,5.9,22,1,Nasal_CN,-2,21.25
432192,2,632120.6820052665,B.1.576,Pos,5.9,22,1,Saliva_Ct,-2,30.14
432192,3,72861.81745132274,B.1.576,Neg,5.9,22,1,Nasal_CN,-2,25.95
432192,3,90782.05301781862,B.1.576,Neg,5.9,22,1,Saliva_Ct,-2,33.15
432192,4,10653.68863667563,B.1.576,Neg,5.9,22,1,Nasal_CN,-2,29.29
432192,4,191778.5364482653,B.1.576,Neg,5.9,22,1,Saliva_Ct,-2,31.99
432192,5,1388.3533099290457,B.1.576,Neg,5.9,22,1,Nasal_CN,-2,32.83
432192,5,77767.83344557033,B.1.576,Neg,5.9,22,1,Saliva_Ct,-2,33.39
432192,6,negative,B.1.576,Neg,5.9,22,1,Nasal_CN,-2,48
432192,6,2921.4603738773344,B.1.576,Neg,5.9,22,1,Saliva_Ct,-2,38.48
432192,7,3349.6543915782727,B.1.576,Neg,5.9,22,1,Nasal_CN,-2,31.3
432192,7,negative,B.1.576,Neg,5.9,22,1,Saliva_Ct,-2,47
432192,8,176.80722177343216,B.1.576,Neg,5.9,22,1,Nasal_CN,-2,36.41
432192,8,234207.0694793826,B.1.576,Neg,5.9,22,1,Saliva_Ct,-2,31.68
432192,9,negative,B.1.576,Neg,5.9,22,1,Nasal_CN,-2,48
432192,9,negative,B.1.576,Neg,5.9,22,1,Saliva_Ct,-2,47
432192,10,negative,B.1.576,Neg,5.9,22,1,Nasal_CN,-2,48
432192,10,51475.431993126105,B.1.576,Neg,5.9,22,1,Saliva_Ct,-2,34.03
432192,11,negative,B.1.576,Neg,5.9,22,1,Nasal_CN,-2,48
432192,11,negative,B.1.576,Neg,5.9,22,1,Saliva_Ct,-2,47
444446,-9,negative,B.1.361,,,36,0,Saliva_Ct,-1,47
444446,-3,21498096.103893533,B.1.361,,,36,1,Saliva_Ct,-1,24.67
444446,-1,41209751.90973304,B.1.361,Pos,3,36,1,Nasal_CN,-1,14.94
444446,-1,89371696.08501959,B.1.361,Pos,3,36,1,Saliva_Ct,-1,22.46
444446,0,57213695.46523268,B.1.361,Pos,3,36,1,Nasal_CN,-1,14.37
444446,0,82186408.03889047,B.1.361,Pos,3,36,1,Saliva_Ct,-1,22.59
444446,1,8128305.161640978,B.1.361,Pos,3,36,1,Nasal_CN,-1,17.76
444446,1,76559660.69112554,B.1.361,Pos,3,36,1,Saliva_Ct,-1,22.7
444446,2,18197.008586099826,B.1.361,Pos,5.9,36,1,Nasal_CN,-1,28.36
444446,2,20549440.41345303,B.1.361,Pos,5.9,36,1,Saliva_Ct,-1,24.74
444446,3,4897.788193684456,B.1.361,Neg,5.9,36,1,Nasal_CN,-1,30.64
444446,3,87659704.03212793,B.1.361,Neg,5.9,36,1,Saliva_Ct,-1,22.49
444446,4,5401.3211476463475,B.1.361,Neg,5.9,36,1,Nasal_CN,-1,30.47
444446,4,5921067.335646602,B.1.361,Neg,5.9,36,1,Saliva_Ct,-1,26.67
444446,5,3507.5187395256794,B.1.361,Neg,5.9,36,1,Nasal_CN,-1,31.22
444446,5,7277798.045368227,B.1.361,Neg,5.9,36,1,Saliva_Ct,-1,26.35
444446,6,2834.653633489665,B.1.361,Neg,5.9,36,1,Nasal_CN,-1,31.59
444446,6,8605973.411928207,B.1.361,Neg,5.9,36,1,Saliva_Ct,-1,26.09
444446,7,negative,B.1.361,Neg,5.9,36,1,Nasal_CN,-1,48
444446,7,9358365.435835293,B.1.361,Neg,5.9,36,1,Saliva_Ct,-1,25.96
444446,8,822.2426499470695,B.1.361,Neg,5.9,36,1,Nasal_CN,-1,33.74
444446,8,7965260.797837773,B.1.361,Neg,5.9,36,1,Saliva_Ct,-1,26.21
444446,9,101.74193661806056,B.1.361,Neg,5.9,36,1,Nasal_CN,-1,37.37
444446,9,961169.5415159294,B.1.361,Neg,5.9,36,1,Saliva_Ct,-1,29.49
444446,10,95.49925860214368,B.1.361,Neg,5.9,36,1,Nasal_CN,-1,37.48
444446,10,103944.13751488006,B.1.361,Neg,5.9,36,1,Saliva_Ct,-1,32.94
444446,11,15.84893192461111,B.1.361,Neg,5.9,36,1,Nasal_CN,-1,40.6
444446,11,321218.09339879727,B.1.361,Neg,5.9,36,1,Saliva_Ct,-1,31.19
444446,12,negative,B.1.361,Neg,5.9,36,1,Nasal_CN,-1,48
444446,12,374973.0022454834,B.1.361,Neg,5.9,36,1,Saliva_Ct,-1,30.95
445534,-5,negative,B.1.2,,,28,0,Saliva_Ct,-2,47
445534,-4,22490546.05835778,B.1.2,,,28,1,Saliva_Ct,-2,24.6
445534,-2,776247.1166286912,B.1.2,Pos,3,28,1,Nasal_CN,-2,21.84
445534,-2,11577105.74115271,B.1.2,Pos,3,28,1,Saliva_Ct,-2,25.63
445534,-1,negative,B.1.2,Pos,4,28,1,Nasal_CN,-2,48
445534,-1,26326.916742184854,B.1.2,Pos,4,28,1,Saliva_Ct,-2,35.07
445534,0,1161448.6138403413,B.1.2,Pos,3,28,1,Nasal_CN,-2,21.14
445534,0,10577913.22499501,B.1.2,Pos,3,28,1,Saliva_Ct,-2,25.77
445534,1,32923.045333340655,B.1.2,Neg,5.9,28,1,Nasal_CN,-2,27.33
445534,1,1166272.4050819618,B.1.2,Neg,5.9,28,1,Saliva_Ct,-2,29.19
445534,2,244.06190680419763,B.1.2,Neg,5.9,28,1,Nasal_CN,-2,35.85
445534,2,182137.76371047748,B.1.2,Neg,5.9,28,1,Saliva_Ct,-2,32.07
445534,3,4365.158322401657,B.1.2,Neg,5.9,28,1,Nasal_CN,-2,30.84
445534,3,652829.844158614,B.1.2,Neg,5.9,28,1,Saliva_Ct,-2,30.09
445534,4,47.58827909888171,B.1.2,Neg,5.9,28,1,Nasal_CN,-2,38.69
445534,4,201929.60697981142,B.1.2,Neg,5.9,28,1,Saliva_Ct,-2,31.91
445534,5,144.5439770745928,B.1.2,Neg,5.9,28,1,Nasal_CN,-2,36.76
445534,5,negative,B.1.2,Neg,5.9,28,1,Saliva_Ct,-2,47
445534,6,16.50061001320225,B.1.2,Neg,5.9,28,1,Nasal_CN,-2,40.53
445534,6,negative,B.1.2,Neg,5.9,28,1,Saliva_Ct,-2,47
445534,7,15.31087461682032,B.1.2,Neg,5.9,28,1,Nasal_CN,-2,40.66
445534,7,negative,B.1.2,Neg,5.9,28,1,Saliva_Ct,-2,47
445534,8,negative,B.1.2,Neg,5.9,28,1,Nasal_CN,-2,48
445534,8,negative,B.1.2,Neg,5.9,28,1,Saliva_Ct,-2,47
445534,9,negative,B.1.2,Neg,5.9,28,1,Nasal_CN,-2,48
445534,9,negative,B.1.2,Neg,5.9,28,1,Saliva_Ct,-2,47
445534,10,negative,B.1.2,Neg,5.9,28,1,Nasal_CN,-2,48
445534,10,negative,B.1.2,Neg,5.9,28,1,Saliva_Ct,-2,47
445534,11,25.703957827688647,B.1.2,Neg,5.9,28,1,Nasal_CN,-2,39.76
445534,11,negative,B.1.2,Neg,5.9,28,1,Saliva_Ct,-2,47
451152,-5,negative,B.1.1.1,,,22,0,Saliva_Ct,-2,47
451152,-3,1433507.6007281228,B.1.1.1,,,22,1,Saliva_Ct,-2,28.87
451152,-1,94406.08762859226,B.1.1.1,,5.9,22,1,Nasal_CN,-2,25.5
451152,-1,490230130.13616854,B.1.1.1,,5.9,22,1,Saliva_Ct,-2,19.82
451152,0,12232071.1904993,B.1.1.1,Pos,3,22,1,Nasal_CN,-2,17.05
451152,0,1402167833.7057552,B.1.1.1,Pos,3,22,1,Saliva_Ct,-2,18.19
451152,1,6382634.861905483,B.1.1.1,Pos,3,22,1,Nasal_CN,-2,18.18
451152,1,2425492857.109413,B.1.1.1,Pos,3,22,1,Saliva_Ct,-2,17.34
451152,2,8462525.68807268,B.1.1.1,Pos,3,22,1,Nasal_CN,-2,17.69
451152,2,568591024.6988546,B.1.1.1,Pos,3,22,1,Saliva_Ct,-2,19.59
451152,3,9120.108393559096,B.1.1.1,Pos,5.9,22,1,Nasal_CN,-2,29.56
451152,3,221819641.98002195,B.1.1.1,Pos,5.9,22,1,Saliva_Ct,-2,21.05
451152,4,16032.453906900417,B.1.1.1,Neg,5.9,22,1,Nasal_CN,-2,28.58
451152,4,5823.713479437514,B.1.1.1,Neg,5.9,22,1,Saliva_Ct,-2,37.41
451152,5,16405.89773199539,B.1.1.1,Pos,5.9,22,1,Nasal_CN,-2,28.54
451152,5,27466289.924159557,B.1.1.1,Pos,5.9,22,1,Saliva_Ct,-2,24.29
451152,6,6237.348354824191,B.1.1.1,Neg,5.9,22,1,Nasal_CN,-2,30.22
451152,6,4021610.443342134,B.1.1.1,Neg,5.9,22,1,Saliva_Ct,-2,27.27
451152,7,84139.51416451948,B.1.1.1,Neg,5.9,22,1,Nasal_CN,-2,25.7
451152,7,21637147.217791054,B.1.1.1,Neg,5.9,22,1,Saliva_Ct,-2,24.66
451152,8,656.9011164762649,B.1.1.1,Neg,5.9,22,1,Nasal_CN,-2,34.13
451152,8,1452111.6175877391,B.1.1.1,Neg,5.9,22,1,Saliva_Ct,-2,28.85
451152,9,negative,B.1.1.1,Neg,5.9,22,1,Nasal_CN,-2,48
451152,9,315064.88329723955,B.1.1.1,Neg,5.9,22,1,Saliva_Ct,-2,31.22
451152,10,negative,B.1.1.1,Neg,5.9,22,1,Nasal_CN,-2,48
451152,10,111583.50522886658,B.1.1.1,Neg,5.9,22,1,Saliva_Ct,-2,32.83
451152,11,negative,B.1.1.1,Neg,5.9,22,1,Nasal_CN,-2,48
451152,11,101297.79687601005,B.1.1.1,Neg,5.9,22,1,Saliva_Ct,-2,32.98
451152,12,21.25690345217101,B.1.1.1,Neg,5.9,22,1,Nasal_CN,-2,40.09
451152,12,negative,B.1.1.1,Neg,5.9,22,1,Saliva_Ct,-2,47
461771 *,-5,negative,B.1.1.7,,,20,0,Saliva_Ct,-1,47
461771 *,-3,69694.73963563197,B.1.1.7,,,20,1,Saliva_Ct,-1,33.56
461771 *,-1,2867477.3755813134,B.1.1.7,Pos,2,20,1,Nasal_CN,-1,19.57
461771 *,-1,17603539.536161624,B.1.1.7,Pos,2,20,1,Saliva_Ct,-1,24.98
461771 *,0,57543993.73371567,B.1.1.7,Pos,2,20,1,Nasal_CN,-1,14.36
461771 *,0,11282361.21648989,B.1.1.7,Pos,2,20,1,Saliva_Ct,-1,25.67
461771 *,1,15399265.26059492,B.1.1.7,Pos,2,20,1,Nasal_CN,-1,16.65
461771 *,1,2627846.540838493,B.1.1.7,Pos,2,20,1,Saliva_Ct,-1,27.93
461771 *,2,248313.3105295568,B.1.1.7,Pos,5.9,20,1,Nasal_CN,-1,23.82
461771 *,2,2560943.5171567644,B.1.1.7,Pos,5.9,20,1,Saliva_Ct,-1,27.97
461771 *,3,771791.5155850111,B.1.1.7,Pos,5.9,20,1,Nasal_CN,-1,21.85
461771 *,3,193018.97276345702,B.1.1.7,Pos,5.9,20,1,Saliva_Ct,-1,31.98
461771 *,4,161250.102733774,B.1.1.7,Neg,5.9,20,1,Nasal_CN,-1,24.57
461771 *,4,204550.24311093477,B.1.1.7,Neg,5.9,20,1,Saliva_Ct,-1,31.89
461771 *,5,402717.0343254587,B.1.1.7,Neg,5.9,20,1,Nasal_CN,-1,22.98
461771 *,5,94972.96573624243,B.1.1.7,Neg,5.9,20,1,Saliva_Ct,-1,33.08
461771 *,6,15577.58034831602,B.1.1.7,Neg,5.9,20,1,Nasal_CN,-1,28.63
461771 *,6,34292.56732975598,B.1.1.7,Neg,5.9,20,1,Saliva_Ct,-1,34.66
461771 *,7,4168.6938347033465,B.1.1.7,Neg,5.9,20,1,Nasal_CN,-1,30.92
461771 *,7,48573.567328785495,B.1.1.7,Neg,5.9,20,1,Saliva_Ct,-1,34.12
461771 *,8,5821.03217770871,B.1.1.7,Neg,5.9,20,1,Nasal_CN,-1,30.34
461771 *,8,16873.29890625803,B.1.1.7,Neg,5.9,20,1,Saliva_Ct,-1,35.76
461771 *,9,57.87619883491197,B.1.1.7,Neg,5.9,20,1,Nasal_CN,-1,38.35
461771 *,9,4677.351412871981,B.1.1.7,Neg,5.9,20,1,Saliva_Ct,-1,37.75
461771 *,10,20.773037255725587,B.1.1.7,Neg,5.9,20,1,Nasal_CN,-1,40.13
461771 *,10,4830.5880203977185,B.1.1.7,Neg,5.9,20,1,Saliva_Ct,-1,37.7
461771 *,11,negative,B.1.1.7,Neg,5.9,20,1,Nasal_CN,-1,48
461771 *,11,negative,B.1.1.7,Neg,5.9,20,1,Saliva_Ct,-1,47
461771 *,12,137.24609610075598,B.1.1.7,Neg,5.9,20,1,Nasal_CN,-1,36.85
461771 *,12,negative,B.1.1.7,Neg,5.9,20,1,Saliva_Ct,-1,47
471890 *,-4,negative,B.1.1.7,,,34,0,Saliva_Ct,0,47
471890 *,-2,18655203.891005937,B.1.1.7,,,34,1,Saliva_Ct,0,24.89
471890 *,0,15135612.484362071,B.1.1.7,Pos,3,34,1,Nasal_CN,0,16.68
471890 *,0,7184557.087925951,B.1.1.7,Pos,3,34,1,Saliva_Ct,0,26.37
471890 *,1,2660725.059798809,B.1.1.7,Pos,5,34,1,Nasal_CN,0,19.7
471890 *,1,15473907.628208768,B.1.1.7,Pos,5,34,1,Saliva_Ct,0,25.18
471890 *,2,285101.826750391,B.1.1.7,Pos,5.9,34,1,Nasal_CN,0,23.58
471890 *,2,280543.3637951716,B.1.1.7,Pos,5.9,34,1,Saliva_Ct,0,31.4
471890 *,3,6760829.753919818,B.1.1.7,Pos,4,34,1,Nasal_CN,0,18.08
471890 *,3,156027.08686930584,B.1.1.7,Pos,4,34,1,Saliva_Ct,0,32.31
471890 *,4,148764.73740795002,B.1.1.7,Pos,5.9,34,1,Nasal_CN,0,24.71
471890 *,4,1494.169957406696,B.1.1.7,Pos,5.9,34,1,Saliva_Ct,0,39.52
471890 *,5,10592537.251772875,B.1.1.7,Neg,5.9,34,1,Nasal_CN,0,17.3
471890 *,5,125314.1174941413,B.1.1.7,Neg,5.9,34,1,Saliva_Ct,0,32.65
471890 *,6,49831.04559705293,B.1.1.7,Neg,5.9,34,1,Nasal_CN,0,26.61
471890 *,6,negative,B.1.1.7,Neg,5.9,34,1,Saliva_Ct,0,47
471890 *,7,172782.59805078627,B.1.1.7,Neg,5.9,34,1,Nasal_CN,0,24.45
471890 *,7,329609.71217745694,B.1.1.7,Neg,5.9,34,1,Saliva_Ct,0,31.15
471890 *,8,11284.959375277598,B.1.1.7,Neg,5.9,34,1,Nasal_CN,0,29.19
471890 *,8,negative,B.1.1.7,Neg,5.9,34,1,Saliva_Ct,0,47
471890 *,9,6201.5464365378475,B.1.1.7,Neg,5.9,34,1,Nasal_CN,0,30.23
471890 *,9,negative,B.1.1.7,Neg,5.9,34,1,Saliva_Ct,0,47
471890 *,10,2187761.623949552,B.1.1.7,Neg,5.9,34,1,Nasal_CN,0,20.04
471890 *,10,negative,B.1.1.7,Neg,5.9,34,1,Saliva_Ct,0,47
471890 *,11,21752.0403401952,B.1.1.7,Neg,5.9,34,1,Nasal_CN,0,28.05
471890 *,11,negative,B.1.1.7,Neg,5.9,34,1,Saliva_Ct,0,47
471890 *,12,69984.19960022731,B.1.1.7,Neg,5.9,34,1,Nasal_CN,0,26.02
471890 *,12,negative,B.1.1.7,Neg,5.9,34,1,Saliva_Ct,0,47
471890 *,13,3388.4415613920205,B.1.1.7,Neg,5.9,34,1,Nasal_CN,0,31.28
471890 *,13,negative,B.1.1.7,Neg,5.9,34,1,Saliva_Ct,0,47
432662,-5,negative,B.1.2,,,21,0,Saliva_Ct,-2,47
432662,-4,50164.90567732211,B.1.2,,,21,1,Saliva_Ct,-2,34.07
432662,-2,1181680.312544783,B.1.2,Pos,2,21,1,Nasal_CN,-2,21.11
432662,-2,16935577.086915173,B.1.2,Pos,2,21,1,Saliva_Ct,-2,25.04
432662,-1,1258925.411794166,B.1.2,Pos,2,21,1,Nasal_CN,-2,21
432662,-1,23834168.2067315,B.1.2,Pos,2,21,1,Saliva_Ct,-2,24.51
432662,0,37583740.428844355,B.1.2,Pos,2,21,1,Nasal_CN,-2,15.1
432662,0,10242359.141215678,B.1.2,Pos,2,21,1,Saliva_Ct,-2,25.82
432662,1,407380.2778041122,B.1.2,Pos,4,21,1,Nasal_CN,-2,22.96
432662,1,4975079.213514392,B.1.2,Pos,4,21,1,Saliva_Ct,-2,26.94
432662,2,38681.20546330517,B.1.2,Pos,5.9,21,1,Nasal_CN,-2,27.05
432662,2,11355336.278419351,B.1.2,Pos,5.9,21,1,Saliva_Ct,-2,25.66
432662,3,492606.3433495771,B.1.2,Neg,5.9,21,1,Nasal_CN,-2,22.63
432662,3,25585858.86905648,B.1.2,Neg,5.9,21,1,Saliva_Ct,-2,24.4
432662,4,10115.794542598982,B.1.2,Neg,5.9,21,1,Nasal_CN,-2,29.38
432662,4,17947336.268325247,B.1.2,Neg,5.9,21,1,Saliva_Ct,-2,24.95
432662,5,235.77621959612569,B.1.2,Neg,5.9,21,1,Nasal_CN,-2,35.91
432662,5,1370250.5971242422,B.1.2,Neg,5.9,21,1,Saliva_Ct,-2,28.94
432662,6,20.773037255725587,B.1.2,Neg,5.9,21,1,Nasal_CN,-2,40.13
432662,6,168577.65178289797,B.1.2,Neg,5.9,21,1,Saliva_Ct,-2,32.19
432662,7,22.77718241857322,B.1.2,Neg,5.9,21,1,Nasal_CN,-2,39.97
432662,7,776962.3959921381,B.1.2,Neg,5.9,21,1,Saliva_Ct,-2,29.82
432662,8,49.26063433495761,B.1.2,Neg,5.9,21,1,Nasal_CN,-2,38.63
432662,8,64505.98332848311,B.1.2,Neg,5.9,21,1,Saliva_Ct,-2,33.68
432662,9,97.16279515771038,B.1.2,Neg,5.9,21,1,Nasal_CN,-2,37.45
432662,9,92555.02447634359,B.1.2,Neg,5.9,21,1,Saliva_Ct,-2,33.12
432662,10,negative,B.1.2,Neg,5.9,21,1,Nasal_CN,-2,48
432662,10,4528.975799036213,B.1.2,Neg,5.9,21,1,Saliva_Ct,-2,37.8
432864,-8,negative,B.1.1,,,73,0,Saliva_Ct,-4,47
432864,-5,92299638.48404525,B.1.1,,,73,1,Saliva_Ct,-4,22.41
432864,-3,609536.8972401681,B.1.1,Pos,4,73,1,Nasal_CN,-4,22.26
432864,-3,3650900.5248449785,B.1.1,Pos,4,73,1,Saliva_Ct,-4,27.42
432864,-2,2371373.7056616554,B.1.1,Pos,4,73,1,Nasal_CN,-4,19.9
432864,-2,19266374.595240794,B.1.1,Pos,4,73,1,Saliva_Ct,-4,24.84
432864,-1,43903586.56409447,B.1.1,Pos,4,73,1,Nasal_CN,-4,14.83
432864,-1,1903706.531742073,B.1.1,Pos,4,73,1,Saliva_Ct,-4,28.43
432864,0,63459990.09812872,B.1.1,Pos,3,73,1,Nasal_CN,-4,14.19
432864,0,152615976.5625463,B.1.1,Pos,3,73,1,Saliva_Ct,-4,21.63
432864,1,20535250.26457146,B.1.1,Pos,3,73,1,Nasal_CN,-4,16.15
432864,1,13601913.22855669,B.1.1,Pos,3,73,1,Saliva_Ct,-4,25.38
432864,2,22258710.44793001,B.1.1,Pos,4,73,1,Nasal_CN,-4,16.01
432864,2,986279.4856312099,B.1.1,Pos,4,73,1,Saliva_Ct,-4,29.45
432864,3,575439.9373371566,B.1.1,Pos,5.9,73,1,Nasal_CN,-4,22.36
432864,3,23377604.122746896,B.1.1,Pos,5.9,73,1,Saliva_Ct,-4,24.54
432864,4,117489.75549395279,B.1.1,Pos,5.9,73,1,Nasal_CN,-4,25.12
432864,4,231206.47901755894,B.1.1,Pos,5.9,73,1,Saliva_Ct,-4,31.7
432864,5,5888.436553555884,B.1.1,Neg,5.9,73,1,Nasal_CN,-4,30.32
432864,5,193018.97276345702,B.1.1,Neg,5.9,73,1,Saliva_Ct,-4,31.98
432864,6,1023.2929922807537,B.1.1,Neg,5.9,73,1,Nasal_CN,-4,33.36
432864,6,12223.624492787301,B.1.1,Neg,5.9,73,1,Saliva_Ct,-4,36.26
432864,7,5463.86549881854,B.1.1,Neg,5.9,73,1,Nasal_CN,-4,30.45
432864,7,negative,B.1.1,Neg,5.9,73,1,Saliva_Ct,-4,47
432864,8,4786.30092322638,B.1.1,Neg,5.9,73,1,Nasal_CN,-4,30.68
432864,8,2185.7475486869293,B.1.1,Neg,5.9,73,1,Saliva_Ct,-4,38.93
432870,-6,negative,B.1.2,,,23,0,Saliva_Ct,-3,47
432870,-4,42150.23497210431,B.1.2,,,23,1,Saliva_Ct,-3,34.34
432870,-3,1698.243652461746,B.1.2,Pos,5.9,23,1,Nasal_CN,-3,32.48
432870,-3,183992448.97966683,B.1.2,Pos,5.9,23,1,Saliva_Ct,-3,21.34
432870,-2,10653.68863667563,B.1.2,Pos,5.9,23,1,Nasal_CN,-3,29.29
432870,-2,91117123.30429193,B.1.2,Pos,5.9,23,1,Saliva_Ct,-3,22.43
432870,-1,1168153.7298613244,B.1.2,Pos,5.9,23,1,Nasal_CN,-3,21.13
432870,-1,16826740.610704638,B.1.2,Pos,5.9,23,1,Saliva_Ct,-3,25.05
432870,0,9772372.209558092,B.1.2,Pos,3,23,1,Nasal_CN,-3,17.44
432870,0,5551367.774352109,B.1.2,Pos,3,23,1,Saliva_Ct,-3,26.77
432870,1,5158221.65072305,B.1.2,Pos,3,23,1,Nasal_CN,-3,18.55
432870,1,14047531.026968762,B.1.2,Pos,3,23,1,Saliva_Ct,-3,25.33
432870,2,72861.81745132274,B.1.2,Pos,3,23,1,Nasal_CN,-3,25.95
432870,2,4047622.486878724,B.1.2,Pos,3,23,1,Saliva_Ct,-3,27.26
432870,3,5591.1352757055965,B.1.2,Neg,4,23,1,Nasal_CN,-3,30.41
432870,3,6564475.019516977,B.1.2,Neg,4,23,1,Saliva_Ct,-3,26.51
432870,4,9225.71427154763,B.1.2,Neg,5.9,23,1,Nasal_CN,-3,29.54
432870,4,6075751.4610574115,B.1.2,Neg,5.9,23,1,Saliva_Ct,-3,26.63
432870,5,1698.243652461746,B.1.2,Neg,5.9,23,1,Nasal_CN,-3,32.48
432870,5,3008846.2766457237,B.1.2,Neg,5.9,23,1,Saliva_Ct,-3,27.72
432870,6,negative,B.1.2,Neg,5.9,23,1,Nasal_CN,-3,48
432870,6,248198.98435070956,B.1.2,Neg,5.9,23,1,Saliva_Ct,-3,31.59
432870,7,1023.2929922807537,B.1.2,Neg,5.9,23,1,Nasal_CN,-3,33.36
432870,7,218172.49589882954,B.1.2,Neg,5.9,23,1,Saliva_Ct,-3,31.79
432870,8,8.269895085679327,B.1.2,Neg,5.9,23,1,Nasal_CN,-3,41.73
432870,8,45248.06378555482,B.1.2,Neg,5.9,23,1,Saliva_Ct,-3,34.23
432870,9,24.68880104906209,B.1.2,Neg,5.9,23,1,Nasal_CN,-3,39.83
432870,9,1365.211695066444,B.1.2,Neg,5.9,23,1,Saliva_Ct,-3,39.66
444349,-3,640324.324468947,B.1.2,,,49,1,Saliva_Ct,-1,30.12
444349,-1,960505.8183867305,B.1.2,Pos,3,49,1,Nasal_CN,-1,21.47
444349,-1,1379113.469023599,B.1.2,Pos,3,49,1,Saliva_Ct,-1,28.93
444349,0,13883533.099290457,B.1.2,Pos,2,49,1,Nasal_CN,-1,16.83
444349,0,834065.1974086609,B.1.2,Pos,2,49,1,Saliva_Ct,-1,29.71
444349,1,10000000.0,B.1.2,Pos,3,49,1,Nasal_CN,-1,17.4
444349,1,3467368.5045253094,B.1.2,Pos,3,49,1,Saliva_Ct,-1,27.5
444349,2,258523.48395621887,B.1.2,Pos,3,49,1,Nasal_CN,-1,23.75
444349,2,3087450.475587442,B.1.2,Pos,3,49,1,Saliva_Ct,-1,27.68
444349,3,32546.178349804533,B.1.2,Pos,5.9,49,1,Nasal_CN,-1,27.35
444349,3,552077.4392807562,B.1.2,Pos,5.9,49,1,Saliva_Ct,-1,30.35
444349,4,457.0881896148752,B.1.2,Pos,5.9,49,1,Nasal_CN,-1,34.76
444349,4,1695118.2515313951,B.1.2,Pos,5.9,49,1,Saliva_Ct,-1,28.61
444349,5,449.26232467029325,B.1.2,Pos,5.9,49,1,Nasal_CN,-1,34.79
444349,5,13905.928754654402,B.1.2,Pos,5.9,49,1,Saliva_Ct,-1,36.06
444349,6,negative,B.1.2,Neg,5.9,49,1,Nasal_CN,-1,48
444349,6,895364.7655495901,B.1.2,Neg,5.9,49,1,Saliva_Ct,-1,29.6
444349,7,negative,B.1.2,Neg,5.9,49,1,Nasal_CN,-1,48
444349,7,negative,B.1.2,Neg,5.9,49,1,Saliva_Ct,-1,47
444349,8,20.892961308540407,B.1.2,Neg,5.9,49,1,Nasal_CN,-1,40.12
444349,9,negative,B.1.2,Neg,5.9,49,1,Nasal_CN,-1,48
444349,9,negative,B.1.2,Neg,5.9,49,1,Saliva_Ct,-1,47
444349,10,negative,B.1.2,Neg,5.9,49,1,Nasal_CN,-1,48
444349,10,24054.703049880944,B.1.2,Neg,5.9,49,1,Saliva_Ct,-1,35.21
444349,11,negative,B.1.2,Neg,5.9,49,1,Nasal_CN,-1,48
444349,11,negative,B.1.2,Neg,5.9,49,1,Saliva_Ct,-1,47
444349,12,negative,B.1.2,Neg,,49,1,Saliva_Ct,-1,47
449507,-6,negative,B.1.2,,,21,0,Saliva_Ct,-1,47
449507,-3,30060763.02628229,B.1.2,,,21,1,Saliva_Ct,-1,24.15
449507,-1,42904.21892388848,B.1.2,Neg,5.9,21,1,Nasal_CN,-1,26.87
449507,-1,1528973.6466907104,B.1.2,Neg,5.9,21,1,Saliva_Ct,-1,28.77
449507,0,602559.5860743568,B.1.2,Neg,4,21,1,Nasal_CN,-1,22.28
449507,0,942757.508527414,B.1.2,Neg,4,21,1,Saliva_Ct,-1,29.52
449507,1,467735.1412871981,B.1.2,Pos,4,21,1,Nasal_CN,-1,22.72
449507,1,1684224.575082704,B.1.2,Pos,4,21,1,Saliva_Ct,-1,28.62
449507,2,62015.46436537847,B.1.2,Pos,4,21,1,Nasal_CN,-1,26.23
449507,2,776962.3959921381,B.1.2,Pos,4,21,1,Saliva_Ct,-1,29.82
449507,3,489778.81936844566,B.1.2,Pos,5.9,21,1,Nasal_CN,-1,22.64
449507,3,1038484.4550082718,B.1.2,Pos,5.9,21,1,Saliva_Ct,-1,29.37
449507,4,89639.61859499493,B.1.2,Neg,5,21,1,Nasal_CN,-1,25.59
449507,4,12223.624492787301,B.1.2,Neg,5,21,1,Saliva_Ct,-1,36.26
449507,5,8560.517117200932,B.1.2,Neg,5.9,21,1,Nasal_CN,-1,29.67
449507,5,negative,B.1.2,Neg,5.9,21,1,Saliva_Ct,-1,47
449507,7,7.89768849399884,B.1.2,Neg,5.9,21,1,Nasal_CN,-1,41.81
449507,7,negative,B.1.2,Neg,5.9,21,1,Saliva_Ct,-1,47
449507,8,negative,B.1.2,Neg,5.9,21,1,Nasal_CN,-1,48
449507,8,negative,B.1.2,Neg,5.9,21,1,Saliva_Ct,-1,47
449507,9,negative,B.1.2,Neg,5.9,21,1,Nasal_CN,-1,48
449507,9,negative,B.1.2,Neg,5.9,21,1,Saliva_Ct,-1,47
449507,10,negative,B.1.2,Neg,5.9,21,1,Nasal_CN,-1,48
449507,10,negative,B.1.2,Neg,5.9,21,1,Saliva_Ct,-1,47
449507,11,negative,B.1.2,Neg,5.9,21,1,Nasal_CN,-1,48
449507,11,39012.16029526748,B.1.2,Neg,5.9,21,1,Saliva_Ct,-1,34.46
449507,12,negative,B.1.2,Neg,,21,1,Nasal_CN,-1,48
449507,12,negative,B.1.2,Neg,,21,1,Saliva_Ct,-1,47
432686,-6,negative,B.1.2,,,23,0,Saliva_Ct,-1,47
432686,-4,510975.40905467485,B.1.2,,,23,1,Saliva_Ct,-1,30.47
432686,-1,3292304.5333340657,B.1.2,Pos,3,23,1,Nasal_CN,-1,19.33
432686,-1,48128242.18676017,B.1.2,Pos,3,23,1,Saliva_Ct,-1,23.42
432686,0,15222991.328804173,B.1.2,Pos,3,23,1,Nasal_CN,-1,16.67
432686,0,12189895.989248648,B.1.2,Pos,3,23,1,Saliva_Ct,-1,25.55
432686,1,37800.71373018109,B.1.2,Pos,5.9,23,1,Nasal_CN,-1,27.09
432686,1,55462571.295791045,B.1.2,Pos,5.9,23,1,Saliva_Ct,-1,23.2
432686,2,13489.628825916532,B.1.2,Pos,5.9,23,1,Nasal_CN,-1,28.88
432686,2,3919223.224549763,B.1.2,Pos,5.9,23,1,Saliva_Ct,-1,27.31
432686,3,2786.1211686297665,B.1.2,Pos,5.9,23,1,Nasal_CN,-1,31.62
432686,3,1370250.5971242422,B.1.2,Pos,5.9,23,1,Saliva_Ct,-1,28.94
432686,4,2645.452694724046,B.1.2,Neg,5.9,23,1,Nasal_CN,-1,31.71
432686,4,6649668.571246756,B.1.2,Neg,5.9,23,1,Saliva_Ct,-1,26.49
432686,5,7989.13941667404,B.1.2,Neg,5.9,23,1,Nasal_CN,-1,29.79
432686,5,895364.7655495901,B.1.2,Neg,5.9,23,1,Saliva_Ct,-1,29.6
432686,6,negative,B.1.2,Neg,5.9,23,1,Nasal_CN,-1,48
432686,6,148183.55175164307,B.1.2,Neg,5.9,23,1,Saliva_Ct,-1,32.39
432686,7,123.02687708123811,B.1.2,Neg,5.9,23,1,Nasal_CN,-1,37.04
432686,7,167494.28760264313,B.1.2,Neg,5.9,23,1,Saliva_Ct,-1,32.2
432686,8,negative,B.1.2,Neg,5.9,23,1,Nasal_CN,-1,48
432686,8,2056837.5866278883,B.1.2,Neg,5.9,23,1,Saliva_Ct,-1,28.31
432686,9,272.27013080779153,B.1.2,Neg,5.9,23,1,Nasal_CN,-1,35.66
432686,9,10442392.185431736,B.1.2,Neg,5.9,23,1,Saliva_Ct,-1,25.79
432686,10,85.11380382023759,B.1.2,Neg,5.9,23,1,Nasal_CN,-1,37.68
432686,10,31944.787242086815,B.1.2,Neg,5.9,23,1,Saliva_Ct,-1,34.77
432686,11,82.22426499470696,B.1.2,Neg,5.9,23,1,Nasal_CN,-1,37.74
432686,11,59319.84396649717,B.1.2,Neg,5.9,23,1,Saliva_Ct,-1,33.81
432686,12,17.080477200597077,B.1.2,Neg,5.9,23,1,Nasal_CN,-1,40.47
432686,12,52820.19497699964,B.1.2,Neg,5.9,23,1,Saliva_Ct,-1,33.99
435729,-3,negative,B.1.582,,,42,0,Saliva_Ct,0,47
435729,-2,1212271.7925364983,B.1.582,,,42,1,Saliva_Ct,0,29.13
435729,0,2951209.226666384,B.1.582,Pos,2,42,1,Nasal_CN,0,19.52
435729,0,negative,B.1.582,Pos,2,42,1,Saliva_Ct,0,47
435729,1,2917427.014001166,B.1.582,Pos,3,42,1,Nasal_CN,0,19.54
435729,1,2528133.4798341133,B.1.582,Pos,3,42,1,Saliva_Ct,0,27.99
435729,2,56234.13251903491,B.1.582,Neg,5.9,42,1,Nasal_CN,0,26.4
435729,2,negative,B.1.582,Neg,5.9,42,1,Saliva_Ct,0,47
435729,3,32923.045333340655,B.1.582,Pos,5.9,42,1,Nasal_CN,0,27.33
435729,3,negative,B.1.582,Pos,5.9,42,1,Saliva_Ct,0,47
435729,4,4897.788193684456,B.1.582,Neg,5.9,42,1,Nasal_CN,0,30.64
435729,4,negative,B.1.582,Neg,5.9,42,1,Saliva_Ct,0,47
435729,5,630.9573444801918,B.1.582,Pos,5.9,42,1,Nasal_CN,0,34.2
435729,5,negative,B.1.582,Pos,5.9,42,1,Saliva_Ct,0,47
435729,6,627.3356959840372,B.1.582,Neg,5.9,42,1,Nasal_CN,0,34.21
435729,6,negative,B.1.582,Neg,5.9,42,1,Saliva_Ct,0,47
435729,7,157.57960227439236,B.1.582,Neg,5.9,42,1,Nasal_CN,0,36.61
435729,7,negative,B.1.582,Neg,5.9,42,1,Saliva_Ct,0,47
435729,8,4813.932540001439,B.1.582,Neg,5.9,42,1,Nasal_CN,0,30.67
435729,8,negative,B.1.582,Neg,5.9,42,1,Saliva_Ct,0,47
435729,9,599.1009386113537,B.1.582,Neg,5.9,42,1,Nasal_CN,0,34.29
435729,9,negative,B.1.582,Neg,5.9,42,1,Saliva_Ct,0,47
435729,10,1011.5794542598962,B.1.582,Neg,5.9,42,1,Nasal_CN,0,33.38
435729,10,negative,B.1.582,Neg,5.9,42,1,Saliva_Ct,0,47
435729,11,73.28245331389044,B.1.582,Neg,5.9,42,1,Nasal_CN,0,37.94
435729,11,50164.90567732211,B.1.582,Neg,5.9,42,1,Saliva_Ct,0,34.07
435729,12,40.27170343254595,B.1.582,Neg,5.9,42,1,Nasal_CN,0,38.98
435729,12,negative,B.1.582,Neg,5.9,42,1,Saliva_Ct,0,47
435729,13,66.83439175686135,B.1.582,Neg,5.9,42,1,Nasal_CN,0,38.1
435729,13,negative,B.1.582,Neg,5.9,42,1,Saliva_Ct,0,47
437388,-4,negative,B.1.2,,,28,0,Saliva_Ct,-1,47
437388,-3,209893.988362352,B.1.2,,,28,1,Saliva_Ct,-1,31.85
437388,-1,375837.40428844356,B.1.2,,4,28,1,Nasal_CN,-1,23.1
437388,-1,346098725.48535347,B.1.2,,4,28,1,Saliva_Ct,-1,20.36
437388,0,1717908.387157586,B.1.2,Pos,3,28,1,Nasal_CN,-1,20.46
437388,0,122574463.20498061,B.1.2,Pos,3,28,1,Saliva_Ct,-1,21.97
437388,1,19611.011754760457,B.1.2,Pos,5.9,28,1,Nasal_CN,-1,28.23
437388,1,3535086.1336199706,B.1.2,Pos,5.9,28,1,Saliva_Ct,-1,27.47
437388,2,41686.938347033465,B.1.2,Pos,5.9,28,1,Nasal_CN,-1,26.92
437388,2,1243941.6235583057,B.1.2,Pos,5.9,28,1,Saliva_Ct,-1,29.09
437388,3,110280.82338495507,B.1.2,Pos,5.9,28,1,Nasal_CN,-1,25.23
437388,3,1717117.4432444528,B.1.2,Pos,5.9,28,1,Saliva_Ct,-1,28.59
437388,4,33689.92157414906,B.1.2,Pos,5.9,28,1,Nasal_CN,-1,27.29
437388,4,1739402.139780303,B.1.2,Pos,5.9,28,1,Saliva_Ct,-1,28.57
437388,5,2676.085593199328,B.1.2,Neg,5.9,28,1,Nasal_CN,-1,31.69
437388,5,979941.1610955923,B.1.2,Neg,5.9,28,1,Saliva_Ct,-1,29.46
437388,6,762.9568911615336,B.1.2,Neg,5.9,28,1,Nasal_CN,-1,33.87
437388,6,954992.586021433,B.1.2,Neg,5.9,28,1,Saliva_Ct,-1,29.5
437388,7,23.71373705661655,B.1.2,Neg,5.9,28,1,Nasal_CN,-1,39.9
437388,7,762079.0100254115,B.1.2,Neg,5.9,28,1,Saliva_Ct,-1,29.85
437388,8,negative,B.1.2,Neg,5.9,28,1,Nasal_CN,-1,48
437388,8,5072242.398926509,B.1.2,Neg,5.9,28,1,Saliva_Ct,-1,26.91
437388,9,80.3526122185616,B.1.2,Neg,5.9,28,1,Nasal_CN,-1,37.78
437388,9,108043.83723712253,B.1.2,Neg,5.9,28,1,Saliva_Ct,-1,32.88
437388,10,negative,B.1.2,Neg,5.9,28,1,Nasal_CN,-1,48
437388,10,9145.343031204598,B.1.2,Neg,5.9,28,1,Saliva_Ct,-1,36.71
437388,11,negative,B.1.2,Neg,5.9,28,1,Nasal_CN,-1,48
437388,11,6415.049325106628,B.1.2,Neg,5.9,28,1,Saliva_Ct,-1,37.26
437388,12,negative,B.1.2,Neg,5.9,28,1,Nasal_CN,-1,48
437388,12,negative,B.1.2,Neg,5.9,28,1,Saliva_Ct,-1,47
469115 *,-6,negative,B.1.1.7,,,21,0,Saliva_Ct,-2,47
469115 *,-4,105293.12128434377,B.1.1.7,,,21,1,Saliva_Ct,-2,32.92
469115 *,-2,3912.911271268524,B.1.1.7,Neg,5.9,21,1,Nasal_CN,-2,31.03
469115 *,-2,6779536.449241933,B.1.1.7,Neg,5.9,21,1,Saliva_Ct,-2,26.46
469115 *,-1,1128495.93752776,B.1.1.7,Pos,5.9,21,1,Nasal_CN,-2,21.19
469115 *,-1,59538789.412768535,B.1.1.7,Pos,5.9,21,1,Saliva_Ct,-2,23.09
469115 *,0,10901844.923851268,B.1.1.7,Pos,3,21,1,Nasal_CN,-2,17.25
469115 *,0,53015150.66784589,B.1.1.7,Pos,3,21,1,Saliva_Ct,-2,23.27
469115 *,1,3845917.8204535353,B.1.1.7,Pos,4,21,1,Nasal_CN,-2,19.06
469115 *,1,12427964.384409131,B.1.1.7,Pos,4,21,1,Saliva_Ct,-2,25.52
469115 *,2,891250.938133744,B.1.1.7,Pos,4,21,1,Nasal_CN,-2,21.6
469115 *,2,73181279.76744553,B.1.1.7,Pos,4,21,1,Saliva_Ct,-2,22.77
469115 *,3,356861.74928348063,B.1.1.7,Pos,5.9,21,1,Nasal_CN,-2,23.19
469115 *,3,19266374.595240794,B.1.1.7,Pos,5.9,21,1,Saliva_Ct,-2,24.84
469115 *,4,10115.794542598982,B.1.1.7,Pos,5.9,21,1,Nasal_CN,-2,29.38
469115 *,4,636209.2805735172,B.1.1.7,Pos,5.9,21,1,Saliva_Ct,-2,30.13
469115 *,5,205.3525026457146,B.1.1.7,Neg,5.9,21,1,Nasal_CN,-2,36.15
469115 *,5,264728.0740017566,B.1.1.7,Neg,5.9,21,1,Saliva_Ct,-2,31.49
469115 *,6,481.3932540001439,B.1.1.7,Neg,5.9,21,1,Nasal_CN,-2,34.67
469115 *,6,299226.4636608183,B.1.1.7,Neg,5.9,21,1,Saliva_Ct,-2,31.3
469115 *,7,588.8436553555883,B.1.1.7,Neg,5.9,21,1,Nasal_CN,-2,34.32
469115 *,7,29757.743773728074,B.1.1.7,Neg,5.9,21,1,Saliva_Ct,-2,34.88
469115 *,8,3890.4514499428046,B.1.1.7,Neg,5.9,21,1,Nasal_CN,-2,31.04
469115 *,8,negative,B.1.1.7,Neg,5.9,21,1,Saliva_Ct,-2,47
469115 *,9,196.11011754760494,B.1.1.7,Neg,5.9,21,1,Nasal_CN,-2,36.23
469115 *,9,108742.67195462447,B.1.1.7,Neg,5.9,21,1,Saliva_Ct,-2,32.87
469115 *,10,negative,B.1.1.7,Neg,5.9,21,1,Nasal_CN,-2,48
469115 *,10,53851.77219975273,B.1.1.7,Neg,5.9,21,1,Saliva_Ct,-2,33.96
469115 *,11,negative,B.1.1.7,,,21,1,Nasal_CN,-2,48
471467 *,-9,negative,B.1.1.7,,,21,0,Saliva_Ct,-3,47
471467 *,-5,144012437.11755714,B.1.1.7,,,21,1,Saliva_Ct,-3,21.72
471467 *,-3,148.76473740795,B.1.1.7,Pos,5.9,21,1,Nasal_CN,-3,36.71
471467 *,-3,6379696226.625793,B.1.1.7,Pos,5.9,21,1,Saliva_Ct,-3,15.84
471467 *,-2,32923.045333340655,B.1.1.7,Pos,5.9,21,1,Nasal_CN,-3,27.33
471467 *,-2,16458869432.193035,B.1.1.7,Pos,5.9,21,1,Saliva_Ct,-3,14.37
471467 *,-1,104111.81076233396,B.1.1.7,Pos,5.9,21,1,Nasal_CN,-3,25.33
471467 *,-1,5717418729.175524,B.1.1.7,Pos,5.9,21,1,Saliva_Ct,-3,16.01
471467 *,0,22387211.385683376,B.1.1.7,Pos,3,21,1,Nasal_CN,-3,16
471467 *,0,2318462095.4131293,B.1.1.7,Pos,3,21,1,Saliva_Ct,-3,17.41
471467 *,1,16032453.906900417,B.1.1.7,Pos,3,21,1,Nasal_CN,-3,16.58
471467 *,1,401420918.2043213,B.1.1.7,Pos,3,21,1,Saliva_Ct,-3,20.13
471467 *,2,382384.25365811225,B.1.1.7,Pos,5.9,21,1,Nasal_CN,-3,23.07
471467 *,2,94710907.94701584,B.1.1.7,Pos,5.9,21,1,Saliva_Ct,-3,22.37
471467 *,3,126619.32675109443,B.1.1.7,Pos,5.9,21,1,Nasal_CN,-3,24.99
471467 *,3,12508349.283740627,B.1.1.7,Pos,5.9,21,1,Saliva_Ct,-3,25.51
471467 *,4,6531.305526474716,B.1.1.7,Neg,5.9,21,1,Nasal_CN,-3,30.14
471467 *,4,50350060.87879037,B.1.1.7,Neg,5.9,21,1,Saliva_Ct,-3,23.35
471467 *,5,489.7788193684456,B.1.1.7,Neg,5.9,21,1,Nasal_CN,-3,34.64
471467 *,5,58775996.36805995,B.1.1.7,Neg,5.9,21,1,Saliva_Ct,-3,23.11
471467 *,6,258.52348395621885,B.1.1.7,Neg,5.9,21,1,Nasal_CN,-3,35.75
471467 *,6,8798.324994418628,B.1.1.7,Neg,5.9,21,1,Saliva_Ct,-3,36.77
471467 *,7,73.7055175337934,B.1.1.7,Neg,5.9,21,1,Nasal_CN,-3,37.93
471467 *,7,123708.63074892691,B.1.1.7,Neg,5.9,21,1,Saliva_Ct,-3,32.67
471467 *,8,negative,B.1.1.7,Neg,5.9,21,1,Nasal_CN,-3,48
471467 *,8,11727353.05779377,B.1.1.7,Neg,5.9,21,1,Saliva_Ct,-3,25.61
471467 *,9,negative,B.1.1.7,Neg,5.9,21,1,Nasal_CN,-3,48
471467 *,9,235721.93636510018,B.1.1.7,Neg,5.9,21,1,Saliva_Ct,-3,31.67
471467 *,10,28.346536334896594,B.1.1.7,Neg,5.9,21,1,Nasal_CN,-3,39.59
471467 *,10,194267.4323031487,B.1.1.7,Neg,5.9,21,1,Saliva_Ct,-3,31.97
441925,-8,negative,B.1.2,,,28,0,Saliva_Ct,0,47
441925,-2,39156151.4839612,B.1.2,,,28,1,Saliva_Ct,0,23.74
441925,0,19054607.179632444,B.1.2,Pos,4,28,1,Nasal_CN,0,16.28
441925,0,16611161.476000125,B.1.2,Pos,4,28,1,Saliva_Ct,0,25.07
441925,1,11547819.84689458,B.1.2,Pos,5,28,1,Nasal_CN,0,17.15
441925,1,8332973.486343146,B.1.2,Pos,5,28,1,Saliva_Ct,0,26.14
441925,2,5308844.442309879,B.1.2,Pos,5,28,1,Nasal_CN,0,18.5
441925,2,2627846.540838493,B.1.2,Pos,5,28,1,Saliva_Ct,0,27.93
441925,3,780728.4401379069,B.1.2,Neg,5.9,28,1,Nasal_CN,0,21.83
441925,3,5696393.73341183,B.1.2,Neg,5.9,28,1,Saliva_Ct,0,26.73
441925,4,19164.610627353853,B.1.2,Neg,5.9,28,1,Nasal_CN,0,28.27
441925,4,15776112.696993468,B.1.2,Neg,5.9,28,1,Saliva_Ct,0,25.15
441925,5,13567.505302998597,B.1.2,Neg,5.9,28,1,Nasal_CN,0,28.87
441925,5,967386.4499689507,B.1.2,Neg,5.9,28,1,Saliva_Ct,0,29.48
441925,6,5991.0093861135365,B.1.2,Neg,5.9,28,1,Nasal_CN,0,30.29
441925,6,942757.508527414,B.1.2,Neg,5.9,28,1,Saliva_Ct,0,29.52
441925,7,2398.83291901949,B.1.2,Neg,5.9,28,1,Nasal_CN,0,31.88
441925,7,154028.11480716133,B.1.2,Neg,5.9,28,1,Saliva_Ct,0,32.33
441925,8,180.9255910253822,B.1.2,Neg,5.9,28,1,Nasal_CN,0,36.37
441925,8,27899.729974082697,B.1.2,Neg,5.9,28,1,Saliva_Ct,0,34.98
441925,9,66.06934480075964,B.1.2,Neg,5.9,28,1,Nasal_CN,0,38.12
441925,9,256330.33198658953,B.1.2,Neg,5.9,28,1,Saliva_Ct,0,31.54
441925,10,280.22056216667454,B.1.2,Neg,5.9,28,1,Nasal_CN,0,35.61
441925,10,4301.30263382134,B.1.2,Neg,5.9,28,1,Saliva_Ct,0,37.88
441925,11,144.5439770745928,B.1.2,Neg,5.9,28,1,Nasal_CN,0,36.76
441925,11,1848.417195369656,B.1.2,Neg,5.9,28,1,Saliva_Ct,0,39.19
441925,12,negative,B.1.2,Neg,5.9,28,1,Nasal_CN,0,48
441925,12,4738.053933388246,B.1.2,Neg,5.9,28,1,Saliva_Ct,0,37.73
450253 *,-11,negative,B.1.1.7,,,28,0,Saliva_Ct,-6,47
450253 *,-7,2208004.733018897,B.1.1.7,,,28,1,Saliva_Ct,-6,28.2
450253 *,-5,49545.01908047895,B.1.1.7,Neg,5.9,28,1,Nasal_CN,-6,26.62
450253 *,-5,1706082.3890031208,B.1.1.7,Neg,5.9,28,1,Saliva_Ct,-6,28.6
450253 *,-4,77624.71166286911,B.1.1.7,Pos,5.9,28,1,Nasal_CN,-6,25.84
450253 *,-4,34419138.826842874,B.1.1.7,Pos,5.9,28,1,Saliva_Ct,-6,23.94
450253 *,-3,41447.65840379389,B.1.1.7,Neg,5.9,28,1,Nasal_CN,-6,26.93
450253 *,-3,17155366.477283467,B.1.1.7,Neg,5.9,28,1,Saliva_Ct,-6,25.02
450253 *,-2,75857.75750291836,B.1.1.7,Neg,5.9,28,1,Nasal_CN,-6,25.88
450253 *,-2,3746277.983440598,B.1.1.7,Neg,5.9,28,1,Saliva_Ct,-6,27.38
450253 *,-1,1678804.018122559,B.1.1.7,Pos,4,28,1,Nasal_CN,-6,20.5
450253 *,-1,15776112.696993468,B.1.1.7,Pos,4,28,1,Saliva_Ct,-6,25.15
450253 *,0,5655877.570891533,B.1.1.7,Pos,5.9,28,1,Nasal_CN,-6,18.39
450253 *,0,220394118.18101066,B.1.1.7,Pos,5.9,28,1,Saliva_Ct,-6,21.06
450253 *,1,78523.5634610071,B.1.1.7,Neg,5.9,28,1,Nasal_CN,-6,25.82
450253 *,1,1086425.6236170644,B.1.1.7,Neg,5.9,28,1,Saliva_Ct,-6,29.3
450253 *,2,45185.59443749217,B.1.1.7,Neg,5.9,28,1,Nasal_CN,-6,26.78
450253 *,2,559242.2830409005,B.1.1.7,Neg,5.9,28,1,Saliva_Ct,-6,30.33
450253 *,3,436.51583224016474,B.1.1.7,Neg,5.9,28,1,Nasal_CN,-6,34.84
450253 *,3,9086.570489581445,B.1.1.7,Neg,5.9,28,1,Saliva_Ct,-6,36.72
450253 *,4,149.62356560944298,B.1.1.7,Neg,5.9,28,1,Nasal_CN,-6,36.7
450253 *,4,negative,B.1.1.7,Neg,5.9,28,1,Saliva_Ct,-6,47
450253 *,5,negative,B.1.1.7,Neg,5.9,28,1,Nasal_CN,-6,48
450253 *,5,negative,B.1.1.7,Neg,5.9,28,1,Saliva_Ct,-6,47
450253 *,6,71.20327999992011,B.1.1.7,Neg,5.9,28,1,Nasal_CN,-6,37.99
450253 *,6,negative,B.1.1.7,Neg,5.9,28,1,Saliva_Ct,-6,47
450253 *,7,negative,B.1.1.7,Pos,5.9,28,1,Nasal_CN,-6,48
450253 *,7,negative,B.1.1.7,Pos,5.9,28,1,Saliva_Ct,-6,47
450253 *,8,negative,B.1.1.7,Neg,5.9,28,1,Nasal_CN,-6,48
450253 *,8,negative,B.1.1.7,Neg,5.9,28,1,Saliva_Ct,-6,47
459597 *,-10,negative,B.1.1.7,,,21,0,Saliva_Ct,-6,47
459597 *,-8,2731492.4220891767,B.1.1.7,,,21,1,Saliva_Ct,-6,27.87
459597 *,-6,933.2543007969886,B.1.1.7,Pos,5.9,21,1,Nasal_CN,-6,33.52
459597 *,-6,12835121.968394963,B.1.1.7,Pos,5.9,21,1,Saliva_Ct,-6,25.47
459597 *,-5,1071.5193052376048,B.1.1.7,Pos,5.9,21,1,Nasal_CN,-6,33.28
459597 *,-5,9061498.022319961,B.1.1.7,Pos,5.9,21,1,Saliva_Ct,-6,26.01
459597 *,-4,33304.27623087463,B.1.1.7,Pos,5.9,21,1,Nasal_CN,-6,27.31
459597 *,-4,70859812.69167684,B.1.1.7,Pos,5.9,21,1,Saliva_Ct,-6,22.82
459597 *,-3,137246.09610075597,B.1.1.7,Pos,5.9,21,1,Nasal_CN,-6,24.85
459597 *,-3,49704991.05762346,B.1.1.7,Pos,5.9,21,1,Saliva_Ct,-6,23.37
459597 *,-2,1830206.106311053,B.1.1.7,Pos,4,21,1,Nasal_CN,-6,20.35
459597 *,-2,36475394.692560725,B.1.1.7,Pos,4,21,1,Saliva_Ct,-6,23.85
459597 *,-1,2175204.03401952,B.1.1.7,Pos,5.9,21,1,Nasal_CN,-6,20.05
459597 *,-1,5375266.487867439,B.1.1.7,Pos,5.9,21,1,Saliva_Ct,-6,26.82
459597 *,0,12589254.117941663,B.1.1.7,Neg,5.9,21,1,Nasal_CN,-6,17
459597 *,0,40438962.05078186,B.1.1.7,Neg,5.9,21,1,Saliva_Ct,-6,23.69
459597 *,1,1141563.3046188436,B.1.1.7,Neg,5.9,21,1,Nasal_CN,-6,21.17
459597 *,1,1673400.9068393107,B.1.1.7,Neg,5.9,21,1,Saliva_Ct,-6,28.63
459597 *,2,93325.43007969906,B.1.1.7,Neg,5.9,21,1,Nasal_CN,-6,25.52
459597 *,2,374973.0022454834,B.1.1.7,Neg,5.9,21,1,Saliva_Ct,-6,30.95
459597 *,3,2722.7013080779097,B.1.1.7,Neg,5.9,21,1,Nasal_CN,-6,31.66
459597 *,3,negative,B.1.1.7,Neg,5.9,21,1,Saliva_Ct,-6,47
459597 *,4,530.8844442309879,B.1.1.7,Neg,5.9,21,1,Nasal_CN,-6,34.5
459597 *,4,negative,B.1.1.7,Neg,5.9,21,1,Saliva_Ct,-6,47
459597 *,5,138.0384264602881,B.1.1.7,Neg,5.9,21,1,Nasal_CN,-6,36.84
459597 *,5,negative,B.1.1.7,Neg,5.9,21,1,Saliva_Ct,-6,47
459597 *,6,39.582206483572264,B.1.1.7,Neg,5.9,21,1,Nasal_CN,-6,39.01
459597 *,6,1161.9836038697981,B.1.1.7,Neg,5.9,21,1,Saliva_Ct,-6,39.91
459597 *,7,negative,B.1.1.7,Neg,5.9,21,1,Nasal_CN,-6,48
459597 *,7,1475.0271017597563,B.1.1.7,Neg,5.9,21,1,Saliva_Ct,-6,39.54
461379 *,-7,negative,B.1.1.7,,,19,0,Saliva_Ct,-1,47
461379 *,-3,4021610.443342134,B.1.1.7,,,19,1,Saliva_Ct,-1,27.27
461379 *,-1,57543993.73371567,B.1.1.7,Pos,3,19,1,Nasal_CN,-1,14.36
461379 *,-1,8120822.162499822,B.1.1.7,Pos,3,19,1,Saliva_Ct,-1,26.18
461379 *,0,94951099.92021963,B.1.1.7,Pos,3,19,1,Nasal_CN,-1,13.49
461379 *,0,705342.4142580966,B.1.1.7,Pos,3,19,1,Saliva_Ct,-1,29.97
461379 *,1,18092559.102538183,B.1.1.7,Pos,3,19,1,Nasal_CN,-1,16.37
461379 *,1,98084.41360309022,B.1.1.7,Pos,3,19,1,Saliva_Ct,-1,33.03
461379 *,2,728618.1745132274,B.1.1.7,Pos,5.9,19,1,Nasal_CN,-1,21.95
461379 *,2,138931.26817367537,B.1.1.7,Pos,5.9,19,1,Saliva_Ct,-1,32.49
461379 *,3,69984.19960022731,B.1.1.7,Neg,5.9,19,1,Nasal_CN,-1,26.02
461379 *,3,488427.37842292566,B.1.1.7,Neg,5.9,19,1,Saliva_Ct,-1,30.54
461379 *,5,668.3439175686135,B.1.1.7,Neg,5.9,19,1,Nasal_CN,-1,34.1
461379 *,5,18113.400926195987,B.1.1.7,Neg,5.9,19,1,Saliva_Ct,-1,35.65
461379 *,6,1840.7720014689507,B.1.1.7,Neg,5.9,19,1,Nasal_CN,-1,32.34
461379 *,6,9028.175649662579,B.1.1.7,Neg,5.9,19,1,Saliva_Ct,-1,36.73
461379 *,7,negative,B.1.1.7,Neg,5.9,19,1,Nasal_CN,-1,48
461379 *,7,3930.0674134185183,B.1.1.7,Neg,5.9,19,1,Saliva_Ct,-1,38.02
461379 *,8,negative,B.1.1.7,Neg,5.9,19,1,Nasal_CN,-1,48
461379 *,8,19696.996148999133,B.1.1.7,Neg,5.9,19,1,Saliva_Ct,-1,35.52
461379 *,9,negative,B.1.1.7,Neg,5.9,19,1,Nasal_CN,-1,48
461379 *,9,negative,B.1.1.7,Neg,5.9,19,1,Saliva_Ct,-1,47
461379 *,10,negative,B.1.1.7,Neg,5.9,19,1,Nasal_CN,-1,48
461379 *,10,negative,B.1.1.7,Neg,5.9,19,1,Saliva_Ct,-1,47
461379 *,11,35.481338923357455,B.1.1.7,Neg,5.9,19,1,Nasal_CN,-1,39.2
461379 *,11,negative,B.1.1.7,Neg,5.9,19,1,Saliva_Ct,-1,47
461379 *,12,54.63865498818529,B.1.1.7,Neg,5.9,19,1,Nasal_CN,-1,38.45
461379 *,12,negative,B.1.1.7,Neg,5.9,19,1,Saliva_Ct,-1,47
444316,-7,negative,B.1.577,,,22,0,Saliva_Ct,-3,47
444316,-4,491586.55915686104,B.1.577,,,22,1,Saliva_Ct,-3,30.53
444316,-2,703882.2279364556,B.1.577,Pos,4,22,1,Nasal_CN,-3,22.01
444316,-2,301161.8803078821,B.1.577,Pos,4,22,1,Saliva_Ct,-3,31.29
444316,-1,1005773.0630017371,B.1.577,Pos,4,22,1,Nasal_CN,-3,21.39
444316,-1,2056837.5866278883,B.1.577,Pos,4,22,1,Saliva_Ct,-3,28.31
444316,0,4340102.6364474315,B.1.577,Pos,4,22,1,Nasal_CN,-3,18.85
444316,0,64505.98332848311,B.1.577,Pos,4,22,1,Saliva_Ct,-3,33.68
444316,1,436515.8322401656,B.1.577,Pos,5.9,22,1,Nasal_CN,-3,22.84
444316,1,166417.8856616583,B.1.577,Pos,5.9,22,1,Saliva_Ct,-3,32.21
444316,2,99426.00739529557,B.1.577,Pos,4,22,1,Nasal_CN,-3,25.41
444316,2,18113.400926195987,B.1.577,Pos,4,22,1,Saliva_Ct,-3,35.65
444316,4,negative,B.1.577,Pos,5.9,22,1,Nasal_CN,-3,48
444316,4,1503.834347961355,B.1.577,Pos,5.9,22,1,Saliva_Ct,-3,39.51
444316,5,25.11886431509582,B.1.577,Neg,5.9,22,1,Nasal_CN,-3,39.8
444316,5,negative,B.1.577,Neg,5.9,22,1,Saliva_Ct,-3,47
444316,6,1708.047720059708,B.1.577,Neg,5.9,22,1,Nasal_CN,-3,32.47
444316,6,negative,B.1.577,Neg,5.9,22,1,Saliva_Ct,-3,47
444316,7,negative,B.1.577,Neg,5.9,22,1,Nasal_CN,-3,48
444316,7,negative,B.1.577,Neg,5.9,22,1,Saliva_Ct,-3,47
444316,8,16.311729092278398,B.1.577,Neg,5.9,22,1,Nasal_CN,-3,40.55
444316,8,negative,B.1.577,Neg,5.9,22,1,Saliva_Ct,-3,47
444316,10,196.11011754760494,B.1.577,Neg,5.9,22,1,Nasal_CN,-3,36.23
444316,10,negative,B.1.577,Neg,5.9,22,1,Saliva_Ct,-3,47
444316,11,92.78974901273298,B.1.577,Neg,5.9,22,1,Nasal_CN,-3,37.53
444316,11,negative,B.1.577,Neg,5.9,22,1,Saliva_Ct,-3,47
449527,-10,negative,B.1.2,,,22,0,Saliva_Ct,-3,47
449527,-5,4234479.161692068,B.1.2,,,22,1,Saliva_Ct,-3,27.19
449527,-3,32173.625326955942,B.1.2,Pos,5.9,22,1,Nasal_CN,-3,27.37
449527,-3,1599558.0286146647,B.1.2,Pos,5.9,22,1,Saliva_Ct,-3,28.7
449527,-2,22908.6765276777,B.1.2,Pos,5.9,22,1,Nasal_CN,-3,27.96
449527,-2,1406047.524129913,B.1.2,Pos,5.9,22,1,Saliva_Ct,-3,28.9
449527,-1,2738.4196342643613,B.1.2,Pos,5.9,22,1,Nasal_CN,-3,31.65
449527,-1,861390.3457724283,B.1.2,Pos,5.9,22,1,Saliva_Ct,-3,29.66
449527,0,42169.65034285822,B.1.2,Pos,5.9,22,1,Nasal_CN,-3,26.9
449527,0,855854.6212208228,B.1.2,Pos,5.9,22,1,Saliva_Ct,-3,29.67
449527,1,754.2233958475699,B.1.2,Neg,5.9,22,1,Nasal_CN,-3,33.89
449527,1,1031810.6352675929,B.1.2,Neg,5.9,22,1,Saliva_Ct,-3,29.38
449527,2,1531.087461682032,B.1.2,Neg,5.9,22,1,Nasal_CN,-3,32.66
449527,2,44957.277130190465,B.1.2,Neg,5.9,22,1,Saliva_Ct,-3,34.24
449527,3,negative,B.1.2,Neg,5.9,22,1,Nasal_CN,-3,48
449527,3,25656.652970348696,B.1.2,Neg,5.9,22,1,Saliva_Ct,-3,35.11
449527,4,negative,B.1.2,Neg,5.9,22,1,Nasal_CN,-3,48
449527,4,negative,B.1.2,Neg,5.9,22,1,Saliva_Ct,-3,47
449527,5,846.2525688072697,B.1.2,Neg,5.9,22,1,Nasal_CN,-3,33.69
449527,5,negative,B.1.2,Neg,5.9,22,1,Saliva_Ct,-3,47
449527,6,24.83133105295568,B.1.2,Neg,5.9,22,1,Nasal_CN,-3,39.82
449527,6,6415.049325106628,B.1.2,Neg,5.9,22,1,Saliva_Ct,-3,37.26
449527,7,100.0,B.1.2,Neg,5.9,22,1,Nasal_CN,-3,37.4
449527,7,negative,B.1.2,Neg,5.9,22,1,Saliva_Ct,-3,47
449527,8,185.13988942052723,B.1.2,Neg,5.9,22,1,Nasal_CN,-3,36.33
449527,8,negative,B.1.2,Neg,5.9,22,1,Saliva_Ct,-3,47
449527,9,1961.1011754760495,B.1.2,Neg,5.9,22,1,Nasal_CN,-3,32.23
449527,9,negative,B.1.2,Neg,5.9,22,1,Saliva_Ct,-3,47
449527,10,459.7269885308718,B.1.2,Neg,5.9,22,1,Nasal_CN,-3,34.75
449527,11,negative,B.1.2,,,22,1,Saliva_Ct,-3,47
449614,-7,negative,B.1.243,,,23,0,Saliva_Ct,0,47
449614,-2,25258060.548319556,B.1.243,,,23,1,Saliva_Ct,0,24.42
449614,0,495450.19080478954,B.1.243,Neg,5.9,23,1,Nasal_CN,0,22.62
449614,0,954992.586021433,B.1.243,Neg,5.9,23,1,Saliva_Ct,0,29.5
449614,1,203001.85198596804,B.1.243,Neg,5.9,23,1,Nasal_CN,0,24.17
449614,1,394820.7780378819,B.1.243,Neg,5.9,23,1,Saliva_Ct,0,30.87
449614,2,187.28370830175444,B.1.243,Neg,5.9,23,1,Nasal_CN,0,36.31
449614,2,600343.7587325638,B.1.243,Neg,5.9,23,1,Saliva_Ct,0,30.22
449614,3,3845.9178204535356,B.1.243,Neg,5.9,23,1,Nasal_CN,0,31.06
449614,3,548529.5139412035,B.1.243,Neg,5.9,23,1,Saliva_Ct,0,30.36
449614,4,47.04354057259755,B.1.243,Neg,5.9,23,1,Nasal_CN,0,38.71
449614,4,68801.83161430384,B.1.243,Neg,5.9,23,1,Saliva_Ct,0,33.58
449614,5,negative,B.1.243,Neg,5.9,23,1,Nasal_CN,0,48
449614,5,18706.82140365794,B.1.243,Neg,5.9,23,1,Saliva_Ct,0,35.6
449614,6,negative,B.1.243,Neg,5.9,23,1,Nasal_CN,0,48
449614,6,negative,B.1.243,Neg,5.9,23,1,Saliva_Ct,0,47
449614,7,negative,B.1.243,Neg,5.9,23,1,Nasal_CN,0,48
449614,7,1382.9293697959404,B.1.243,Neg,5.9,23,1,Saliva_Ct,0,39.64
449614,8,22.13094709605632,B.1.243,Neg,5.9,23,1,Nasal_CN,0,40.02
449614,8,negative,B.1.243,Neg,5.9,23,1,Saliva_Ct,0,47
449614,9,negative,B.1.243,Neg,5.9,23,1,Nasal_CN,0,48
449614,9,negative,B.1.243,Neg,5.9,23,1,Saliva_Ct,0,47
449614,10,13.33521432163324,B.1.243,Neg,5.9,23,1,Nasal_CN,0,40.9
449614,10,negative,B.1.243,Neg,5.9,23,1,Saliva_Ct,0,47
449614,11,32.35936569296281,B.1.243,Neg,5.9,23,1,Nasal_CN,0,39.36
449614,11,negative,B.1.243,Neg,5.9,23,1,Saliva_Ct,0,47
449614,12,23.307731152826364,B.1.243,Neg,5.9,23,1,Nasal_CN,0,39.93
449614,12,negative,B.1.243,Neg,5.9,23,1,Saliva_Ct,0,47
449614,13,negative,B.1.243,Neg,5.9,23,1,Nasal_CN,0,48
449614,13,negative,B.1.243,Neg,5.9,23,1,Saliva_Ct,0,47
451146 *,-5,negative,B.1.1.7,,,25,0,Saliva_Ct,-3,47
451146 *,-4,16718603.57204467,B.1.1.7,,,25,1,Saliva_Ct,-3,25.06
451146 *,-2,14206.922128601816,B.1.1.7,Neg,5.9,25,1,Nasal_CN,-3,28.79
451146 *,-2,1276438.8088113435,B.1.1.7,Neg,5.9,25,1,Saliva_Ct,-3,29.05
451146 *,-1,69582.49547006043,B.1.1.7,Neg,5.9,25,1,Nasal_CN,-3,26.03
451146 *,-1,157036.28043335516,B.1.1.7,Neg,5.9,25,1,Saliva_Ct,-3,32.3
451146 *,0,162181.009735893,B.1.1.7,Neg,5.9,25,1,Nasal_CN,-3,24.56
451146 *,0,604226.8220498785,B.1.1.7,Neg,5.9,25,1,Saliva_Ct,-3,30.21
451146 *,1,10964.78196143185,B.1.1.7,Neg,5.9,25,1,Nasal_CN,-3,29.24
451146 *,1,42422.86549229497,B.1.1.7,Neg,5.9,25,1,Saliva_Ct,-3,34.33
451146 *,2,negative,B.1.1.7,Neg,5.9,25,1,Nasal_CN,-3,48
451146 *,2,negative,B.1.1.7,Neg,5.9,25,1,Saliva_Ct,-3,47
451146 *,3,negative,B.1.1.7,Neg,5.9,25,1,Nasal_CN,-3,48
451146 *,3,negative,B.1.1.7,Neg,5.9,25,1,Saliva_Ct,-3,47
451146 *,4,negative,B.1.1.7,Neg,5.9,25,1,Nasal_CN,-3,48
451146 *,4,negative,B.1.1.7,Neg,5.9,25,1,Saliva_Ct,-3,47
451146 *,5,negative,B.1.1.7,Neg,5.9,25,1,Nasal_CN,-3,48
451146 *,5,negative,B.1.1.7,Neg,5.9,25,1,Saliva_Ct,-3,47
451146 *,6,negative,B.1.1.7,Neg,5.9,25,1,Nasal_CN,-3,48
451146 *,6,negative,B.1.1.7,Neg,5.9,25,1,Saliva_Ct,-3,47
451146 *,7,negative,B.1.1.7,Neg,5.9,25,1,Nasal_CN,-3,48
451146 *,7,negative,B.1.1.7,Neg,5.9,25,1,Saliva_Ct,-3,47
451146 *,8,negative,B.1.1.7,Neg,5.9,25,1,Nasal_CN,-3,48
451146 *,8,negative,B.1.1.7,Neg,5.9,25,1,Saliva_Ct,-3,47
451146 *,9,negative,B.1.1.7,Neg,5.9,25,1,Nasal_CN,-3,48
451146 *,9,negative,B.1.1.7,Neg,5.9,25,1,Saliva_Ct,-3,47
451146 *,10,negative,B.1.1.7,Neg,5.9,25,1,Nasal_CN,-3,48
451146 *,10,negative,B.1.1.7,Neg,5.9,25,1,Saliva_Ct,-3,47
451146 *,11,negative,B.1.1.7,Neg,5.9,25,1,Nasal_CN,-3,48
451146 *,11,negative,B.1.1.7,Neg,5.9,25,1,Saliva_Ct,-3,47
453724,-11,negative,B.1.2,,,23,0,Saliva_Ct,-9,47
453724,-9,negative,B.1.2,Neg,5.9,23,1,Nasal_CN,-9,48
453724,-9,negative,B.1.2,Neg,5.9,23,1,Saliva_Ct,-9,47
453724,-8,negative,B.1.2,Neg,5.9,23,1,Nasal_CN,-9,48
453724,-8,negative,B.1.2,Neg,5.9,23,1,Saliva_Ct,-9,47
453724,-7,negative,B.1.2,Neg,5.9,23,1,Nasal_CN,-9,48
453724,-7,4499.870338721487,B.1.2,Neg,5.9,23,1,Saliva_Ct,-9,37.81
453724,-7,negative,B.1.2,Neg,5.9,23,1,Nasal_CN,-9,48
453724,-7,4499.870338721487,B.1.2,Neg,5.9,23,1,Saliva_Ct,-9,37.81
453724,-6,negative,B.1.2,Neg,5.9,23,1,Nasal_CN,-9,48
453724,-6,4401492.842868153,B.1.2,Neg,5.9,23,1,Saliva_Ct,-9,27.13
453724,-5,32.73406948788373,B.1.2,Neg,5.9,23,1,Nasal_CN,-9,39.34
453724,-5,42422.86549229497,B.1.2,Neg,5.9,23,1,Saliva_Ct,-9,34.33
453724,-4,negative,B.1.2,Neg,5.9,23,1,Nasal_CN,-9,48
453724,-4,278740.4520323769,B.1.2,Neg,5.9,23,1,Saliva_Ct,-9,31.41
453724,-3,787045.7896950969,B.1.2,Pos,,23,1,Saliva_Ct,-9,29.8
453724,-2,50.118723362727145,B.1.2,Pos,5.9,23,1,Nasal_CN,-9,38.6
453724,-2,4786300.923226381,B.1.2,Pos,5.9,23,1,Saliva_Ct,-9,27
453724,-1,76.73614893618186,B.1.2,Pos,5.9,23,1,Nasal_CN,-9,37.86
453724,-1,999079.3899844598,B.1.2,Pos,5.9,23,1,Saliva_Ct,-9,29.43
453724,0,2786.1211686297665,B.1.2,Pos,5.9,23,1,Nasal_CN,-9,31.62
453724,0,49842.52094042594,B.1.2,Pos,5.9,23,1,Saliva_Ct,-9,34.08
453724,1,325.46178349804535,B.1.2,Neg,5.9,23,1,Nasal_CN,-9,35.35
453724,1,negative,B.1.2,Neg,5.9,23,1,Saliva_Ct,-9,47
453724,2,234.42288153199178,B.1.2,Neg,5.9,23,1,Nasal_CN,-9,35.92
453724,2,negative,B.1.2,Neg,5.9,23,1,Saliva_Ct,-9,47
453724,3,negative,B.1.2,Neg,5.9,23,1,Nasal_CN,-9,48
453724,3,negative,B.1.2,Neg,5.9,23,1,Saliva_Ct,-9,47
453724,4,negative,B.1.2,Neg,5.9,23,1,Nasal_CN,-9,48
453724,4,negative,B.1.2,Neg,5.9,23,1,Saliva_Ct,-9,47
459589 *,-4,negative,B.1.1.7,,,22,0,Saliva_Ct,0,47
459589 *,-2,465586093.52295816,B.1.1.7,,,22,1,Saliva_Ct,0,19.9
459589 *,0,9605058.183867306,B.1.1.7,Pos,4,22,1,Nasal_CN,0,17.47
459589 *,0,7762471.166286912,B.1.1.7,Pos,4,22,1,Saliva_Ct,0,26.25
459589 *,1,4943106.869868354,B.1.1.7,Pos,,22,1,Saliva_Ct,0,26.95
459589 *,2,707945.7843841374,B.1.1.7,Pos,5.9,22,1,Nasal_CN,0,22
459589 *,2,802416.7763085829,B.1.1.7,Pos,5.9,22,1,Saliva_Ct,0,29.77
459589 *,3,62733.56959840373,B.1.1.7,Pos,5.9,22,1,Nasal_CN,0,26.21
459589 *,3,1361444.682465951,B.1.1.7,Pos,5.9,22,1,Saliva_Ct,0,28.95
459589 *,4,90157.1137605957,B.1.1.7,Neg,5.9,22,1,Nasal_CN,0,25.58
459589 *,4,108043.83723712253,B.1.1.7,Neg,5.9,22,1,Saliva_Ct,0,32.88
459589 *,5,7943.282347242805,B.1.1.7,Neg,5.9,22,1,Nasal_CN,0,29.8
459589 *,5,31045595.88128349,B.1.1.7,Neg,5.9,22,1,Saliva_Ct,0,24.1
459589 *,6,378.0071373018101,B.1.1.7,Neg,5.9,22,1,Nasal_CN,0,35.09
459589 *,6,1523.3510631495635,B.1.1.7,Neg,5.9,22,1,Saliva_Ct,0,39.49
459589 *,7,55.91135275705608,B.1.1.7,Neg,5.9,22,1,Nasal_CN,0,38.41
459589 *,7,negative,B.1.1.7,Neg,5.9,22,1,Saliva_Ct,0,47
459589 *,8,negative,B.1.1.7,Neg,5.9,22,1,Nasal_CN,0,48
459589 *,8,negative,B.1.1.7,Neg,5.9,22,1,Saliva_Ct,0,47
459589 *,9,negative,B.1.1.7,Neg,5.9,22,1,Nasal_CN,0,48
459589 *,9,negative,B.1.1.7,Neg,5.9,22,1,Saliva_Ct,0,47
459589 *,10,negative,B.1.1.7,Neg,5.9,22,1,Nasal_CN,0,48
459589 *,10,negative,B.1.1.7,Neg,5.9,22,1,Saliva_Ct,0,47
459589 *,11,negative,B.1.1.7,Neg,5.9,22,1,Nasal_CN,0,48
459589 *,11,negative,B.1.1.7,Neg,5.9,22,1,Saliva_Ct,0,47
459589 *,12,negative,B.1.1.7,Neg,5.9,22,1,Nasal_CN,0,48
459589 *,12,negative,B.1.1.7,Neg,5.9,22,1,Saliva_Ct,0,47
459589 *,13,negative,B.1.1.7,Neg,5.9,22,1,Nasal_CN,0,48
459589 *,13,negative,B.1.1.7,Neg,5.9,22,1,Saliva_Ct,0,47
470855 **,-6,negative,P.1,,,21,0,Saliva_Ct,-4,47
470855 **,-4,negative,P.1,Neg,5.9,21,1,Nasal_CN,-4,48
470855 **,-4,negative,P.1,Neg,5.9,21,1,Saliva_Ct,-4,47
470855 **,-3,negative,P.1,Neg,5.9,21,1,Nasal_CN,-4,48
470855 **,-3,12705.741052085394,P.1,Neg,5.9,21,1,Saliva_Ct,-4,36.2
470855 **,-2,negative,P.1,Neg,5.9,21,1,Nasal_CN,-4,48
470855 **,-2,negative,P.1,Neg,5.9,21,1,Saliva_Ct,-4,47
470855 **,-1,9885.53094656937,P.1,Neg,5.9,21,1,Nasal_CN,-4,29.42
470855 **,-1,317102.74389478855,P.1,Neg,5.9,21,1,Saliva_Ct,-4,31.21
470855 **,0,17080477.200597078,P.1,Neg,3,21,1,Nasal_CN,-4,16.47
470855 **,0,7046930.689671467,P.1,Neg,3,21,1,Saliva_Ct,-4,26.4
470855 **,1,808164.9291125368,P.1,Pos,5.9,21,1,Nasal_CN,-4,21.77
470855 **,1,2355049.2838960043,P.1,Pos,5.9,21,1,Saliva_Ct,-4,28.1
470855 **,2,216271.852372702,P.1,Pos,5.9,21,1,Nasal_CN,-4,24.06
470855 **,2,3770509.158333926,P.1,Pos,5.9,21,1,Saliva_Ct,-4,27.37
470855 **,3,43651.58322401656,P.1,Pos,5.9,21,1,Nasal_CN,-4,26.84
470855 **,3,313040.1190096235,P.1,Pos,5.9,21,1,Saliva_Ct,-4,31.23
470855 **,4,26760.85593199328,P.1,Pos,5.9,21,1,Nasal_CN,-4,27.69
470855 **,4,1086425.6236170644,P.1,Pos,5.9,21,1,Saliva_Ct,-4,29.3
470855 **,5,4050.419451364931,P.1,Pos,5.9,21,1,Nasal_CN,-4,30.97
470855 **,5,186895.99716514887,P.1,Pos,5.9,21,1,Saliva_Ct,-4,32.03
470855 **,6,436.51583224016474,P.1,Pos,5.9,21,1,Nasal_CN,-4,34.84
470855 **,6,14361.506529074757,P.1,Pos,5.9,21,1,Saliva_Ct,-4,36.01
470855 **,7,negative,P.1,Neg,5.9,21,1,Nasal_CN,-4,48
470855 **,7,negative,P.1,Neg,5.9,21,1,Saliva_Ct,-4,47
470855 **,8,62.733569598403726,P.1,Neg,5.9,21,1,Nasal_CN,-4,38.21
470855 **,8,negative,P.1,Neg,5.9,21,1,Saliva_Ct,-4,47
470855 **,9,negative,P.1,Neg,5.9,21,1,Nasal_CN,-4,48
470855 **,9,negative,P.1,Neg,5.9,21,1,Saliva_Ct,-4,47
471588 *,-9,negative,B.1.1.7,,,23,0,Saliva_Ct,0,47
471588 *,-2,19769696.40111858,B.1.1.7,,,23,1,Saliva_Ct,0,24.8
471588 *,0,53088444.423098795,B.1.1.7,Pos,5.9,23,1,Nasal_CN,0,14.5
471588 *,0,300330887.86765516,B.1.1.7,Pos,5.9,23,1,Saliva_Ct,0,20.58
471588 *,1,9278974.901273297,B.1.1.7,Pos,5.9,23,1,Nasal_CN,0,17.53
471588 *,1,161733505.57998514,B.1.1.7,Pos,5.9,23,1,Saliva_Ct,0,21.54
471588 *,2,12808550.945362784,B.1.1.7,Pos,5.9,23,1,Nasal_CN,0,16.97
471588 *,2,337287308.65886927,B.1.1.7,Pos,5.9,23,1,Saliva_Ct,0,20.4
471588 *,3,720277.7512383406,B.1.1.7,Pos,5.9,23,1,Nasal_CN,0,21.97
471588 *,3,13867558.288718868,B.1.1.7,Pos,5.9,23,1,Saliva_Ct,0,25.35
471588 *,4,44157.044735331205,B.1.1.7,Pos,5.9,23,1,Nasal_CN,0,26.82
471588 *,4,5445026.528424198,B.1.1.7,Pos,5.9,23,1,Saliva_Ct,0,26.8
471588 *,5,112849.59375277598,B.1.1.7,Pos,5.9,23,1,Nasal_CN,0,25.19
471588 *,5,16292960.32639718,B.1.1.7,Pos,5.9,23,1,Saliva_Ct,0,25.1
471588 *,6,8128.305161640978,B.1.1.7,Pos,,23,1,Nasal_CN,0,29.76
471588 *,6,3770509.158333926,B.1.1.7,Pos,,23,1,Saliva_Ct,0,27.37
471588 *,7,negative,B.1.1.7,Pos,5.9,23,1,Nasal_CN,0,48
471588 *,7,6649668.571246756,B.1.1.7,Pos,5.9,23,1,Saliva_Ct,0,26.49
471588 *,8,1000.0,B.1.1.7,Neg,5.9,23,1,Nasal_CN,0,33.4
471588 *,8,3580964.371026355,B.1.1.7,Neg,5.9,23,1,Saliva_Ct,0,27.45
471588 *,9,4926.063433495771,B.1.1.7,Neg,5.9,23,1,Nasal_CN,0,30.63
471588 *,9,399944.74976109614,B.1.1.7,Neg,5.9,23,1,Saliva_Ct,0,30.85
471588 *,10,1575.7960227439235,B.1.1.7,Neg,5.9,23,1,Nasal_CN,0,32.61
471588 *,10,287872.3810835245,B.1.1.7,Neg,5.9,23,1,Saliva_Ct,0,31.36
471588 *,11,565.5877570891533,B.1.1.7,Neg,5.9,23,1,Nasal_CN,0,34.39
471588 *,11,114498.55346901882,B.1.1.7,Neg,5.9,23,1,Saliva_Ct,0,32.79
471588 *,12,865.9643233600654,B.1.1.7,Neg,5.9,23,1,Nasal_CN,0,33.65
471588 *,12,37051.005630192354,B.1.1.7,Neg,5.9,23,1,Saliva_Ct,0,34.54
471588 *,13,1258.9254117941662,B.1.1.7,Neg,5.9,23,1,Nasal_CN,0,33
471588 *,13,40290.25350832952,B.1.1.7,Neg,5.9,23,1,Saliva_Ct,0,34.41
449474,-8,negative,B.1.2,,,29,0,Saliva_Ct,0,47
449474,-2,389762.4530977196,B.1.2,,,29,1,Saliva_Ct,0,30.89
449474,0,269.1534803926914,B.1.2,Pos,5.9,29,1,Nasal_CN,0,35.68
449474,0,309029.5432513592,B.1.2,Pos,5.9,29,1,Saliva_Ct,0,31.25
449474,1,negative,B.1.2,Pos,,29,1,Saliva_Ct,0,47
449474,2,negative,B.1.2,Pos,5.9,29,1,Nasal_CN,0,48
449474,2,negative,B.1.2,Pos,5.9,29,1,Saliva_Ct,0,47
449474,3,negative,B.1.2,Neg,5.9,29,1,Nasal_CN,0,48
449474,3,negative,B.1.2,Neg,5.9,29,1,Saliva_Ct,0,47
449474,4,negative,B.1.2,Pos,5.9,29,1,Nasal_CN,0,48
449474,4,negative,B.1.2,Pos,5.9,29,1,Saliva_Ct,0,47
449474,5,negative,B.1.2,Neg,5.9,29,1,Nasal_CN,0,48
449474,5,negative,B.1.2,Neg,5.9,29,1,Saliva_Ct,0,47
449474,6,negative,B.1.2,Neg,5.9,29,1,Nasal_CN,0,48
449474,6,negative,B.1.2,Neg,5.9,29,1,Saliva_Ct,0,47
449474,7,negative,B.1.2,Neg,5.9,29,1,Nasal_CN,0,48
449474,7,negative,B.1.2,Neg,5.9,29,1,Saliva_Ct,0,47
449474,8,negative,B.1.2,Neg,5.9,29,1,Nasal_CN,0,48
449474,8,negative,B.1.2,Neg,5.9,29,1,Saliva_Ct,0,47
449474,9,negative,B.1.2,Neg,5.9,29,1,Nasal_CN,0,48
449474,9,negative,B.1.2,Neg,5.9,29,1,Saliva_Ct,0,47
449474,10,negative,B.1.2,Neg,5.9,29,1,Nasal_CN,0,48
449474,10,negative,B.1.2,Neg,5.9,29,1,Saliva_Ct,0,47
449474,11,negative,B.1.2,Neg,5.9,29,1,Nasal_CN,0,48
449474,11,negative,B.1.2,Neg,5.9,29,1,Saliva_Ct,0,47
449474,12,negative,B.1.2,Neg,5.9,29,1,Nasal_CN,0,48
449474,12,negative,B.1.2,Neg,5.9,29,1,Saliva_Ct,0,47
449474,13,negative,B.1.2,Neg,5.9,29,1,Nasal_CN,0,48
449474,13,negative,B.1.2,Neg,5.9,29,1,Saliva_Ct,0,47
461764 *,-6,negative,B.1.1.7,,,22,0,Saliva_Ct,0,47
461764 *,-2,1049059207.7764436,B.1.1.7,,,22,1,Saliva_Ct,0,18.64
461764 *,0,31622776.60168379,B.1.1.7,Pos,4,22,1,Nasal_CN,0,15.4
461764 *,0,30450890.66974223,B.1.1.7,Pos,4,22,1,Saliva_Ct,0,24.13
461764 *,1,1788545.5291077693,B.1.1.7,Pos,5.9,22,1,Nasal_CN,0,20.39
461764 *,1,32270076.875155322,B.1.1.7,Pos,5.9,22,1,Saliva_Ct,0,24.04
461764 *,2,103514.2166679343,B.1.1.7,Pos,5.9,22,1,Nasal_CN,0,25.34
461764 *,2,14138391.390945628,B.1.1.7,Pos,5.9,22,1,Saliva_Ct,0,25.32
461764 *,3,1280855.0945362784,B.1.1.7,Pos,5.9,22,1,Nasal_CN,0,20.97
461764 *,3,21086281.499332886,B.1.1.7,Pos,5.9,22,1,Saliva_Ct,0,24.7
461764 *,4,124451.46117713844,B.1.1.7,Pos,5.9,22,1,Nasal_CN,0,25.02
461764 *,4,151077.5731924994,B.1.1.7,Pos,5.9,22,1,Saliva_Ct,0,32.36
461764 *,5,46238.102139926035,B.1.1.7,Pos,5.9,22,1,Nasal_CN,0,26.74
461764 *,5,3047894.989627983,B.1.1.7,Pos,5.9,22,1,Saliva_Ct,0,27.7
461764 *,6,2802.205621666745,B.1.1.7,Neg,5.9,22,1,Nasal_CN,0,31.61
461764 *,6,527715.6817648103,B.1.1.7,Neg,5.9,22,1,Saliva_Ct,0,30.42
461764 *,7,444.119661365588,B.1.1.7,Neg,5.9,22,1,Nasal_CN,0,34.81
461764 *,7,415719.1206752184,B.1.1.7,Neg,5.9,22,1,Saliva_Ct,0,30.79
461764 *,8,78.0728440137907,B.1.1.7,Neg,5.9,22,1,Nasal_CN,0,37.83
461764 *,8,71515.47046592791,B.1.1.7,Neg,5.9,22,1,Saliva_Ct,0,33.52
461764 *,9,1348.9628825916504,B.1.1.7,Neg,5.9,22,1,Nasal_CN,0,32.88
461764 *,9,negative,B.1.1.7,Neg,5.9,22,1,Saliva_Ct,0,47
461764 *,10,310.81359027394734,B.1.1.7,Neg,5.9,22,1,Nasal_CN,0,35.43
461764 *,10,3036.6867884657736,B.1.1.7,Neg,5.9,22,1,Saliva_Ct,0,38.42
461764 *,11,negative,B.1.1.7,,,22,1,Nasal_CN,0,48
461764 *,12,441.5704473533121,B.1.1.7,Neg,5.9,22,1,Nasal_CN,0,34.82
461764 *,12,negative,B.1.1.7,Neg,5.9,22,1,Saliva_Ct,0,47
461764 *,13,negative,B.1.1.7,,5.9,22,1,Nasal_CN,0,48
435933,-11,negative,B.1.2,,,53,0,Saliva_Ct,-6,47
435933,-8,6564475.019516977,B.1.2,,,53,1,Saliva_Ct,-6,26.51
435933,-6,negative,B.1.2,Neg,5.9,53,1,Nasal_CN,-6,48
435933,-6,912851.2193311221,B.1.2,Neg,5.9,53,1,Saliva_Ct,-6,29.57
435933,-5,negative,B.1.2,Neg,5.9,53,1,Nasal_CN,-6,48
435933,-5,4634469.197362875,B.1.2,Neg,5.9,53,1,Saliva_Ct,-6,27.05
435933,-4,122.32071190499326,B.1.2,Pos,5.9,53,1,Nasal_CN,-6,37.05
435933,-4,74336.13896551754,B.1.2,Pos,5.9,53,1,Saliva_Ct,-6,33.46
435933,-3,32546.178349804533,B.1.2,Pos,5.9,53,1,Nasal_CN,-6,27.35
435933,-3,1728223.872949768,B.1.2,Pos,5.9,53,1,Saliva_Ct,-6,28.58
435933,-2,235776.21959612521,B.1.2,Pos,4,53,1,Nasal_CN,-6,23.91
435933,-2,4848417.387084452,B.1.2,Pos,4,53,1,Saliva_Ct,-6,26.98
435933,-1,3651741.272548377,B.1.2,Pos,3,53,1,Nasal_CN,-6,19.15
435933,-1,5238416.190277907,B.1.2,Pos,3,53,1,Saliva_Ct,-6,26.86
435933,0,5591135.275705596,B.1.2,Pos,3,53,1,Nasal_CN,-6,18.41
435933,0,1344002.2630821608,B.1.2,Pos,3,53,1,Saliva_Ct,-6,28.97
435933,1,1437143.0533563897,B.1.2,Pos,4,53,1,Nasal_CN,-6,20.77
435933,1,218172.49589882954,B.1.2,Pos,4,53,1,Saliva_Ct,-6,31.79
435933,2,424130.9839104877,B.1.2,Neg,5.9,53,1,Nasal_CN,-6,22.89
435933,2,51475.431993126105,B.1.2,Neg,5.9,53,1,Saliva_Ct,-6,34.03
435933,3,2968.2467434632367,B.1.2,Neg,5.9,53,1,Nasal_CN,-6,31.51
435933,3,26497.200988789504,B.1.2,Neg,5.9,53,1,Saliva_Ct,-6,35.06
435933,4,68.39116472814278,B.1.2,Neg,5.9,53,1,Nasal_CN,-6,38.06
435933,4,3637.474856426313,B.1.2,Neg,5.9,53,1,Saliva_Ct,-6,38.14
443176,-7,negative,B.1.2,,,22,0,Saliva_Ct,0,47
443176,-2,122574463.20498061,B.1.2,,,22,1,Saliva_Ct,0,21.97
443176,0,248313.3105295568,B.1.2,Pos,5.9,22,1,Nasal_CN,0,23.82
443176,0,9120108.393559078,B.1.2,Pos,5.9,22,1,Saliva_Ct,0,26
443176,1,22258.710447930007,B.1.2,Neg,5.9,22,1,Nasal_CN,0,28.01
443176,1,7372249.081043367,B.1.2,Neg,5.9,22,1,Saliva_Ct,0,26.33
443176,2,99426.00739529557,B.1.2,Pos,5.9,22,1,Nasal_CN,0,25.41
443176,2,10111137.119549057,B.1.2,Pos,5.9,22,1,Saliva_Ct,0,25.84
443176,3,26607.250597988084,B.1.2,Neg,5.9,22,1,Nasal_CN,0,27.7
443176,3,6154602.37371315,B.1.2,Neg,5.9,22,1,Saliva_Ct,0,26.61
443176,4,352.7767866188735,B.1.2,Neg,5.9,22,1,Nasal_CN,0,35.21
443176,4,1991590.2890576117,B.1.2,Neg,5.9,22,1,Saliva_Ct,0,28.36
443176,5,4731.512589614803,B.1.2,Neg,5.9,22,1,Nasal_CN,0,30.7
443176,5,2070141.3487910372,B.1.2,Neg,5.9,22,1,Saliva_Ct,0,28.3
443176,6,39.35500754557764,B.1.2,Neg,5.9,22,1,Nasal_CN,0,39.02
443176,6,399944.74976109614,B.1.2,Neg,5.9,22,1,Saliva_Ct,0,30.85
443176,7,122.32071190499326,B.1.2,Neg,5.9,22,1,Nasal_CN,0,37.05
443176,7,207204.88977590032,B.1.2,Neg,5.9,22,1,Saliva_Ct,0,31.87
443176,8,negative,B.1.2,Neg,5.9,22,1,Nasal_CN,0,48
443176,8,85113.80382023759,B.1.2,Neg,5.9,22,1,Saliva_Ct,0,33.25
443176,9,negative,B.1.2,Neg,5.9,22,1,Nasal_CN,0,48
443176,9,98084.41360309022,B.1.2,Neg,5.9,22,1,Saliva_Ct,0,33.03
443176,10,negative,B.1.2,Neg,5.9,22,1,Nasal_CN,0,48
443176,10,273400.937850561,B.1.2,Neg,5.9,22,1,Saliva_Ct,0,31.44
443176,11,25.556419010641317,B.1.2,Neg,5.9,22,1,Nasal_CN,0,39.77
443176,11,11313.57864119557,B.1.2,Neg,5.9,22,1,Saliva_Ct,0,36.38
443176,12,negative,B.1.2,Neg,5.9,22,1,Nasal_CN,0,48
443176,12,8629.785477669702,B.1.2,Neg,5.9,22,1,Saliva_Ct,0,36.8
443240 *,-7,negative,B.1.1.7,,,32,0,Saliva_Ct,0,47
443240 *,-2,41879.35651179165,B.1.1.7,,,32,1,Saliva_Ct,0,34.35
443240 *,0,242.66100950824142,B.1.1.7,Pos,5.9,32,1,Nasal_CN,0,35.86
443240 *,0,51144.62515963049,B.1.1.7,Pos,5.9,32,1,Saliva_Ct,0,34.04
443240 *,1,217.52040340195245,B.1.1.7,Neg,5.9,32,1,Nasal_CN,0,36.05
443240 *,1,negative,B.1.1.7,Neg,5.9,32,1,Saliva_Ct,0,47
443240 *,2,28.67477375581313,B.1.1.7,Neg,5.9,32,1,Nasal_CN,0,39.57
443240 *,2,negative,B.1.1.7,Neg,5.9,32,1,Saliva_Ct,0,47
443240 *,3,negative,B.1.1.7,Neg,5.9,32,1,Nasal_CN,0,48
443240 *,3,negative,B.1.1.7,Neg,5.9,32,1,Saliva_Ct,0,47
443240 *,4,negative,B.1.1.7,Neg,5.9,32,1,Nasal_CN,0,48
443240 *,4,negative,B.1.1.7,Neg,5.9,32,1,Saliva_Ct,0,47
443240 *,5,negative,B.1.1.7,Neg,5.9,32,1,Nasal_CN,0,48
443240 *,5,negative,B.1.1.7,Neg,5.9,32,1,Saliva_Ct,0,47
443240 *,6,negative,B.1.1.7,Neg,5.9,32,1,Nasal_CN,0,48
443240 *,6,negative,B.1.1.7,Neg,5.9,32,1,Saliva_Ct,0,47
443240 *,7,negative,B.1.1.7,Neg,5.9,32,1,Nasal_CN,0,48
443240 *,7,negative,B.1.1.7,Neg,5.9,32,1,Saliva_Ct,0,47
443240 *,8,10.471285480508985,B.1.1.7,Neg,5.9,32,1,Nasal_CN,0,41.32
443240 *,8,negative,B.1.1.7,Neg,5.9,32,1,Saliva_Ct,0,47
443240 *,9,negative,B.1.1.7,Neg,5.9,32,1,Nasal_CN,0,48
443240 *,9,negative,B.1.1.7,Neg,5.9,32,1,Saliva_Ct,0,47
443240 *,10,negative,B.1.1.7,,5.9,32,1,Nasal_CN,0,48
443240 *,11,negative,B.1.1.7,Neg,5.9,32,1,Nasal_CN,0,48
443240 *,11,12787.922629358462,B.1.1.7,Neg,5.9,32,1,Saliva_Ct,0,36.19
443240 *,12,negative,B.1.1.7,Neg,5.9,32,1,Nasal_CN,0,48
443240 *,12,negative,B.1.1.7,Neg,5.9,32,1,Saliva_Ct,0,47
443240 *,13,negative,B.1.1.7,Neg,,32,1,Saliva_Ct,0,47
473097 *,-6,negative,B.1.1.7,,,62,0,Saliva_Ct,0,47
473097 *,0,10292005.271944264,B.1.1.7,Pos,5.9,62,1,Nasal_CN,0,17.35
473097 *,0,136772882.55958468,B.1.1.7,Pos,5.9,62,1,Saliva_Ct,0,21.8
473097 *,1,384591.78204535355,B.1.1.7,Pos,5.9,62,1,Nasal_CN,0,23.06
473097 *,1,7277798.045368227,B.1.1.7,Pos,5.9,62,1,Saliva_Ct,0,26.35
473097 *,2,1356750.5302998598,B.1.1.7,Neg,5,62,1,Nasal_CN,0,20.87
473097 *,2,288934898.1559075,B.1.1.7,Neg,5,62,1,Saliva_Ct,0,20.64
473097 *,3,64194.82215080346,B.1.1.7,Neg,5.9,62,1,Nasal_CN,0,26.17
473097 *,3,39920870.24388075,B.1.1.7,Neg,5.9,62,1,Saliva_Ct,0,23.71
473097 *,4,50118.72336272715,B.1.1.7,Neg,5.9,62,1,Nasal_CN,0,26.6
473097 *,4,2004472.0273651553,B.1.1.7,Neg,5.9,62,1,Saliva_Ct,0,28.35
473097 *,5,8317.63771102671,B.1.1.7,Neg,5.9,62,1,Nasal_CN,0,29.72
473097 *,5,387257.6449216165,B.1.1.7,Neg,5.9,62,1,Saliva_Ct,0,30.9
473097 *,6,11614.486138403414,B.1.1.7,Pos,5.9,62,1,Nasal_CN,0,29.14
473097 *,6,691830.9709189363,B.1.1.7,Pos,5.9,62,1,Saliva_Ct,0,30
473097 *,7,151.3561248436207,B.1.1.7,Neg,5.9,62,1,Nasal_CN,0,36.68
473097 *,7,344825.9965526229,B.1.1.7,Neg,5.9,62,1,Saliva_Ct,0,31.08
473097 *,8,29.00681198693156,B.1.1.7,Neg,5.9,62,1,Nasal_CN,0,39.55
473097 *,8,negative,B.1.1.7,Neg,5.9,62,1,Saliva_Ct,0,47
473097 *,9,31.081359027394733,B.1.1.7,Neg,5.9,62,1,Nasal_CN,0,39.43
473097 *,9,negative,B.1.1.7,Neg,5.9,62,1,Saliva_Ct,0,47
473097 *,10,12.161860006463654,B.1.1.7,Neg,5.9,62,1,Nasal_CN,0,41.06
473097 *,10,802416.7763085829,B.1.1.7,Neg,5.9,62,1,Saliva_Ct,0,29.77
473097 *,11,negative,B.1.1.7,Neg,5.9,62,1,Nasal_CN,0,48
473097 *,11,negative,B.1.1.7,Neg,5.9,62,1,Saliva_Ct,0,47
473097 *,12,negative,B.1.1.7,,,62,1,Nasal_CN,0,48
473097 *,13,negative,B.1.1.7,,,62,1,Nasal_CN,0,48
451231,-8,negative,B.1.2,,,50,0,Saliva_Ct,-2,47
451231,-3,948855.326727801,B.1.2,,,50,1,Saliva_Ct,-2,29.51
451231,-1,5991009.386113537,B.1.2,Pos,2,50,1,Nasal_CN,-2,18.29
451231,-1,487079666.49253666,B.1.2,Pos,2,50,1,Saliva_Ct,-2,19.83
451231,0,17782794.100389227,B.1.2,Pos,2,50,1,Nasal_CN,-2,16.4
451231,0,70404432.14699753,B.1.2,Pos,2,50,1,Saliva_Ct,-2,22.83
451231,1,4004054.6833054638,B.1.2,Pos,3,50,1,Nasal_CN,-2,18.99
451231,1,29675633.58073526,B.1.2,Pos,3,50,1,Saliva_Ct,-2,24.17
451231,2,43151.9076827765,B.1.2,Pos,5.9,50,1,Nasal_CN,-2,26.86
451231,2,5515691.912608017,B.1.2,Pos,5.9,50,1,Saliva_Ct,-2,26.78
451231,3,9942.600739529558,B.1.2,Neg,5.9,50,1,Nasal_CN,-2,29.41
451231,3,2544485.615146634,B.1.2,Neg,5.9,50,1,Saliva_Ct,-2,27.98
451231,4,2125.690345217101,B.1.2,Neg,,50,1,Nasal_CN,-2,32.09
451231,4,752315.4831868692,B.1.2,Neg,,50,1,Saliva_Ct,-2,29.87
451231,5,3736.801253821156,B.1.2,Neg,5.9,50,1,Nasal_CN,-2,31.11
451231,5,4153364.0548907327,B.1.2,Neg,5.9,50,1,Saliva_Ct,-2,27.22
451231,6,negative,B.1.2,Neg,5.9,50,1,Nasal_CN,-2,48
451231,6,8774047.879567536,B.1.2,Neg,5.9,50,1,Saliva_Ct,-2,26.06
451231,7,177.82794100389228,B.1.2,Neg,5.9,50,1,Nasal_CN,-2,36.4
451231,7,559242.2830409005,B.1.2,Neg,5.9,50,1,Saliva_Ct,-2,30.33
451231,8,negative,B.1.2,Neg,5.9,50,1,Nasal_CN,-2,48
451231,8,115239.13771994831,B.1.2,Neg,5.9,50,1,Saliva_Ct,-2,32.78
451231,9,204.17379446695315,B.1.2,Neg,5.9,50,1,Nasal_CN,-2,36.16
451231,9,19696.996148999133,B.1.2,Neg,5.9,50,1,Saliva_Ct,-2,35.52
451709 *,-7,negative,B.1.1.7,,,22,0,Saliva_Ct,-2,47
451709 *,-4,254683.0252585034,B.1.1.7,,,22,1,Saliva_Ct,-2,31.55
451709 *,-2,6309.57344480193,B.1.1.7,Neg,5.9,22,1,Nasal_CN,-2,30.2
451709 *,-2,27822746.57675122,B.1.1.7,Neg,5.9,22,1,Saliva_Ct,-2,24.27
451709 *,0,2125690.3452171055,B.1.1.7,Pos,4,22,1,Nasal_CN,-2,20.09
451709 *,0,371535229.0971728,B.1.1.7,Pos,4,22,1,Saliva_Ct,-2,20.25
451709 *,1,220039.17096373954,B.1.1.7,Pos,5.9,22,1,Nasal_CN,-2,24.03
451709 *,1,265705167.0355062,B.1.1.7,Pos,5.9,22,1,Saliva_Ct,-2,20.77
451709 *,2,521795.1042390015,B.1.1.7,Pos,5.9,22,1,Nasal_CN,-2,22.53
451709 *,2,119453808.29338849,B.1.1.7,Pos,5.9,22,1,Saliva_Ct,-2,22.01
451709 *,3,58884.36553555884,B.1.1.7,Pos,5.9,22,1,Nasal_CN,-2,26.32
451709 *,3,165958690.74375564,B.1.1.7,Pos,5.9,22,1,Saliva_Ct,-2,21.5
451709 *,4,107770.52536943213,B.1.1.7,Pos,5.9,22,1,Nasal_CN,-2,25.27
451709 *,4,1193438379.2107918,B.1.1.7,Pos,5.9,22,1,Saliva_Ct,-2,18.44
451709 *,5,676.0829753919819,B.1.1.7,Neg,5.9,22,1,Nasal_CN,-2,34.08
451709 *,5,187585817.379928,B.1.1.7,Neg,5.9,22,1,Saliva_Ct,-2,21.31
451709 *,6,2934.2695039559644,B.1.1.7,Neg,5.9,22,1,Nasal_CN,-2,31.53
451709 *,6,290803748.2735312,B.1.1.7,Neg,5.9,22,1,Saliva_Ct,-2,20.63
451709 *,7,4216.965034285822,B.1.1.7,Neg,5.9,22,1,Nasal_CN,-2,30.9
451709 *,7,11502705.477901137,B.1.1.7,Neg,5.9,22,1,Saliva_Ct,-2,25.64
451709 *,8,2137.9620895022326,B.1.1.7,,5.9,22,1,Nasal_CN,-2,32.08
451709 *,8,1452111.6175877391,B.1.1.7,,5.9,22,1,Saliva_Ct,-2,28.85
451709 *,9,687.8599123088081,B.1.1.7,Neg,5.9,22,1,Nasal_CN,-2,34.05
451709 *,9,15617.085932653674,B.1.1.7,Neg,5.9,22,1,Saliva_Ct,-2,35.88
453058,-4,negative,B.1.2,,,49,0,Saliva_Ct,0,47
453058,-2,1366469680.7404656,B.1.2,,,49,1,Saliva_Ct,0,18.23
453058,0,97162795.15771058,B.1.2,Pos,3,49,1,Nasal_CN,0,13.45
453058,0,210668692.57394102,B.1.2,Pos,3,49,1,Saliva_Ct,0,21.13
453058,1,36728230.04980843,B.1.2,Pos,3,49,1,Nasal_CN,0,15.14
453058,1,579695594.6535227,B.1.2,Pos,3,49,1,Saliva_Ct,0,19.56
453058,2,2412681.5325916302,B.1.2,Pos,3,49,1,Nasal_CN,0,19.87
453058,2,37428291.224080525,B.1.2,Pos,3,49,1,Saliva_Ct,0,23.81
453058,3,960505.8183867305,B.1.2,Pos,4,49,1,Nasal_CN,0,21.47
453058,3,11651987.230249975,B.1.2,Pos,4,49,1,Saliva_Ct,0,25.62
453058,4,384591.78204535355,B.1.2,Pos,5.9,49,1,Nasal_CN,0,23.06
453058,4,3229981.240595625,B.1.2,Pos,5.9,49,1,Saliva_Ct,0,27.61
453058,5,3694026.4435828337,B.1.2,Neg,4,49,1,Nasal_CN,0,19.13
453058,5,3467368.5045253094,B.1.2,Neg,4,49,1,Saliva_Ct,0,27.5
453058,6,175792.36139586894,B.1.2,Pos,5.9,49,1,Nasal_CN,0,24.42
453058,6,78054869.14662367,B.1.2,Pos,5.9,49,1,Saliva_Ct,0,22.67
453058,7,2251645.416744618,B.1.2,Pos,5.9,49,1,Nasal_CN,0,19.99
453058,7,548529.5139412035,B.1.2,Pos,5.9,49,1,Saliva_Ct,0,30.36
453058,8,1905460.7179632443,B.1.2,Pos,5.9,49,1,Nasal_CN,0,20.28
453058,8,268163.70667607296,B.1.2,Pos,5.9,49,1,Saliva_Ct,0,31.47
433227,-6,negative,B.1.2,,,49,0,Saliva_Ct,-4,47
433227,-5,1166272.4050819618,B.1.2,,,49,1,Saliva_Ct,-4,29.19
433227,-3,495.45019080479057,B.1.2,Neg,5.9,49,1,Nasal_CN,-4,34.62
433227,-3,6194410.750767799,B.1.2,Neg,5.9,49,1,Saliva_Ct,-4,26.6
433227,-2,8222.426499470712,B.1.2,Neg,5.9,49,1,Nasal_CN,-4,29.74
433227,-2,4786300.923226381,B.1.2,Neg,5.9,49,1,Saliva_Ct,-4,27
433227,-1,3487385.84135218,B.1.2,Pos,2,49,1,Nasal_CN,-4,19.23
433227,-1,36008082.9173482,B.1.2,Pos,2,49,1,Saliva_Ct,-4,23.87
433227,0,33689921.57414906,B.1.2,Pos,2,49,1,Nasal_CN,-4,15.29
433227,0,21917953.438441288,B.1.2,Pos,2,49,1,Saliva_Ct,-4,24.64
433227,1,4650503.761666059,B.1.2,Pos,3,49,1,Nasal_CN,-4,18.73
433227,1,44545106.3359898,B.1.2,Pos,3,49,1,Saliva_Ct,-4,23.54
433227,2,5099175.975748696,B.1.2,Pos,3,49,1,Nasal_CN,-4,18.57
433227,2,16504409.85652279,B.1.2,Pos,3,49,1,Saliva_Ct,-4,25.08
433227,3,270707.32039213524,B.1.2,Pos,5.9,49,1,Nasal_CN,-4,23.67
433227,3,1335365.0333271818,B.1.2,Pos,5.9,49,1,Saliva_Ct,-4,28.98
433227,4,16788.040181225588,B.1.2,Pos,5.9,49,1,Nasal_CN,-4,28.5
433227,4,223872.11385683378,B.1.2,Pos,5.9,49,1,Saliva_Ct,-4,31.75
433227,5,83656.5595755809,B.1.2,Pos,5.9,49,1,Nasal_CN,-4,25.71
433227,5,3422945.6231604107,B.1.2,Pos,5.9,49,1,Saliva_Ct,-4,27.52
446645,-3,negative,B.1.2,,,28,0,Saliva_Ct,0,47
446645,-2,705342.4142580966,B.1.2,,,28,1,Saliva_Ct,0,29.97
446645,0,348738.584135218,B.1.2,Pos,5.9,28,1,Nasal_CN,0,23.23
446645,0,4345102.241715714,B.1.2,Pos,5.9,28,1,Saliva_Ct,0,27.15
446645,1,293426.95039559645,B.1.2,Pos,5.9,28,1,Nasal_CN,0,23.53
446645,1,44381.29803081385,B.1.2,Pos,5.9,28,1,Saliva_Ct,0,34.26
446645,2,38018.93963205613,B.1.2,Pos,5.9,28,1,Nasal_CN,0,27.08
446645,2,65765.78373554199,B.1.2,Pos,5.9,28,1,Saliva_Ct,0,33.65
446645,3,13645.831365889238,B.1.2,Pos,5.9,28,1,Nasal_CN,0,28.86
446645,3,47336.92033483018,B.1.2,Pos,5.9,28,1,Saliva_Ct,0,34.16
446645,4,50118.72336272715,B.1.2,Pos,5.9,28,1,Nasal_CN,0,26.6
446645,4,72912.16599950644,B.1.2,Pos,5.9,28,1,Saliva_Ct,0,33.49
446645,5,9885.53094656937,B.1.2,Pos,5.9,28,1,Nasal_CN,0,29.42
446645,5,2295091.4760242226,B.1.2,Pos,5.9,28,1,Saliva_Ct,0,28.14
446645,6,65313.05526474716,B.1.2,Pos,5.9,28,1,Nasal_CN,0,26.14
446645,6,32568.66822016688,B.1.2,Pos,5.9,28,1,Saliva_Ct,0,34.74
446645,7,153108.74616820287,B.1.2,Pos,5.9,28,1,Nasal_CN,0,24.66
446645,7,208545.10476931705,B.1.2,Pos,5.9,28,1,Saliva_Ct,0,31.86
446645,8,39582.20648357218,B.1.2,Pos,5.9,28,1,Nasal_CN,0,27.01
446645,8,41077.12125533859,B.1.2,Pos,5.9,28,1,Saliva_Ct,0,34.38
446645,9,749.8942093324558,B.1.2,Neg,5.9,28,1,Nasal_CN,0,33.9
446645,9,67920.36326171829,B.1.2,Neg,5.9,28,1,Saliva_Ct,0,33.6
446645,10,negative,B.1.2,Pos,5.9,28,1,Nasal_CN,0,48
446645,10,negative,B.1.2,Pos,5.9,28,1,Saliva_Ct,0,47
432568,-3,negative,B.1.2,,,34,0,Saliva_Ct,0,47
432568,-1,2627846.540838493,B.1.2,,,34,1,Saliva_Ct,0,27.93
432568,0,3758374.0428844355,B.1.2,Neg,5.9,34,1,Nasal_CN,0,19.1
432568,0,232059846.15989244,B.1.2,Neg,5.9,34,1,Saliva_Ct,0,20.98
432568,1,13883.533099290456,B.1.2,Pos,5.9,34,1,Nasal_CN,0,28.83
432568,1,28920113.962154813,B.1.2,Pos,5.9,34,1,Saliva_Ct,0,24.21
432568,2,938642.0366721336,B.1.2,Pos,4,34,1,Nasal_CN,0,21.51
432568,2,22782427.6625008,B.1.2,Pos,4,34,1,Saliva_Ct,0,24.58
432568,3,223872.11385683378,B.1.2,Pos,5.9,34,1,Nasal_CN,0,24
432568,3,4207266.283844437,B.1.2,Pos,5.9,34,1,Saliva_Ct,0,27.2
432568,4,4390.358656409448,B.1.2,Pos,5.9,34,1,Nasal_CN,0,30.83
432568,4,14696028.989796488,B.1.2,Pos,5.9,34,1,Saliva_Ct,0,25.26
432568,5,2600.159563165272,B.1.2,Pos,5.9,34,1,Nasal_CN,0,31.74
432568,5,883893.6217394039,B.1.2,Pos,5.9,34,1,Saliva_Ct,0,29.62
432568,6,2030.0185198596803,B.1.2,Pos,5.9,34,1,Nasal_CN,0,32.17
432568,6,1579064.972728426,B.1.2,Pos,5.9,34,1,Saliva_Ct,0,28.72
432568,7,270.7073203921352,B.1.2,Pos,5.9,34,1,Nasal_CN,0,35.67
432568,7,68359.67668381012,B.1.2,Pos,5.9,34,1,Saliva_Ct,0,33.59
432568,8,165.0061001320225,B.1.2,Pos,5.9,34,1,Nasal_CN,0,36.53
432568,8,1228004.617988788,B.1.2,Pos,5.9,34,1,Saliva_Ct,0,29.11
432568,9,11.748975549395302,B.1.2,Neg,5.9,34,1,Nasal_CN,0,41.12
432568,9,57809.60474057163,B.1.2,Neg,5.9,34,1,Saliva_Ct,0,33.85
433409,-6,negative,B.1.2,,,22,0,Saliva_Ct,-1,47
433409,-3,17603539.536161624,B.1.2,,,22,1,Saliva_Ct,-1,24.98
433409,-1,14125375.446227526,B.1.2,Pos,2,22,1,Nasal_CN,-1,16.8
433409,-1,29295438.297694266,B.1.2,Pos,2,22,1,Saliva_Ct,-1,24.19
433409,0,33113112.148259077,B.1.2,Pos,2,22,1,Nasal_CN,-1,15.32
433409,0,27822746.57675122,B.1.2,Pos,2,22,1,Saliva_Ct,-1,24.27
433409,1,314412.6420258793,B.1.2,Pos,5.9,22,1,Nasal_CN,-1,23.41
433409,1,8441118.555927671,B.1.2,Pos,5.9,22,1,Saliva_Ct,-1,26.12
433409,2,1273503.0810166604,B.1.2,Pos,5.9,22,1,Nasal_CN,-1,20.98
433409,2,19142559.25021082,B.1.2,Pos,5.9,22,1,Saliva_Ct,-1,24.85
433409,3,12022.644346174131,B.1.2,Pos,5.9,22,1,Nasal_CN,-1,29.08
433409,3,1558834.4677043906,B.1.2,Pos,5.9,22,1,Saliva_Ct,-1,28.74
433409,4,737.0551753379339,B.1.2,Neg,3,22,1,Nasal_CN,-1,33.93
433409,4,524324.3172456372,B.1.2,Neg,3,22,1,Saliva_Ct,-1,30.43
433409,5,331.13112148259074,B.1.2,Neg,5.9,22,1,Nasal_CN,-1,35.32
433409,5,1579064.972728426,B.1.2,Neg,5.9,22,1,Saliva_Ct,-1,28.72
