PatientID,time,value,NovelPersistent,B117Status,PersonIDClean
27,-44.015277777777776,negative,Novel,No,1
27,-43.0625,negative,Novel,No,1
27,-42.06597222222222,negative,Novel,No,1
27,-41.05625,negative,Novel,No,1
27,-40.06666666666667,negative,Novel,No,1
27,-39.06180555555556,negative,Novel,No,1
27,-37.99513888888889,negative,Novel,No,1
27,-37.05972222222222,negative,Novel,No,1
27,-36.05972222222222,negative,Novel,No,1
27,-35.072916666666664,negative,Novel,No,1
27,-34.06944444444444,negative,Novel,No,1
27,-33.00625,negative,Novel,No,1
27,-32.05972222222222,negative,Novel,No,1
27,-30.98472222222222,negative,Novel,No,1
27,-30.00625,negative,Novel,No,1
27,-29.06597222222222,negative,Novel,No,1
27,-28.06597222222222,negative,Novel,No,1
27,-27.0125,negative,Novel,No,1
27,-26.034027777777776,negative,Novel,No,1
27,-25.034027777777776,negative,Novel,No,1
27,-24.295833333333334,negative,Novel,No,1
27,-23.03472222222222,negative,Novel,No,1
27,-22.058333333333334,negative,Novel,No,1
27,-21.035416666666666,negative,Novel,No,1
27,-20.01736111111111,negative,Novel,No,1
27,-18.85972222222222,negative,Novel,No,1
27,-18.020833333333332,negative,Novel,No,1
27,-17.033333333333335,negative,Novel,No,1
27,-15.9375,negative,Novel,No,1
27,-15.031944444444445,negative,Novel,No,1
27,-14.090277777777779,negative,Novel,No,1
27,-13.077083333333333,negative,Novel,No,1
27,-12.082638888888889,negative,Novel,No,1
27,-10.91875,negative,Novel,No,1
27,-10.016666666666667,negative,Novel,No,1
27,-9.01736111111111,negative,Novel,No,1
27,-8.03888888888889,negative,Novel,No,1
27,-7.031944444444444,negative,Novel,No,1
27,-5.995833333333334,negative,Novel,No,1
27,-5.044444444444444,negative,Novel,No,1
27,-3.990972222222222,negative,Novel,No,1
27,-3.046527777777778,negative,Novel,No,1
27,-2.01875,negative,Novel,No,1
27,-1.0506944444444444,37.4474,Novel,No,1
27,0,24.0474,Novel,No,1
27,6.098611111111111,37.233000000000004,Novel,No,1
27,7.1305555555555555,29.983600000000003,Novel,No,1
27,8.119444444444444,35.96,Novel,No,1
27,9.197916666666666,39.0822,Novel,No,1
27,9.197916666666666,negative,Novel,No,1
27,9.197916666666666,39.095600000000005,Novel,No,1
27,10.086805555555555,37.38040000000001,Novel,No,1
27,10.086805555555555,negative,Novel,No,1
27,10.086805555555555,37.7288,Novel,No,1
27,11.07986111111111,negative,Novel,No,1
27,11.07986111111111,negative,Novel,No,1
27,11.07986111111111,39.4708,Novel,No,1
27,12.084027777777777,36.2682,Novel,No,1
27,12.963194444444444,negative,Novel,No,1
27,14.000694444444445,negative,Novel,No,1
27,15.474305555555556,negative,Novel,No,1
138,-36.88611111111111,negative,Novel,No,2
138,-35.922916666666666,negative,Novel,No,2
138,-34.80625,negative,Novel,No,2
138,-33.81597222222222,negative,Novel,No,2
138,-32.87569444444444,negative,Novel,No,2
138,-31.90763888888889,negative,Novel,No,2
138,-30.916666666666668,negative,Novel,No,2
138,-29.952083333333334,negative,Novel,No,2
138,-28.90625,negative,Novel,No,2
138,-28,negative,Novel,No,2
138,-27,negative,Novel,No,2
138,-26,negative,Novel,No,2
138,-25,negative,Novel,No,2
138,-24,negative,Novel,No,2
138,-23,negative,Novel,No,2
138,-22,negative,Novel,No,2
138,-21,negative,Novel,No,2
138,-20,negative,Novel,No,2
138,-19,negative,Novel,No,2
138,-18,negative,Novel,No,2
138,-17,negative,Novel,No,2
138,-16,negative,Novel,No,2
138,-15,negative,Novel,No,2
138,-14,negative,Novel,No,2
138,-13,negative,Novel,No,2
138,-12,negative,Novel,No,2
138,-11,negative,Novel,No,2
138,-10,negative,Novel,No,2
138,-9,negative,Novel,No,2
138,-8,negative,Novel,No,2
138,-7,negative,Novel,No,2
138,-6,negative,Novel,No,2
138,-5,negative,Novel,No,2
138,-4,34.5664,Novel,No,2
138,-3,35.7054,Novel,No,2
138,0,20.2016,Novel,No,2
138,5.145138888888889,36.991800000000005,Novel,No,2
138,6,37.300000000000004,Novel,No,2
138,7.127083333333333,negative,Novel,No,2
138,8.141666666666667,negative,Novel,No,2
138,8.355555555555556,negative,Novel,No,2
138,8.355555555555556,negative,Novel,No,2
138,8.355555555555556,negative,Novel,No,2
138,9.085416666666667,negative,Novel,No,2
138,10.072222222222223,negative,Novel,No,2
138,11.067361111111111,negative,Novel,No,2
138,11.067361111111111,negative,Novel,No,2
138,11.067361111111111,negative,Novel,No,2
138,12.061805555555555,negative,Novel,No,2
138,12.061805555555555,35.96,Novel,No,2
138,12.061805555555555,37.836,Novel,No,2
138,13.08611111111111,negative,Novel,No,2
138,14.059027777777779,negative,Novel,No,2
138,15.045833333333333,negative,Novel,No,2
138,16,negative,Novel,No,2
138,17.04861111111111,negative,Novel,No,2
138,17.04861111111111,negative,Novel,No,2
138,17.04861111111111,negative,Novel,No,2
138,18.125,negative,Novel,No,2
138,19.079166666666666,negative,Novel,No,2
138,20.10972222222222,negative,Novel,No,2
154,-39.77986111111111,negative,Novel,No,3
154,-38.9,negative,Novel,No,3
154,-37.77847222222222,negative,Novel,No,3
154,-36.81319444444444,negative,Novel,No,3
154,-35.84375,negative,Novel,No,3
154,-34.88333333333333,negative,Novel,No,3
154,-33.90555555555556,negative,Novel,No,3
154,-32.92916666666667,negative,Novel,No,3
154,-31.8875,negative,Novel,No,3
154,-31,negative,Novel,No,3
154,-30,negative,Novel,No,3
154,-29,negative,Novel,No,3
154,-28,negative,Novel,No,3
154,-27,negative,Novel,No,3
154,-26,negative,Novel,No,3
154,-26,negative,Novel,No,3
154,-25,negative,Novel,No,3
154,-24,negative,Novel,No,3
154,-23.852083333333333,negative,Novel,No,3
154,-23,negative,Novel,No,3
154,-22,negative,Novel,No,3
154,-20.76736111111111,negative,Novel,No,3
154,-20,negative,Novel,No,3
154,-19,negative,Novel,No,3
154,-18,negative,Novel,No,3
154,-17,negative,Novel,No,3
154,-16,negative,Novel,No,3
154,-15,negative,Novel,No,3
154,-14,negative,Novel,No,3
154,-13,negative,Novel,No,3
154,-12,negative,Novel,No,3
154,-11,negative,Novel,No,3
154,-9.78888888888889,negative,Novel,No,3
154,-9,negative,Novel,No,3
154,-8,negative,Novel,No,3
154,-7,negative,Novel,No,3
154,-6,negative,Novel,No,3
154,-5,negative,Novel,No,3
154,-4,negative,Novel,No,3
154,-3,negative,Novel,No,3
154,-2,35.330200000000005,Novel,No,3
154,-1,26.888200000000005,Novel,No,3
154,0,14.2118,Novel,No,3
154,1.3173611111111112,22.238400000000002,Novel,No,3
154,2,15.860000000000003,Novel,No,3
154,8.4125,negative,Novel,No,3
154,9.069444444444445,negative,Novel,No,3
154,9.069444444444445,negative,Novel,No,3
154,9.069444444444445,negative,Novel,No,3
154,10.095833333333333,negative,Novel,No,3
154,11.06875,negative,Novel,No,3
154,11.06875,negative,Novel,No,3
154,11.06875,negative,Novel,No,3
154,12.059027777777779,negative,Novel,No,3
154,12.059027777777779,38.8946,Novel,No,3
154,12.059027777777779,negative,Novel,No,3
154,13.061805555555555,negative,Novel,No,3
154,13.061805555555555,negative,Novel,No,3
154,13.061805555555555,negative,Novel,No,3
154,14.031944444444445,negative,Novel,No,3
154,15.165277777777778,negative,Novel,No,3
154,16.086111111111112,negative,Novel,No,3
154,17.12986111111111,negative,Novel,No,3
285,-47.93055555555556,negative,Novel,No,4
285,-46.97986111111111,negative,Novel,No,4
285,-45.99583333333333,negative,Novel,No,4
285,-45.00208333333333,negative,Novel,No,4
285,-43.99722222222222,negative,Novel,No,4
285,-42.956944444444446,negative,Novel,No,4
285,-42.025,negative,Novel,No,4
285,-40.93472222222222,negative,Novel,No,4
285,-39.94513888888889,negative,Novel,No,4
285,-38.98125,negative,Novel,No,4
285,-37.975,negative,Novel,No,4
285,-36.958333333333336,negative,Novel,No,4
285,-35.93541666666667,negative,Novel,No,4
285,-35.017361111111114,negative,Novel,No,4
285,-33.922916666666666,negative,Novel,No,4
285,-32.94166666666667,negative,Novel,No,4
285,-31.95625,negative,Novel,No,4
285,-30.959722222222222,negative,Novel,No,4
285,-30.000694444444445,negative,Novel,No,4
285,-28.910416666666666,negative,Novel,No,4
285,-27.94097222222222,negative,Novel,No,4
285,-26.98125,negative,Novel,No,4
285,-25.895138888888887,negative,Novel,No,4
285,-25.002083333333335,negative,Novel,No,4
285,-23.961805555555557,negative,Novel,No,4
285,-22.96527777777778,negative,Novel,No,4
285,-22.03611111111111,negative,Novel,No,4
285,-20.936805555555555,negative,Novel,No,4
285,-19.850694444444443,negative,Novel,No,4
285,-18.997222222222224,negative,Novel,No,4
285,-17.961111111111112,negative,Novel,No,4
285,-17.125694444444445,negative,Novel,No,4
285,-16.007638888888888,negative,Novel,No,4
285,-15.042361111111111,negative,Novel,No,4
285,-14.002777777777778,negative,Novel,No,4
285,-12.941666666666666,negative,Novel,No,4
285,-11.943055555555556,negative,Novel,No,4
285,-10.995833333333334,negative,Novel,No,4
285,-10.029166666666667,negative,Novel,No,4
285,-9.040972222222223,negative,Novel,No,4
285,-8.084027777777777,negative,Novel,No,4
285,-7.063888888888889,negative,Novel,No,4
285,-6.125694444444444,negative,Novel,No,4
285,-5.084027777777778,negative,Novel,No,4
285,-3.9618055555555554,negative,Novel,No,4
285,-3.513888888888889,negative,Novel,No,4
285,-2.941666666666667,26.084200000000003,Novel,No,4
285,-2.509027777777778,38.1844,Novel,No,4
285,-2.509027777777778,negative,Novel,No,4
285,-2.509027777777778,38.8544,Novel,No,4
285,-1.9861111111111112,24.114400000000003,Novel,No,4
285,-1.5222222222222221,28.268400000000007,Novel,No,4
285,-0.9597222222222223,25.1462,Novel,No,4
285,-0.5395833333333333,21.1262,Novel,No,4
285,0,20.0274,Novel,No,4
285,1.04375,21.9972,Novel,No,4
285,2.042361111111111,22.7342,Novel,No,4
285,3.0479166666666666,35.11580000000001,Novel,No,4
285,4.365972222222222,36.8846,Novel,No,4
285,5.102777777777778,35.29,Novel,No,4
285,6.079166666666667,36.6166,Novel,No,4
285,7.352777777777778,39.24300000000001,Novel,No,4
285,7.352777777777778,negative,Novel,No,4
285,7.352777777777778,negative,Novel,No,4
285,8.355555555555556,38.452400000000004,Novel,No,4
285,8.355555555555556,negative,Novel,No,4
285,8.355555555555556,39.377,Novel,No,4
285,9.370138888888889,negative,Novel,No,4
285,9.370138888888889,39.2162,Novel,No,4
285,9.370138888888889,negative,Novel,No,4
285,10.401388888888889,negative,Novel,No,4
285,11.4375,negative,Novel,No,4
285,11.4375,negative,Novel,No,4
285,11.4375,negative,Novel,No,4
293,-48.86875,negative,Novel,No,5
293,-47.99791666666667,negative,Novel,No,5
293,-46.96736111111111,negative,Novel,No,5
293,-45.97986111111111,negative,Novel,No,5
293,-44.986805555555556,negative,Novel,No,5
293,-43.981944444444444,negative,Novel,No,5
293,-43.00277777777778,negative,Novel,No,5
293,-41.94861111111111,negative,Novel,No,5
293,-40.955555555555556,negative,Novel,No,5
293,-39.983333333333334,negative,Novel,No,5
293,-38.99027777777778,negative,Novel,No,5
293,-37.96527777777778,negative,Novel,No,5
293,-36.95763888888889,negative,Novel,No,5
293,-36.03541666666667,negative,Novel,No,5
293,-34.94166666666667,negative,Novel,No,5
293,-33.954166666666666,negative,Novel,No,5
293,-32.96319444444445,negative,Novel,No,5
293,-31.983333333333334,negative,Novel,No,5
293,-31.027083333333334,negative,Novel,No,5
293,-29.98611111111111,negative,Novel,No,5
293,-28.961111111111112,negative,Novel,No,5
293,-28.01527777777778,negative,Novel,No,5
293,-26.924305555555556,negative,Novel,No,5
293,-26.028472222222224,negative,Novel,No,5
293,-24.976388888888888,negative,Novel,No,5
293,-23.9875,negative,Novel,No,5
293,-23.055555555555557,negative,Novel,No,5
293,-21.947916666666668,negative,Novel,No,5
293,-20.87013888888889,negative,Novel,No,5
293,-20.01597222222222,negative,Novel,No,5
293,-18.97222222222222,negative,Novel,No,5
293,-18.089583333333334,negative,Novel,No,5
293,-17.039583333333333,negative,Novel,No,5
293,-16.0625,negative,Novel,No,5
293,-15.01875,negative,Novel,No,5
293,-13.955555555555556,negative,Novel,No,5
293,-12.959027777777777,negative,Novel,No,5
293,-12.028472222222222,negative,Novel,No,5
293,-11.014583333333333,negative,Novel,No,5
293,-10.066666666666666,negative,Novel,No,5
293,-9.063888888888888,negative,Novel,No,5
293,-8.088194444444444,negative,Novel,No,5
293,-7.147222222222222,negative,Novel,No,5
293,-6.122916666666667,negative,Novel,No,5
293,-4.977777777777778,negative,Novel,No,5
293,-4.53125,negative,Novel,No,5
293,-3.9493055555555556,38.720400000000005,Novel,No,5
293,-3.9493055555555556,38.5194,Novel,No,5
293,-3.9493055555555556,negative,Novel,No,5
293,-3.526388888888889,negative,Novel,No,5
293,-3.526388888888889,39.430600000000005,Novel,No,5
293,-3.526388888888889,39.604800000000004,Novel,No,5
293,-2.9631944444444445,38.707,Novel,No,5
293,-2.9631944444444445,negative,Novel,No,5
293,-2.9631944444444445,39.055400000000006,Novel,No,5
293,-2.542361111111111,negative,Novel,No,5
293,-2.542361111111111,negative,Novel,No,5
293,-2.542361111111111,negative,Novel,No,5
293,-1.9819444444444445,27.3572,Novel,No,5
293,-1.5625,25.883200000000002,Novel,No,5
293,-1.0194444444444444,21.89,Novel,No,5
293,0,17.1598,Novel,No,5
293,1.0055555555555555,26.4996,Novel,No,5
293,2.022222222222222,31.7256,Novel,No,5
293,3.0236111111111112,32.409000000000006,Novel,No,5
293,3.3777777777777778,31.497800000000005,Novel,No,5
293,4.079861111111111,30.452600000000004,Novel,No,5
293,5.0569444444444445,35.196200000000005,Novel,No,5
293,6.325694444444444,negative,Novel,No,5
293,6.325694444444444,39.8594,Novel,No,5
293,6.325694444444444,negative,Novel,No,5
293,7.322916666666667,negative,Novel,No,5
293,7.322916666666667,negative,Novel,No,5
293,7.322916666666667,negative,Novel,No,5
293,8.349305555555556,negative,Novel,No,5
293,9.378472222222221,negative,Novel,No,5
293,9.378472222222221,37.5948,Novel,No,5
293,9.378472222222221,38.4658,Novel,No,5
293,10.415277777777778,37.99680000000001,Novel,No,5
293,10.415277777777778,38.6534,Novel,No,5
293,10.415277777777778,negative,Novel,No,5
315,-43.00069444444444,negative,Novel,No,6
315,-42.013194444444444,negative,Novel,No,6
315,-41.02638888888889,negative,Novel,No,6
315,-40.02013888888889,negative,Novel,No,6
315,-39.114583333333336,negative,Novel,No,6
315,-38.053472222222226,negative,Novel,No,6
315,-37.107638888888886,negative,Novel,No,6
315,-36.11388888888889,negative,Novel,No,6
315,-35.12291666666667,negative,Novel,No,6
315,-34.111805555555556,negative,Novel,No,6
315,-33.144444444444446,negative,Novel,No,6
315,-32.145833333333336,negative,Novel,No,6
315,-31.091666666666665,negative,Novel,No,6
315,-30.18888888888889,negative,Novel,No,6
315,-29.145833333333332,negative,Novel,No,6
315,-28.145833333333332,negative,Novel,No,6
315,-27.145833333333332,negative,Novel,No,6
315,-26.145833333333332,negative,Novel,No,6
315,-25.145833333333332,negative,Novel,No,6
315,-24.145833333333332,negative,Novel,No,6
315,-23.145833333333332,negative,Novel,No,6
315,-22.590972222222224,negative,Novel,No,6
315,-21.145833333333332,negative,Novel,No,6
315,-20.145833333333332,negative,Novel,No,6
315,-19.145833333333332,negative,Novel,No,6
315,-18.104166666666668,negative,Novel,No,6
315,-17.104166666666668,negative,Novel,No,6
315,-15.994444444444444,negative,Novel,No,6
315,-15.104166666666666,negative,Novel,No,6
315,-14.104166666666666,negative,Novel,No,6
315,-13.104166666666666,negative,Novel,No,6
315,-12.104166666666666,negative,Novel,No,6
315,-11.031944444444445,negative,Novel,No,6
315,-10.104166666666666,negative,Novel,No,6
315,-9.104166666666666,negative,Novel,No,6
315,-8.104166666666666,negative,Novel,No,6
315,-7.577083333333333,negative,Novel,No,6
315,-7.145833333333333,negative,Novel,No,6
315,-6.104166666666667,39.256400000000006,Novel,No,6
315,-6.104166666666667,negative,Novel,No,6
315,-6.104166666666667,39.430600000000005,Novel,No,6
315,-5.104166666666667,34.137600000000006,Novel,No,6
315,0,26.003800000000005,Novel,No,6
315,3.9784722222222224,37.568000000000005,Novel,No,6
315,5.018055555555556,33.5212,Novel,No,6
315,6.020138888888889,36.80420000000001,Novel,No,6
315,6.911111111111111,39.3234,Novel,No,6
315,6.911111111111111,39.01520000000001,Novel,No,6
315,6.911111111111111,negative,Novel,No,6
315,8.008333333333333,37.058800000000005,Novel,No,6
315,8.894444444444444,38.7338,Novel,No,6
315,8.894444444444444,negative,Novel,No,6
315,8.894444444444444,39.2296,Novel,No,6
315,10.028472222222222,39.39040000000001,Novel,No,6
315,10.028472222222222,39.711999999999996,Novel,No,6
315,10.028472222222222,negative,Novel,No,6
315,10.99375,negative,Novel,No,6
315,10.99375,negative,Novel,No,6
315,10.99375,negative,Novel,No,6
315,11.997222222222222,negative,Novel,No,6
315,13.35763888888889,negative,Novel,No,6
315,14.354166666666666,negative,Novel,No,6
315,15.414583333333333,negative,Novel,No,6
315,16.395833333333332,negative,Novel,No,6
316,-40.88263888888889,negative,Novel,No,7
316,-39.891666666666666,negative,Novel,No,7
316,-38.894444444444446,negative,Novel,No,7
316,-37.890972222222224,negative,Novel,No,7
316,-36.96319444444445,negative,Novel,No,7
316,-35.888194444444444,negative,Novel,No,7
316,-34.95625,negative,Novel,No,7
316,-33.96388888888889,negative,Novel,No,7
316,-32.96944444444444,negative,Novel,No,7
316,-31.965972222222224,negative,Novel,No,7
316,-30.999305555555555,negative,Novel,No,7
316,-30,negative,Novel,No,7
316,-28.947222222222223,negative,Novel,No,7
316,-28.44097222222222,negative,Novel,No,7
316,-27,negative,Novel,No,7
316,-26,negative,Novel,No,7
316,-25,negative,Novel,No,7
316,-24,negative,Novel,No,7
316,-23,negative,Novel,No,7
316,-22,negative,Novel,No,7
316,-21,negative,Novel,No,7
316,-20.445138888888888,negative,Novel,No,7
316,-19,negative,Novel,No,7
316,-18,negative,Novel,No,7
316,-17,negative,Novel,No,7
316,-15.958333333333334,negative,Novel,No,7
316,-14.958333333333334,negative,Novel,No,7
316,-13.85,negative,Novel,No,7
316,-12.958333333333334,negative,Novel,No,7
316,-11.958333333333334,negative,Novel,No,7
316,-10.958333333333334,negative,Novel,No,7
316,-9.958333333333334,negative,Novel,No,7
316,-8.886805555555556,negative,Novel,No,7
316,-7.958333333333333,negative,Novel,No,7
316,-6.958333333333333,27.799400000000006,Novel,No,7
316,-5.958333333333333,31.1092,Novel,No,7
316,-0.7861111111111111,26.647000000000006,Novel,No,7
316,0,22.814600000000002,Novel,No,7
316,3.1145833333333335,36.4558,Novel,No,7
316,4.186805555555556,37.5546,Novel,No,7
316,5.063888888888889,negative,Novel,No,7
316,6.122916666666667,negative,Novel,No,7
316,7.052777777777778,negative,Novel,No,7
316,8.052083333333334,negative,Novel,No,7
316,9.05625,negative,Novel,No,7
316,10.043055555555556,negative,Novel,No,7
316,11.503472222222221,negative,Novel,No,7
316,11.503472222222221,negative,Novel,No,7
316,11.503472222222221,negative,Novel,No,7
316,12.503472222222221,negative,Novel,No,7
316,13.503472222222221,negative,Novel,No,7
316,14.625,negative,Novel,No,7
316,15.503472222222221,negative,Novel,No,7
316,16.55902777777778,negative,Novel,No,7
316,17.559722222222224,negative,Novel,No,7
316,18.541666666666668,negative,Novel,No,7
333,-13.870833333333334,negative,Novel,No,8
333,-12.88263888888889,negative,Novel,No,8
333,-11.890277777777778,negative,Novel,No,8
333,-10.884027777777778,negative,Novel,No,8
333,-9.971527777777778,negative,Novel,No,8
333,-8.914583333333333,negative,Novel,No,8
333,-8.914583333333333,negative,Novel,No,8
333,-7.963888888888889,negative,Novel,No,8
333,-7.963888888888889,negative,Novel,No,8
333,-6.894444444444445,negative,Novel,No,8
333,-6.894444444444445,negative,Novel,No,8
333,-1.9201388888888888,negative,Novel,No,8
333,-1.9201388888888888,negative,Novel,No,8
333,-1.0048611111111112,negative,Novel,No,8
333,-1.0048611111111112,negative,Novel,No,8
333,0,24.998800000000003,Novel,No,8
333,1,35.8796,Novel,No,8
333,2.157638888888889,28.925000000000004,Novel,No,8
333,3.075,31.805999999999997,Novel,No,8
333,4.152083333333334,36.482600000000005,Novel,No,8
333,5.15625,negative,Novel,No,8
333,6,negative,Novel,No,8
333,6,negative,Novel,No,8
333,6,negative,Novel,No,8
333,6.569444444444445,37.0722,Novel,No,8
333,8,negative,Novel,No,8
333,9,negative,Novel,No,8
333,10,negative,Novel,No,8
333,11.041666666666666,negative,Novel,No,8
333,11.041666666666666,negative,Novel,No,8
333,11.041666666666666,negative,Novel,No,8
333,12.041666666666666,negative,Novel,No,8
333,13.185416666666667,negative,Novel,No,8
333,13.185416666666667,negative,Novel,No,8
333,13.185416666666667,negative,Novel,No,8
333,14.041666666666666,negative,Novel,No,8
333,15.041666666666666,negative,Novel,No,8
333,16.041666666666668,negative,Novel,No,8
333,16.041666666666668,37.9298,Novel,No,8
333,16.041666666666668,negative,Novel,No,8
333,17.041666666666668,negative,Novel,No,8
333,18.12152777777778,negative,Novel,No,8
333,18.12152777777778,negative,Novel,No,8
333,18.12152777777778,negative,Novel,No,8
333,19.041666666666668,negative,Novel,No,8
333,20.041666666666668,negative,Novel,No,8
333,21.041666666666668,negative,Novel,No,8
333,21.564583333333335,negative,Novel,No,8
333,22,negative,Novel,No,8
333,23.041666666666668,negative,Novel,No,8
333,24.041666666666668,negative,Novel,No,8
333,25.041666666666668,negative,Novel,No,8
333,26.041666666666668,negative,Novel,No,8
333,27.041666666666668,negative,Novel,No,8
333,28.041666666666668,negative,Novel,No,8
333,28.178472222222222,negative,Novel,No,8
333,29.041666666666668,negative,Novel,No,8
333,31.0625,negative,Novel,No,8
333,32.074305555555554,negative,Novel,No,8
333,33.134027777777774,negative,Novel,No,8
333,34.06180555555556,negative,Novel,No,8
333,35.06736111111111,negative,Novel,No,8
333,36.06875,negative,Novel,No,8
333,37.05138888888889,negative,Novel,No,8
333,38.50347222222222,negative,Novel,No,8
333,39.50347222222222,negative,Novel,No,8
333,40.50347222222222,negative,Novel,No,8
333,41.625,negative,Novel,No,8
333,42.50347222222222,negative,Novel,No,8
333,43.5,negative,Novel,No,8
333,44.56388888888889,negative,Novel,No,8
333,45.541666666666664,negative,Novel,No,8
407,-40.38611111111111,negative,Novel,No,9
407,-39.830555555555556,negative,Novel,No,9
407,-38.81736111111111,negative,Novel,No,9
407,-37.86805555555556,negative,Novel,No,9
407,-36.979166666666664,negative,Novel,No,9
407,-35.89513888888889,negative,Novel,No,9
407,-34.94861111111111,negative,Novel,No,9
407,-33.975,negative,Novel,No,9
407,-32.975,negative,Novel,No,9
407,-31.947916666666668,negative,Novel,No,9
407,-30.97222222222222,negative,Novel,No,9
407,-29.977777777777778,negative,Novel,No,9
407,-29.020833333333332,negative,Novel,No,9
407,-27.975694444444443,negative,Novel,No,9
407,-27,negative,Novel,No,9
407,-25.988888888888887,negative,Novel,No,9
407,-24.851388888888888,negative,Novel,No,9
407,-24.115277777777777,negative,Novel,No,9
407,-22.977083333333333,negative,Novel,No,9
407,-21.990972222222222,negative,Novel,No,9
407,-20.99513888888889,negative,Novel,No,9
407,-19.986805555555556,negative,Novel,No,9
407,-18.882638888888888,negative,Novel,No,9
407,-18.052777777777777,negative,Novel,No,9
407,-17.010416666666668,negative,Novel,No,9
407,-16.386111111111113,negative,Novel,No,9
407,-15.386111111111111,negative,Novel,No,9
407,-14.386111111111111,negative,Novel,No,9
407,-13.386111111111111,negative,Novel,No,9
407,-12.386111111111111,negative,Novel,No,9
407,-11.386111111111111,negative,Novel,No,9
407,-9.94513888888889,negative,Novel,No,9
407,-9.386111111111111,negative,Novel,No,9
407,-8.386111111111111,negative,Novel,No,9
407,-7.386111111111111,negative,Novel,No,9
407,-6.386111111111111,negative,Novel,No,9
407,-5.386111111111111,negative,Novel,No,9
407,-4.386111111111111,37.7824,Novel,No,9
407,-4.386111111111111,37.3402,Novel,No,9
407,-4.386111111111111,negative,Novel,No,9
407,-3.917361111111111,30.318600000000004,Novel,No,9
407,-3.386111111111111,37.04540000000001,Novel,No,9
407,0,22.0374,Novel,No,9
407,1.101388888888889,24.757600000000004,Novel,No,9
407,2.060416666666667,25.936799999999998,Novel,No,9
407,3.1333333333333333,30.613400000000006,Novel,No,9
407,4.09375,30.6804,Novel,No,9
407,5.260416666666667,32.945,Novel,No,9
407,6.176388888888889,36.831,Novel,No,9
407,6.904861111111111,negative,Novel,No,9
407,6.904861111111111,negative,Novel,No,9
407,6.904861111111111,negative,Novel,No,9
407,8.001388888888888,negative,Novel,No,9
407,8.001388888888888,39.8058,Novel,No,9
407,8.001388888888888,39.604800000000004,Novel,No,9
407,8.904861111111112,36.0672,Novel,No,9
407,9.924305555555556,35.370400000000004,Novel,No,9
407,11.018055555555556,negative,Novel,No,9
407,11.018055555555556,negative,Novel,No,9
407,11.018055555555556,negative,Novel,No,9
407,12.629166666666666,negative,Novel,No,9
407,13.33611111111111,negative,Novel,No,9
407,14.304166666666667,negative,Novel,No,9
407,15.123611111111112,negative,Novel,No,9
407,16.12847222222222,negative,Novel,No,9
407,17.194444444444443,negative,Novel,No,9
407,17.90625,negative,Novel,No,9
439,-41.984027777777776,negative,Novel,No,10
439,-41.015972222222224,negative,Novel,No,10
439,-40.00972222222222,negative,Novel,No,10
439,-39.09236111111111,negative,Novel,No,10
439,-38.11666666666667,negative,Novel,No,10
439,-37.201388888888886,negative,Novel,No,10
439,-35.99791666666667,negative,Novel,No,10
439,-35.11388888888889,negative,Novel,No,10
439,-34.1125,negative,Novel,No,10
439,-33.06875,negative,Novel,No,10
439,-32.12638888888889,negative,Novel,No,10
439,-31.119444444444444,negative,Novel,No,10
439,-30.103472222222223,negative,Novel,No,10
439,-29.05,negative,Novel,No,10
439,-28.12152777777778,negative,Novel,No,10
439,-26.89097222222222,negative,Novel,No,10
439,-25.96875,negative,Novel,No,10
439,-25.213194444444444,negative,Novel,No,10
439,-24.132638888888888,negative,Novel,No,10
439,-23.118055555555557,negative,Novel,No,10
439,-22.18263888888889,negative,Novel,No,10
439,-21.055555555555557,negative,Novel,No,10
439,-20.049305555555556,negative,Novel,No,10
439,-19.183333333333334,negative,Novel,No,10
439,-18.080555555555556,negative,Novel,No,10
439,-17.19236111111111,negative,Novel,No,10
439,-16.48402777777778,negative,Novel,No,10
439,-16.19375,negative,Novel,No,10
439,-14.484027777777778,negative,Novel,No,10
439,-13.484027777777778,negative,Novel,No,10
439,-12.484027777777778,negative,Novel,No,10
439,-11.484027777777778,negative,Novel,No,10
439,-10.484027777777778,negative,Novel,No,10
439,-9.484027777777778,negative,Novel,No,10
439,-8.484027777777778,negative,Novel,No,10
439,-7.4840277777777775,negative,Novel,No,10
439,-6.4840277777777775,negative,Novel,No,10
439,-5.4840277777777775,37.04540000000001,Novel,No,10
439,-4.590277777777778,negative,Novel,No,10
439,-4.590277777777778,negative,Novel,No,10
439,-4.590277777777778,negative,Novel,No,10
439,-4.4840277777777775,33.293400000000005,Novel,No,10
439,-1.0993055555555555,19.411,Novel,No,10
439,0,15.1096,Novel,No,10
439,0.9590277777777778,17.146400000000003,Novel,No,10
439,2.0347222222222223,22.024000000000004,Novel,No,10
439,3.0215277777777776,29.876400000000004,Novel,No,10
439,4.106944444444444,34.0572,Novel,No,10
439,5.084027777777778,negative,Novel,No,10
439,5.084027777777778,38.680200000000006,Novel,No,10
439,5.084027777777778,37.66180000000001,Novel,No,10
439,6.010416666666667,36.750600000000006,Novel,No,10
439,7.0152777777777775,negative,Novel,No,10
439,7.889583333333333,negative,Novel,No,10
439,8.814583333333333,negative,Novel,No,10
439,9.925694444444444,negative,Novel,No,10
439,10.567361111111111,negative,Novel,No,10
439,10.567361111111111,negative,Novel,No,10
439,10.567361111111111,negative,Novel,No,10
439,11.152083333333334,negative,Novel,No,10
439,11.925694444444444,negative,Novel,No,10
439,12.84375,negative,Novel,No,10
439,13.986805555555556,negative,Novel,No,10
439,14.813888888888888,negative,Novel,No,10
439,14.813888888888888,negative,Novel,No,10
439,14.813888888888888,negative,Novel,No,10
439,15.765972222222222,negative,Novel,No,10
439,16.928472222222222,39.336800000000004,Novel,No,10
439,16.928472222222222,38.6534,Novel,No,10
439,16.928472222222222,negative,Novel,No,10
524,-39.9125,negative,Novel,No,11
524,-38.44236111111111,negative,Novel,No,11
524,-37.4125,negative,Novel,No,11
524,-36.36736111111111,negative,Novel,No,11
524,-35.34722222222222,negative,Novel,No,11
524,-34.36388888888889,negative,Novel,No,11
524,-33.45763888888889,negative,Novel,No,11
524,-32.37152777777778,negative,Novel,No,11
524,-31.32638888888889,negative,Novel,No,11
524,-30.35902777777778,negative,Novel,No,11
524,-29.383333333333333,negative,Novel,No,11
524,-28.375694444444445,negative,Novel,No,11
524,-27.3875,negative,Novel,No,11
524,-26.397222222222222,negative,Novel,No,11
524,-26.17361111111111,negative,Novel,No,11
524,-24.397222222222222,negative,Novel,No,11
524,-23.397222222222222,negative,Novel,No,11
524,-22.397222222222222,negative,Novel,No,11
524,-21.31388888888889,negative,Novel,No,11
524,-20.147916666666667,negative,Novel,No,11
524,-19.365277777777777,negative,Novel,No,11
524,-18.397222222222222,negative,Novel,No,11
524,-17.397222222222222,negative,Novel,No,11
524,-16.397222222222222,negative,Novel,No,11
524,-15.313888888888888,negative,Novel,No,11
524,-14.397222222222222,negative,Novel,No,11
524,-13.383333333333333,negative,Novel,No,11
524,-12.370833333333334,negative,Novel,No,11
524,-12.027777777777779,negative,Novel,No,11
524,-10.397222222222222,negative,Novel,No,11
524,-9.397222222222222,negative,Novel,No,11
524,-8.397222222222222,negative,Novel,No,11
524,-7.397222222222222,negative,Novel,No,11
524,-6.332638888888889,negative,Novel,No,11
524,-5.333333333333333,negative,Novel,No,11
524,-4.397222222222222,negative,Novel,No,11
524,-3.313888888888889,negative,Novel,No,11
524,-3.313888888888889,negative,Novel,No,11
524,-3.313888888888889,negative,Novel,No,11
524,-2.313888888888889,29.9568,Novel,No,11
524,-1.4388888888888889,26.754199999999997,Novel,No,11
524,0,24.235000000000003,Novel,No,11
524,0.81875,28.657000000000004,Novel,No,11
524,1.75,34.017,Novel,No,11
524,2.8270833333333334,35.3436,Novel,No,11
524,3.7930555555555556,32.945,Novel,No,11
524,4.7375,36.71040000000001,Novel,No,11
524,5.638194444444444,35.692,Novel,No,11
524,6.966666666666667,36.80420000000001,Novel,No,11
524,7.352777777777778,31.122600000000006,Novel,No,11
524,8.748611111111112,36.750600000000006,Novel,No,11
524,9.624305555555555,negative,Novel,No,11
524,10.625694444444445,negative,Novel,No,11
524,11.613888888888889,negative,Novel,No,11
524,11.613888888888889,37.9432,Novel,No,11
524,11.613888888888889,38.4926,Novel,No,11
524,12.227777777777778,37.2196,Novel,No,11
524,12.643055555555556,33.0656,Novel,No,11
524,13.070833333333333,36.5094,Novel,No,11
524,14.269444444444444,negative,Novel,No,11
524,14.621527777777779,negative,Novel,No,11
524,16.227777777777778,negative,Novel,No,11
524,16.62361111111111,negative,Novel,No,11
524,18.004166666666666,negative,Novel,No,11
524,18.658333333333335,negative,Novel,No,11
524,19.71736111111111,negative,Novel,No,11
524,20.269444444444446,negative,Novel,No,11
524,20.269444444444446,39.028600000000004,Novel,No,11
524,20.269444444444446,negative,Novel,No,11
524,20.791666666666668,negative,Novel,No,11
524,21.665972222222223,38.66680000000001,Novel,No,11
524,21.665972222222223,negative,Novel,No,11
613,-43.01875,negative,Novel,No,12
613,-41.84027777777778,negative,Novel,No,12
613,-40.854166666666664,negative,Novel,No,12
613,-39.96319444444445,negative,Novel,No,12
613,-38.92986111111111,negative,Novel,No,12
613,-37.94722222222222,negative,Novel,No,12
613,-37.02361111111111,negative,Novel,No,12
613,-35.921527777777776,negative,Novel,No,12
613,-34.91388888888889,negative,Novel,No,12
613,-33.93333333333333,negative,Novel,No,12
613,-33.02986111111111,negative,Novel,No,12
613,-32.018055555555556,negative,Novel,No,12
613,-30.989583333333332,negative,Novel,No,12
613,-30.04375,negative,Novel,No,12
613,-28.975694444444443,negative,Novel,No,12
613,-28.031944444444445,negative,Novel,No,12
613,-27.028472222222224,negative,Novel,No,12
613,-26.06388888888889,negative,Novel,No,12
613,-24.98402777777778,negative,Novel,No,12
613,-23.730555555555554,negative,Novel,No,12
613,-23.024305555555557,negative,Novel,No,12
613,-22.01388888888889,negative,Novel,No,12
613,-21.01388888888889,negative,Novel,No,12
613,-19.990972222222222,negative,Novel,No,12
613,-19.002777777777776,negative,Novel,No,12
613,-18.004166666666666,negative,Novel,No,12
613,-17.00138888888889,negative,Novel,No,12
613,-15.9,negative,Novel,No,12
613,-14.981944444444444,negative,Novel,No,12
613,-13.98611111111111,negative,Novel,No,12
613,-12.939583333333333,negative,Novel,No,12
613,-12.021527777777777,negative,Novel,No,12
613,-11.045833333333333,negative,Novel,No,12
613,-10.084027777777777,negative,Novel,No,12
613,-8.9125,negative,Novel,No,12
613,-8.041666666666666,negative,Novel,No,12
613,-7.027777777777778,negative,Novel,No,12
613,-5.88125,negative,Novel,No,12
613,-5.3909722222222225,negative,Novel,No,12
613,-4.903472222222222,negative,Novel,No,12
613,-4.497916666666667,33.561400000000006,Novel,No,12
613,-3.9340277777777777,37.099000000000004,Novel,No,12
613,-3.464583333333333,33.5882,Novel,No,12
613,-3.0305555555555554,29.032200000000003,Novel,No,12
613,-2.002083333333333,26.9418,Novel,No,12
613,-1.0298611111111111,26.445999999999998,Novel,No,12
613,0,17.0392,Novel,No,12
613,0.9979166666666667,18.486400000000003,Novel,No,12
613,2.0854166666666667,21.3138,Novel,No,12
613,2.9770833333333333,24.248400000000004,Novel,No,12
613,3.9763888888888888,20.617,Novel,No,12
613,5.481944444444444,33.226400000000005,Novel,No,12
613,5.989583333333333,34.419000000000004,Novel,No,12
613,7.044444444444444,37.836,Novel,No,12
613,7.044444444444444,37.6484,Novel,No,12
613,7.044444444444444,negative,Novel,No,12
613,8.005555555555556,36.817600000000006,Novel,No,12
613,9.079166666666667,39.846000000000004,Novel,No,12
613,9.079166666666667,negative,Novel,No,12
613,9.079166666666667,39.9398,Novel,No,12
613,10.067361111111111,negative,Novel,No,12
613,10.067361111111111,negative,Novel,No,12
613,10.067361111111111,negative,Novel,No,12
615,-51.459722222222226,negative,Novel,No,13
615,-50.77708333333333,negative,Novel,No,13
615,-49.77708333333333,negative,Novel,No,13
615,-48.41875,negative,Novel,No,13
615,-47.50277777777778,negative,Novel,No,13
615,-46.40416666666667,negative,Novel,No,13
615,-45.47708333333333,negative,Novel,No,13
615,-44.46597222222222,negative,Novel,No,13
615,-43.389583333333334,negative,Novel,No,13
615,-42.39791666666667,negative,Novel,No,13
615,-41.39375,negative,Novel,No,13
615,-40.40416666666667,negative,Novel,No,13
615,-39.482638888888886,negative,Novel,No,13
615,-38.42916666666667,negative,Novel,No,13
615,-37.41041666666667,negative,Novel,No,13
615,-36.45,negative,Novel,No,13
615,-35.48888888888889,negative,Novel,No,13
615,-34.453472222222224,negative,Novel,No,13
615,-33.446527777777774,negative,Novel,No,13
615,-32.50138888888889,negative,Novel,No,13
615,-31.433333333333334,negative,Novel,No,13
615,-30.488194444444446,negative,Novel,No,13
615,-29.485416666666666,negative,Novel,No,13
615,-28.523611111111112,negative,Novel,No,13
615,-27.439583333333335,negative,Novel,No,13
615,-26.161805555555556,negative,Novel,No,13
615,-25.48263888888889,negative,Novel,No,13
615,-24.469444444444445,negative,Novel,No,13
615,-23.47013888888889,negative,Novel,No,13
615,-22.48402777777778,negative,Novel,No,13
615,-21.457638888888887,negative,Novel,No,13
615,-20.460416666666667,negative,Novel,No,13
615,-19.301388888888887,negative,Novel,No,13
615,-18.384722222222223,negative,Novel,No,13
615,-17.439583333333335,negative,Novel,No,13
615,-16.4875,negative,Novel,No,13
615,-15.43125,negative,Novel,No,13
615,-14.478472222222223,negative,Novel,No,13
615,-13.503472222222221,negative,Novel,No,13
615,-12.540277777777778,negative,Novel,No,13
615,-11.413194444444445,negative,Novel,No,13
615,-10.5,negative,Novel,No,13
615,-9.390972222222222,negative,Novel,No,13
615,-8.39236111111111,negative,Novel,No,13
615,-7.846527777777778,negative,Novel,No,13
615,-7.352083333333334,negative,Novel,No,13
615,-6.91875,negative,Novel,No,13
615,-6.391666666666667,negative,Novel,No,13
615,-5.9319444444444445,negative,Novel,No,13
615,-5.368055555555555,negative,Novel,No,13
615,-4.99375,negative,Novel,No,13
615,-4.461111111111111,negative,Novel,No,13
615,-3.977777777777778,negative,Novel,No,13
615,-3.977777777777778,negative,Novel,No,13
615,-3.977777777777778,negative,Novel,No,13
615,-3.4881944444444444,negative,Novel,No,13
615,-3.4881944444444444,negative,Novel,No,13
615,-3.4881944444444444,negative,Novel,No,13
615,-2.939583333333333,negative,Novel,No,13
615,-2.939583333333333,negative,Novel,No,13
615,-2.939583333333333,39.671800000000005,Novel,No,13
615,-2.3993055555555554,32.16780000000001,Novel,No,13
615,-1.9423611111111112,26.6068,Novel,No,13
615,-1.4618055555555556,21.1798,Novel,No,13
615,-0.975,17.6556,Novel,No,13
615,-0.32222222222222224,19.7326,Novel,No,13
615,0,16.865000000000002,Novel,No,13
615,0.5201388888888889,33.628400000000006,Novel,No,13
615,1.1020833333333333,23.1898,Novel,No,13
615,1.5180555555555555,28.3756,Novel,No,13
615,1.961111111111111,31.913200000000003,Novel,No,13
615,2.5243055555555554,36.00020000000001,Novel,No,13
615,3.66875,30.533,Novel,No,13
615,4.584722222222222,36.174400000000006,Novel,No,13
615,5.540972222222222,36.857800000000005,Novel,No,13
615,6.520138888888889,36.764,Novel,No,13
615,7.565277777777778,negative,Novel,No,13
615,8.51736111111111,negative,Novel,No,13
615,8.51736111111111,negative,Novel,No,13
615,8.51736111111111,negative,Novel,No,13
618,-43.519444444444446,negative,Novel,No,14
618,-42.91875,negative,Novel,No,14
618,-41.91875,negative,Novel,No,14
618,-40.47361111111111,negative,Novel,No,14
618,-39.63263888888889,negative,Novel,No,14
618,-38.52986111111111,negative,Novel,No,14
618,-37.60625,negative,Novel,No,14
618,-36.59097222222222,negative,Novel,No,14
618,-35.52430555555556,negative,Novel,No,14
618,-34.522222222222226,negative,Novel,No,14
618,-33.47013888888889,negative,Novel,No,14
618,-32.52013888888889,negative,Novel,No,14
618,-31.600694444444443,negative,Novel,No,14
618,-30.56875,negative,Novel,No,14
618,-29.42152777777778,negative,Novel,No,14
618,-28.586111111111112,negative,Novel,No,14
618,-27.590972222222224,negative,Novel,No,14
618,-26.570138888888888,negative,Novel,No,14
618,-25.5625,negative,Novel,No,14
618,-24.619444444444444,negative,Novel,No,14
618,-23.55902777777778,negative,Novel,No,14
618,-22.616666666666667,negative,Novel,No,14
618,-21.613888888888887,negative,Novel,No,14
618,-20.497222222222224,negative,Novel,No,14
618,-19.527083333333334,negative,Novel,No,14
618,-18.271527777777777,negative,Novel,No,14
618,-17.604861111111113,negative,Novel,No,14
618,-16.59027777777778,negative,Novel,No,14
618,-15.421527777777778,negative,Novel,No,14
618,-14.600694444444445,negative,Novel,No,14
618,-13.561805555555555,negative,Novel,No,14
618,-12.580555555555556,negative,Novel,No,14
618,-11.551388888888889,negative,Novel,No,14
618,-10.5,negative,Novel,No,14
618,-9.5625,negative,Novel,No,14
618,-8.605555555555556,negative,Novel,No,14
618,-7.547916666666667,negative,Novel,No,14
618,-6.593055555555556,negative,Novel,No,14
618,-5.624305555555556,negative,Novel,No,14
618,-4.653472222222222,negative,Novel,No,14
618,-3.5833333333333335,negative,Novel,No,14
618,-2.626388888888889,negative,Novel,No,14
618,-1.6104166666666666,34.017,Novel,No,14
618,-0.5861111111111111,27.129400000000004,Novel,No,14
618,0,24.395800000000005,Novel,No,14
618,5.503472222222222,30.238200000000006,Novel,No,14
618,6.407638888888889,32.0204,Novel,No,14
618,7.473611111111111,31.3236,Novel,No,14
618,8.404166666666667,36.027,Novel,No,14
618,9.383333333333333,38.479200000000006,Novel,No,14
618,9.383333333333333,38.921400000000006,Novel,No,14
618,9.383333333333333,negative,Novel,No,14
618,10.463194444444444,39.430600000000005,Novel,No,14
618,10.463194444444444,38.707,Novel,No,14
618,10.463194444444444,negative,Novel,No,14
618,11.388194444444444,34.204600000000006,Novel,No,14
618,12.449305555555556,negative,Novel,No,14
618,12.449305555555556,negative,Novel,No,14
618,12.449305555555556,negative,Novel,No,14
618,13.405555555555555,38.77400000000001,Novel,No,14
618,13.405555555555555,negative,Novel,No,14
618,13.405555555555555,39.256400000000006,Novel,No,14
618,14.379861111111111,negative,Novel,No,14
618,15.463194444444444,negative,Novel,No,14
621,-50.31666666666667,negative,Novel,No,15
621,-49.31666666666667,negative,Novel,No,15
621,-46.949305555555554,negative,Novel,No,15
621,-46.0375,negative,Novel,No,15
621,-44.9375,negative,Novel,No,15
621,-44.0125,negative,Novel,No,15
621,-42.99722222222222,negative,Novel,No,15
621,-41.89791666666667,negative,Novel,No,15
621,-40.893055555555556,negative,Novel,No,15
621,-39.85625,negative,Novel,No,15
621,-38.9,negative,Novel,No,15
621,-38.01875,negative,Novel,No,15
621,-36.96736111111111,negative,Novel,No,15
621,-35.81111111111111,negative,Novel,No,15
621,-34.927083333333336,negative,Novel,No,15
621,-33.797222222222224,negative,Novel,No,15
621,-32.979166666666664,negative,Novel,No,15
621,-31.972916666666666,negative,Novel,No,15
621,-30.647222222222222,negative,Novel,No,15
621,-29.023611111111112,negative,Novel,No,15
621,-26.54722222222222,negative,Novel,No,15
621,-25.927777777777777,negative,Novel,No,15
621,-24.655555555555555,negative,Novel,No,15
621,-24.018055555555556,negative,Novel,No,15
621,-23.002083333333335,negative,Novel,No,15
621,-21.99652777777778,negative,Novel,No,15
621,-21.014583333333334,negative,Novel,No,15
621,-19.96388888888889,negative,Novel,No,15
621,-18.99375,negative,Novel,No,15
621,-17.99375,negative,Novel,No,15
621,-16.874305555555555,negative,Novel,No,15
621,-15.973611111111111,negative,Novel,No,15
621,-15.021527777777777,negative,Novel,No,15
621,-13.934027777777779,negative,Novel,No,15
621,-13.003472222222221,negative,Novel,No,15
621,-12.040277777777778,negative,Novel,No,15
621,-11.071527777777778,negative,Novel,No,15
621,-9.953472222222222,negative,Novel,No,15
621,-9.035416666666666,negative,Novel,No,15
621,-8.01736111111111,negative,Novel,No,15
621,-8.01736111111111,negative,Novel,No,15
621,-8.01736111111111,negative,Novel,No,15
621,-6.881944444444445,37.5546,Novel,No,15
621,-6.388888888888889,negative,Novel,No,15
621,-6.388888888888889,39.604800000000004,Novel,No,15
621,-6.388888888888889,39.96660000000001,Novel,No,15
621,-5.830555555555556,31.2432,Novel,No,15
621,-0.9180555555555555,30.881400000000006,Novel,No,15
621,0,30.559800000000003,Novel,No,15
621,1.0784722222222223,34.821,Novel,No,15
621,2.5833333333333335,32.5966,Novel,No,15
621,2.9819444444444443,35.75900000000001,Novel,No,15
621,4.004166666666666,negative,Novel,No,15
621,4.986111111111111,negative,Novel,No,15
621,4.986111111111111,negative,Novel,No,15
621,4.986111111111111,negative,Novel,No,15
621,6.048611111111111,negative,Novel,No,15
621,6.048611111111111,negative,Novel,No,15
621,6.048611111111111,negative,Novel,No,15
621,6.9944444444444445,negative,Novel,No,15
621,6.9944444444444445,negative,Novel,No,15
621,6.9944444444444445,negative,Novel,No,15
621,7.982638888888889,negative,Novel,No,15
621,9.063194444444445,negative,Novel,No,15
623,-48.96736111111111,negative,Novel,No,16
623,-48.3875,negative,Novel,No,16
623,-47.3875,negative,Novel,No,16
623,-46.02152777777778,negative,Novel,No,16
623,-45.102777777777774,negative,Novel,No,16
623,-44.013194444444444,negative,Novel,No,16
623,-43.076388888888886,negative,Novel,No,16
623,-42.06111111111111,negative,Novel,No,16
623,-41.00972222222222,negative,Novel,No,16
623,-40.00763888888889,negative,Novel,No,16
623,-39.00347222222222,negative,Novel,No,16
623,-38.00694444444444,negative,Novel,No,16
623,-37.072916666666664,negative,Novel,No,16
623,-36.03125,negative,Novel,No,16
623,-34.96597222222222,negative,Novel,No,16
623,-34.052083333333336,negative,Novel,No,16
623,-33.06319444444444,negative,Novel,No,16
623,-32.041666666666664,negative,Novel,No,16
623,-31.03263888888889,negative,Novel,No,16
623,-30.089583333333334,negative,Novel,No,16
623,-29.02986111111111,negative,Novel,No,16
623,-28.086805555555557,negative,Novel,No,16
623,-27.084027777777777,negative,Novel,No,16
623,-26.110416666666666,negative,Novel,No,16
623,-25.02986111111111,negative,Novel,No,16
623,-23.784027777777776,negative,Novel,No,16
623,-23.074305555555554,negative,Novel,No,16
623,-22.06111111111111,negative,Novel,No,16
623,-21.05625,negative,Novel,No,16
623,-20.070833333333333,negative,Novel,No,16
623,-19.028472222222224,negative,Novel,No,16
623,-18.093055555555555,negative,Novel,No,16
623,-17.022222222222222,negative,Novel,No,16
623,-16.00138888888889,negative,Novel,No,16
623,-15.032638888888888,negative,Novel,No,16
623,-14.08125,negative,Novel,No,16
623,-13.022916666666667,negative,Novel,No,16
623,-12.05486111111111,negative,Novel,No,16
623,-11.09375,negative,Novel,No,16
623,-10.124305555555555,negative,Novel,No,16
623,-9.047222222222222,negative,Novel,No,16
623,-7.856944444444444,negative,Novel,No,16
623,-7.080555555555556,negative,Novel,No,16
623,-6.030555555555556,negative,Novel,No,16
623,-5.466666666666667,negative,Novel,No,16
623,-4.978472222222222,negative,Novel,No,16
623,-4.978472222222222,negative,Novel,No,16
623,-4.978472222222222,negative,Novel,No,16
623,-4.530555555555556,negative,Novel,No,16
623,-4.530555555555556,negative,Novel,No,16
623,-4.530555555555556,negative,Novel,No,16
623,-4.0125,31.779200000000003,Novel,No,16
623,-3.4756944444444446,37.849399999999996,Novel,No,16
623,-3.4756944444444446,negative,Novel,No,16
623,-3.4756944444444446,37.6484,Novel,No,16
623,0,18.8616,Novel,No,16
623,0.9388888888888889,19.464600000000004,Novel,No,16
623,2.0368055555555555,32.3822,Novel,No,16
623,2.9145833333333333,26.245000000000005,Novel,No,16
623,3.9138888888888888,22.3992,Novel,No,16
623,4.997222222222222,33.0656,Novel,No,16
623,5.920833333333333,30.6,Novel,No,16
623,6.959027777777778,36.4424,Novel,No,16
623,7.925694444444445,36.8444,Novel,No,16
623,8.913194444444445,negative,Novel,No,16
623,8.913194444444445,39.1894,Novel,No,16
623,8.913194444444445,39.953199999999995,Novel,No,16
623,9.995833333333334,negative,Novel,No,16
623,9.995833333333334,negative,Novel,No,16
623,9.995833333333334,negative,Novel,No,16
623,10.926388888888889,negative,Novel,No,16
1034,0,21.327199999999998,Novel,No,17
1034,1.0006944444444446,22.8012,Novel,No,17
1034,2.0125,25.615200000000005,Novel,No,17
1034,2.95,negative,Novel,No,17
1034,3.9291666666666667,36.898,Novel,No,17
1034,4.9840277777777775,31.337000000000003,Novel,No,17
1034,5.911111111111111,30.519600000000004,Novel,No,17
1034,7.910416666666666,negative,Novel,No,17
1034,7.910416666666666,39.765600000000006,Novel,No,17
1034,7.910416666666666,38.787400000000005,Novel,No,17
1034,8.883333333333333,negative,Novel,No,17
1034,9.909722222222221,negative,Novel,No,17
1034,10.873611111111112,negative,Novel,No,17
1034,11.88125,negative,Novel,No,17
1034,13.0125,negative,Novel,No,17
1034,13.928472222222222,negative,Novel,No,17
1034,14.910416666666666,negative,Novel,No,17
1034,15.952083333333333,negative,Novel,No,17
1034,16.879166666666666,negative,Novel,No,17
1034,16.879166666666666,negative,Novel,No,17
1034,17.822222222222223,negative,Novel,No,17
1034,18.814583333333335,negative,Novel,No,17
1034,19.884027777777778,negative,Novel,No,17
1034,20.814583333333335,negative,Novel,No,17
1034,21.720833333333335,negative,Novel,No,17
1034,22.822916666666668,negative,Novel,No,17
1034,23.733333333333334,negative,Novel,No,17
1034,24.820833333333333,negative,Novel,No,17
1034,25.834722222222222,negative,Novel,No,17
1034,26.815277777777776,negative,Novel,No,17
1034,27.780555555555555,negative,Novel,No,17
1034,28.738888888888887,negative,Novel,No,17
1034,28.949305555555554,negative,Novel,No,17
1034,30.87986111111111,negative,Novel,No,17
1034,31.838194444444444,negative,Novel,No,17
1034,32.85138888888889,negative,Novel,No,17
1034,33.87986111111111,negative,Novel,No,17
1034,34.861805555555556,negative,Novel,No,17
1034,35.87847222222222,negative,Novel,No,17
1034,36.89861111111111,negative,Novel,No,17
1034,37.922916666666666,negative,Novel,No,17
1034,38.889583333333334,negative,Novel,No,17
1034,39.852777777777774,negative,Novel,No,17
1034,40.884027777777774,negative,Novel,No,17
1034,41.87847222222222,negative,Novel,No,17
1034,42.863194444444446,negative,Novel,No,17
1034,43.87638888888889,negative,Novel,No,17
1034,44.84444444444444,negative,Novel,No,17
1034,45.96944444444444,negative,Novel,No,17
1034,46.85069444444444,negative,Novel,No,17
1034,47.385416666666664,negative,Novel,No,17
1034,47.8625,negative,Novel,No,17
1034,48.293055555555554,negative,Novel,No,17
1034,48.923611111111114,negative,Novel,No,17
1034,49.45,negative,Novel,No,17
1034,50.02361111111111,negative,Novel,No,17
1034,50.86875,negative,Novel,No,17
1034,52.450694444444444,negative,Novel,No,17
1034,53.29097222222222,negative,Novel,No,17
1034,55.25555555555555,negative,Novel,No,17
1034,56.00833333333333,negative,Novel,No,17
1034,57.009027777777774,negative,Novel,No,17
1034,58.00694444444444,negative,Novel,No,17
1034,59.27291666666667,negative,Novel,No,17
1034,60.24166666666667,negative,Novel,No,17
1083,-12.776388888888889,negative,Novel,No,18
1083,-12.091666666666667,negative,Novel,No,18
1083,-11.175694444444444,negative,Novel,No,18
1083,-10.136805555555556,negative,Novel,No,18
1083,-9.184027777777779,negative,Novel,No,18
1083,-8.169444444444444,negative,Novel,No,18
1083,-7.173611111111111,negative,Novel,No,18
1083,-6.170138888888889,negative,Novel,No,18
1083,-5.179166666666666,34.928200000000004,Novel,No,18
1083,-3.9972222222222222,26.137800000000006,Novel,No,18
1083,-2.9895833333333335,23.029000000000003,Novel,No,18
1083,-2.123611111111111,20.1212,Novel,No,18
1083,-1.0027777777777778,16.6104,Novel,No,18
1083,0,15.0962,Novel,No,18
1083,1,18.097800000000003,Novel,No,18
1083,1.988888888888889,26.2316,Novel,No,18
1083,2.9756944444444446,36.817600000000006,Novel,No,18
1083,3.9569444444444444,36.00020000000001,Novel,No,18
1083,4.972222222222222,36.7908,Novel,No,18
1083,4.972222222222222,negative,Novel,No,18
1083,4.972222222222222,37.8896,Novel,No,18
1083,6.052777777777778,36.857800000000005,Novel,No,18
1083,6.052777777777778,38.9884,Novel,No,18
1083,6.052777777777778,negative,Novel,No,18
1083,6.948611111111111,38.64,Novel,No,18
1083,6.948611111111111,39.14920000000001,Novel,No,18
1083,6.948611111111111,negative,Novel,No,18
1083,7.988194444444445,negative,Novel,No,18
1083,8.860416666666667,negative,Novel,No,18
1083,8.860416666666667,negative,Novel,No,18
1083,8.860416666666667,negative,Novel,No,18
1083,9.82013888888889,36.965,Novel,No,18
1083,10.92361111111111,38.43900000000001,Novel,No,18
1083,10.92361111111111,negative,Novel,No,18
1083,10.92361111111111,negative,Novel,No,18
1083,11.860416666666667,negative,Novel,No,18
1083,12.913194444444445,39.336800000000004,Novel,No,18
1083,12.913194444444445,negative,Novel,No,18
1083,12.913194444444445,39.0822,Novel,No,18
1083,13.817361111111111,38.3988,Novel,No,18
1083,13.817361111111111,39.31,Novel,No,18
1083,13.817361111111111,negative,Novel,No,18
1083,14.903472222222222,negative,Novel,No,18
1083,15.855555555555556,negative,Novel,No,18
1083,16.82847222222222,negative,Novel,No,18
1083,18.113194444444446,negative,Novel,No,18
1083,19.118055555555557,negative,Novel,No,18
1083,20.019444444444446,negative,Novel,No,18
1083,20.019444444444446,38.9884,Novel,No,18
1083,20.019444444444446,39.497600000000006,Novel,No,18
1083,20.997222222222224,negative,Novel,No,18
1083,22.0375,negative,Novel,No,18
1083,22.829166666666666,negative,Novel,No,18
1083,24.12152777777778,negative,Novel,No,18
1083,24.90763888888889,negative,Novel,No,18
1083,26.122916666666665,negative,Novel,No,18
1083,26.990972222222222,negative,Novel,No,18
1083,27.869444444444444,negative,Novel,No,18
1083,28.8625,negative,Novel,No,18
1083,29.955555555555556,negative,Novel,No,18
1083,30.952083333333334,negative,Novel,No,18
1083,31.997222222222224,negative,Novel,No,18
1083,32.46458333333333,negative,Novel,No,18
1083,32.9125,negative,Novel,No,18
1083,33.234722222222224,negative,Novel,No,18
1083,33.84166666666667,negative,Novel,No,18
1083,34.28819444444444,negative,Novel,No,18
1083,35.03680555555555,negative,Novel,No,18
1083,36.12847222222222,negative,Novel,No,18
1083,36.49652777777778,negative,Novel,No,18
1083,36.928472222222226,negative,Novel,No,18
1083,37.325694444444444,negative,Novel,No,18
1083,37.91041666666667,negative,Novel,No,18
1083,38.49166666666667,negative,Novel,No,18
1083,38.94444444444444,negative,Novel,No,18
1083,39.954166666666666,negative,Novel,No,18
1083,41.04097222222222,negative,Novel,No,18
1083,41.85486111111111,negative,Novel,No,18
1083,43.00972222222222,negative,Novel,No,18
1083,44.00208333333333,negative,Novel,No,18
1083,44.86805555555556,negative,Novel,No,18
1083,46.18194444444445,negative,Novel,No,18
1083,47.18472222222222,negative,Novel,No,18
1083,48.18055555555556,negative,Novel,No,18
1083,49.19166666666667,negative,Novel,No,18
1119,-45.02638888888889,negative,Novel,No,19
1119,-44.1125,negative,Novel,No,19
1119,-42.89652777777778,negative,Novel,No,19
1119,-42.109722222222224,negative,Novel,No,19
1119,-41.1125,negative,Novel,No,19
1119,-39.97361111111111,negative,Novel,No,19
1119,-39.080555555555556,negative,Novel,No,19
1119,-38.08402777777778,negative,Novel,No,19
1119,-37.075,negative,Novel,No,19
1119,-35.892361111111114,negative,Novel,No,19
1119,-35.05555555555556,negative,Novel,No,19
1119,-34.081944444444446,negative,Novel,No,19
1119,-33.077777777777776,negative,Novel,No,19
1119,-31.95347222222222,negative,Novel,No,19
1119,-31.12361111111111,negative,Novel,No,19
1119,-30.063194444444445,negative,Novel,No,19
1119,-29.053472222222222,negative,Novel,No,19
1119,-27.9875,negative,Novel,No,19
1119,-27.02986111111111,negative,Novel,No,19
1119,-25.99375,negative,Novel,No,19
1119,-25.059722222222224,negative,Novel,No,19
1119,-24.075,negative,Novel,No,19
1119,-22.94236111111111,negative,Novel,No,19
1119,-22.15138888888889,negative,Novel,No,19
1119,-21.068055555555556,negative,Novel,No,19
1119,-20.146527777777777,negative,Novel,No,19
1119,-19.044444444444444,negative,Novel,No,19
1119,-18.113888888888887,negative,Novel,No,19
1119,-17.10763888888889,negative,Novel,No,19
1119,-15.827083333333333,negative,Novel,No,19
1119,-14.838194444444444,negative,Novel,No,19
1119,-14.004166666666666,negative,Novel,No,19
1119,-13.078472222222222,negative,Novel,No,19
1119,-11.966666666666667,negative,Novel,No,19
1119,-11.090972222222222,negative,Novel,No,19
1119,-9.834027777777777,negative,Novel,No,19
1119,-9.025,negative,Novel,No,19
1119,-7.8381944444444445,negative,Novel,No,19
1119,-6.95,negative,Novel,No,19
1119,-6.030555555555556,negative,Novel,No,19
1119,-5.146527777777778,negative,Novel,No,19
1119,-4.044444444444444,negative,Novel,No,19
1119,-3.0305555555555554,negative,Novel,No,19
1119,-2.04375,negative,Novel,No,19
1119,-0.9770833333333333,negative,Novel,No,19
1119,-0.9770833333333333,37.6082,Novel,No,19
1119,-0.9770833333333333,38.841,Novel,No,19
1119,0,32.945,Novel,No,19
1119,6.972916666666666,negative,Novel,No,19
1119,6.972916666666666,37.769000000000005,Novel,No,19
1119,6.972916666666666,37.7422,Novel,No,19
1119,7.9743055555555555,36.3754,Novel,No,19
1119,8.959722222222222,36.9784,Novel,No,19
1119,9.96875,negative,Novel,No,19
1119,9.96875,38.81420000000001,Novel,No,19
1119,9.96875,38.2246,Novel,No,19
1119,10.969444444444445,39.444,Novel,No,19
1119,10.969444444444445,negative,Novel,No,19
1119,10.969444444444445,negative,Novel,No,19
1119,12.158333333333333,negative,Novel,No,19
1119,12.158333333333333,negative,Novel,No,19
1119,12.158333333333333,negative,Novel,No,19
1119,13.433333333333334,negative,Novel,No,19
1119,14.45625,negative,Novel,No,19
1119,15.240277777777777,negative,Novel,No,19
1120,-41.62847222222222,negative,Novel,No,20
1120,-40.87847222222222,negative,Novel,No,20
1120,-39.861111111111114,negative,Novel,No,20
1120,-38.90069444444445,negative,Novel,No,20
1120,-37.88125,negative,Novel,No,20
1120,-36.88125,negative,Novel,No,20
1120,-35.875,negative,Novel,No,20
1120,-34.87708333333333,negative,Novel,No,20
1120,-33.95,negative,Novel,No,20
1120,-32.954166666666666,negative,Novel,No,20
1120,-31.948611111111113,negative,Novel,No,20
1120,-30.836111111111112,negative,Novel,No,20
1120,-29.944444444444443,negative,Novel,No,20
1120,-28.915972222222223,negative,Novel,No,20
1120,-27.926388888888887,negative,Novel,No,20
1120,-26.898611111111112,negative,Novel,No,20
1120,-25.958333333333332,negative,Novel,No,20
1120,-24.908333333333335,negative,Novel,No,20
1120,-23.852777777777778,negative,Novel,No,20
1120,-22.872222222222224,negative,Novel,No,20
1120,-21.89027777777778,negative,Novel,No,20
1120,-20.846527777777776,negative,Novel,No,20
1120,-19.94236111111111,negative,Novel,No,20
1120,-18.974305555555556,negative,Novel,No,20
1120,-17.875694444444445,negative,Novel,No,20
1120,-16.970833333333335,negative,Novel,No,20
1120,-15.933333333333334,negative,Novel,No,20
1120,-14.993055555555555,negative,Novel,No,20
1120,-13.913194444444445,negative,Novel,No,20
1120,-12.979166666666666,negative,Novel,No,20
1120,-11.977777777777778,negative,Novel,No,20
1120,-10.697916666666666,negative,Novel,No,20
1120,-9.688888888888888,negative,Novel,No,20
1120,-8.818055555555556,negative,Novel,No,20
1120,-7.907638888888889,negative,Novel,No,20
1120,-6.795138888888889,negative,Novel,No,20
1120,-5.8694444444444445,negative,Novel,No,20
1120,-4.7243055555555555,negative,Novel,No,20
1120,-3.907638888888889,negative,Novel,No,20
1120,-2.7090277777777776,negative,Novel,No,20
1120,-1.8131944444444446,negative,Novel,No,20
1120,-0.9333333333333333,negative,Novel,No,20
1120,0,32.757400000000004,Novel,No,20
1120,1.1395833333333334,32.9316,Novel,No,20
1120,2.1381944444444443,36.147600000000004,Novel,No,20
1120,8.459027777777777,34.7406,Novel,No,20
1120,9.056944444444444,33.2398,Novel,No,20
1120,10.084027777777777,33.146,Novel,No,20
1120,11.10138888888889,negative,Novel,No,20
1120,11.10138888888889,negative,Novel,No,20
1120,11.10138888888889,negative,Novel,No,20
1120,12.128472222222221,negative,Novel,No,20
1120,12.128472222222221,38.305,Novel,No,20
1120,12.128472222222221,38.9348,Novel,No,20
1120,13.151388888888889,negative,Novel,No,20
1120,13.151388888888889,negative,Novel,No,20
1120,13.151388888888889,negative,Novel,No,20
1120,14.10625,negative,Novel,No,20
1120,14.10625,negative,Novel,No,20
1120,14.10625,negative,Novel,No,20
1120,15.104861111111111,negative,Novel,No,20
1120,15.104861111111111,negative,Novel,No,20
1120,15.104861111111111,negative,Novel,No,20
1120,16.10625,negative,Novel,No,20
1120,17.334722222222222,negative,Novel,No,20
1120,17.4,negative,Novel,No,20
1120,18.01527777777778,38.827600000000004,Novel,No,20
1120,18.01527777777778,negative,Novel,No,20
1120,18.01527777777778,37.7824,Novel,No,20
1120,18.61875,37.6484,Novel,No,20
1120,18.61875,37.702,Novel,No,20
1120,18.61875,negative,Novel,No,20
1120,19.021527777777777,negative,Novel,No,20
1120,19.645833333333332,negative,Novel,No,20
1120,20.40972222222222,34.1912,Novel,No,20
1158,-12.960416666666667,negative,Novel,No,21
1158,-12.003472222222221,negative,Novel,No,21
1158,-11.072222222222223,negative,Novel,No,21
1158,-10.124305555555555,negative,Novel,No,21
1158,-9.066666666666666,negative,Novel,No,21
1158,-8.074305555555556,negative,Novel,No,21
1158,-7.076388888888889,negative,Novel,No,21
1158,-5.981944444444444,negative,Novel,No,21
1158,-5.097222222222222,negative,Novel,No,21
1158,-4.066666666666666,negative,Novel,No,21
1158,-3.077777777777778,negative,Novel,No,21
1158,-2.0618055555555554,negative,Novel,No,21
1158,-1.18125,negative,Novel,No,21
1158,-1.18125,37.9164,Novel,No,21
1158,-1.18125,37.75560000000001,Novel,No,21
1158,0,32.7708,Novel,No,21
1158,9.231944444444444,negative,Novel,No,21
1158,9.231944444444444,37.675200000000004,Novel,No,21
1158,9.231944444444444,37.6484,Novel,No,21
1158,10.284027777777778,35.156,Novel,No,21
1158,29.11111111111111,negative,Novel,No,21
1165,-43.302083333333336,negative,Novel,No,22
1165,-41.97152777777778,negative,Novel,No,22
1165,-40.87222222222222,negative,Novel,No,22
1165,-39.87569444444444,negative,Novel,No,22
1165,-38.87569444444444,negative,Novel,No,22
1165,-37.859722222222224,negative,Novel,No,22
1165,-36.87638888888889,negative,Novel,No,22
1165,-35.87013888888889,negative,Novel,No,22
1165,-34.91875,negative,Novel,No,22
1165,-33.919444444444444,negative,Novel,No,22
1165,-32.87083333333333,negative,Novel,No,22
1165,-31.95,negative,Novel,No,22
1165,-30.992361111111112,negative,Novel,No,22
1165,-29.938194444444445,negative,Novel,No,22
1165,-28.978472222222223,negative,Novel,No,22
1165,-28.733333333333334,negative,Novel,No,22
1165,-27.035416666666666,negative,Novel,No,22
1165,-25.988194444444446,negative,Novel,No,22
1165,-25.00625,negative,Novel,No,22
1165,-23.91875,negative,Novel,No,22
1165,-23.07986111111111,negative,Novel,No,22
1165,-22.09513888888889,negative,Novel,No,22
1165,-21.090972222222224,negative,Novel,No,22
1165,-20.088194444444444,negative,Novel,No,22
1165,-19.059722222222224,negative,Novel,No,22
1165,-17.925,negative,Novel,No,22
1165,-17.03472222222222,negative,Novel,No,22
1165,-15.890972222222222,negative,Novel,No,22
1165,-15.034027777777778,negative,Novel,No,22
1165,-14.050694444444444,negative,Novel,No,22
1165,-13.064583333333333,negative,Novel,No,22
1165,-12.005555555555556,negative,Novel,No,22
1165,-10.684722222222222,negative,Novel,No,22
1165,-10.083333333333334,negative,Novel,No,22
1165,-9.04861111111111,negative,Novel,No,22
1165,-7.516666666666667,negative,Novel,No,22
1165,-6.982638888888889,negative,Novel,No,22
1165,-6.071527777777778,negative,Novel,No,22
1165,-4.9625,negative,Novel,No,22
1165,-4.052083333333333,negative,Novel,No,22
1165,-3.0520833333333335,35.29,Novel,No,22
1165,-0.8777777777777778,32.9048,Novel,No,22
1165,0,27.7324,Novel,No,22
1165,0.9986111111111111,29.166200000000003,Novel,No,22
1165,2.115972222222222,34.553000000000004,Novel,No,22
1165,3.1319444444444446,29.983600000000003,Novel,No,22
1165,4.134027777777778,31.002000000000002,Novel,No,22
1165,5.147222222222222,30.626800000000003,Novel,No,22
1165,6.124305555555556,33.548,Novel,No,22
1165,7.108333333333333,negative,Novel,No,22
1165,7.108333333333333,37.2464,Novel,No,22
1165,7.108333333333333,38.3184,Novel,No,22
1165,8.155555555555555,negative,Novel,No,22
1165,9.40625,negative,Novel,No,22
1165,10.402777777777779,negative,Novel,No,22
1165,11.447916666666666,negative,Novel,No,22
1165,12.614583333333334,negative,Novel,No,22
1165,13.572916666666666,negative,Novel,No,22
1165,14.40625,negative,Novel,No,22
1165,15.572916666666666,negative,Novel,No,22
1165,16.489583333333332,negative,Novel,No,22
1165,17.634027777777778,negative,Novel,No,22
1165,18.364583333333332,negative,Novel,No,22
1191,-2.967361111111111,36.308400000000006,Novel,No,23
1191,-1.9534722222222223,36.0672,Novel,No,23
1191,-0.9777777777777777,29.3136,Novel,No,23
1191,0,23.3506,Novel,No,23
1191,2.0493055555555557,negative,Novel,No,23
1191,3.051388888888889,28.4024,Novel,No,23
1191,4.034722222222222,36.094,Novel,No,23
1191,5.047916666666667,33.2666,Novel,No,23
1191,6.044444444444444,38.479200000000006,Novel,No,23
1191,6.044444444444444,39.2028,Novel,No,23
1191,6.044444444444444,negative,Novel,No,23
1191,7.020138888888889,negative,Novel,No,23
1191,7.020138888888889,negative,Novel,No,23
1191,7.020138888888889,39.832600000000006,Novel,No,23
1191,7.986805555555556,negative,Novel,No,23
1191,9.040277777777778,negative,Novel,No,23
1191,10.030555555555555,negative,Novel,No,23
1191,10.927083333333334,37.876200000000004,Novel,No,23
1191,10.927083333333334,37.75560000000001,Novel,No,23
1191,10.927083333333334,negative,Novel,No,23
1191,12.009027777777778,negative,Novel,No,23
1191,12.999305555555555,negative,Novel,No,23
1191,12.999305555555555,negative,Novel,No,23
1191,13.98125,negative,Novel,No,23
1191,13.98125,negative,Novel,No,23
1191,15.011805555555556,negative,Novel,No,23
1191,15.938888888888888,negative,Novel,No,23
1191,16.884027777777778,negative,Novel,No,23
1191,16.884027777777778,negative,Novel,No,23
1191,17.90138888888889,negative,Novel,No,23
1191,18.948611111111113,negative,Novel,No,23
1191,19.831944444444446,negative,Novel,No,23
1191,20.77986111111111,negative,Novel,No,23
1191,21.905555555555555,negative,Novel,No,23
1191,22.783333333333335,negative,Novel,No,23
1191,23.88888888888889,negative,Novel,No,23
1191,24.922916666666666,negative,Novel,No,23
1191,24.922916666666666,negative,Novel,No,23
1191,24.922916666666666,negative,Novel,No,23
1191,25.915277777777778,negative,Novel,No,23
1191,26.8875,negative,Novel,No,23
1191,27.852083333333333,negative,Novel,No,23
1191,28.780555555555555,negative,Novel,No,23
1191,29.959722222222222,negative,Novel,No,23
1191,30.891666666666666,negative,Novel,No,23
1191,31.90277777777778,negative,Novel,No,23
1191,32.93958333333333,negative,Novel,No,23
1191,33.924305555555556,negative,Novel,No,23
1191,34.94097222222222,negative,Novel,No,23
1191,35.9625,negative,Novel,No,23
1191,36.97986111111111,negative,Novel,No,23
1191,37.952777777777776,negative,Novel,No,23
1191,38.91388888888889,negative,Novel,No,23
1191,39.94305555555555,negative,Novel,No,23
1191,40.94027777777778,negative,Novel,No,23
1191,41.923611111111114,negative,Novel,No,23
1191,42.93611111111111,negative,Novel,No,23
1191,43.91180555555555,negative,Novel,No,23
1191,45.03333333333333,negative,Novel,No,23
1191,46.44513888888889,negative,Novel,No,23
1191,46.925,negative,Novel,No,23
1191,47.354166666666664,negative,Novel,No,23
1191,47.97013888888889,negative,Novel,No,23
1191,48.51111111111111,negative,Novel,No,23
1191,49.08541666666667,negative,Novel,No,23
1191,49.93055555555556,negative,Novel,No,23
1191,51.080555555555556,negative,Novel,No,23
1191,52.175694444444446,negative,Novel,No,23
1191,53.21388888888889,negative,Novel,No,23
1191,54.358333333333334,negative,Novel,No,23
1191,55.010416666666664,negative,Novel,No,23
1191,56.07222222222222,negative,Novel,No,23
1191,57.09722222222222,negative,Novel,No,23
1191,58.30972222222222,negative,Novel,No,23
1253,-0.525,29.125999999999998,Novel,No,24
1253,0,23.605200000000004,Novel,No,24
1253,1.3243055555555556,25.6018,Novel,No,24
1253,1.3243055555555556,negative,Novel,No,24
1253,1.3243055555555556,negative,Novel,No,24
1253,9.280555555555555,negative,Novel,No,24
1253,10.3875,35.3436,Novel,No,24
1253,11.316666666666666,35.8796,Novel,No,24
1253,12.35138888888889,negative,Novel,No,24
1253,13.365972222222222,negative,Novel,No,24
1253,14.28125,34.5798,Novel,No,24
1253,15.282638888888888,negative,Novel,No,24
1253,16.478472222222223,negative,Novel,No,24
1253,17.605555555555554,38.9884,Novel,No,24
1253,17.605555555555554,negative,Novel,No,24
1253,17.605555555555554,negative,Novel,No,24
1253,18.2,negative,Novel,No,24
1253,19.351388888888888,negative,Novel,No,24
1253,19.351388888888888,negative,Novel,No,24
1253,19.351388888888888,negative,Novel,No,24
1253,20.283333333333335,39.846000000000004,Novel,No,24
1253,20.283333333333335,39.2028,Novel,No,24
1253,20.283333333333335,negative,Novel,No,24
1253,21.325,negative,Novel,No,24
1253,21.325,negative,Novel,No,24
1253,21.325,negative,Novel,No,24
1253,22.283333333333335,negative,Novel,No,24
1253,23.283333333333335,negative,Novel,No,24
1253,24.2,negative,Novel,No,24
1253,24.2,negative,Novel,No,24
1253,24.2,negative,Novel,No,24
1253,25.283333333333335,39.2028,Novel,No,24
1253,25.283333333333335,negative,Novel,No,24
1253,25.283333333333335,negative,Novel,No,24
1253,25.88888888888889,negative,Novel,No,24
1253,25.88888888888889,38.3586,Novel,No,24
1253,25.88888888888889,38.037,Novel,No,24
1253,26.2,negative,Novel,No,24
1253,27.280555555555555,negative,Novel,No,24
1253,28.2,negative,Novel,No,24
1253,29.0625,negative,Novel,No,24
1253,30.2,negative,Novel,No,24
1253,31.2,38.7472,Novel,No,24
1253,31.2,39.1224,Novel,No,24
1253,31.2,negative,Novel,No,24
1253,32.28333333333333,negative,Novel,No,24
1253,33.28333333333333,negative,Novel,No,24
1253,33.28333333333333,negative,Novel,No,24
1253,33.28333333333333,negative,Novel,No,24
1253,34.28333333333333,negative,Novel,No,24
1253,35.28333333333333,39.8594,Novel,No,24
1253,35.28333333333333,negative,Novel,No,24
1253,35.28333333333333,negative,Novel,No,24
1253,36.28333333333333,negative,Novel,No,24
1253,37.28333333333333,negative,Novel,No,24
1253,38.2,negative,Novel,No,24
1253,39.2,negative,Novel,No,24
1253,40.28333333333333,negative,Novel,No,24
1253,41.28333333333333,negative,Novel,No,24
1253,42.28333333333333,negative,Novel,No,24
1253,43.28333333333333,negative,Novel,No,24
1253,44.28333333333333,negative,Novel,No,24
1253,45.28333333333333,negative,Novel,No,24
1253,46.17638888888889,negative,Novel,No,24
1253,47.24652777777778,negative,Novel,No,24
1253,48.21041666666667,negative,Novel,No,24
1253,48.39791666666667,negative,Novel,No,24
1253,49.03402777777778,negative,Novel,No,24
1253,49.78333333333333,negative,Novel,No,24
1253,50.21388888888889,negative,Novel,No,24
1253,50.78333333333333,negative,Novel,No,24
1253,51.28333333333333,negative,Novel,No,24
1253,51.99166666666667,negative,Novel,No,24
1253,52.28333333333333,negative,Novel,No,24
1253,53.32222222222222,negative,Novel,No,24
1253,53.90833333333333,negative,Novel,No,24
1253,54.21458333333333,negative,Novel,No,24
1253,54.86666666666667,negative,Novel,No,24
1253,55.28333333333333,negative,Novel,No,24
1253,55.86666666666667,negative,Novel,No,24
1253,56.28125,negative,Novel,No,24
1253,57.325,negative,Novel,No,24
1253,57.670833333333334,negative,Novel,No,24
1253,58.358333333333334,negative,Novel,No,24
1253,58.829166666666666,negative,Novel,No,24
1253,59.33958333333333,negative,Novel,No,24
1253,59.65694444444444,negative,Novel,No,24
1253,60.31597222222222,negative,Novel,No,24
1253,60.861805555555556,negative,Novel,No,24
1253,61.34791666666667,negative,Novel,No,24
1258,-44.824305555555554,negative,Novel,No,25
1258,-43.857638888888886,negative,Novel,No,25
1258,-42.790277777777774,negative,Novel,No,25
1258,-41.791666666666664,negative,Novel,No,25
1258,-41.28402777777778,negative,Novel,No,25
1258,-39.77777777777778,negative,Novel,No,25
1258,-38.77916666666667,negative,Novel,No,25
1258,-37.83402777777778,negative,Novel,No,25
1258,-36.890972222222224,negative,Novel,No,25
1258,-35.88611111111111,negative,Novel,No,25
1258,-34.86527777777778,negative,Novel,No,25
1258,-33.920138888888886,negative,Novel,No,25
1258,-32.9375,negative,Novel,No,25
1258,-31.884027777777778,negative,Novel,No,25
1258,-29.589583333333334,negative,Novel,No,25
1258,-28.9,negative,Novel,No,25
1258,-27.827083333333334,negative,Novel,No,25
1258,-26.68263888888889,negative,Novel,No,25
1258,-26.083333333333332,negative,Novel,No,25
1258,-25,negative,Novel,No,25
1258,-24,negative,Novel,No,25
1258,-23,negative,Novel,No,25
1258,-22,negative,Novel,No,25
1258,-21,negative,Novel,No,25
1258,-20.083333333333332,negative,Novel,No,25
1258,-19,negative,Novel,No,25
1258,-18.36875,negative,Novel,No,25
1258,-18.083333333333332,negative,Novel,No,25
1258,-17.009722222222223,negative,Novel,No,25
1258,-16.083333333333332,negative,Novel,No,25
1258,-15.222916666666666,negative,Novel,No,25
1258,-14.083333333333334,negative,Novel,No,25
1258,-13.083333333333334,negative,Novel,No,25
1258,-12,negative,Novel,No,25
1258,-11,negative,Novel,No,25
1258,-10,negative,Novel,No,25
1258,-9,negative,Novel,No,25
1258,-8,negative,Novel,No,25
1258,-7,negative,Novel,No,25
1258,-5.614583333333333,negative,Novel,No,25
1258,-4,negative,Novel,No,25
1258,-3,negative,Novel,No,25
1258,-2,negative,Novel,No,25
1258,-2,negative,Novel,No,25
1258,-2,39.2028,Novel,No,25
1258,-1,36.0538,Novel,No,25
1258,0,31.980200000000004,Novel,No,25
1258,8,negative,Novel,No,25
1258,8,negative,Novel,No,25
1258,9.020138888888889,negative,Novel,No,25
1258,10,negative,Novel,No,25
1258,10.708333333333334,negative,Novel,No,25
1258,11.995138888888889,negative,Novel,No,25
1258,11.995138888888889,negative,Novel,No,25
1258,11.995138888888889,negative,Novel,No,25
1258,12.5125,negative,Novel,No,25
1258,13.0375,36.750600000000006,Novel,No,25
1258,13.393055555555556,negative,Novel,No,25
1258,14.05,negative,Novel,No,25
1258,14.05,negative,Novel,No,25
1258,14.55,negative,Novel,No,25
1258,14.55,38.961600000000004,Novel,No,25
1258,14.55,38.1174,Novel,No,25
1258,15.047916666666667,negative,Novel,No,25
1258,15.047916666666667,negative,Novel,No,25
1258,15.047916666666667,negative,Novel,No,25
1258,15.368055555555555,negative,Novel,No,25
1258,15.368055555555555,negative,Novel,No,25
1258,15.368055555555555,negative,Novel,No,25
1258,16.025694444444444,negative,Novel,No,25
1258,16.59375,negative,Novel,No,25
1258,17.054861111111112,negative,Novel,No,25
1325,-1.0604166666666666,35.4106,Novel,No,26
1325,0,24.8648,Novel,No,26
1325,1.0458333333333334,negative,Novel,No,26
1325,1.0458333333333334,negative,Novel,No,26
1325,1.0458333333333334,negative,Novel,No,26
1325,2.05,26.285200000000003,Novel,No,26
1325,8.946527777777778,35.0086,Novel,No,26
1325,9.916666666666666,32.4492,Novel,No,26
1325,11.038194444444445,37.86280000000001,Novel,No,26
1325,11.038194444444445,negative,Novel,No,26
1325,11.038194444444445,negative,Novel,No,26
1325,11.938888888888888,negative,Novel,No,26
1325,11.938888888888888,negative,Novel,No,26
1325,11.938888888888888,negative,Novel,No,26
1325,12.911805555555556,negative,Novel,No,26
1325,13.825694444444444,negative,Novel,No,26
1325,14.89861111111111,negative,Novel,No,26
1325,16.025694444444444,negative,Novel,No,26
1325,17.153472222222224,negative,Novel,No,26
1325,17.75,negative,Novel,No,26
1325,18.899305555555557,negative,Novel,No,26
1325,19.833333333333332,negative,Novel,No,26
1325,20.833333333333332,negative,Novel,No,26
1325,21.833333333333332,negative,Novel,No,26
1325,22.833333333333332,negative,Novel,No,26
1325,23.75,negative,Novel,No,26
1325,24.833333333333332,negative,Novel,No,26
1325,25.449305555555554,negative,Novel,No,26
1325,25.75,negative,Novel,No,26
1325,26.75,negative,Novel,No,26
1325,27.75,negative,Novel,No,26
1325,28.601388888888888,negative,Novel,No,26
1325,29.75,negative,Novel,No,26
1325,30.75,negative,Novel,No,26
1325,31.833333333333332,negative,Novel,No,26
1325,32.833333333333336,negative,Novel,No,26
1325,33.833333333333336,negative,Novel,No,26
1325,34.833333333333336,negative,Novel,No,26
1325,35.96666666666667,negative,Novel,No,26
1325,36.833333333333336,negative,Novel,No,26
1325,37.75,negative,Novel,No,26
1325,38.791666666666664,negative,Novel,No,26
1325,39.833333333333336,negative,Novel,No,26
1325,40.833333333333336,negative,Novel,No,26
1325,41.833333333333336,negative,Novel,No,26
1325,42.833333333333336,negative,Novel,No,26
1325,43.833333333333336,negative,Novel,No,26
1325,44.827777777777776,negative,Novel,No,26
1325,45.72986111111111,negative,Novel,No,26
1325,46.80486111111111,negative,Novel,No,26
1325,47.78194444444444,negative,Novel,No,26
1325,47.93263888888889,negative,Novel,No,26
1325,48.59166666666667,negative,Novel,No,26
1325,49.333333333333336,negative,Novel,No,26
1325,49.78263888888889,negative,Novel,No,26
1325,50.333333333333336,negative,Novel,No,26
1325,50.82083333333333,negative,Novel,No,26
1325,51.833333333333336,negative,Novel,No,26
1325,52.199305555555554,negative,Novel,No,26
1325,52.8375,negative,Novel,No,26
1325,53.833333333333336,negative,Novel,No,26
1325,54.833333333333336,negative,Novel,No,26
1325,55.825,negative,Novel,No,26
1325,56.889583333333334,negative,Novel,No,26
1325,57.87222222222222,negative,Novel,No,26
1325,58.84791666666667,negative,Novel,No,26
1325,59.84305555555556,negative,Novel,No,26
1325,60.86527777777778,negative,Novel,No,26
1368,-43.80138888888889,negative,Novel,Yes,27
1368,-42.80972222222222,negative,Novel,Yes,27
1368,-41.803472222222226,negative,Novel,Yes,27
1368,-40.830555555555556,negative,Novel,Yes,27
1368,-39.918055555555554,negative,Novel,Yes,27
1368,-38.95,negative,Novel,Yes,27
1368,-37.93958333333333,negative,Novel,Yes,27
1368,-36.950694444444444,negative,Novel,Yes,27
1368,-35.986805555555556,negative,Novel,Yes,27
1368,-34.96875,negative,Novel,Yes,27
1368,-33.925,negative,Novel,Yes,27
1368,-32.93055555555556,negative,Novel,Yes,27
1368,-31.905555555555555,negative,Novel,Yes,27
1368,-30.974305555555556,negative,Novel,Yes,27
1368,-29.99652777777778,negative,Novel,Yes,27
1368,-28.957638888888887,negative,Novel,Yes,27
1368,-27.990972222222222,negative,Novel,Yes,27
1368,-26.991666666666667,negative,Novel,Yes,27
1368,-26.040277777777778,negative,Novel,Yes,27
1368,-24.972916666666666,negative,Novel,Yes,27
1368,-23.95347222222222,negative,Novel,Yes,27
1368,-22.897916666666667,negative,Novel,Yes,27
1368,-21.970833333333335,negative,Novel,Yes,27
1368,-20.98611111111111,negative,Novel,Yes,27
1368,-19.95625,negative,Novel,Yes,27
1368,-18.9125,negative,Novel,Yes,27
1368,-17.94097222222222,negative,Novel,Yes,27
1368,-16.96736111111111,negative,Novel,Yes,27
1368,-15.988194444444444,negative,Novel,Yes,27
1368,-15.018055555555556,negative,Novel,Yes,27
1368,-14.010416666666666,negative,Novel,Yes,27
1368,-13.005555555555556,negative,Novel,Yes,27
1368,-11.994444444444444,negative,Novel,Yes,27
1368,-11.00763888888889,negative,Novel,Yes,27
1368,-9.966666666666667,negative,Novel,Yes,27
1368,-8.930555555555555,negative,Novel,Yes,27
1368,-8.11875,negative,Novel,Yes,27
1368,-6.959722222222222,negative,Novel,Yes,27
1368,-5.9222222222222225,negative,Novel,Yes,27
1368,-4.954166666666667,negative,Novel,Yes,27
1368,-3.952777777777778,negative,Novel,Yes,27
1368,-2.952777777777778,37.2598,Novel,Yes,27
1368,-1.9597222222222221,33.5212,Novel,Yes,27
1368,-0.9402777777777778,30.6,Novel,Yes,27
1368,0,26.620200000000004,Novel,Yes,27
1368,1.0097222222222222,28.188000000000002,Novel,Yes,27
1368,2.042361111111111,32.74400000000001,Novel,Yes,27
1368,3.136111111111111,26.7408,Novel,Yes,27
1368,3.5694444444444446,28.724000000000004,Novel,Yes,27
1368,4.061805555555556,37.3536,Novel,Yes,27
1368,5.055555555555555,36.563,Novel,Yes,27
1368,6.1819444444444445,negative,Novel,Yes,27
1368,7.097222222222222,negative,Novel,Yes,27
1368,7.097222222222222,negative,Novel,Yes,27
1368,7.097222222222222,negative,Novel,Yes,27
1368,8.029166666666667,negative,Novel,Yes,27
1368,9.07638888888889,negative,Novel,Yes,27
1368,10.081944444444444,negative,Novel,Yes,27
1368,11.063194444444445,negative,Novel,Yes,27
1368,11.063194444444445,negative,Novel,Yes,27
1368,11.063194444444445,negative,Novel,Yes,27
1368,12.005555555555556,negative,Novel,Yes,27
1368,13.04513888888889,negative,Novel,Yes,27
1368,14.520833333333334,39.765600000000006,Novel,Yes,27
1368,14.520833333333334,negative,Novel,Yes,27
1368,14.520833333333334,negative,Novel,Yes,27
1368,15.150694444444444,negative,Novel,Yes,27
1368,16.10972222222222,negative,Novel,Yes,27
1370,-2.0944444444444446,negative,Novel,No,28
1370,-1.0673611111111112,35.1426,Novel,No,28
1370,0,31.8998,Novel,No,28
1370,0.9902777777777778,negative,Novel,No,28
1370,0.9902777777777778,37.6886,Novel,No,28
1370,0.9902777777777778,37.9834,Novel,No,28
1370,1.9694444444444446,34.2582,Novel,No,28
1370,2.970138888888889,39.96660000000001,Novel,No,28
1370,2.970138888888889,negative,Novel,No,28
1370,2.970138888888889,39.403800000000004,Novel,No,28
1370,3.8673611111111112,negative,Novel,No,28
1370,4.865972222222222,negative,Novel,No,28
1370,5.841666666666667,negative,Novel,No,28
1370,6.852083333333334,negative,Novel,No,28
1370,7.827083333333333,37.42060000000001,Novel,No,28
1370,8.879861111111111,negative,Novel,No,28
1370,9.852777777777778,negative,Novel,No,28
1370,10.854861111111111,negative,Novel,No,28
1370,11.828472222222222,negative,Novel,No,28
1370,12.863888888888889,negative,Novel,No,28
1370,13.832638888888889,negative,Novel,No,28
1370,14.845833333333333,negative,Novel,No,28
1370,15.836805555555555,negative,Novel,No,28
1370,16.853472222222223,negative,Novel,No,28
1370,17.870833333333334,negative,Novel,No,28
1370,18.899305555555557,negative,Novel,No,28
1370,19.858333333333334,negative,Novel,No,28
1370,20.881944444444443,negative,Novel,No,28
1370,21.8625,negative,Novel,No,28
1370,22.90763888888889,negative,Novel,No,28
1370,23.900694444444444,negative,Novel,No,28
1370,24.852777777777778,negative,Novel,No,28
1370,25.84375,negative,Novel,No,28
1370,26.804861111111112,negative,Novel,No,28
1370,27.81597222222222,negative,Novel,No,28
1370,28.819444444444443,negative,Novel,No,28
1370,29.82986111111111,negative,Novel,No,28
1370,30.814583333333335,negative,Novel,No,28
1370,31.855555555555554,negative,Novel,No,28
1370,32.88055555555555,negative,Novel,No,28
1370,33.69861111111111,negative,Novel,No,28
1370,34.864583333333336,negative,Novel,No,28
1370,35.91180555555555,negative,Novel,No,28
1370,36.86527777777778,negative,Novel,No,28
1370,37.31319444444444,negative,Novel,No,28
1370,37.80694444444445,negative,Novel,No,28
1370,38.42777777777778,negative,Novel,No,28
1370,38.824305555555554,negative,Novel,No,28
1370,39.269444444444446,negative,Novel,No,28
1370,39.796527777777776,negative,Novel,No,28
1370,40.202083333333334,negative,Novel,No,28
1370,40.793055555555554,negative,Novel,No,28
1370,41.324305555555554,negative,Novel,No,28
1370,41.86388888888889,negative,Novel,No,28
1370,42.293055555555554,negative,Novel,No,28
1370,42.95763888888889,negative,Novel,No,28
1370,43.234027777777776,negative,Novel,No,28
1370,43.80555555555556,negative,Novel,No,28
1370,44.263888888888886,negative,Novel,No,28
1370,45.31111111111111,negative,Novel,No,28
1370,45.824305555555554,negative,Novel,No,28
1370,46.4125,negative,Novel,No,28
1370,46.734722222222224,negative,Novel,No,28
1370,47.388194444444444,negative,Novel,No,28
1370,48.232638888888886,negative,Novel,No,28
1370,48.81180555555556,negative,Novel,No,28
1370,50.24513888888889,negative,Novel,No,28
1370,50.950694444444444,negative,Novel,No,28
1370,52.87847222222222,negative,Novel,No,28
1370,53.827777777777776,negative,Novel,No,28
1370,54.86805555555556,negative,Novel,No,28
1370,56.33680555555556,negative,Novel,No,28
1370,56.33680555555556,negative,Novel,No,28
1370,56.33680555555556,37.702,Novel,No,28
1370,56.96180555555556,negative,Novel,No,28
1370,57.28194444444444,negative,Novel,No,28
1370,57.92777777777778,negative,Novel,No,28
1370,57.92777777777778,38.010200000000005,Novel,No,28
1371,-47.06944444444444,negative,Novel,Yes,29
1371,-46.12638888888889,negative,Novel,Yes,29
1371,-45.13125,negative,Novel,Yes,29
1371,-44.135416666666664,negative,Novel,Yes,29
1371,-43.135416666666664,negative,Novel,Yes,29
1371,-42.15277777777778,negative,Novel,Yes,29
1371,-41.170138888888886,negative,Novel,Yes,29
1371,-40.16875,negative,Novel,Yes,29
1371,-39.19305555555555,negative,Novel,Yes,29
1371,-38.172916666666666,negative,Novel,Yes,29
1371,-37.21388888888889,negative,Novel,Yes,29
1371,-36.16041666666667,negative,Novel,Yes,29
1371,-35.18680555555556,negative,Novel,Yes,29
1371,-34.18263888888889,negative,Novel,Yes,29
1371,-33.209722222222226,negative,Novel,Yes,29
1371,-32.175,negative,Novel,Yes,29
1371,-31.207638888888887,negative,Novel,Yes,29
1371,-30.195138888888888,negative,Novel,Yes,29
1371,-29.20347222222222,negative,Novel,Yes,29
1371,-28.181944444444444,negative,Novel,Yes,29
1371,-27.16875,negative,Novel,Yes,29
1371,-26.138194444444444,negative,Novel,Yes,29
1371,-25.175694444444446,negative,Novel,Yes,29
1371,-24.15625,negative,Novel,Yes,29
1371,-23.178472222222222,negative,Novel,Yes,29
1371,-22.132638888888888,negative,Novel,Yes,29
1371,-21.139583333333334,negative,Novel,Yes,29
1371,-20.1875,negative,Novel,Yes,29
1371,-19.195833333333333,negative,Novel,Yes,29
1371,-18.23402777777778,negative,Novel,Yes,29
1371,-17.22361111111111,negative,Novel,Yes,29
1371,-16.220833333333335,negative,Novel,Yes,29
1371,-15.210416666666667,negative,Novel,Yes,29
1371,-14.225694444444445,negative,Novel,Yes,29
1371,-13.184027777777779,negative,Novel,Yes,29
1371,-12.159027777777778,negative,Novel,Yes,29
1371,-11.34375,negative,Novel,Yes,29
1371,-10.175,negative,Novel,Yes,29
1371,-9.120138888888889,negative,Novel,Yes,29
1371,-8.175694444444444,negative,Novel,Yes,29
1371,-7.729166666666667,negative,Novel,Yes,29
1371,-7.2340277777777775,negative,Novel,Yes,29
1371,-6.613194444444445,negative,Novel,Yes,29
1371,-6.613194444444445,38.8544,Novel,Yes,29
1371,-6.613194444444445,negative,Novel,Yes,29
1371,-6.213888888888889,34.0706,Novel,Yes,29
1371,-5.771527777777778,34.0036,Novel,Yes,29
1371,-5.177083333333333,28.616800000000005,Novel,Yes,29
1371,-4.24375,21.5818,Novel,Yes,29
1371,0,13.622200000000003,Novel,Yes,29
1371,0.8604166666666667,25.829600000000006,Novel,Yes,29
1371,1.863888888888889,31.605000000000004,Novel,Yes,29
1371,2.9458333333333333,27.7324,Novel,Yes,29
1371,3.7666666666666666,29.635200000000005,Novel,Yes,29
1371,4.915972222222222,32.918200000000006,Novel,Yes,29
1371,5.850694444444445,34.5932,Novel,Yes,29
1371,6.905555555555556,37.367,Novel,Yes,29
1371,7.845833333333333,34.6066,Novel,Yes,29
1371,8.780555555555555,negative,Novel,Yes,29
1371,9.827083333333333,negative,Novel,Yes,29
1371,9.827083333333333,negative,Novel,Yes,29
1371,9.827083333333333,negative,Novel,Yes,29
1371,10.85138888888889,36.951600000000006,Novel,Yes,29
1371,11.7875,negative,Novel,Yes,29
1371,12.785416666666666,negative,Novel,Yes,29
1374,-47.0875,negative,Novel,Yes,30
1374,-46.111111111111114,negative,Novel,Yes,30
1374,-45.12152777777778,negative,Novel,Yes,30
1374,-44.136805555555554,negative,Novel,Yes,30
1374,-43.18402777777778,negative,Novel,Yes,30
1374,-42.138888888888886,negative,Novel,Yes,30
1374,-41.16736111111111,negative,Novel,Yes,30
1374,-40.16319444444444,negative,Novel,Yes,30
1374,-39.18958333333333,negative,Novel,Yes,30
1374,-38.19166666666667,negative,Novel,Yes,30
1374,-37.21319444444445,negative,Novel,Yes,30
1374,-36.15763888888889,negative,Novel,Yes,30
1374,-35.18402777777778,negative,Novel,Yes,30
1374,-34.17986111111111,negative,Novel,Yes,30
1374,-33.20625,negative,Novel,Yes,30
1374,-32.16736111111111,negative,Novel,Yes,30
1374,-31.202083333333334,negative,Novel,Yes,30
1374,-30.180555555555557,negative,Novel,Yes,30
1374,-29.18611111111111,negative,Novel,Yes,30
1374,-28.184722222222224,negative,Novel,Yes,30
1374,-27.161805555555556,negative,Novel,Yes,30
1374,-26.136111111111113,negative,Novel,Yes,30
1374,-25.166666666666668,negative,Novel,Yes,30
1374,-24.153472222222224,negative,Novel,Yes,30
1374,-23.178472222222222,negative,Novel,Yes,30
1374,-22.131944444444443,negative,Novel,Yes,30
1374,-21.1375,negative,Novel,Yes,30
1374,-20.18611111111111,negative,Novel,Yes,30
1374,-19.19097222222222,negative,Novel,Yes,30
1374,-18.231944444444444,negative,Novel,Yes,30
1374,-17.22222222222222,negative,Novel,Yes,30
1374,-16.215972222222224,negative,Novel,Yes,30
1374,-15.208333333333334,negative,Novel,Yes,30
1374,-14.223611111111111,negative,Novel,Yes,30
1374,-13.179166666666667,negative,Novel,Yes,30
1374,-12.146527777777777,negative,Novel,Yes,30
1374,-11.344444444444445,negative,Novel,Yes,30
1374,-10.172222222222222,negative,Novel,Yes,30
1374,-9.118055555555555,negative,Novel,Yes,30
1374,-8.175,negative,Novel,Yes,30
1374,-7.729861111111111,negative,Novel,Yes,30
1374,-7.232638888888889,negative,Novel,Yes,30
1374,-6.6125,negative,Novel,Yes,30
1374,-6.211111111111111,negative,Novel,Yes,30
1374,-6.211111111111111,39.48420000000001,Novel,Yes,30
1374,-6.211111111111111,negative,Novel,Yes,30
1374,-5.770138888888889,negative,Novel,Yes,30
1374,-5.770138888888889,negative,Novel,Yes,30
1374,-5.770138888888889,negative,Novel,Yes,30
1374,-5.170833333333333,27.544800000000002,Novel,Yes,30
1374,-4.238194444444445,24.2752,Novel,Yes,30
1374,0,23.993800000000004,Novel,Yes,30
1374,0.8604166666666667,35.1694,Novel,Yes,30
1374,1.8631944444444444,34.1644,Novel,Yes,30
1374,2.9444444444444446,38.6266,Novel,Yes,30
1374,2.9444444444444446,negative,Novel,Yes,30
1374,2.9444444444444446,38.010200000000005,Novel,Yes,30
1374,3.926388888888889,34.4726,Novel,Yes,30
1374,4.804166666666666,negative,Novel,Yes,30
1374,4.804166666666666,negative,Novel,Yes,30
1374,4.804166666666666,negative,Novel,Yes,30
1374,5.870138888888889,39.3502,Novel,Yes,30
1374,5.870138888888889,negative,Novel,Yes,30
1374,5.870138888888889,39.403800000000004,Novel,Yes,30
1374,6.857638888888889,negative,Novel,Yes,30
1374,6.857638888888889,negative,Novel,Yes,30
1374,6.857638888888889,negative,Novel,Yes,30
1374,7.819444444444445,negative,Novel,Yes,30
1374,7.819444444444445,negative,Novel,Yes,30
1374,7.819444444444445,negative,Novel,Yes,30
1374,8.792361111111111,negative,Novel,Yes,30
1374,9.829166666666667,negative,Novel,Yes,30
1374,10.899305555555555,negative,Novel,Yes,30
1374,11.928472222222222,negative,Novel,Yes,30
1374,11.928472222222222,negative,Novel,Yes,30
1374,11.928472222222222,negative,Novel,Yes,30
1374,12.871527777777779,negative,Novel,Yes,30
1375,-43.861111111111114,negative,Novel,Yes,31
1375,-42.83263888888889,negative,Novel,Yes,31
1375,-41.831944444444446,negative,Novel,Yes,31
1375,-40.81527777777778,negative,Novel,Yes,31
1375,-39.90416666666667,negative,Novel,Yes,31
1375,-38.916666666666664,negative,Novel,Yes,31
1375,-37.90972222222222,negative,Novel,Yes,31
1375,-36.93472222222222,negative,Novel,Yes,31
1375,-35.95902777777778,negative,Novel,Yes,31
1375,-34.94513888888889,negative,Novel,Yes,31
1375,-33.984722222222224,negative,Novel,Yes,31
1375,-32.92916666666667,negative,Novel,Yes,31
1375,-31.954166666666666,negative,Novel,Yes,31
1375,-30.950694444444444,negative,Novel,Yes,31
1375,-29.976388888888888,negative,Novel,Yes,31
1375,-28.93611111111111,negative,Novel,Yes,31
1375,-27.97361111111111,negative,Novel,Yes,31
1375,-26.958333333333332,negative,Novel,Yes,31
1375,-25.957638888888887,negative,Novel,Yes,31
1375,-24.944444444444443,negative,Novel,Yes,31
1375,-23.93263888888889,negative,Novel,Yes,31
1375,-22.897916666666667,negative,Novel,Yes,31
1375,-21.930555555555557,negative,Novel,Yes,31
1375,-20.924305555555556,negative,Novel,Yes,31
1375,-19.95,negative,Novel,Yes,31
1375,-18.903472222222224,negative,Novel,Yes,31
1375,-17.908333333333335,negative,Novel,Yes,31
1375,-16.957638888888887,negative,Novel,Yes,31
1375,-15.9625,negative,Novel,Yes,31
1375,-15.002083333333333,negative,Novel,Yes,31
1375,-13.993055555555555,negative,Novel,Yes,31
1375,-12.9875,negative,Novel,Yes,31
1375,-11.978472222222223,negative,Novel,Yes,31
1375,-10.994444444444444,negative,Novel,Yes,31
1375,-9.948611111111111,negative,Novel,Yes,31
1375,-8.917361111111111,negative,Novel,Yes,31
1375,-8.116666666666667,negative,Novel,Yes,31
1375,-6.9430555555555555,negative,Novel,Yes,31
1375,-5.888888888888889,negative,Novel,Yes,31
1375,-5.888888888888889,39.095600000000005,Novel,Yes,31
1375,-5.888888888888889,34.687000000000005,Novel,Yes,31
1375,-4.946527777777778,36.3754,Novel,Yes,31
1375,-3.9520833333333334,33.293400000000005,Novel,Yes,31
1375,-2.953472222222222,27.236600000000003,Novel,Yes,31
1375,-1.9638888888888888,23.2166,Novel,Yes,31
1375,-0.9402777777777778,21.916800000000002,Novel,Yes,31
1375,0,21.8766,Novel,Yes,31
1375,1.0069444444444444,27.866400000000006,Novel,Yes,31
1375,2.0388888888888888,30.251600000000003,Novel,Yes,31
1375,3.1319444444444446,37.1258,Novel,Yes,31
1375,3.5694444444444446,34.4726,Novel,Yes,31
1375,4.063194444444444,36.2682,Novel,Yes,31
1375,5.0569444444444445,negative,Novel,Yes,31
1375,5.0569444444444445,negative,Novel,Yes,31
1375,5.0569444444444445,36.9784,Novel,Yes,31
1375,6.99375,39.31,Novel,Yes,31
1375,6.99375,39.377,Novel,Yes,31
1375,6.99375,negative,Novel,Yes,31
1375,8.03125,negative,Novel,Yes,31
1375,8.03125,39.846000000000004,Novel,Yes,31
1375,8.03125,negative,Novel,Yes,31
1375,9.07638888888889,negative,Novel,Yes,31
1375,9.07638888888889,negative,Novel,Yes,31
1375,9.07638888888889,negative,Novel,Yes,31
1375,10.1,negative,Novel,Yes,31
1375,11.073611111111111,negative,Novel,Yes,31
1375,11.073611111111111,negative,Novel,Yes,31
1375,11.073611111111111,negative,Novel,Yes,31
1375,12.018055555555556,negative,Novel,Yes,31
1375,12.018055555555556,negative,Novel,Yes,31
1375,12.018055555555556,negative,Novel,Yes,31
1375,13.059722222222222,negative,Novel,Yes,31
1375,14.133333333333333,negative,Novel,Yes,31
1375,15.14861111111111,negative,Novel,Yes,31
1375,16.1,negative,Novel,Yes,31
1437,-8.056944444444444,35.4508,Novel,No,32
1437,0,29.5816,Novel,No,32
1437,1.9097222222222223,36.013600000000004,Novel,No,32
1437,2.9694444444444446,36.1074,Novel,No,32
1437,3.9131944444444446,negative,Novel,No,32
1437,4.920138888888889,38.6266,Novel,No,32
1437,4.920138888888889,negative,Novel,No,32
1437,4.920138888888889,39.6852,Novel,No,32
1437,5.879166666666666,negative,Novel,No,32
1437,6.851388888888889,negative,Novel,No,32
1437,8.003472222222221,negative,Novel,No,32
1437,8.003472222222221,negative,Novel,No,32
1437,8.003472222222221,negative,Novel,No,32
1437,8.92986111111111,negative,Novel,No,32
1437,9.870138888888889,negative,Novel,No,32
1437,10.908333333333333,negative,Novel,No,32
1437,11.824305555555556,negative,Novel,No,32
1437,12.886805555555556,negative,Novel,No,32
1437,13.815972222222221,negative,Novel,No,32
1437,14.86875,negative,Novel,No,32
1437,15.790972222222223,negative,Novel,No,32
1437,16.956944444444446,negative,Novel,No,32
1437,17.88888888888889,negative,Novel,No,32
1437,18.836805555555557,negative,Novel,No,32
1437,19.88125,negative,Novel,No,32
1437,20.916666666666668,negative,Novel,No,32
1437,22.009722222222223,negative,Novel,No,32
1437,22.886805555555554,negative,Novel,No,32
1437,23.858333333333334,negative,Novel,No,32
1437,24.89027777777778,negative,Novel,No,32
1437,25.860416666666666,negative,Novel,No,32
1437,26.865972222222222,negative,Novel,No,32
1437,27.84375,negative,Novel,No,32
1437,28.854166666666668,negative,Novel,No,32
1437,29.889583333333334,negative,Novel,No,32
1437,30.935416666666665,negative,Novel,No,32
1437,31.863194444444446,negative,Novel,No,32
1437,32.298611111111114,negative,Novel,No,32
1437,32.87847222222222,negative,Novel,No,32
1437,33.83125,negative,Novel,No,32
1437,34.857638888888886,negative,Novel,No,32
1437,35.886805555555554,negative,Novel,No,32
1437,36.27777777777778,negative,Novel,No,32
1437,36.86875,negative,Novel,No,32
1437,37.893055555555556,negative,Novel,No,32
1437,38.830555555555556,negative,Novel,No,32
1437,39.34583333333333,negative,Novel,No,32
1437,40.12152777777778,negative,Novel,No,32
1437,40.83680555555556,negative,Novel,No,32
1437,41.28472222222222,negative,Novel,No,32
1437,41.83125,negative,Novel,No,32
1437,42.852777777777774,negative,Novel,No,32
1437,43.87152777777778,negative,Novel,No,32
1437,44.86805555555556,negative,Novel,No,32
1437,46.12916666666667,negative,Novel,No,32
1437,46.89930555555556,negative,Novel,No,32
1437,47.89652777777778,negative,Novel,No,32
1437,48.88263888888889,negative,Novel,No,32
1437,49.89375,negative,Novel,No,32
1437,50.88472222222222,negative,Novel,No,32
1437,52.03958333333333,negative,Novel,No,32
1441,-43.886805555555554,negative,Novel,No,33
1441,-42.875,negative,Novel,No,33
1441,-41.888888888888886,negative,Novel,No,33
1441,-40.97986111111111,negative,Novel,No,33
1441,-40.053472222222226,negative,Novel,No,33
1441,-38.84027777777778,negative,Novel,No,33
1441,-38.00347222222222,negative,Novel,No,33
1441,-37.075694444444444,negative,Novel,No,33
1441,-36.072916666666664,negative,Novel,No,33
1441,-35.075,negative,Novel,No,33
1441,-34.040277777777774,negative,Novel,No,33
1441,-32.949305555555554,negative,Novel,No,33
1441,-32.05833333333333,negative,Novel,No,33
1441,-31.04861111111111,negative,Novel,No,33
1441,-30.025,negative,Novel,No,33
1441,-29.020138888888887,negative,Novel,No,33
1441,-27.89097222222222,negative,Novel,No,33
1441,-26.813194444444445,negative,Novel,No,33
1441,-26.02638888888889,negative,Novel,No,33
1441,-25.063194444444445,negative,Novel,No,33
1441,-24.06388888888889,negative,Novel,No,33
1441,-23.039583333333333,negative,Novel,No,33
1441,-22.02777777777778,negative,Novel,No,33
1441,-21.080555555555556,negative,Novel,No,33
1441,-20.063194444444445,negative,Novel,No,33
1441,-18.95347222222222,negative,Novel,No,33
1441,-18.00138888888889,negative,Novel,No,33
1441,-16.877083333333335,negative,Novel,No,33
1441,-16.013194444444444,negative,Novel,No,33
1441,-15.034722222222221,negative,Novel,No,33
1441,-13.92986111111111,negative,Novel,No,33
1441,-13.01875,negative,Novel,No,33
1441,-12.06875,negative,Novel,No,33
1441,-11.05486111111111,negative,Novel,No,33
1441,-10.034027777777778,negative,Novel,No,33
1441,-8.970833333333333,negative,Novel,No,33
1441,-7.945138888888889,negative,Novel,No,33
1441,-7.075,negative,Novel,No,33
1441,-6.027777777777778,negative,Novel,No,33
1441,-5.665277777777778,negative,Novel,No,33
1441,-4.9847222222222225,negative,Novel,No,33
1441,-4.045833333333333,negative,Novel,No,33
1441,-4.045833333333333,38.77400000000001,Novel,No,33
1441,-4.045833333333333,38.760600000000004,Novel,No,33
1441,-3.6,negative,Novel,No,33
1441,-3.0069444444444446,38.1308,Novel,No,33
1441,-3.0069444444444446,37.7422,Novel,No,33
1441,-3.0069444444444446,negative,Novel,No,33
1441,-2.0083333333333333,negative,Novel,No,33
1441,-1.0576388888888888,35.330200000000005,Novel,No,33
1441,0,20.2016,Novel,No,33
1441,5.951388888888889,36.5094,Novel,No,33
1441,7.075694444444444,37.62160000000001,Novel,No,33
1441,7.075694444444444,negative,Novel,No,33
1441,7.075694444444444,37.95660000000001,Novel,No,33
1441,7.970138888888889,39.57800000000001,Novel,No,33
1441,7.970138888888889,negative,Novel,No,33
1441,7.970138888888889,38.506,Novel,No,33
1441,8.995833333333334,38.8544,Novel,No,33
1441,8.995833333333334,negative,Novel,No,33
1441,8.995833333333334,39.01520000000001,Novel,No,33
1441,10.300694444444444,negative,Novel,No,33
1441,10.300694444444444,negative,Novel,No,33
1441,10.300694444444444,negative,Novel,No,33
1441,10.938194444444445,negative,Novel,No,33
1441,10.938194444444445,negative,Novel,No,33
1441,10.938194444444445,negative,Novel,No,33
1441,12.038194444444445,negative,Novel,No,33
1441,12.038194444444445,negative,Novel,No,33
1441,12.038194444444445,negative,Novel,No,33
1441,13.432638888888889,negative,Novel,No,33
1441,13.432638888888889,negative,Novel,No,33
1441,13.432638888888889,negative,Novel,No,33
1441,14.227083333333333,negative,Novel,No,33
1441,15.144444444444444,negative,Novel,No,33
1443,-45.109027777777776,negative,Novel,No,34
1443,-44.11875,negative,Novel,No,34
1443,-43.174305555555556,negative,Novel,No,34
1443,-42.34791666666667,negative,Novel,No,34
1443,-41.394444444444446,negative,Novel,No,34
1443,-40.17777777777778,negative,Novel,No,34
1443,-39.34861111111111,negative,Novel,No,34
1443,-38.42986111111111,negative,Novel,No,34
1443,-37.42777777777778,negative,Novel,No,34
1443,-36.41388888888889,negative,Novel,No,34
1443,-35.38472222222222,negative,Novel,No,34
1443,-34.34027777777778,negative,Novel,No,34
1443,-33.38333333333333,negative,Novel,No,34
1443,-32.34930555555555,negative,Novel,No,34
1443,-31.37013888888889,negative,Novel,No,34
1443,-30.372222222222224,negative,Novel,No,34
1443,-29.21875,negative,Novel,No,34
1443,-28.136111111111113,negative,Novel,No,34
1443,-27.35625,negative,Novel,No,34
1443,-26.394444444444446,negative,Novel,No,34
1443,-25.388194444444444,negative,Novel,No,34
1443,-24.375694444444445,negative,Novel,No,34
1443,-23.365972222222222,negative,Novel,No,34
1443,-22.372222222222224,negative,Novel,No,34
1443,-21.324305555555554,negative,Novel,No,34
1443,-20.293055555555554,negative,Novel,No,34
1443,-19.341666666666665,negative,Novel,No,34
1443,-18.263194444444444,negative,Novel,No,34
1443,-17.3375,negative,Novel,No,34
1443,-16.384027777777778,negative,Novel,No,34
1443,-15.241666666666667,negative,Novel,No,34
1443,-14.363888888888889,negative,Novel,No,34
1443,-13.419444444444444,negative,Novel,No,34
1443,-12.403472222222222,negative,Novel,No,34
1443,-11.374305555555555,negative,Novel,No,34
1443,-10.309027777777779,negative,Novel,No,34
1443,-9.315277777777778,negative,Novel,No,34
1443,-8.428472222222222,36.0672,Novel,No,34
1443,-7.376388888888889,28.255000000000003,Novel,No,34
1443,-7.020833333333333,33.6954,Novel,No,34
1443,0,27.397400000000005,Novel,No,34
1443,0.6409722222222223,30.0238,Novel,No,34
1443,1.60625,36.2012,Novel,No,34
1443,2.629166666666667,36.080600000000004,Novel,No,34
1443,3.6104166666666666,39.1894,Novel,No,34
1443,3.6104166666666666,negative,Novel,No,34
1443,3.6104166666666666,38.90800000000001,Novel,No,34
1443,4.025,negative,Novel,No,34
1443,4.025,negative,Novel,No,34
1443,4.025,negative,Novel,No,34
1443,4.592361111111111,negative,Novel,No,34
1443,4.592361111111111,negative,Novel,No,34
1443,4.592361111111111,negative,Novel,No,34
1443,5.055555555555555,negative,Novel,No,34
1443,5.940277777777778,negative,Novel,No,34
1443,7.11875,negative,Novel,No,34
1443,8.036111111111111,negative,Novel,No,34
1443,8.950694444444444,negative,Novel,No,34
1443,10.022222222222222,negative,Novel,No,34
1443,10.661805555555556,negative,Novel,No,34
1443,12.070833333333333,negative,Novel,No,34
1443,12.858333333333333,negative,Novel,No,34
1443,13.797222222222222,negative,Novel,No,34
1447,-41.93888888888889,negative,Novel,No,35
1447,-40.94444444444444,negative,Novel,No,35
1447,-39.94097222222222,negative,Novel,No,35
1447,-38.954166666666666,negative,Novel,No,35
1447,-38.045833333333334,negative,Novel,No,35
1447,-36.78055555555556,negative,Novel,No,35
1447,-35.989583333333336,negative,Novel,No,35
1447,-35.06666666666667,negative,Novel,No,35
1447,-34.06666666666667,negative,Novel,No,35
1447,-33.06666666666667,negative,Novel,No,35
1447,-31.990277777777777,negative,Novel,No,35
1447,-30.927777777777777,negative,Novel,No,35
1447,-30.022222222222222,negative,Novel,No,35
1447,-28.99861111111111,negative,Novel,No,35
1447,-28.014583333333334,negative,Novel,No,35
1447,-26.997916666666665,negative,Novel,No,35
1447,-25.85902777777778,negative,Novel,No,35
1447,-24.889583333333334,negative,Novel,No,35
1447,-24.000694444444445,negative,Novel,No,35
1447,-23.04513888888889,negative,Novel,No,35
1447,-22.044444444444444,negative,Novel,No,35
1447,-21.01875,negative,Novel,No,35
1447,-20.007638888888888,negative,Novel,No,35
1447,-19.06875,negative,Novel,No,35
1447,-17.950694444444444,negative,Novel,No,35
1447,-16.940277777777776,negative,Novel,No,35
1447,-15.983333333333333,negative,Novel,No,35
1447,-14.900694444444444,negative,Novel,No,35
1447,-13.995833333333334,negative,Novel,No,35
1447,-13.026388888888889,negative,Novel,No,35
1447,-11.905555555555555,negative,Novel,No,35
1447,-11.008333333333333,negative,Novel,No,35
1447,-10.059722222222222,negative,Novel,No,35
1447,-9.047222222222222,negative,Novel,No,35
1447,-8.006944444444445,negative,Novel,No,35
1447,-6.961805555555555,negative,Novel,No,35
1447,-5.934027777777778,negative,Novel,No,35
1447,-5.063888888888889,negative,Novel,No,35
1447,-4.0159722222222225,negative,Novel,No,35
1447,-3.657638888888889,negative,Novel,No,35
1447,-2.967361111111111,negative,Novel,No,35
1447,-2.967361111111111,38.1174,Novel,No,35
1447,-2.967361111111111,37.99680000000001,Novel,No,35
1447,-2.025,negative,Novel,No,35
1447,-2.025,38.9348,Novel,No,35
1447,-2.025,39.31,Novel,No,35
1447,0,28.616800000000005,Novel,No,35
1447,4.973611111111111,30.1042,Novel,No,35
1447,5.990972222222222,33.869600000000005,Novel,No,35
1447,6.977777777777778,negative,Novel,No,35
1447,6.977777777777778,negative,Novel,No,35
1447,6.977777777777778,negative,Novel,No,35
1447,7.954166666666667,negative,Novel,No,35
1447,7.954166666666667,38.921400000000006,Novel,No,35
1447,7.954166666666667,negative,Novel,No,35
1447,8.972222222222221,negative,Novel,No,35
1447,8.972222222222221,negative,Novel,No,35
1447,8.972222222222221,39.5244,Novel,No,35
1447,9.972222222222221,negative,Novel,No,35
1447,10.996527777777779,negative,Novel,No,35
1447,12.272222222222222,negative,Novel,No,35
1447,12.272222222222222,negative,Novel,No,35
1447,12.272222222222222,negative,Novel,No,35
1447,12.95,negative,Novel,No,35
1447,14.036805555555556,negative,Novel,No,35
1447,15.435416666666667,negative,Novel,No,35
1447,16.227777777777778,negative,Novel,No,35
1447,17.155555555555555,negative,Novel,No,35
1461,-51.91041666666667,negative,Novel,No,36
1461,-50.91597222222222,negative,Novel,No,36
1461,-49.9125,negative,Novel,No,36
1461,-48.96875,negative,Novel,No,36
1461,-48.016666666666666,negative,Novel,No,36
1461,-46.829166666666666,negative,Novel,No,36
1461,-45.947916666666664,negative,Novel,No,36
1461,-45.03333333333333,negative,Novel,No,36
1461,-44.03055555555556,negative,Novel,No,36
1461,-43.01111111111111,negative,Novel,No,36
1461,-41.99166666666667,negative,Novel,No,36
1461,-40.954861111111114,negative,Novel,No,36
1461,-40.011805555555554,negative,Novel,No,36
1461,-39.00069444444444,negative,Novel,No,36
1461,-38.010416666666664,negative,Novel,No,36
1461,-37.009027777777774,negative,Novel,No,36
1461,-35.81944444444444,negative,Novel,No,36
1461,-34.78263888888889,negative,Novel,No,36
1461,-34.019444444444446,negative,Novel,No,36
1461,-32.99652777777778,negative,Novel,No,36
1461,-32.03333333333333,negative,Novel,No,36
1461,-31.05,negative,Novel,No,36
1461,-30.038888888888888,negative,Novel,No,36
1461,-29.045833333333334,negative,Novel,No,36
1461,-28.061805555555555,negative,Novel,No,36
1461,-26.88888888888889,negative,Novel,No,36
1461,-25.963194444444444,negative,Novel,No,36
1461,-24.875,negative,Novel,No,36
1461,-24.004166666666666,negative,Novel,No,36
1461,-23.01875,negative,Novel,No,36
1461,-21.835416666666667,negative,Novel,No,36
1461,-20.968055555555555,negative,Novel,No,36
1461,-20.020138888888887,negative,Novel,No,36
1461,-19.04722222222222,negative,Novel,No,36
1461,-18.0375,negative,Novel,No,36
1461,-16.963194444444444,negative,Novel,No,36
1461,-15.948611111111111,negative,Novel,No,36
1461,-15.084722222222222,negative,Novel,No,36
1461,-13.961805555555555,negative,Novel,No,36
1461,-13.624305555555555,negative,Novel,No,36
1461,-12.918055555555556,negative,Novel,No,36
1461,-11.990277777777777,negative,Novel,No,36
1461,-11.553472222222222,negative,Novel,No,36
1461,-10.974305555555556,negative,Novel,No,36
1461,-10.020138888888889,negative,Novel,No,36
1461,-8.994444444444444,negative,Novel,No,36
1461,-8.994444444444444,negative,Novel,No,36
1461,-8.994444444444444,negative,Novel,No,36
1461,-7.965277777777778,34.084,Novel,No,36
1461,0,31.5514,Novel,No,36
1461,1.0152777777777777,36.2682,Novel,No,36
1461,2.3493055555555555,39.5512,Novel,No,36
1461,2.3493055555555555,38.6132,Novel,No,36
1461,2.3493055555555555,negative,Novel,No,36
1461,3.0791666666666666,38.171,Novel,No,36
1461,3.0791666666666666,negative,Novel,No,36
1461,3.0791666666666666,38.7338,Novel,No,36
1461,4.045138888888889,negative,Novel,No,36
1461,5.038888888888889,negative,Novel,No,36
1461,5.038888888888889,negative,Novel,No,36
1461,5.038888888888889,39.8058,Novel,No,36
1461,6.044444444444444,36.027,Novel,No,36
1461,7.032638888888889,negative,Novel,No,36
1531,-42.99652777777778,negative,Novel,No,37
1531,-42.11388888888889,negative,Novel,No,37
1531,-41.12569444444444,negative,Novel,No,37
1531,-40.17777777777778,negative,Novel,No,37
1531,-39.12916666666667,negative,Novel,No,37
1531,-38.13055555555555,negative,Novel,No,37
1531,-37.14513888888889,negative,Novel,No,37
1531,-36.15277777777778,negative,Novel,No,37
1531,-35.14375,negative,Novel,No,37
1531,-34.13263888888889,negative,Novel,No,37
1531,-33.14930555555556,negative,Novel,No,37
1531,-32.770833333333336,negative,Novel,No,37
1531,-31.225694444444443,negative,Novel,No,37
1531,-30.086111111111112,negative,Novel,No,37
1531,-29.145138888888887,negative,Novel,No,37
1531,-28.131944444444443,negative,Novel,No,37
1531,-27.139583333333334,negative,Novel,No,37
1531,-26.225694444444443,negative,Novel,No,37
1531,-25.225694444444443,negative,Novel,No,37
1531,-24.225694444444443,negative,Novel,No,37
1531,-23.225694444444443,negative,Novel,No,37
1531,-22.72013888888889,negative,Novel,No,37
1531,-22.19236111111111,negative,Novel,No,37
1531,-21.68402777777778,negative,Novel,No,37
1531,-21.025,negative,Novel,No,37
1531,-20.68402777777778,negative,Novel,No,37
1531,-20.225694444444443,negative,Novel,No,37
1531,-19.225694444444443,negative,Novel,No,37
1531,-18.13125,negative,Novel,No,37
1531,-17.225694444444443,negative,Novel,No,37
1531,-16.176388888888887,negative,Novel,No,37
1531,-15.175,negative,Novel,No,37
1531,-14.184027777777779,negative,Novel,No,37
1531,-13.184027777777779,negative,Novel,No,37
1531,-12.184027777777779,negative,Novel,No,37
1531,-11.031944444444445,36.4558,Novel,No,37
1531,-10.047222222222222,28.724000000000004,Novel,No,37
1531,-9.684027777777779,29.769199999999998,Novel,No,37
1531,0,24.583400000000005,Novel,No,37
1531,0.8979166666666667,31.7926,Novel,No,37
1531,1.8888888888888888,34.043800000000005,Novel,No,37
1531,2.9131944444444446,34.7272,Novel,No,37
1531,3.854861111111111,negative,Novel,No,37
1531,3.854861111111111,38.144200000000005,Novel,No,37
1531,3.854861111111111,39.0688,Novel,No,37
1531,4.867361111111111,39.6852,Novel,No,37
1531,4.867361111111111,negative,Novel,No,37
1531,4.867361111111111,38.827600000000004,Novel,No,37
1531,5.76875,negative,Novel,No,37
1531,6.315972222222222,negative,Novel,No,37
1531,6.315972222222222,negative,Novel,No,37
1531,6.315972222222222,negative,Novel,No,37
1531,7.232638888888889,38.4658,Novel,No,37
1531,7.232638888888889,negative,Novel,No,37
1531,7.232638888888889,37.9298,Novel,No,37
1531,7.85,negative,Novel,No,37
1531,8.23263888888889,negative,Novel,No,37
1531,8.23263888888889,38.144200000000005,Novel,No,37
1531,8.23263888888889,negative,Novel,No,37
1531,8.85763888888889,37.2196,Novel,No,37
1531,8.85763888888889,negative,Novel,No,37
1531,8.85763888888889,37.75560000000001,Novel,No,37
1531,9.286805555555556,negative,Novel,No,37
1531,10.23263888888889,negative,Novel,No,37
1531,11.315972222222221,negative,Novel,No,37
1531,12.23263888888889,negative,Novel,No,37
1531,12.23263888888889,negative,Novel,No,37
1531,12.23263888888889,negative,Novel,No,37
1531,13.23263888888889,37.4474,Novel,No,37
1531,14.23263888888889,39.109,Novel,No,37
1531,14.23263888888889,negative,Novel,No,37
1531,14.23263888888889,negative,Novel,No,37
1531,15.23263888888889,negative,Novel,No,37
1531,15.774305555555555,negative,Novel,No,37
1531,15.774305555555555,negative,Novel,No,37
1531,15.774305555555555,negative,Novel,No,37
1531,16.774305555555557,36.362,Novel,No,37
1622,-4.303472222222222,25.3606,Novel,No,38
1622,-2.875,27.638600000000004,Novel,No,38
1622,-1.8833333333333333,25.8966,Novel,No,38
1622,-0.8708333333333333,21.863200000000003,Novel,No,38
1622,0,18.2586,Novel,No,38
1622,0.9881944444444445,28.523000000000003,Novel,No,38
1622,1.9895833333333333,32.5966,Novel,No,38
1622,2.9916666666666667,34.687000000000005,Novel,No,38
1622,3.9944444444444445,negative,Novel,No,38
1622,5.009722222222222,negative,Novel,No,38
1622,5.986805555555556,negative,Novel,No,38
1622,6.981944444444444,negative,Novel,No,38
1622,6.981944444444444,37.635000000000005,Novel,No,38
1622,6.981944444444444,36.1342,Novel,No,38
1622,7.976388888888889,negative,Novel,No,38
1622,7.976388888888889,negative,Novel,No,38
1622,7.976388888888889,negative,Novel,No,38
1622,8.909722222222221,negative,Novel,No,38
1622,9.847916666666666,negative,Novel,No,38
1622,11.072222222222223,negative,Novel,No,38
1622,11.904861111111112,negative,Novel,No,38
1622,12.904861111111112,negative,Novel,No,38
1622,13.904861111111112,negative,Novel,No,38
1622,14.904861111111112,negative,Novel,No,38
1622,15.904861111111112,negative,Novel,No,38
1622,16.90486111111111,negative,Novel,No,38
1622,17.90486111111111,negative,Novel,No,38
1622,18.90486111111111,negative,Novel,No,38
1622,19.958333333333332,negative,Novel,No,38
1622,20.983333333333334,negative,Novel,No,38
1622,20.983333333333334,negative,Novel,No,38
1622,20.983333333333334,negative,Novel,No,38
1622,22.17013888888889,negative,Novel,No,38
1622,22.90486111111111,negative,Novel,No,38
1622,23.91111111111111,negative,Novel,No,38
1622,23.91111111111111,negative,Novel,No,38
1622,23.91111111111111,negative,Novel,No,38
1622,24.945833333333333,negative,Novel,No,38
1622,25.90486111111111,negative,Novel,No,38
1622,26.90486111111111,negative,Novel,No,38
1622,28.090972222222224,negative,Novel,No,38
1622,28.94375,negative,Novel,No,38
1622,29.22013888888889,negative,Novel,No,38
1622,31.005555555555556,negative,Novel,No,38
1622,31.90486111111111,negative,Novel,No,38
1622,32.90486111111111,negative,Novel,No,38
1622,33.90486111111111,negative,Novel,No,38
1622,34.90486111111111,negative,Novel,No,38
1622,35.894444444444446,negative,Novel,No,38
1622,36.928472222222226,negative,Novel,No,38
1622,38.09513888888889,negative,Novel,No,38
1622,39.115972222222226,negative,Novel,No,38
1622,40.12291666666667,negative,Novel,No,38
1622,41.09722222222222,negative,Novel,No,38
1622,42.13472222222222,negative,Novel,No,38
1622,43.12986111111111,negative,Novel,No,38
1622,43.49236111111111,negative,Novel,No,38
1622,44.12638888888889,negative,Novel,No,38
1622,44.613194444444446,negative,Novel,No,38
1622,45.204861111111114,negative,Novel,No,38
1622,45.918055555555554,negative,Novel,No,38
1622,46.94236111111111,negative,Novel,No,38
1622,47.923611111111114,negative,Novel,No,38
1622,48.977777777777774,negative,Novel,No,38
1622,49.90625,negative,Novel,No,38
1622,50.90902777777778,negative,Novel,No,38
1622,51.9375,negative,Novel,No,38
1622,52.93263888888889,negative,Novel,No,38
1622,54.07222222222222,negative,Novel,No,38
1622,55.111111111111114,negative,Novel,No,38
1622,56.108333333333334,negative,Novel,No,38
1628,-38.856944444444444,negative,Novel,No,39
1628,-37.90833333333333,negative,Novel,No,39
1628,-36.91180555555555,negative,Novel,No,39
1628,-35.88333333333333,negative,Novel,No,39
1628,-34.88472222222222,negative,Novel,No,39
1628,-33.90763888888889,negative,Novel,No,39
1628,-32.888194444444444,negative,Novel,No,39
1628,-31.886805555555554,negative,Novel,No,39
1628,-30.885416666666668,negative,Novel,No,39
1628,-29.87361111111111,negative,Novel,No,39
1628,-28.909027777777776,negative,Novel,No,39
1628,-27.91875,negative,Novel,No,39
1628,-26.895138888888887,negative,Novel,No,39
1628,-25.990277777777777,negative,Novel,No,39
1628,-25.038194444444443,negative,Novel,No,39
1628,-23.800694444444446,negative,Novel,No,39
1628,-22.936805555555555,negative,Novel,No,39
1628,-22,negative,Novel,No,39
1628,-21.20625,negative,Novel,No,39
1628,-20,negative,Novel,No,39
1628,-19,negative,Novel,No,39
1628,-18,negative,Novel,No,39
1628,-17,negative,Novel,No,39
1628,-16,negative,Novel,No,39
1628,-14.950694444444444,negative,Novel,No,39
1628,-13.877083333333333,negative,Novel,No,39
1628,-12.727083333333333,negative,Novel,No,39
1628,-12,negative,Novel,No,39
1628,-10.945833333333333,negative,Novel,No,39
1628,-9.945833333333333,negative,Novel,No,39
1628,-9,negative,Novel,No,39
1628,-8,negative,Novel,No,39
1628,-6.797916666666667,negative,Novel,No,39
1628,-5.9527777777777775,negative,Novel,No,39
1628,-5.677777777777778,negative,Novel,No,39
1628,-3.892361111111111,negative,Novel,No,39
1628,-3,negative,Novel,No,39
1628,-2,33.3738,Novel,No,39
1628,-0.8784722222222222,27.786,Novel,No,39
1628,0,18.3524,Novel,No,39
1628,0.9951388888888889,21.796200000000002,Novel,No,39
1628,1.9986111111111111,31.913200000000003,Novel,No,39
1628,3.042361111111111,35.8662,Novel,No,39
1628,4.038194444444445,negative,Novel,No,39
1628,5.06875,negative,Novel,No,39
1628,5.06875,negative,Novel,No,39
1628,5.06875,negative,Novel,No,39
1628,6.04375,negative,Novel,No,39
1628,6.04375,negative,Novel,No,39
1628,6.04375,negative,Novel,No,39
1628,7.040972222222222,negative,Novel,No,39
1628,8.085416666666667,negative,Novel,No,39
1628,9.104166666666666,negative,Novel,No,39
1628,10.115972222222222,negative,Novel,No,39
1628,11.040277777777778,negative,Novel,No,39
1628,12.049305555555556,negative,Novel,No,39
1628,13.02361111111111,negative,Novel,No,39
1628,14.07986111111111,negative,Novel,No,39
1628,15.006944444444445,negative,Novel,No,39
1628,16.028472222222224,negative,Novel,No,39
1628,17.04652777777778,negative,Novel,No,39
1628,18.034027777777776,negative,Novel,No,39
1628,19.190277777777776,negative,Novel,No,39
1628,20.210416666666667,negative,Novel,No,39
1628,21.197222222222223,negative,Novel,No,39
1668,-8.916666666666666,negative,Novel,No,40
1668,-7.996527777777778,negative,Novel,No,40
1668,-7.010416666666667,negative,Novel,No,40
1668,-6.0159722222222225,negative,Novel,No,40
1668,-6.0159722222222225,negative,Novel,No,40
1668,-4.820833333333334,negative,Novel,No,40
1668,-4.011805555555555,negative,Novel,No,40
1668,-4.011805555555555,negative,Novel,No,40
1668,-3.00625,negative,Novel,No,40
1668,-3.00625,negative,Novel,No,40
1668,-1.957638888888889,26.3656,Novel,No,40
1668,-1.0034722222222223,23.6722,Novel,No,40
1668,0,19.0224,Novel,No,40
1668,0.9895833333333334,25.977000000000004,Novel,No,40
1668,2.00625,26.110999999999997,Novel,No,40
1668,3.00625,32.0338,Novel,No,40
1668,4.00625,35.96,Novel,No,40
1668,5.00625,negative,Novel,No,40
1668,5.00625,negative,Novel,No,40
1668,6.097222222222222,37.15260000000001,Novel,No,40
1668,6.88125,negative,Novel,No,40
1668,7.88125,negative,Novel,No,40
1668,7.88125,negative,Novel,No,40
1668,9.00625,negative,Novel,No,40
1668,10.153472222222222,negative,Novel,No,40
1668,11.159027777777778,negative,Novel,No,40
1668,11.88125,negative,Novel,No,40
1668,13.00763888888889,negative,Novel,No,40
1668,13.00763888888889,negative,Novel,No,40
1668,13.00763888888889,negative,Novel,No,40
1668,13.88125,negative,Novel,No,40
1668,13.88125,negative,Novel,No,40
1668,13.88125,negative,Novel,No,40
1668,14.88125,37.4072,Novel,No,40
1668,15.88125,negative,Novel,No,40
1668,16.88125,negative,Novel,No,40
1668,17.88125,negative,Novel,No,40
1668,18.88125,negative,Novel,No,40
1668,19.88125,negative,Novel,No,40
1668,20.88125,negative,Novel,No,40
1668,21.88125,negative,Novel,No,40
1668,22.88125,negative,Novel,No,40
1668,22.88125,negative,Novel,No,40
1668,22.88125,negative,Novel,No,40
1668,23.88125,negative,Novel,No,40
1668,24.88125,negative,Novel,No,40
1668,25.88125,negative,Novel,No,40
1668,26.88125,negative,Novel,No,40
1668,27.88125,negative,Novel,No,40
1668,28.88125,negative,Novel,No,40
1668,29.88125,negative,Novel,No,40
1668,31.072916666666668,negative,Novel,No,40
1668,31.88125,negative,Novel,No,40
1668,32.88125,negative,Novel,No,40
1668,33.98888888888889,negative,Novel,No,40
1668,35.06805555555555,negative,Novel,No,40
1668,35.9875,negative,Novel,No,40
1668,37.07083333333333,negative,Novel,No,40
1668,37.981944444444444,negative,Novel,No,40
1668,39.11736111111111,negative,Novel,No,40
1668,40.02708333333333,negative,Novel,No,40
1668,41.052083333333336,negative,Novel,No,40
1668,41.96180555555556,negative,Novel,No,40
1668,42.988194444444446,negative,Novel,No,40
1668,43.94375,negative,Novel,No,40
1668,44.96597222222222,negative,Novel,No,40
1668,45.893055555555556,negative,Novel,No,40
1668,46.95,negative,Novel,No,40
1668,47.90138888888889,negative,Novel,No,40
1668,48.986805555555556,negative,Novel,No,40
1668,49.97638888888889,negative,Novel,No,40
1675,-49.827083333333334,negative,Novel,No,41
1675,-48.94027777777778,negative,Novel,No,41
1675,-48.02430555555556,negative,Novel,No,41
1675,-47.03472222222222,negative,Novel,No,41
1675,-46.041666666666664,negative,Novel,No,41
1675,-45.04236111111111,negative,Novel,No,41
1675,-44.03611111111111,negative,Novel,No,41
1675,-43.02916666666667,negative,Novel,No,41
1675,-41.99930555555556,negative,Novel,No,41
1675,-41.02847222222222,negative,Novel,No,41
1675,-40.02291666666667,negative,Novel,No,41
1675,-39.03680555555555,negative,Novel,No,41
1675,-38.02986111111111,negative,Novel,No,41
1675,-37.02430555555556,negative,Novel,No,41
1675,-36.02430555555556,negative,Novel,No,41
1675,-35.02430555555556,negative,Novel,No,41
1675,-34.02430555555556,negative,Novel,No,41
1675,-33.14930555555556,negative,Novel,No,41
1675,-32.14930555555556,negative,Novel,No,41
1675,-31.024305555555557,negative,Novel,No,41
1675,-30.149305555555557,negative,Novel,No,41
1675,-28.899305555555557,negative,Novel,No,41
1675,-28.149305555555557,negative,Novel,No,41
1675,-27,negative,Novel,No,41
1675,-26.149305555555557,negative,Novel,No,41
1675,-25.149305555555557,negative,Novel,No,41
1675,-24.149305555555557,negative,Novel,No,41
1675,-23.149305555555557,negative,Novel,No,41
1675,-22.149305555555557,negative,Novel,No,41
1675,-21.149305555555557,negative,Novel,No,41
1675,-20.149305555555557,negative,Novel,No,41
1675,-19.149305555555557,negative,Novel,No,41
1675,-18.149305555555557,negative,Novel,No,41
1675,-17.149305555555557,negative,Novel,No,41
1675,-16.149305555555557,negative,Novel,No,41
1675,-15.149305555555555,negative,Novel,No,41
1675,-14.149305555555555,negative,Novel,No,41
1675,-13.149305555555555,negative,Novel,No,41
1675,-12.149305555555555,negative,Novel,No,41
1675,-11.149305555555555,negative,Novel,No,41
1675,-10.149305555555555,negative,Novel,No,41
1675,-9.149305555555555,negative,Novel,No,41
1675,-7.977777777777778,negative,Novel,No,41
1675,-7.149305555555555,negative,Novel,No,41
1675,-6.149305555555555,negative,Novel,No,41
1675,-5.149305555555555,negative,Novel,No,41
1675,-4.040277777777778,negative,Novel,No,41
1675,-2.954861111111111,negative,Novel,No,41
1675,-2.954861111111111,negative,Novel,No,41
1675,-2.954861111111111,negative,Novel,No,41
1675,-2.1493055555555554,36.496,Novel,No,41
1675,-1.89375,negative,Novel,No,41
1675,-1.89375,39.39040000000001,Novel,No,41
1675,-1.89375,negative,Novel,No,41
1675,-0.8048611111111111,26.6068,Novel,No,41
1675,0,19.437800000000003,Novel,No,41
1675,1.0270833333333333,21.7292,Novel,No,41
1675,2.020138888888889,21.488,Novel,No,41
1675,3.0243055555555554,25.816200000000002,Novel,No,41
1675,4.0152777777777775,28.9518,Novel,No,41
1675,5.000694444444444,30.827800000000003,Novel,No,41
1675,6.011111111111111,29.152800000000006,Novel,No,41
1675,7.03125,negative,Novel,No,41
1675,7.03125,39.1224,Novel,No,41
1675,7.03125,38.9482,Novel,No,41
1675,7.988888888888889,33.7624,Novel,No,41
1675,8.9625,36.080600000000004,Novel,No,41
1675,9.993055555555555,negative,Novel,No,41
1675,9.993055555555555,37.1258,Novel,No,41
1675,9.993055555555555,39.0822,Novel,No,41
1678,-38.793055555555554,negative,Novel,No,42
1678,-37.884027777777774,negative,Novel,No,42
1678,-36.89375,negative,Novel,No,42
1678,-35.89375,negative,Novel,No,42
1678,-33.8875,negative,Novel,No,42
1678,-32.88263888888889,negative,Novel,No,42
1678,-31.881944444444443,negative,Novel,No,42
1678,-30.882638888888888,negative,Novel,No,42
1678,-29.89097222222222,negative,Novel,No,42
1678,-25.875,negative,Novel,No,42
1678,-24.875,negative,Novel,No,42
1678,-23.875,negative,Novel,No,42
1678,-23,negative,Novel,No,42
1678,-20,negative,Novel,No,42
1678,-19,negative,Novel,No,42
1678,-12,negative,Novel,No,42
1678,-11,negative,Novel,No,42
1678,-10,negative,Novel,No,42
1678,-9,negative,Novel,No,42
1678,-8,negative,Novel,No,42
1678,-7,negative,Novel,No,42
1678,-6,negative,Novel,No,42
1678,-5,negative,Novel,No,42
1678,-4,negative,Novel,No,42
1678,-4,negative,Novel,No,42
1678,-4,negative,Novel,No,42
1678,-3,38.0236,Novel,No,42
1678,-3,37.6082,Novel,No,42
1678,-3,negative,Novel,No,42
1678,-2,27.8932,Novel,No,42
1678,-1,31.779200000000003,Novel,No,42
1678,0,23.565,Novel,No,42
1678,1,29.742400000000004,Novel,No,42
1678,2.1569444444444446,28.965200000000003,Novel,No,42
1678,3,26.003800000000005,Novel,No,42
1678,4,31.6184,Novel,No,42
1678,5,27.397400000000005,Novel,No,42
1678,6.108333333333333,30.0238,Novel,No,42
1678,7.156944444444444,35.0622,Novel,No,42
1678,8,27.799400000000006,Novel,No,42
1678,9.502777777777778,37.5948,Novel,No,42
1678,9.502777777777778,37.5948,Novel,No,42
1678,9.502777777777778,negative,Novel,No,42
1678,10.154861111111112,negative,Novel,No,42
1678,11.130555555555556,negative,Novel,No,42
1678,12.164583333333333,negative,Novel,No,42
1678,13.166666666666666,negative,Novel,No,42
1678,14.157638888888888,negative,Novel,No,42
1678,15.13888888888889,negative,Novel,No,42
1678,15.13888888888889,negative,Novel,No,42
1678,15.13888888888889,negative,Novel,No,42
1678,16.14236111111111,negative,Novel,No,42
1678,17.13888888888889,negative,Novel,No,42
1678,17.13888888888889,negative,Novel,No,42
1678,17.13888888888889,negative,Novel,No,42
1678,18.124305555555555,negative,Novel,No,42
1678,19.103472222222223,negative,Novel,No,42
1678,20.13125,negative,Novel,No,42
1697,-51.386805555555554,negative,Novel,No,43
1697,-50.921527777777776,negative,Novel,No,43
1697,-50.00972222222222,negative,Novel,No,43
1697,-49.03194444444444,negative,Novel,No,43
1697,-48,negative,Novel,No,43
1697,-47.00416666666667,negative,Novel,No,43
1697,-46.013194444444444,negative,Novel,No,43
1697,-45.083333333333336,negative,Novel,No,43
1697,-44.049305555555556,negative,Novel,No,43
1697,-43.05138888888889,negative,Novel,No,43
1697,-42.06458333333333,negative,Novel,No,43
1697,-41.06736111111111,negative,Novel,No,43
1697,-40.05763888888889,negative,Novel,No,43
1697,-39.04375,negative,Novel,No,43
1697,-38.09027777777778,negative,Novel,No,43
1697,-37.428472222222226,negative,Novel,No,43
1697,-36.09513888888889,negative,Novel,No,43
1697,-35.03194444444444,negative,Novel,No,43
1697,-34.083333333333336,negative,Novel,No,43
1697,-33.06944444444444,negative,Novel,No,43
1697,-32.071527777777774,negative,Novel,No,43
1697,-31.115277777777777,negative,Novel,No,43
1697,-30.086111111111112,negative,Novel,No,43
1697,-29.074305555555554,negative,Novel,No,43
1697,-28.086111111111112,negative,Novel,No,43
1697,-27.055555555555557,negative,Novel,No,43
1697,-26.059722222222224,negative,Novel,No,43
1697,-25.089583333333334,negative,Novel,No,43
1697,-24.03472222222222,negative,Novel,No,43
1697,-23.04652777777778,negative,Novel,No,43
1697,-22.132638888888888,negative,Novel,No,43
1697,-21.075694444444444,negative,Novel,No,43
1697,-20.169444444444444,negative,Novel,No,43
1697,-18.89097222222222,negative,Novel,No,43
1697,-17.968055555555555,negative,Novel,No,43
1697,-16.9,negative,Novel,No,43
1697,-16.000694444444445,negative,Novel,No,43
1697,-15.034722222222221,negative,Novel,No,43
1697,-14,negative,Novel,No,43
1697,-13.044444444444444,negative,Novel,No,43
1697,-12.065972222222221,negative,Novel,No,43
1697,-11.002777777777778,negative,Novel,No,43
1697,-9.963194444444444,negative,Novel,No,43
1697,-9.06875,negative,Novel,No,43
1697,-8.154166666666667,negative,Novel,No,43
1697,-7.031944444444444,negative,Novel,No,43
1697,-6.092361111111111,negative,Novel,No,43
1697,-5.038888888888889,negative,Novel,No,43
1697,-4.072916666666667,negative,Novel,No,43
1697,-3.071527777777778,negative,Novel,No,43
1697,-2.4875,negative,Novel,No,43
1697,-1.9833333333333334,negative,Novel,No,43
1697,-1.9833333333333334,39.631600000000006,Novel,No,43
1697,-1.9833333333333334,negative,Novel,No,43
1697,-1.41875,33.615,Novel,No,43
1697,-0.8784722222222222,29.085800000000006,Novel,No,43
1697,0,19.880000000000003,Novel,No,43
1697,5.020833333333333,30.5062,Novel,No,43
1697,5.959027777777778,30.385600000000004,Novel,No,43
1697,6.929861111111111,37.38040000000001,Novel,No,43
1697,8.074305555555556,36.7774,Novel,No,43
1697,9.073611111111111,37.3134,Novel,No,43
1726,0,18.5936,Novel,No,44
1726,0.5152777777777777,23.270200000000003,Novel,No,44
1726,5.4527777777777775,31.457600000000006,Novel,No,44
1726,9.45625,39.3234,Novel,No,44
1726,9.45625,38.5998,Novel,No,44
1726,9.45625,negative,Novel,No,44
1726,13.39861111111111,negative,Novel,No,44
1726,16.459027777777777,negative,Novel,No,44
1726,17.435416666666665,negative,Novel,No,44
1726,18.48611111111111,negative,Novel,No,44
1726,19.320833333333333,negative,Novel,No,44
1726,20.277083333333334,negative,Novel,No,44
1726,21.319444444444443,negative,Novel,No,44
1726,22.31736111111111,negative,Novel,No,44
1726,23.464583333333334,negative,Novel,No,44
1726,24.439583333333335,negative,Novel,No,44
1726,25.34027777777778,negative,Novel,No,44
1726,26.452083333333334,negative,Novel,No,44
1726,27.420833333333334,negative,Novel,No,44
1726,28.352083333333333,negative,Novel,No,44
1726,29.261111111111113,negative,Novel,No,44
1726,30.31875,negative,Novel,No,44
1726,31.219444444444445,negative,Novel,No,44
1726,32.49722222222222,negative,Novel,No,44
1726,33.419444444444444,negative,Novel,No,44
1726,34.480555555555554,negative,Novel,No,44
1726,35.490972222222226,negative,Novel,No,44
1726,36.40486111111111,negative,Novel,No,44
1726,37.43888888888889,negative,Novel,No,44
1726,38.47152777777778,negative,Novel,No,44
1726,39.458333333333336,negative,Novel,No,44
1726,40.482638888888886,negative,Novel,No,44
1726,41.45902777777778,negative,Novel,No,44
1726,42.50069444444444,negative,Novel,No,44
1726,43.361805555555556,negative,Novel,No,44
1726,44.35347222222222,negative,Novel,No,44
1726,45.29375,negative,Novel,No,44
1726,46.44375,negative,Novel,No,44
1726,47.40138888888889,negative,Novel,No,44
1726,48.33819444444445,negative,Novel,No,44
1726,48.93402777777778,negative,Novel,No,44
1726,49.45625,negative,Novel,No,44
1726,49.96736111111111,negative,Novel,No,44
1726,50.81388888888889,negative,Novel,No,44
1726,51.46180555555556,negative,Novel,No,44
1726,52.428472222222226,negative,Novel,No,44
1726,53.46597222222222,negative,Novel,No,44
1726,54.452083333333334,negative,Novel,No,44
1726,55.34513888888889,negative,Novel,No,44
1726,56.699305555555554,negative,Novel,No,44
1726,57.46875,negative,Novel,No,44
1726,58.52777777777778,negative,Novel,No,44
1726,59.33958333333333,negative,Novel,No,44
1726,60.60486111111111,negative,Novel,No,44
1726,61.485416666666666,negative,Novel,No,44
1734,-50.51875,negative,Novel,No,45
1734,-49.953472222222224,negative,Novel,No,45
1734,-49.0375,negative,Novel,No,45
1734,-47.93611111111111,negative,Novel,No,45
1734,-46.93958333333333,negative,Novel,No,45
1734,-46.1125,negative,Novel,No,45
1734,-45.0875,negative,Novel,No,45
1734,-44.06805555555555,negative,Novel,No,45
1734,-43.02847222222222,negative,Novel,No,45
1734,-42.0375,negative,Novel,No,45
1734,-41.04236111111111,negative,Novel,No,45
1734,-40.07222222222222,negative,Novel,No,45
1734,-39.047916666666666,negative,Novel,No,45
1734,-38.02986111111111,negative,Novel,No,45
1734,-37.236805555555556,negative,Novel,No,45
1734,-37.105555555555554,negative,Novel,No,45
1734,-35.22708333333333,negative,Novel,No,45
1734,-33.22708333333333,negative,Novel,No,45
1734,-32.19166666666667,negative,Novel,No,45
1734,-31.252777777777776,negative,Novel,No,45
1734,-30.227083333333333,negative,Novel,No,45
1734,-29.250694444444445,negative,Novel,No,45
1734,-28.2375,negative,Novel,No,45
1734,-27.084722222222222,negative,Novel,No,45
1734,-26.139583333333334,negative,Novel,No,45
1734,-25.09027777777778,negative,Novel,No,45
1734,-24.06875,negative,Novel,No,45
1734,-23.099305555555556,negative,Novel,No,45
1734,-22.096527777777776,negative,Novel,No,45
1734,-21.294444444444444,negative,Novel,No,45
1734,-20.191666666666666,negative,Novel,No,45
1734,-19.320833333333333,negative,Novel,No,45
1734,-18.038888888888888,negative,Novel,No,45
1734,-17.111805555555556,negative,Novel,No,45
1734,-16.130555555555556,negative,Novel,No,45
1734,-15.030555555555555,negative,Novel,No,45
1734,-14.060416666666667,negative,Novel,No,45
1734,-13.030555555555555,negative,Novel,No,45
1734,-12.031944444444445,negative,Novel,No,45
1734,-11.127777777777778,negative,Novel,No,45
1734,-10.028472222222222,negative,Novel,No,45
1734,-9.042361111111111,negative,Novel,No,45
1734,-8.0625,negative,Novel,No,45
1734,-7.3125,negative,Novel,No,45
1734,-6.195138888888889,negative,Novel,No,45
1734,-5.2555555555555555,negative,Novel,No,45
1734,-4.191666666666666,negative,Novel,No,45
1734,-3.1215277777777777,negative,Novel,No,45
1734,-2.1354166666666665,negative,Novel,No,45
1734,-2.1354166666666665,negative,Novel,No,45
1734,-2.1354166666666665,negative,Novel,No,45
1734,-1.5881944444444445,36.563,Novel,No,45
1734,-1.05,35.11580000000001,Novel,No,45
1734,0,23.8732,Novel,No,45
1734,5.060416666666667,negative,Novel,No,45
1734,5.060416666666667,38.251400000000004,Novel,No,45
1734,5.060416666666667,37.9164,Novel,No,45
1734,5.990972222222222,negative,Novel,No,45
1734,5.990972222222222,negative,Novel,No,45
1734,5.990972222222222,39.31,Novel,No,45
1734,6.98125,negative,Novel,No,45
1734,7.913194444444445,negative,Novel,No,45
1734,7.913194444444445,negative,Novel,No,45
1734,7.913194444444445,negative,Novel,No,45
1735,-54.47430555555555,negative,Novel,No,46
1735,-53.94513888888889,negative,Novel,No,46
1735,-53.022222222222226,negative,Novel,No,46
1735,-51.954861111111114,negative,Novel,No,46
1735,-50.96388888888889,negative,Novel,No,46
1735,-50.07083333333333,negative,Novel,No,46
1735,-49.02361111111111,negative,Novel,No,46
1735,-48.05972222222222,negative,Novel,No,46
1735,-47.00208333333333,negative,Novel,No,46
1735,-45.99652777777778,negative,Novel,No,46
1735,-45.03611111111111,negative,Novel,No,46
1735,-44.03472222222222,negative,Novel,No,46
1735,-43.09305555555556,negative,Novel,No,46
1735,-42.03402777777778,negative,Novel,No,46
1735,-41.21805555555556,negative,Novel,No,46
1735,-41.05972222222222,negative,Novel,No,46
1735,-39.18263888888889,negative,Novel,No,46
1735,-38.00277777777778,negative,Novel,No,46
1735,-37.18263888888889,negative,Novel,No,46
1735,-36.20625,negative,Novel,No,46
1735,-35.18263888888889,negative,Novel,No,46
1735,-34.18263888888889,negative,Novel,No,46
1735,-33.18263888888889,negative,Novel,No,46
1735,-32.21041666666667,negative,Novel,No,46
1735,-31.09236111111111,negative,Novel,No,46
1735,-30.09236111111111,negative,Novel,No,46
1735,-29.065277777777776,negative,Novel,No,46
1735,-28.031944444444445,negative,Novel,No,46
1735,-27.060416666666665,negative,Novel,No,46
1735,-26.10972222222222,negative,Novel,No,46
1735,-25.272916666666667,negative,Novel,No,46
1735,-24.190277777777776,negative,Novel,No,46
1735,-23.28611111111111,negative,Novel,No,46
1735,-22.00347222222222,negative,Novel,No,46
1735,-21.075,negative,Novel,No,46
1735,-20.05902777777778,negative,Novel,No,46
1735,-18.985416666666666,negative,Novel,No,46
1735,-18.086805555555557,negative,Novel,No,46
1735,-17.084722222222222,negative,Novel,No,46
1735,-16.08125,negative,Novel,No,46
1735,-15.09375,negative,Novel,No,46
1735,-13.984722222222222,negative,Novel,No,46
1735,-13.083333333333334,negative,Novel,No,46
1735,-12.091666666666667,negative,Novel,No,46
1735,-11.279861111111112,negative,Novel,No,46
1735,-10.16388888888889,negative,Novel,No,46
1735,-9.223611111111111,negative,Novel,No,46
1735,-8.159722222222221,negative,Novel,No,46
1735,-7.216666666666667,negative,Novel,No,46
1735,-6.093055555555556,negative,Novel,No,46
1735,-5.545833333333333,negative,Novel,No,46
1735,-5.059722222222222,negative,Novel,No,46
1735,-4.509027777777778,negative,Novel,No,46
1735,-3.9194444444444443,negative,Novel,No,46
1735,-3.6465277777777776,negative,Novel,No,46
1735,-3.0506944444444444,negative,Novel,No,46
1735,-2.6354166666666665,37.95660000000001,Novel,No,46
1735,-2.6354166666666665,negative,Novel,No,46
1735,-2.6354166666666665,37.3134,Novel,No,46
1735,-1.6298611111111112,38.961600000000004,Novel,No,46
1735,-1.6298611111111112,negative,Novel,No,46
1735,-1.6298611111111112,38.5998,Novel,No,46
1735,-1.0895833333333333,34.218,Novel,No,46
1735,0,23.484600000000004,Novel,No,46
1735,4.1097222222222225,36.7908,Novel,No,46
1735,5.072916666666667,37.1258,Novel,No,46
1735,5.072916666666667,negative,Novel,No,46
1735,5.072916666666667,38.1576,Novel,No,46
1735,6.228472222222222,negative,Novel,No,46
1820,-48.142361111111114,negative,Novel,No,47
1820,-47.053472222222226,negative,Novel,No,47
1820,-46.05416666666667,negative,Novel,No,47
1820,-45.135416666666664,negative,Novel,No,47
1820,-44.07083333333333,negative,Novel,No,47
1820,-43.08541666666667,negative,Novel,No,47
1820,-42.09305555555556,negative,Novel,No,47
1820,-41.24513888888889,negative,Novel,No,47
1820,-40.21666666666667,negative,Novel,No,47
1820,-39.22708333333333,negative,Novel,No,47
1820,-38.24791666666667,negative,Novel,No,47
1820,-37.2625,negative,Novel,No,47
1820,-36.24652777777778,negative,Novel,No,47
1820,-35.10208333333333,negative,Novel,No,47
1820,-34.19166666666667,negative,Novel,No,47
1820,-33.20763888888889,negative,Novel,No,47
1820,-32.17777777777778,negative,Novel,No,47
1820,-31.395833333333332,negative,Novel,No,47
1820,-30.3125,negative,Novel,No,47
1820,-29.3125,negative,Novel,No,47
1820,-28.15277777777778,negative,Novel,No,47
1820,-27.3125,negative,Novel,No,47
1820,-26.3125,negative,Novel,No,47
1820,-25.318055555555556,negative,Novel,No,47
1820,-24.3125,negative,Novel,No,47
1820,-23.210416666666667,negative,Novel,No,47
1820,-22.3125,negative,Novel,No,47
1820,-21.3125,negative,Novel,No,47
1820,-20.3125,negative,Novel,No,47
1820,-19.369444444444444,negative,Novel,No,47
1820,-18.479166666666668,negative,Novel,No,47
1820,-17.333333333333332,negative,Novel,No,47
1820,-16.3125,negative,Novel,No,47
1820,-15.3125,negative,Novel,No,47
1820,-14.3125,negative,Novel,No,47
1820,-13.3125,negative,Novel,No,47
1820,-12.3125,negative,Novel,No,47
1820,-11.166666666666666,negative,Novel,No,47
1820,-10.222916666666666,negative,Novel,No,47
1820,-9.3125,negative,Novel,No,47
1820,-8.3125,negative,Novel,No,47
1820,-7.281944444444444,negative,Novel,No,47
1820,-6.3125,negative,Novel,No,47
1820,-5.326388888888889,negative,Novel,No,47
1820,-4.3125,negative,Novel,No,47
1820,-3.3319444444444444,negative,Novel,No,47
1820,-2.311111111111111,negative,Novel,No,47
1820,-2.311111111111111,37.95660000000001,Novel,No,47
1820,-2.311111111111111,37.702,Novel,No,47
1820,-1.8736111111111111,39.109,Novel,No,47
1820,-1.8736111111111111,39.055400000000006,Novel,No,47
1820,-1.8736111111111111,negative,Novel,No,47
1820,0,25.950200000000002,Novel,No,47
1820,4.789583333333334,35.906400000000005,Novel,No,47
1820,7.013194444444444,35.6786,Novel,No,47
1820,7.844444444444444,37.5546,Novel,No,47
1820,8.863888888888889,38.8812,Novel,No,47
1820,8.863888888888889,negative,Novel,No,47
1820,8.863888888888889,38.841,Novel,No,47
1820,9.784722222222221,38.921400000000006,Novel,No,47
1820,9.784722222222221,negative,Novel,No,47
1820,9.784722222222221,negative,Novel,No,47
1820,10.86736111111111,negative,Novel,No,47
1820,10.86736111111111,negative,Novel,No,47
1820,10.86736111111111,negative,Novel,No,47
2275,-39.90694444444444,negative,Novel,No,48
2275,-39.00625,negative,Novel,No,48
2275,-38.08125,negative,Novel,No,48
2275,-37.05902777777778,negative,Novel,No,48
2275,-36.079861111111114,negative,Novel,No,48
2275,-34.99930555555556,negative,Novel,No,48
2275,-34.013194444444444,negative,Novel,No,48
2275,-32.984722222222224,negative,Novel,No,48
2275,-31.972916666666666,negative,Novel,No,48
2275,-31,negative,Novel,No,48
2275,-30.00625,negative,Novel,No,48
2275,-28.975,negative,Novel,No,48
2275,-27.971527777777776,negative,Novel,No,48
2275,-27.054166666666667,negative,Novel,No,48
2275,-25.963194444444444,negative,Novel,No,48
2275,-24.972916666666666,negative,Novel,No,48
2275,-23.985416666666666,negative,Novel,No,48
2275,-22.980555555555554,negative,Novel,No,48
2275,-22.042361111111113,negative,Novel,No,48
2275,-21.03263888888889,negative,Novel,No,48
2275,-19.966666666666665,negative,Novel,No,48
2275,-19.029166666666665,negative,Novel,No,48
2275,-17.927083333333332,negative,Novel,No,48
2275,-17.031944444444445,negative,Novel,No,48
2275,-15.997916666666667,negative,Novel,No,48
2275,-14.995138888888889,negative,Novel,No,48
2275,-14.07986111111111,negative,Novel,No,48
2275,-12.973611111111111,negative,Novel,No,48
2275,-11.888194444444444,negative,Novel,No,48
2275,-11.035416666666666,negative,Novel,No,48
2275,-9.991666666666667,negative,Novel,No,48
2275,-9.026388888888889,negative,Novel,No,48
2275,-8.042361111111111,negative,Novel,No,48
2275,-6.997916666666667,negative,Novel,No,48
2275,-6.031944444444444,negative,Novel,No,48
2275,-4.975,negative,Novel,No,48
2275,-3.975,negative,Novel,No,48
2275,-3.0409722222222224,negative,Novel,No,48
2275,-3.0409722222222224,negative,Novel,No,48
2275,-3.0409722222222224,39.2028,Novel,No,48
2275,-2.0694444444444446,negative,Novel,No,48
2275,-1.0375,38.2246,Novel,No,48
2275,-1.0375,38.251400000000004,Novel,No,48
2275,-1.0375,negative,Novel,No,48
2275,0,28.6704,Novel,No,48
2275,1.0006944444444446,30.613400000000006,Novel,No,48
2275,2.0180555555555557,31.055600000000005,Novel,No,48
2275,3.0083333333333333,36.1208,Novel,No,48
2275,4.004861111111111,34.017,Novel,No,48
2275,4.454861111111111,negative,Novel,No,48
2275,4.454861111111111,37.2464,Novel,No,48
2275,4.454861111111111,37.635000000000005,Novel,No,48
2275,5.03125,32.958400000000005,Novel,No,48
2275,5.458333333333333,32.0472,Novel,No,48
2275,6.020833333333333,35.3436,Novel,No,48
2275,6.447222222222222,34.4994,Novel,No,48
2275,7.007638888888889,32.8646,Novel,No,48
2275,7.4222222222222225,negative,Novel,No,48
2275,7.4222222222222225,negative,Novel,No,48
2275,7.4222222222222225,negative,Novel,No,48
2275,7.952083333333333,33.628400000000006,Novel,No,48
2275,9.009722222222223,35.946600000000004,Novel,No,48
2275,9.938194444444445,negative,Novel,No,48
2275,9.938194444444445,38.961600000000004,Novel,No,48
2275,9.938194444444445,38.4658,Novel,No,48
2275,11.00763888888889,36.4424,Novel,No,48
2275,12.041666666666666,negative,Novel,No,48
2275,12.041666666666666,negative,Novel,No,48
2275,12.041666666666666,negative,Novel,No,48
2275,12.352083333333333,negative,Novel,No,48
2275,13.044444444444444,negative,Novel,No,48
2275,13.448611111111111,negative,Novel,No,48
2275,13.589583333333334,negative,Novel,No,48
2275,13.589583333333334,negative,Novel,No,48
2275,13.589583333333334,negative,Novel,No,48
2275,14.515277777777778,negative,Novel,No,48
2275,15.306944444444444,negative,Novel,No,48
2275,16.32638888888889,negative,Novel,No,48
2275,16.32638888888889,negative,Novel,No,48
2275,16.32638888888889,negative,Novel,No,48
2275,17.32847222222222,negative,Novel,No,48
2275,18.35625,negative,Novel,No,48
2275,18.35625,negative,Novel,No,48
2275,18.35625,negative,Novel,No,48
2275,19.400694444444444,36.7774,Novel,No,48
2289,-47.43541666666667,negative,Novel,No,49
2289,-44.08263888888889,negative,Novel,No,49
2289,-43.17916666666667,negative,Novel,No,49
2289,-42.06736111111111,negative,Novel,No,49
2289,-41.139583333333334,negative,Novel,No,49
2289,-40.12708333333333,negative,Novel,No,49
2289,-39.06944444444444,negative,Novel,No,49
2289,-38.06597222222222,negative,Novel,No,49
2289,-37.047222222222224,negative,Novel,No,49
2289,-36.071527777777774,negative,Novel,No,49
2289,-35.143055555555556,negative,Novel,No,49
2289,-34.08958333333333,negative,Novel,No,49
2289,-33.071527777777774,negative,Novel,No,49
2289,-32.16319444444444,negative,Novel,No,49
2289,-31.15763888888889,negative,Novel,No,49
2289,-30.125694444444445,negative,Novel,No,49
2289,-29.12361111111111,negative,Novel,No,49
2289,-28.165277777777778,negative,Novel,No,49
2289,-27.09861111111111,negative,Novel,No,49
2289,-26.155555555555555,negative,Novel,No,49
2289,-25.15,negative,Novel,No,49
2289,-24.25347222222222,negative,Novel,No,49
2289,-23.129166666666666,negative,Novel,No,49
2289,-21.846527777777776,negative,Novel,No,49
2289,-21.147222222222222,negative,Novel,No,49
2289,-20.141666666666666,negative,Novel,No,49
2289,-19.15138888888889,negative,Novel,No,49
2289,-18.15138888888889,negative,Novel,No,49
2289,-17.129166666666666,negative,Novel,No,49
2289,-16.1375,negative,Novel,No,49
2289,-15.126388888888888,negative,Novel,No,49
2289,-13.984027777777778,negative,Novel,No,49
2289,-13.113888888888889,negative,Novel,No,49
2289,-12.153472222222222,negative,Novel,No,49
2289,-11.097916666666666,negative,Novel,No,49
2289,-10.141666666666667,negative,Novel,No,49
2289,-9.168055555555556,negative,Novel,No,49
2289,-8.207638888888889,negative,Novel,No,49
2289,-7.017361111111111,negative,Novel,No,49
2289,-6.1625,negative,Novel,No,49
2289,-5.153472222222222,negative,Novel,No,49
2289,-4.066666666666666,negative,Novel,No,49
2289,-3.517361111111111,negative,Novel,No,49
2289,-3.0097222222222224,negative,Novel,No,49
2289,-2.576388888888889,negative,Novel,No,49
2289,-2.053472222222222,39.72540000000001,Novel,No,49
2289,-2.053472222222222,negative,Novel,No,49
2289,-2.053472222222222,38.3586,Novel,No,49
2289,-1.5451388888888888,27.4912,Novel,No,49
2289,-1.1513888888888888,23.725800000000003,Novel,No,49
2289,0,19.1966,Novel,No,49
2289,1.8583333333333334,21.3004,Novel,No,49
2289,4.3284722222222225,26.5398,Novel,No,49
2289,5.45625,31.779200000000003,Novel,No,49
2289,6.267361111111111,33.4408,Novel,No,49
2289,6.860416666666667,32.0874,Novel,No,49
2289,7.8694444444444445,36.0672,Novel,No,49
2289,8.91388888888889,37.7288,Novel,No,49
2289,8.91388888888889,negative,Novel,No,49
2289,8.91388888888889,38.0772,Novel,No,49
2289,9.876388888888888,35.638400000000004,Novel,No,49
2289,10.963194444444444,negative,Novel,No,49
2289,10.963194444444444,39.162600000000005,Novel,No,49
2289,10.963194444444444,38.8946,Novel,No,49
2289,11.947222222222223,negative,Novel,No,49
2289,11.947222222222223,negative,Novel,No,49
2289,11.947222222222223,negative,Novel,No,49
2289,12.85763888888889,negative,Novel,No,49
2289,12.85763888888889,negative,Novel,No,49
2289,12.85763888888889,negative,Novel,No,49
2331,-43.75833333333333,negative,Novel,No,50
2331,-42.78472222222222,negative,Novel,No,50
2331,-41.84861111111111,negative,Novel,No,50
2331,-40.72152777777778,negative,Novel,No,50
2331,-39.81388888888889,negative,Novel,No,50
2331,-38.85486111111111,negative,Novel,No,50
2331,-37.86388888888889,negative,Novel,No,50
2331,-36.825694444444444,negative,Novel,No,50
2331,-35.81180555555556,negative,Novel,No,50
2331,-34.83263888888889,negative,Novel,No,50
2331,-33.834722222222226,negative,Novel,No,50
2331,-32.821527777777774,negative,Novel,No,50
2331,-31.916666666666668,negative,Novel,No,50
2331,-30.75,negative,Novel,No,50
2331,-29.806944444444444,negative,Novel,No,50
2331,-28.87013888888889,negative,Novel,No,50
2331,-28,negative,Novel,No,50
2331,-27,negative,Novel,No,50
2331,-25.958333333333332,negative,Novel,No,50
2331,-24.919444444444444,negative,Novel,No,50
2331,-23.821527777777778,negative,Novel,No,50
2331,-22.98402777777778,negative,Novel,No,50
2331,-21.961805555555557,negative,Novel,No,50
2331,-20.84513888888889,negative,Novel,No,50
2331,-19.823611111111113,negative,Novel,No,50
2331,-19,negative,Novel,No,50
2331,-18,negative,Novel,No,50
2331,-17,negative,Novel,No,50
2331,-16,negative,Novel,No,50
2331,-15,negative,Novel,No,50
2331,-14,negative,Novel,No,50
2331,-13,negative,Novel,No,50
2331,-12,negative,Novel,No,50
2331,-11,negative,Novel,No,50
2331,-10,negative,Novel,No,50
2331,-9,35.4642,Novel,No,50
2331,-8,29.6888,Novel,No,50
2331,-7,33.4408,Novel,No,50
2331,-6,30.7072,Novel,No,50
2331,-5.25,31.2566,Novel,No,50
2331,-4,30.5732,Novel,No,50
2331,-3,30.492800000000003,Novel,No,50
2331,-2,32.342000000000006,Novel,No,50
2331,-1,33.28,Novel,No,50
2331,0,28.4694,Novel,No,50
2331,1,31.002000000000002,Novel,No,50
2331,2.189583333333333,30.8144,Novel,No,50
2331,3,28.8044,Novel,No,50
2331,4.18125,negative,Novel,No,50
2331,4.18125,39.24300000000001,Novel,No,50
2331,4.18125,negative,Novel,No,50
2331,5,39.59140000000001,Novel,No,50
2331,5,38.9884,Novel,No,50
2331,5,negative,Novel,No,50
2331,6.188888888888889,negative,Novel,No,50
2331,6.188888888888889,negative,Novel,No,50
2331,6.188888888888889,negative,Novel,No,50
2331,7.024305555555555,negative,Novel,No,50
2331,8.158333333333333,negative,Novel,No,50
2331,9.17986111111111,negative,Novel,No,50
2331,10.164583333333333,negative,Novel,No,50
2331,11.14375,negative,Novel,No,50
2331,12.180555555555555,negative,Novel,No,50
2331,13.156944444444445,negative,Novel,No,50
2331,14.180555555555555,negative,Novel,No,50
2331,15.184722222222222,negative,Novel,No,50
2331,16.15625,negative,Novel,No,50
2667,-24.94097222222222,negative,Novel,No,51
2667,-20.98402777777778,negative,Novel,No,51
2667,-18.011805555555554,negative,Novel,No,51
2667,-14.035416666666666,negative,Novel,No,51
2667,-11.046527777777778,negative,Novel,No,51
2667,-7.045833333333333,negative,Novel,No,51
2667,-4.051388888888889,negative,Novel,No,51
2667,0,23.122800000000005,Novel,No,51
2667,11.935416666666667,38.720400000000005,Novel,No,51
2667,11.935416666666667,negative,Novel,No,51
2667,11.935416666666667,38.975,Novel,No,51
2667,13.911805555555556,37.08560000000001,Novel,No,51
2667,16.955555555555556,negative,Novel,No,51
2667,17.98263888888889,negative,Novel,No,51
2667,20.95277777777778,36.7908,Novel,No,51
2667,20.95277777777778,negative,Novel,No,51
2667,20.95277777777778,39.779,Novel,No,51
2667,24.01736111111111,negative,Novel,No,51
2667,28.029166666666665,negative,Novel,No,51
2667,31.013194444444444,negative,Novel,No,51
2667,31.013194444444444,negative,Novel,No,51
2667,31.013194444444444,negative,Novel,No,51
2667,32.00555555555555,negative,Novel,No,51
3229,-45.92777777777778,negative,Novel,Yes,52
3229,-45.013888888888886,negative,Novel,Yes,52
3229,-43.8875,negative,Novel,Yes,52
3229,-42.954166666666666,negative,Novel,Yes,52
3229,-42.00416666666667,negative,Novel,Yes,52
3229,-41.05138888888889,negative,Novel,Yes,52
3229,-40.049305555555556,negative,Novel,Yes,52
3229,-38.96527777777778,negative,Novel,Yes,52
3229,-38.12083333333333,negative,Novel,Yes,52
3229,-37.11527777777778,negative,Novel,Yes,52
3229,-36.106944444444444,negative,Novel,Yes,52
3229,-35.07013888888889,negative,Novel,Yes,52
3229,-34.06875,negative,Novel,Yes,52
3229,-33.109027777777776,negative,Novel,Yes,52
3229,-32.09583333333333,negative,Novel,Yes,52
3229,-31.177777777777777,negative,Novel,Yes,52
3229,-30.177777777777777,negative,Novel,Yes,52
3229,-29.136111111111113,negative,Novel,Yes,52
3229,-28.0625,negative,Novel,Yes,52
3229,-27.177777777777777,negative,Novel,Yes,52
3229,-26.177777777777777,negative,Novel,Yes,52
3229,-25.18402777777778,negative,Novel,Yes,52
3229,-24.097916666666666,negative,Novel,Yes,52
3229,-23.10972222222222,negative,Novel,Yes,52
3229,-22.177777777777777,negative,Novel,Yes,52
3229,-21.177777777777777,negative,Novel,Yes,52
3229,-20.094444444444445,negative,Novel,Yes,52
3229,-19.320138888888888,negative,Novel,Yes,52
3229,-18.177777777777777,negative,Novel,Yes,52
3229,-17.177777777777777,negative,Novel,Yes,52
3229,-16.177777777777777,negative,Novel,Yes,52
3229,-15.427777777777777,negative,Novel,Yes,52
3229,-14.177777777777777,negative,Novel,Yes,52
3229,-13.156944444444445,negative,Novel,Yes,52
3229,-12.177777777777777,negative,Novel,Yes,52
3229,-11.177777777777777,negative,Novel,Yes,52
3229,-10.177777777777777,negative,Novel,Yes,52
3229,-9.177777777777777,negative,Novel,Yes,52
3229,-8.052777777777777,negative,Novel,Yes,52
3229,-7.46875,negative,Novel,Yes,52
3229,-7.177777777777778,negative,Novel,Yes,52
3229,-6.177777777777778,negative,Novel,Yes,52
3229,-6.177777777777778,negative,Novel,Yes,52
3229,-6.177777777777778,negative,Novel,Yes,52
3229,-5.177777777777778,20.442800000000005,Novel,Yes,52
3229,-4.177777777777778,34.5262,Novel,Yes,52
3229,-3.1777777777777776,28.0674,Novel,Yes,52
3229,-2.1777777777777776,20.55,Novel,Yes,52
3229,-1.0465277777777777,19.947000000000003,Novel,Yes,52
3229,0,17.6824,Novel,Yes,52
3229,0.8222222222222222,20.4964,Novel,Yes,52
3229,1.8222222222222222,19.612000000000002,Novel,Yes,52
3229,2.966666666666667,25.7224,Novel,Yes,52
3229,3.8222222222222224,33.9232,Novel,Yes,52
3229,4.930555555555555,34.3386,Novel,Yes,52
3229,5.986111111111111,33.28,Novel,Yes,52
3229,6.986111111111111,38.211200000000005,Novel,Yes,52
3229,6.986111111111111,37.9298,Novel,Yes,52
3229,6.986111111111111,negative,Novel,Yes,52
3229,7.9006944444444445,37.3402,Novel,Yes,52
3229,7.9006944444444445,37.7422,Novel,Yes,52
3229,7.9006944444444445,negative,Novel,Yes,52
3229,8.978472222222223,36.2012,Novel,Yes,52
3229,10.244444444444444,37.4072,Novel,Yes,52
3229,10.883333333333333,negative,Novel,Yes,52
3229,10.883333333333333,negative,Novel,Yes,52
3229,10.883333333333333,negative,Novel,Yes,52
3229,11.447222222222223,35.625,Novel,Yes,52
3229,12.005555555555556,33.3872,Novel,Yes,52
3229,12.238888888888889,35.571400000000004,Novel,Yes,52
3332,-49.111111111111114,negative,Novel,No,53
3332,-45.34375,negative,Novel,No,53
3332,-43.25,negative,Novel,No,53
3332,-42.208333333333336,negative,Novel,No,53
3332,-41.05138888888889,negative,Novel,No,53
3332,-40.03541666666667,negative,Novel,No,53
3332,-39.138888888888886,negative,Novel,No,53
3332,-38.16388888888889,negative,Novel,No,53
3332,-37.28541666666667,negative,Novel,No,53
3332,-36.18194444444445,negative,Novel,No,53
3332,-35.34722222222222,negative,Novel,No,53
3332,-34.09791666666667,negative,Novel,No,53
3332,-33.1125,negative,Novel,No,53
3332,-32.12291666666667,negative,Novel,No,53
3332,-31.10625,negative,Novel,No,53
3332,-30.155555555555555,negative,Novel,No,53
3332,-29.13888888888889,negative,Novel,No,53
3332,-25.306944444444444,negative,Novel,No,53
3332,-24.309722222222224,negative,Novel,No,53
3332,-23.325,negative,Novel,No,53
3332,-22.40486111111111,negative,Novel,No,53
3332,-21.247916666666665,negative,Novel,No,53
3332,-20.26597222222222,negative,Novel,No,53
3332,-19.327083333333334,negative,Novel,No,53
3332,-17.255555555555556,negative,Novel,No,53
3332,-16.239583333333332,negative,Novel,No,53
3332,-15.307638888888889,negative,Novel,No,53
3332,-14.347222222222221,negative,Novel,No,53
3332,-10.407638888888888,negative,Novel,No,53
3332,-9.170833333333333,negative,Novel,No,53
3332,-9.170833333333333,negative,Novel,No,53
3332,-8.311805555555555,negative,Novel,No,53
3332,-8.311805555555555,negative,Novel,No,53
3332,-7.354166666666667,37.42060000000001,Novel,No,53
3332,-6.245138888888889,32.6368,Novel,No,53
3332,-5.263888888888889,31.8194,Novel,No,53
3332,-4.25,32.918200000000006,Novel,No,53
3332,-3.404861111111111,negative,Novel,No,53
3332,-2.2895833333333333,negative,Novel,No,53
3332,-1.301388888888889,negative,Novel,No,53
3332,0,29.5146,Novel,No,53
3332,0.7965277777777777,32.7842,Novel,No,53
3431,-2.14375,35.531200000000005,Novel,No,54
3431,0,26.2584,Novel,No,54
3431,8.786805555555556,negative,Novel,No,54
3431,8.786805555555556,negative,Novel,No,54
3431,8.786805555555556,negative,Novel,No,54
3431,9.709722222222222,35.8662,Novel,No,54
3431,10.743055555555555,negative,Novel,No,54
3431,11.820833333333333,36.9382,Novel,No,54
3431,12.76736111111111,37.568000000000005,Novel,No,54
3431,13.836805555555555,negative,Novel,No,54
3431,14.830555555555556,negative,Novel,No,54
3431,15.697222222222223,negative,Novel,No,54
3431,15.697222222222223,negative,Novel,No,54
3431,15.697222222222223,negative,Novel,No,54
3431,16.654166666666665,negative,Novel,No,54
3431,17.660416666666666,negative,Novel,No,54
3431,18.643055555555556,negative,Novel,No,54
3431,19.691666666666666,negative,Novel,No,54
3431,20.63125,negative,Novel,No,54
3431,21.69375,negative,Novel,No,54
3431,22.757638888888888,negative,Novel,No,54
3431,23.71388888888889,negative,Novel,No,54
3431,24.789583333333333,negative,Novel,No,54
3431,25.674305555555556,negative,Novel,No,54
3431,26.67152777777778,negative,Novel,No,54
3431,27.889583333333334,negative,Novel,No,54
3431,28.725694444444443,negative,Novel,No,54
3431,29.648611111111112,negative,Novel,No,54
3431,30.62152777777778,negative,Novel,No,54
3431,31.632638888888888,negative,Novel,No,54
3431,32.708333333333336,negative,Novel,No,54
3431,33.736111111111114,negative,Novel,No,54
3431,34.68194444444445,negative,Novel,No,54
3431,35.7375,negative,Novel,No,54
3431,36.07013888888889,negative,Novel,No,54
3431,36.81458333333333,negative,Novel,No,54
3431,37.74166666666667,negative,Novel,No,54
3431,38.706944444444446,negative,Novel,No,54
3431,39.672916666666666,negative,Novel,No,54
3431,40.71111111111111,negative,Novel,No,54
3431,41.699305555555554,negative,Novel,No,54
3431,42.111111111111114,negative,Novel,No,54
3431,42.68541666666667,negative,Novel,No,54
3431,43.0875,negative,Novel,No,54
3431,43.69583333333333,negative,Novel,No,54
3431,44.708333333333336,negative,Novel,No,54
3431,45.18263888888889,negative,Novel,No,54
3431,46.0375,negative,Novel,No,54
3431,46.647222222222226,negative,Novel,No,54
3431,47.09652777777778,negative,Novel,No,54
3431,47.66319444444444,negative,Novel,No,54
3431,48.13125,negative,Novel,No,54
3431,49.025,negative,Novel,No,54
3431,50.21458333333333,negative,Novel,No,54
3431,51.105555555555554,negative,Novel,No,54
3431,52.02777777777778,negative,Novel,No,54
3431,53.10138888888889,negative,Novel,No,54
3431,53.858333333333334,negative,Novel,No,54
3431,55.109027777777776,negative,Novel,No,54
3431,55.889583333333334,negative,Novel,No,54
3431,56.82083333333333,negative,Novel,No,54
3502,-14.856944444444444,negative,Novel,No,55
3502,-13.975,negative,Novel,No,55
3502,-12.904861111111112,38.6266,Novel,No,55
3502,-12.904861111111112,38.841,Novel,No,55
3502,-12.904861111111112,negative,Novel,No,55
3502,-11.979166666666666,37.4608,Novel,No,55
3502,-3.0381944444444446,36.9784,Novel,No,55
3502,-2.125,35.42400000000001,Novel,No,55
3502,-0.90625,negative,Novel,No,55
3502,0,34.4324,Novel,No,55
3502,0.8826388888888889,negative,Novel,No,55
3520,-8.75625,negative,Novel,No,56
3520,-7.940277777777778,negative,Novel,No,56
3520,-7.001388888888889,negative,Novel,No,56
3520,-6.001388888888889,negative,Novel,No,56
3520,-5.016666666666667,negative,Novel,No,56
3520,-4.004166666666666,negative,Novel,No,56
3520,-3.0097222222222224,negative,Novel,No,56
3520,-1.9895833333333333,negative,Novel,No,56
3520,-0.9923611111111111,negative,Novel,No,56
3520,-0.9923611111111111,negative,Novel,No,56
3520,0,20.3624,Novel,No,56
3520,4.165972222222222,negative,Novel,No,56
3520,4.165972222222222,negative,Novel,No,56
3520,9.120833333333334,37.5412,Novel,No,56
3520,10.10625,negative,Novel,No,56
3520,10.10625,negative,Novel,No,56
3520,10.86875,36.429,Novel,No,56
3520,12.86875,negative,Novel,No,56
3520,14.029166666666667,negative,Novel,No,56
3520,14.029166666666667,negative,Novel,No,56
3520,14.029166666666667,negative,Novel,No,56
3520,14.86875,38.385400000000004,Novel,No,56
3520,14.86875,37.970000000000006,Novel,No,56
3520,14.86875,negative,Novel,No,56
3520,15.86875,negative,Novel,No,56
3520,15.86875,negative,Novel,No,56
3520,15.86875,negative,Novel,No,56
3520,16.86875,negative,Novel,No,56
3520,17.86875,negative,Novel,No,56
3520,18.86875,negative,Novel,No,56
3520,19.86875,negative,Novel,No,56
3520,20.86875,negative,Novel,No,56
3520,21.86875,negative,Novel,No,56
3520,22.920833333333334,negative,Novel,No,56
3520,23.86875,negative,Novel,No,56
3520,24.86875,negative,Novel,No,56
3520,25.86875,negative,Novel,No,56
3520,26.86875,negative,Novel,No,56
3520,27.86875,negative,Novel,No,56
3520,28.86875,negative,Novel,No,56
3520,29.86875,negative,Novel,No,56
3520,30.86875,negative,Novel,No,56
3520,32.05625,negative,Novel,No,56
3520,32.86875,negative,Novel,No,56
3520,33.86875,negative,Novel,No,56
3520,34.98125,negative,Novel,No,56
3520,35.86875,negative,Novel,No,56
3520,36.982638888888886,negative,Novel,No,56
3520,38.072916666666664,negative,Novel,No,56
3520,38.97638888888889,negative,Novel,No,56
3520,40.21527777777778,negative,Novel,No,56
3620,-7.725694444444445,negative,Novel,No,57
3620,-6.852777777777778,negative,Novel,No,57
3620,-0.9215277777777777,negative,Novel,No,57
3620,-0.9215277777777777,negative,Novel,No,57
3620,0,22.9218,Novel,No,57
3620,7.029861111111111,negative,Novel,No,57
3620,7.029861111111111,negative,Novel,No,57
3620,8.029861111111112,negative,Novel,No,57
3620,8.029861111111112,negative,Novel,No,57
3620,8.029861111111112,38.0638,Novel,No,57
3620,9.209722222222222,32.6368,Novel,No,57
3620,10.029861111111112,38.43900000000001,Novel,No,57
3620,10.029861111111112,negative,Novel,No,57
3620,10.029861111111112,negative,Novel,No,57
3620,10.904861111111112,negative,Novel,No,57
3620,10.904861111111112,36.71040000000001,Novel,No,57
3620,10.904861111111112,negative,Novel,No,57
3620,12.029861111111112,negative,Novel,No,57
3620,13.904861111111112,negative,Novel,No,57
3620,15.904861111111112,negative,Novel,No,57
3620,15.904861111111112,negative,Novel,No,57
3620,15.904861111111112,negative,Novel,No,57
3620,17.90486111111111,negative,Novel,No,57
3620,21.90486111111111,negative,Novel,No,57
3620,22.90486111111111,negative,Novel,No,57
3620,23.90486111111111,negative,Novel,No,57
3620,24.90486111111111,negative,Novel,No,57
3620,28.90486111111111,negative,Novel,No,57
3620,29.90486111111111,negative,Novel,No,57
3620,30.90486111111111,negative,Novel,No,57
3620,35.90486111111111,negative,Novel,No,57
3620,37.081944444444446,negative,Novel,No,57
3620,39.077083333333334,negative,Novel,No,57
3620,42.06736111111111,negative,Novel,No,57
3620,43.02638888888889,negative,Novel,No,57
3620,44.09791666666667,negative,Novel,No,57
3620,49.06388888888889,negative,Novel,No,57
3620,50.043055555555554,negative,Novel,No,57
3620,51.03958333333333,negative,Novel,No,57
3622,-27.5625,negative,Novel,No,58
3622,-26.769444444444446,negative,Novel,No,58
3622,-21.86111111111111,negative,Novel,No,58
3622,-20.834027777777777,negative,Novel,No,58
3622,-19.897222222222222,negative,Novel,No,58
3622,-13.875,negative,Novel,No,58
3622,-12.875,negative,Novel,No,58
3622,-6,negative,Novel,No,58
3622,-5,negative,Novel,No,58
3622,-1,31.002000000000002,Novel,No,58
3622,0,25.9904,Novel,No,58
3622,9,32.3688,Novel,No,58
3622,10,35.3436,Novel,No,58
3622,14.184027777777779,negative,Novel,No,58
3622,15.186111111111112,39.738800000000005,Novel,No,58
3622,15.186111111111112,negative,Novel,No,58
3622,15.186111111111112,negative,Novel,No,58
3622,16,negative,Novel,No,58
3622,18.119444444444444,negative,Novel,No,58
3622,21.0875,negative,Novel,No,58
3622,22.159027777777776,negative,Novel,No,58
3622,23.115972222222222,negative,Novel,No,58
3622,28.146527777777777,negative,Novel,No,58
3622,29.15277777777778,negative,Novel,No,58
3622,30.131944444444443,negative,Novel,No,58
3622,31.124305555555555,negative,Novel,No,58
4215,-5.985416666666667,38.33180000000001,Novel,No,59
4215,-5.985416666666667,negative,Novel,No,59
4215,-5.985416666666667,38.720400000000005,Novel,No,59
4215,-4.965277777777778,negative,Novel,No,59
4215,-4.965277777777778,38.5328,Novel,No,59
4215,-4.965277777777778,38.3988,Novel,No,59
4215,-4.039583333333334,26.995400000000004,Novel,No,59
4215,-3.0319444444444446,27.638600000000004,Novel,No,59
4215,-2.026388888888889,25.8564,Novel,No,59
4215,-1.0208333333333333,22.9486,Novel,No,59
4215,0,18.2586,Novel,No,59
4215,0.9805555555555555,23.967000000000002,Novel,No,59
4215,1.9854166666666666,34.177800000000005,Novel,No,59
4215,2.957638888888889,34.6468,Novel,No,59
4215,3.9930555555555554,32.3286,Novel,No,59
4215,4.997222222222222,36.951600000000006,Novel,No,59
4215,5.980555555555555,35.29,Novel,No,59
4215,6.451388888888889,negative,Novel,No,59
4215,6.451388888888889,negative,Novel,No,59
4215,6.451388888888889,negative,Novel,No,59
4215,7.019444444444445,negative,Novel,No,59
4215,7.439583333333333,negative,Novel,No,59
4215,7.439583333333333,negative,Novel,No,59
4215,7.439583333333333,negative,Novel,No,59
4215,8.009027777777778,negative,Novel,No,59
4215,8.421527777777778,negative,Novel,No,59
4215,8.421527777777778,negative,Novel,No,59
4215,8.421527777777778,negative,Novel,No,59
4215,8.931944444444444,negative,Novel,No,59
4215,9.38888888888889,negative,Novel,No,59
4215,9.38888888888889,negative,Novel,No,59
4215,9.38888888888889,negative,Novel,No,59
4215,9.981944444444444,negative,Novel,No,59
4215,10.941666666666666,negative,Novel,No,59
4215,11.911805555555556,negative,Novel,No,59
4215,12.955555555555556,negative,Novel,No,59
4215,13.939583333333333,negative,Novel,No,59
4215,15.042361111111111,negative,Novel,No,59
4215,16.018055555555556,negative,Novel,No,59
4215,16.963194444444444,negative,Novel,No,59
4215,17.97222222222222,negative,Novel,No,59
4215,18.903472222222224,negative,Novel,No,59
4215,19.988888888888887,negative,Novel,No,59
4215,20.97013888888889,negative,Novel,No,59
4215,22.000694444444445,negative,Novel,No,59
4257,-11.983333333333333,negative,Novel,No,60
4257,-10.041666666666666,negative,Novel,No,60
4257,-9.040277777777778,negative,Novel,No,60
4257,-6.992361111111111,negative,Novel,No,60
4257,-1.0152777777777777,negative,Novel,No,60
4257,-1.0152777777777777,negative,Novel,No,60
4257,-1.0152777777777777,21.139600000000005,Novel,No,60
4257,0,20.978800000000003,Novel,No,60
4257,5.950694444444444,negative,Novel,No,60
4257,9.983333333333333,negative,Novel,No,60
4257,9.983333333333333,negative,Novel,No,60
4257,9.983333333333333,negative,Novel,No,60
4257,10.971527777777778,negative,Novel,No,60
4257,10.971527777777778,39.377,Novel,No,60
4257,10.971527777777778,39.497600000000006,Novel,No,60
4257,11.95486111111111,37.099000000000004,Novel,No,60
4365,-39.61944444444445,negative,Novel,No,61
4365,-24.909027777777776,negative,Novel,No,61
4365,-15.115972222222222,negative,Novel,No,61
4365,-13.88263888888889,negative,Novel,No,61
4365,-11.845138888888888,negative,Novel,No,61
4365,-8.133333333333333,negative,Novel,No,61
4365,-7.1875,39.738800000000005,Novel,No,61
4365,-7.1875,39.7924,Novel,No,61
4365,-6.094444444444444,32.543,Novel,No,61
4365,-4.286111111111111,25.441,Novel,No,61
4365,-2.2256944444444446,23.819600000000005,Novel,No,61
4365,0,19.947000000000003,Novel,No,61
4365,2.001388888888889,29.8898,Novel,No,61
4365,5.871527777777778,negative,Novel,No,61
4365,5.871527777777778,negative,Novel,No,61
4365,5.871527777777778,38.0638,Novel,No,61
4365,6.851388888888889,negative,Novel,No,61
4365,7.836805555555555,39.2162,Novel,No,61
4365,7.836805555555555,negative,Novel,No,61
4365,7.836805555555555,39.24300000000001,Novel,No,61
4372,-25.872916666666665,negative,Novel,No,62
4372,-18.904166666666665,negative,Novel,No,62
4372,-16.816666666666666,negative,Novel,No,62
4372,-11.834027777777777,negative,Novel,No,62
4372,-8.9875,negative,Novel,No,62
4372,-7.9631944444444445,negative,Novel,No,62
4372,-5.966666666666667,negative,Novel,No,62
4372,-3.9791666666666665,31.873000000000005,Novel,No,62
4372,0,26.218200000000003,Novel,No,62
4372,4.029861111111111,34.687000000000005,Novel,No,62
4372,4.991666666666666,36.6702,Novel,No,62
4372,6.05,37.2464,Novel,No,62
4372,8.020833333333334,37.7288,Novel,No,62
4372,8.020833333333334,38.2246,Novel,No,62
4372,8.020833333333334,negative,Novel,No,62
4372,10.410416666666666,36.1074,Novel,No,62
4372,13.202777777777778,39.8058,Novel,No,62
4399,-1,26.2316,Novel,Yes,63
4399,0,18.2586,Novel,Yes,63
4399,1,21.756,Novel,Yes,63
4399,2.217361111111111,27.477800000000002,Novel,Yes,63
4399,3.176388888888889,26.164600000000007,Novel,Yes,63
4399,4,26.6738,Novel,Yes,63
4399,5.134027777777778,30.921599999999998,Novel,Yes,63
4399,6,28.255000000000003,Novel,Yes,63
4399,7.19375,36.951600000000006,Novel,Yes,63
4399,8.182638888888889,32.7172,Novel,Yes,63
4399,9.17361111111111,33.735600000000005,Novel,Yes,63
4399,10.21875,35.8662,Novel,Yes,63
4424,-6.899305555555555,negative,Novel,No,64
4424,-5.995833333333334,negative,Novel,No,64
4424,-3.94375,negative,Novel,No,64
4424,-2.988888888888889,negative,Novel,No,64
4424,-2.988888888888889,negative,Novel,No,64
4424,0,20.000600000000002,Novel,No,64
4424,4.020138888888889,negative,Novel,No,64
4424,4.020138888888889,negative,Novel,No,64
4424,6.00625,negative,Novel,No,64
4424,6.00625,negative,Novel,No,64
4424,6.979166666666667,33.333600000000004,Novel,No,64
4424,7.9847222222222225,34.177800000000005,Novel,No,64
4424,9.022916666666667,negative,Novel,No,64
4424,9.022916666666667,negative,Novel,No,64
4424,10.980555555555556,negative,Novel,No,64
4424,10.980555555555556,negative,Novel,No,64
4424,10.980555555555556,negative,Novel,No,64
4424,12.011805555555556,38.921400000000006,Novel,No,64
4424,12.011805555555556,negative,Novel,No,64
4424,12.011805555555556,negative,Novel,No,64
4424,15.05625,38.1308,Novel,No,64
4424,15.05625,38.1308,Novel,No,64
4424,15.05625,negative,Novel,No,64
4424,20.004166666666666,negative,Novel,No,64
4447,0,23.940200000000004,Novel,Yes,65
4447,1,30.921599999999998,Novel,Yes,65
4447,2,32.4358,Novel,Yes,65
4447,3.21875,36.3218,Novel,Yes,65
4447,4.168055555555555,35.598200000000006,Novel,Yes,65
4447,5,35.772400000000005,Novel,Yes,65
4447,6.134722222222222,negative,Novel,Yes,65
4447,6.134722222222222,negative,Novel,Yes,65
4447,6.134722222222222,negative,Novel,Yes,65
4447,7,negative,Novel,Yes,65
4447,7,38.760600000000004,Novel,Yes,65
4447,7,39.2162,Novel,Yes,65
4447,8,negative,Novel,Yes,65
4447,9.183333333333334,39.6986,Novel,Yes,65
4447,9.183333333333334,negative,Novel,Yes,65
4447,9.183333333333334,39.256400000000006,Novel,Yes,65
4447,10.175,negative,Novel,Yes,65
4447,10.175,negative,Novel,Yes,65
4447,10.175,negative,Novel,Yes,65
4447,11.221527777777778,negative,Novel,Yes,65
4447,11.221527777777778,negative,Novel,Yes,65
4447,11.221527777777778,negative,Novel,Yes,65
