PatientID,time,value,Symptomatic,Novel.Persistent.Infection,analyte
710,0,30,,Novel,CT.Mean
710,0,5.42791204064687,,Novel,log10_GEperML
710,2,33.6,,Novel,CT.Mean
710,2,4.43060319158856,,Novel,log10_GEperML
710,4,36.8,,Novel,CT.Mean
710,4,3.54410643687006,,Novel,log10_GEperML
710,6,40,,Novel,CT.Mean
710,6,2.65760968215156,,Novel,log10_GEperML
710,8,40,,Novel,CT.Mean
710,8,2.65760968215156,,Novel,log10_GEperML
710,10,40,,Novel,CT.Mean
710,10,2.65760968215156,,Novel,log10_GEperML
710,12,40,,Novel,CT.Mean
710,12,2.65760968215156,,Novel,log10_GEperML
710,13,40,,Novel,CT.Mean
710,13,2.65760968215156,,Novel,log10_GEperML
710,14,40,,Novel,CT.Mean
710,14,2.65760968215156,,Novel,log10_GEperML
710,15,38.3,No,Novel,CT.Mean
710,15,3.12856108309577,No,Novel,log10_GEperML
710,16,40,,Novel,CT.Mean
710,16,2.65760968215156,,Novel,log10_GEperML
710,17,40,,Novel,CT.Mean
710,17,2.65760968215156,,Novel,log10_GEperML
710,18,40,,Novel,CT.Mean
710,18,2.65760968215156,,Novel,log10_GEperML
710,19,40,,Novel,CT.Mean
710,19,2.65760968215156,,Novel,log10_GEperML
710,20,40,,Novel,CT.Mean
710,20,2.65760968215156,,Novel,log10_GEperML
710,21,40,,Novel,CT.Mean
710,21,2.65760968215156,,Novel,log10_GEperML
710,22,40,,Novel,CT.Mean
710,22,2.65760968215156,,Novel,log10_GEperML
710,24,40,,Novel,CT.Mean
710,24,2.65760968215156,,Novel,log10_GEperML
710,25,40,,Novel,CT.Mean
710,25,2.65760968215156,,Novel,log10_GEperML
710,26,40,,Novel,CT.Mean
710,26,2.65760968215156,,Novel,log10_GEperML
710,27,40,,Novel,CT.Mean
710,27,2.65760968215156,,Novel,log10_GEperML
710,28,40,,Novel,CT.Mean
710,28,2.65760968215156,,Novel,log10_GEperML
710,29,40,,Novel,CT.Mean
710,29,2.65760968215156,,Novel,log10_GEperML
710,30,40,,Novel,CT.Mean
710,30,2.65760968215156,,Novel,log10_GEperML
710,31,40,,Novel,CT.Mean
710,31,2.65760968215156,,Novel,log10_GEperML
710,32,40,,Novel,CT.Mean
710,32,2.65760968215156,,Novel,log10_GEperML
710,33,40,,Novel,CT.Mean
710,33,2.65760968215156,,Novel,log10_GEperML
710,34,40,,Novel,CT.Mean
710,34,2.65760968215156,,Novel,log10_GEperML
710,35,40,,Novel,CT.Mean
710,35,2.65760968215156,,Novel,log10_GEperML
710,36,40,,Novel,CT.Mean
710,36,2.65760968215156,,Novel,log10_GEperML
710,37,40,,Novel,CT.Mean
710,37,2.65760968215156,,Novel,log10_GEperML
710,38,40,,Novel,CT.Mean
710,38,2.65760968215156,,Novel,log10_GEperML
710,39,40,,Novel,CT.Mean
710,39,2.65760968215156,,Novel,log10_GEperML
710,40,40,,Novel,CT.Mean
710,40,2.65760968215156,,Novel,log10_GEperML
710,41,40,,Novel,CT.Mean
710,41,2.65760968215156,,Novel,log10_GEperML
710,42,40,,Novel,CT.Mean
710,42,2.65760968215156,,Novel,log10_GEperML
710,43,40,,Novel,CT.Mean
710,43,2.65760968215156,,Novel,log10_GEperML
710,44,40,,Novel,CT.Mean
710,44,2.65760968215156,,Novel,log10_GEperML
710,45,40,,Novel,CT.Mean
710,45,2.65760968215156,,Novel,log10_GEperML
710,46,40,,Novel,CT.Mean
710,46,2.65760968215156,,Novel,log10_GEperML
710,47,40,,Novel,CT.Mean
710,47,2.65760968215156,,Novel,log10_GEperML
710,48,40,,Novel,CT.Mean
710,48,2.65760968215156,,Novel,log10_GEperML
710,49,40,,Novel,CT.Mean
710,49,2.65760968215156,,Novel,log10_GEperML
710,50,40,,Novel,CT.Mean
710,50,2.65760968215156,,Novel,log10_GEperML
710,51,40,,Novel,CT.Mean
710,51,2.65760968215156,,Novel,log10_GEperML
710,52,40,,Novel,CT.Mean
710,52,2.65760968215156,,Novel,log10_GEperML
710,53,40,,Novel,CT.Mean
710,53,2.65760968215156,,Novel,log10_GEperML
735,0,34.2,,Novel,CT.Mean
735,0,4.26438505007884,,Novel,log10_GEperML
735,2,39.9,,Novel,CT.Mean
735,2,2.68531270573652,,Novel,log10_GEperML
735,4,40,,Novel,CT.Mean
735,4,2.65760968215156,,Novel,log10_GEperML
735,8,40,,Novel,CT.Mean
735,8,2.65760968215156,,Novel,log10_GEperML
735,9,40,,Novel,CT.Mean
735,9,2.65760968215156,,Novel,log10_GEperML
735,10,40,,Novel,CT.Mean
735,10,2.65760968215156,,Novel,log10_GEperML
735,11,40,,Novel,CT.Mean
735,11,2.65760968215156,,Novel,log10_GEperML
735,12,40,No,Novel,CT.Mean
735,12,2.65760968215156,No,Novel,log10_GEperML
735,14,40,,Novel,CT.Mean
735,14,2.65760968215156,,Novel,log10_GEperML
735,15,40,,Novel,CT.Mean
735,15,2.65760968215156,,Novel,log10_GEperML
735,16,40,,Novel,CT.Mean
735,16,2.65760968215156,,Novel,log10_GEperML
735,17,40,,Novel,CT.Mean
735,17,2.65760968215156,,Novel,log10_GEperML
735,20,40,,Novel,CT.Mean
735,20,2.65760968215156,,Novel,log10_GEperML
735,21,40,,Novel,CT.Mean
735,21,2.65760968215156,,Novel,log10_GEperML
735,22,40,,Novel,CT.Mean
735,22,2.65760968215156,,Novel,log10_GEperML
735,23,40,,Novel,CT.Mean
735,23,2.65760968215156,,Novel,log10_GEperML
735,24,40,,Novel,CT.Mean
735,24,2.65760968215156,,Novel,log10_GEperML
735,25,40,,Novel,CT.Mean
735,25,2.65760968215156,,Novel,log10_GEperML
735,26,40,,Novel,CT.Mean
735,26,2.65760968215156,,Novel,log10_GEperML
735,27,40,,Novel,CT.Mean
735,27,2.65760968215156,,Novel,log10_GEperML
735,28,40,,Novel,CT.Mean
735,28,2.65760968215156,,Novel,log10_GEperML
735,29,38.8280983514062,,Novel,CT.Mean
735,29,2.98226187225396,,Novel,log10_GEperML
735,30,40,,Novel,CT.Mean
735,30,2.65760968215156,,Novel,log10_GEperML
735,31,40,,Novel,CT.Mean
735,31,2.65760968215156,,Novel,log10_GEperML
735,32,40,,Novel,CT.Mean
735,32,2.65760968215156,,Novel,log10_GEperML
735,33,40,,Novel,CT.Mean
735,33,2.65760968215156,,Novel,log10_GEperML
735,34,40,,Novel,CT.Mean
735,34,2.65760968215156,,Novel,log10_GEperML
735,35,40,,Novel,CT.Mean
735,35,2.65760968215156,,Novel,log10_GEperML
735,36,40,,Novel,CT.Mean
735,36,2.65760968215156,,Novel,log10_GEperML
735,37,40,,Novel,CT.Mean
735,37,2.65760968215156,,Novel,log10_GEperML
735,38,40,,Novel,CT.Mean
735,38,2.65760968215156,,Novel,log10_GEperML
735,39,40,,Novel,CT.Mean
735,39,2.65760968215156,,Novel,log10_GEperML
735,40,40,,Novel,CT.Mean
735,40,2.65760968215156,,Novel,log10_GEperML
735,41,40,,Novel,CT.Mean
735,41,2.65760968215156,,Novel,log10_GEperML
735,42,40,,Novel,CT.Mean
735,42,2.65760968215156,,Novel,log10_GEperML
735,43,40,,Novel,CT.Mean
735,43,2.65760968215156,,Novel,log10_GEperML
735,44,40,,Novel,CT.Mean
735,44,2.65760968215156,,Novel,log10_GEperML
735,45,40,,Novel,CT.Mean
735,45,2.65760968215156,,Novel,log10_GEperML
735,46,40,,Novel,CT.Mean
735,46,2.65760968215156,,Novel,log10_GEperML
735,47,40,,Novel,CT.Mean
735,47,2.65760968215156,,Novel,log10_GEperML
735,48,40,,Novel,CT.Mean
735,48,2.65760968215156,,Novel,log10_GEperML
735,49,40,,Novel,CT.Mean
735,49,2.65760968215156,,Novel,log10_GEperML
735,50,40,,Novel,CT.Mean
735,50,2.65760968215156,,Novel,log10_GEperML
735,51,40,,Novel,CT.Mean
735,51,2.65760968215156,,Novel,log10_GEperML
735,52,40,,Novel,CT.Mean
735,52,2.65760968215156,,Novel,log10_GEperML
735,53,40,,Novel,CT.Mean
735,53,2.65760968215156,,Novel,log10_GEperML
735,54,40,,Novel,CT.Mean
735,54,2.65760968215156,,Novel,log10_GEperML
735,55,40,,Novel,CT.Mean
735,55,2.65760968215156,,Novel,log10_GEperML
735,56,40,,Novel,CT.Mean
735,56,2.65760968215156,,Novel,log10_GEperML
735,57,40,,Novel,CT.Mean
735,57,2.65760968215156,,Novel,log10_GEperML
735,58,40,,Novel,CT.Mean
735,58,2.65760968215156,,Novel,log10_GEperML
735,59,40,,Novel,CT.Mean
735,59,2.65760968215156,,Novel,log10_GEperML
735,60,40,,Novel,CT.Mean
735,60,2.65760968215156,,Novel,log10_GEperML
735,61,40,,Novel,CT.Mean
735,61,2.65760968215156,,Novel,log10_GEperML
735,62,40,,Novel,CT.Mean
735,62,2.65760968215156,,Novel,log10_GEperML
735,63,40,,Novel,CT.Mean
735,63,2.65760968215156,,Novel,log10_GEperML
735,64,40,,Novel,CT.Mean
735,64,2.65760968215156,,Novel,log10_GEperML
735,65,40,,Novel,CT.Mean
735,65,2.65760968215156,,Novel,log10_GEperML
735,66,40,,Novel,CT.Mean
735,66,2.65760968215156,,Novel,log10_GEperML
735,67,40,,Novel,CT.Mean
735,67,2.65760968215156,,Novel,log10_GEperML
735,68,40,,Novel,CT.Mean
735,68,2.65760968215156,,Novel,log10_GEperML
735,69,40,,Novel,CT.Mean
735,69,2.65760968215156,,Novel,log10_GEperML
735,70,40,,Novel,CT.Mean
735,70,2.65760968215156,,Novel,log10_GEperML
737,-14,40,,Novel,CT.Mean
737,-14,2.65760968215156,,Novel,log10_GEperML
737,-12,40,,Novel,CT.Mean
737,-12,2.65760968215156,,Novel,log10_GEperML
737,-10,40,,Novel,CT.Mean
737,-10,2.65760968215156,,Novel,log10_GEperML
737,-8,40,,Novel,CT.Mean
737,-8,2.65760968215156,,Novel,log10_GEperML
737,-6,39.2,,Novel,CT.Mean
737,-6,2.87923387083119,,Novel,log10_GEperML
737,-4,35.8,,Novel,CT.Mean
737,-4,3.82113667271959,,Novel,log10_GEperML
737,-2,28.9,,Novel,CT.Mean
737,-2,5.73264530008135,,Novel,log10_GEperML
737,0,24.6,,Novel,CT.Mean
737,0,6.92387531423434,,Novel,log10_GEperML
737,1,27.9,,Novel,CT.Mean
737,1,6.00967553593089,,Novel,log10_GEperML
737,5,35.17,,Novel,CT.Mean
737,5,3.9956657213048,,Novel,log10_GEperML
737,7,28.2,,Novel,CT.Mean
737,7,5.92656646517603,,Novel,log10_GEperML
737,9,37.1,,Novel,CT.Mean
737,9,3.4609973661152,,Novel,log10_GEperML
737,11,40,,Novel,CT.Mean
737,11,2.65760968215156,,Novel,log10_GEperML
737,12,40,,Novel,CT.Mean
737,12,2.65760968215156,,Novel,log10_GEperML
737,13,39.4303829366448,No,Novel,CT.Mean
737,13,2.81541083155677,No,Novel,log10_GEperML
737,14,40,,Novel,CT.Mean
737,14,2.65760968215156,,Novel,log10_GEperML
737,16,40,,Novel,CT.Mean
737,16,2.65760968215156,,Novel,log10_GEperML
737,17,40,,Novel,CT.Mean
737,17,2.65760968215156,,Novel,log10_GEperML
737,18,40,,Novel,CT.Mean
737,18,2.65760968215156,,Novel,log10_GEperML
737,20,40,,Novel,CT.Mean
737,20,2.65760968215156,,Novel,log10_GEperML
737,21,40,,Novel,CT.Mean
737,21,2.65760968215156,,Novel,log10_GEperML
737,22,40,,Novel,CT.Mean
737,22,2.65760968215156,,Novel,log10_GEperML
737,23,40,,Novel,CT.Mean
737,23,2.65760968215156,,Novel,log10_GEperML
737,24,40,,Novel,CT.Mean
737,24,2.65760968215156,,Novel,log10_GEperML
737,25,40,,Novel,CT.Mean
737,25,2.65760968215156,,Novel,log10_GEperML
737,26,40,,Novel,CT.Mean
737,26,2.65760968215156,,Novel,log10_GEperML
737,27,40,,Novel,CT.Mean
737,27,2.65760968215156,,Novel,log10_GEperML
737,28,40,,Novel,CT.Mean
737,28,2.65760968215156,,Novel,log10_GEperML
737,29,40,,Novel,CT.Mean
737,29,2.65760968215156,,Novel,log10_GEperML
737,30,40,,Novel,CT.Mean
737,30,2.65760968215156,,Novel,log10_GEperML
737,31,40,,Novel,CT.Mean
737,31,2.65760968215156,,Novel,log10_GEperML
737,32,40,,Novel,CT.Mean
737,32,2.65760968215156,,Novel,log10_GEperML
737,33,40,,Novel,CT.Mean
737,33,2.65760968215156,,Novel,log10_GEperML
737,34,40,,Novel,CT.Mean
737,34,2.65760968215156,,Novel,log10_GEperML
737,35,40,,Novel,CT.Mean
737,35,2.65760968215156,,Novel,log10_GEperML
737,36,40,,Novel,CT.Mean
737,36,2.65760968215156,,Novel,log10_GEperML
737,37,40,,Novel,CT.Mean
737,37,2.65760968215156,,Novel,log10_GEperML
737,38,40,,Novel,CT.Mean
737,38,2.65760968215156,,Novel,log10_GEperML
737,39,40,,Novel,CT.Mean
737,39,2.65760968215156,,Novel,log10_GEperML
737,40,40,,Novel,CT.Mean
737,40,2.65760968215156,,Novel,log10_GEperML
737,41,40,,Novel,CT.Mean
737,41,2.65760968215156,,Novel,log10_GEperML
737,42,40,,Novel,CT.Mean
737,42,2.65760968215156,,Novel,log10_GEperML
737,43,40,,Novel,CT.Mean
737,43,2.65760968215156,,Novel,log10_GEperML
737,44,40,,Novel,CT.Mean
737,44,2.65760968215156,,Novel,log10_GEperML
737,45,40,,Novel,CT.Mean
737,45,2.65760968215156,,Novel,log10_GEperML
737,46,40,,Novel,CT.Mean
737,46,2.65760968215156,,Novel,log10_GEperML
737,47,40,,Novel,CT.Mean
737,47,2.65760968215156,,Novel,log10_GEperML
737,48,40,,Novel,CT.Mean
737,48,2.65760968215156,,Novel,log10_GEperML
737,49,40,,Novel,CT.Mean
737,49,2.65760968215156,,Novel,log10_GEperML
737,50,40,,Novel,CT.Mean
737,50,2.65760968215156,,Novel,log10_GEperML
737,51,40,,Novel,CT.Mean
737,51,2.65760968215156,,Novel,log10_GEperML
737,52,40,,Novel,CT.Mean
737,52,2.65760968215156,,Novel,log10_GEperML
737,53,40,,Novel,CT.Mean
737,53,2.65760968215156,,Novel,log10_GEperML
737,54,40,,Novel,CT.Mean
737,54,2.65760968215156,,Novel,log10_GEperML
737,55,40,,Novel,CT.Mean
737,55,2.65760968215156,,Novel,log10_GEperML
737,56,40,,Novel,CT.Mean
737,56,2.65760968215156,,Novel,log10_GEperML
737,57,40,,Novel,CT.Mean
737,57,2.65760968215156,,Novel,log10_GEperML
737,58,40,,Novel,CT.Mean
737,58,2.65760968215156,,Novel,log10_GEperML
737,59,40,,Novel,CT.Mean
737,59,2.65760968215156,,Novel,log10_GEperML
737,60,40,,Novel,CT.Mean
737,60,2.65760968215156,,Novel,log10_GEperML
737,61,40,,Novel,CT.Mean
737,61,2.65760968215156,,Novel,log10_GEperML
737,62,40,,Novel,CT.Mean
737,62,2.65760968215156,,Novel,log10_GEperML
744,0,33,,Persistent,CT.Mean
744,0,4.59682133309828,,Persistent,log10_GEperML
744,2,40,,Persistent,CT.Mean
744,2,2.65760968215156,,Persistent,log10_GEperML
744,7,40,,Persistent,CT.Mean
744,7,2.65760968215156,,Persistent,log10_GEperML
744,8,40,,Persistent,CT.Mean
744,8,2.65760968215156,,Persistent,log10_GEperML
744,14,40,,Persistent,CT.Mean
744,14,2.65760968215156,,Persistent,log10_GEperML
744,15,40,,Persistent,CT.Mean
744,15,2.65760968215156,,Persistent,log10_GEperML
744,16,40,Yes,Persistent,CT.Mean
744,16,2.65760968215156,Yes,Persistent,log10_GEperML
744,17,40,,Persistent,CT.Mean
744,17,2.65760968215156,,Persistent,log10_GEperML
744,18,40,,Persistent,CT.Mean
744,18,2.65760968215156,,Persistent,log10_GEperML
744,19,40,,Persistent,CT.Mean
744,19,2.65760968215156,,Persistent,log10_GEperML
744,20,40,,Persistent,CT.Mean
744,20,2.65760968215156,,Persistent,log10_GEperML
744,21,40,,Persistent,CT.Mean
744,21,2.65760968215156,,Persistent,log10_GEperML
744,22,40,,Persistent,CT.Mean
744,22,2.65760968215156,,Persistent,log10_GEperML
744,23,40,,Persistent,CT.Mean
744,23,2.65760968215156,,Persistent,log10_GEperML
744,24,40,,Persistent,CT.Mean
744,24,2.65760968215156,,Persistent,log10_GEperML
744,25,40,,Persistent,CT.Mean
744,25,2.65760968215156,,Persistent,log10_GEperML
744,26,40,,Persistent,CT.Mean
744,26,2.65760968215156,,Persistent,log10_GEperML
744,27,40,,Persistent,CT.Mean
744,27,2.65760968215156,,Persistent,log10_GEperML
744,28,40,,Persistent,CT.Mean
744,28,2.65760968215156,,Persistent,log10_GEperML
744,29,40,,Persistent,CT.Mean
744,29,2.65760968215156,,Persistent,log10_GEperML
744,30,40,,Persistent,CT.Mean
744,30,2.65760968215156,,Persistent,log10_GEperML
744,31,40,,Persistent,CT.Mean
744,31,2.65760968215156,,Persistent,log10_GEperML
744,32,40,,Persistent,CT.Mean
744,32,2.65760968215156,,Persistent,log10_GEperML
744,33,40,,Persistent,CT.Mean
744,33,2.65760968215156,,Persistent,log10_GEperML
744,34,40,,Persistent,CT.Mean
744,34,2.65760968215156,,Persistent,log10_GEperML
744,35,40,,Persistent,CT.Mean
744,35,2.65760968215156,,Persistent,log10_GEperML
744,36,40,,Persistent,CT.Mean
744,36,2.65760968215156,,Persistent,log10_GEperML
744,37,40,,Persistent,CT.Mean
744,37,2.65760968215156,,Persistent,log10_GEperML
744,38,40,,Persistent,CT.Mean
744,38,2.65760968215156,,Persistent,log10_GEperML
744,39,40,,Persistent,CT.Mean
744,39,2.65760968215156,,Persistent,log10_GEperML
744,40,40,,Persistent,CT.Mean
744,40,2.65760968215156,,Persistent,log10_GEperML
744,41,40,,Persistent,CT.Mean
744,41,2.65760968215156,,Persistent,log10_GEperML
744,42,40,,Persistent,CT.Mean
744,42,2.65760968215156,,Persistent,log10_GEperML
744,43,40,,Persistent,CT.Mean
744,43,2.65760968215156,,Persistent,log10_GEperML
744,44,40,,Persistent,CT.Mean
744,44,2.65760968215156,,Persistent,log10_GEperML
744,45,40,,Persistent,CT.Mean
744,45,2.65760968215156,,Persistent,log10_GEperML
744,46,40,,Persistent,CT.Mean
744,46,2.65760968215156,,Persistent,log10_GEperML
744,47,40,,Persistent,CT.Mean
744,47,2.65760968215156,,Persistent,log10_GEperML
744,48,40,,Persistent,CT.Mean
744,48,2.65760968215156,,Persistent,log10_GEperML
744,49,40,,Persistent,CT.Mean
744,49,2.65760968215156,,Persistent,log10_GEperML
744,50,40,,Persistent,CT.Mean
744,50,2.65760968215156,,Persistent,log10_GEperML
744,51,40,,Persistent,CT.Mean
744,51,2.65760968215156,,Persistent,log10_GEperML
744,52,40,,Persistent,CT.Mean
744,52,2.65760968215156,,Persistent,log10_GEperML
746,-10,40,,Novel,CT.Mean
746,-10,2.65760968215156,,Novel,log10_GEperML
746,-8,40,,Novel,CT.Mean
746,-8,2.65760968215156,,Novel,log10_GEperML
746,-6,40,,Novel,CT.Mean
746,-6,2.65760968215156,,Novel,log10_GEperML
746,-4,40,,Novel,CT.Mean
746,-4,2.65760968215156,,Novel,log10_GEperML
746,-2,40,,Novel,CT.Mean
746,-2,2.65760968215156,,Novel,log10_GEperML
746,0,32.13,,Novel,CT.Mean
746,0,4.83783763828737,,Novel,log10_GEperML
746,2,33.1,,Novel,CT.Mean
746,2,4.56911830951332,,Novel,log10_GEperML
746,4,33.93,,Novel,CT.Mean
746,4,4.33918321375821,,Novel,log10_GEperML
754,0,17.2,,Novel,CT.Mean
754,0,8.97389905952086,,Novel,log10_GEperML
754,1,25.3,,Novel,CT.Mean
754,1,6.72995414913966,,Novel,log10_GEperML
754,7,36.7,,Novel,CT.Mean
754,7,3.57180946045501,,Novel,log10_GEperML
754,9,37.5,,Novel,CT.Mean
754,9,3.35018527177539,,Novel,log10_GEperML
754,11,40,,Novel,CT.Mean
754,11,2.65760968215156,,Novel,log10_GEperML
754,12,40,,Novel,CT.Mean
754,12,2.65760968215156,,Novel,log10_GEperML
754,13,35.8,,Novel,CT.Mean
754,13,3.82113667271959,,Novel,log10_GEperML
754,15,38.99,,Novel,CT.Mean
754,15,2.93741022035959,,Novel,log10_GEperML
754,16,37.82,,Novel,CT.Mean
754,16,3.26153559630354,,Novel,log10_GEperML
754,18,35.82,,Novel,CT.Mean
754,18,3.8155960680026,,Novel,log10_GEperML
754,19,40,,Novel,CT.Mean
754,19,2.65760968215156,,Novel,log10_GEperML
754,20,40,,Novel,CT.Mean
754,20,2.65760968215156,,Novel,log10_GEperML
754,21,40,,Novel,CT.Mean
754,21,2.65760968215156,,Novel,log10_GEperML
754,22,40,,Novel,CT.Mean
754,22,2.65760968215156,,Novel,log10_GEperML
754,23,40,,Novel,CT.Mean
754,23,2.65760968215156,,Novel,log10_GEperML
754,24,40,,Novel,CT.Mean
754,24,2.65760968215156,,Novel,log10_GEperML
754,26,40,,Novel,CT.Mean
754,26,2.65760968215156,,Novel,log10_GEperML
754,27,40,,Novel,CT.Mean
754,27,2.65760968215156,,Novel,log10_GEperML
754,28,40,,Novel,CT.Mean
754,28,2.65760968215156,,Novel,log10_GEperML
754,29,40,,Novel,CT.Mean
754,29,2.65760968215156,,Novel,log10_GEperML
754,30,40,,Novel,CT.Mean
754,30,2.65760968215156,,Novel,log10_GEperML
754,31,40,,Novel,CT.Mean
754,31,2.65760968215156,,Novel,log10_GEperML
754,32,40,,Novel,CT.Mean
754,32,2.65760968215156,,Novel,log10_GEperML
754,33,40,,Novel,CT.Mean
754,33,2.65760968215156,,Novel,log10_GEperML
754,34,40,,Novel,CT.Mean
754,34,2.65760968215156,,Novel,log10_GEperML
754,35,40,,Novel,CT.Mean
754,35,2.65760968215156,,Novel,log10_GEperML
754,36,40,,Novel,CT.Mean
754,36,2.65760968215156,,Novel,log10_GEperML
754,37,40,,Novel,CT.Mean
754,37,2.65760968215156,,Novel,log10_GEperML
754,38,40,,Novel,CT.Mean
754,38,2.65760968215156,,Novel,log10_GEperML
754,39,40,,Novel,CT.Mean
754,39,2.65760968215156,,Novel,log10_GEperML
754,40,40,,Novel,CT.Mean
754,40,2.65760968215156,,Novel,log10_GEperML
754,41,40,,Novel,CT.Mean
754,41,2.65760968215156,,Novel,log10_GEperML
754,42,40,,Novel,CT.Mean
754,42,2.65760968215156,,Novel,log10_GEperML
754,43,40,,Novel,CT.Mean
754,43,2.65760968215156,,Novel,log10_GEperML
754,44,40,,Novel,CT.Mean
754,44,2.65760968215156,,Novel,log10_GEperML
754,45,40,,Novel,CT.Mean
754,45,2.65760968215156,,Novel,log10_GEperML
754,46,40,,Novel,CT.Mean
754,46,2.65760968215156,,Novel,log10_GEperML
754,47,40,,Novel,CT.Mean
754,47,2.65760968215156,,Novel,log10_GEperML
754,48,40,,Novel,CT.Mean
754,48,2.65760968215156,,Novel,log10_GEperML
754,49,40,,Novel,CT.Mean
754,49,2.65760968215156,,Novel,log10_GEperML
754,50,40,,Novel,CT.Mean
754,50,2.65760968215156,,Novel,log10_GEperML
754,51,40,,Novel,CT.Mean
754,51,2.65760968215156,,Novel,log10_GEperML
754,52,40,,Novel,CT.Mean
754,52,2.65760968215156,,Novel,log10_GEperML
754,53,40,,Novel,CT.Mean
754,53,2.65760968215156,,Novel,log10_GEperML
754,54,40,,Novel,CT.Mean
754,54,2.65760968215156,,Novel,log10_GEperML
754,55,40,,Novel,CT.Mean
754,55,2.65760968215156,,Novel,log10_GEperML
754,56,40,,Novel,CT.Mean
754,56,2.65760968215156,,Novel,log10_GEperML
754,57,40,,Novel,CT.Mean
754,57,2.65760968215156,,Novel,log10_GEperML
754,58,40,,Novel,CT.Mean
754,58,2.65760968215156,,Novel,log10_GEperML
754,59,40,,Novel,CT.Mean
754,59,2.65760968215156,,Novel,log10_GEperML
754,60,40,,Novel,CT.Mean
754,60,2.65760968215156,,Novel,log10_GEperML
754,61,40,,Novel,CT.Mean
754,61,2.65760968215156,,Novel,log10_GEperML
754,62,40,,Novel,CT.Mean
754,62,2.65760968215156,,Novel,log10_GEperML
754,63,40,,Novel,CT.Mean
754,63,2.65760968215156,,Novel,log10_GEperML
754,64,40,,Novel,CT.Mean
754,64,2.65760968215156,,Novel,log10_GEperML
754,65,40,,Novel,CT.Mean
754,65,2.65760968215156,,Novel,log10_GEperML
754,66,40,,Novel,CT.Mean
754,66,2.65760968215156,,Novel,log10_GEperML
754,67,40,,Novel,CT.Mean
754,67,2.65760968215156,,Novel,log10_GEperML
754,68,40,,Novel,CT.Mean
754,68,2.65760968215156,,Novel,log10_GEperML
754,69,40,,Novel,CT.Mean
754,69,2.65760968215156,,Novel,log10_GEperML
754,70,40,,Novel,CT.Mean
754,70,2.65760968215156,,Novel,log10_GEperML
754,71,40,,Novel,CT.Mean
754,71,2.65760968215156,,Novel,log10_GEperML
754,72,40,,Novel,CT.Mean
754,72,2.65760968215156,,Novel,log10_GEperML
754,73,40,,Novel,CT.Mean
754,73,2.65760968215156,,Novel,log10_GEperML
754,74,40,,Novel,CT.Mean
754,74,2.65760968215156,,Novel,log10_GEperML
754,75,40,,Novel,CT.Mean
754,75,2.65760968215156,,Novel,log10_GEperML
755,-2,31.8,,Novel,CT.Mean
755,-2,4.92925761611771,,Novel,log10_GEperML
755,-1,24.1,,Novel,CT.Mean
755,-1,7.0623904321591,,Novel,log10_GEperML
755,0,19.9,,Novel,CT.Mean
755,0,8.22591742272713,,Novel,log10_GEperML
755,6,28.3,,Novel,CT.Mean
755,6,5.89886344159107,,Novel,log10_GEperML
755,8,32.3,,Novel,CT.Mean
755,8,4.79074249819295,,Novel,log10_GEperML
755,10,38.2,,Novel,CT.Mean
755,10,3.15626410668072,,Novel,log10_GEperML
755,11,34.5,,Novel,CT.Mean
755,11,4.18127597932398,,Novel,log10_GEperML
755,12,40,,Novel,CT.Mean
755,12,2.65760968215156,,Novel,log10_GEperML
755,13,40,,Novel,CT.Mean
755,13,2.65760968215156,,Novel,log10_GEperML
755,14,40,,Novel,CT.Mean
755,14,2.65760968215156,,Novel,log10_GEperML
755,15,40,,Novel,CT.Mean
755,15,2.65760968215156,,Novel,log10_GEperML
755,16,40,,Novel,CT.Mean
755,16,2.65760968215156,,Novel,log10_GEperML
755,17,40,,Novel,CT.Mean
755,17,2.65760968215156,,Novel,log10_GEperML
755,18,40,,Novel,CT.Mean
755,18,2.65760968215156,,Novel,log10_GEperML
755,19,40,,Novel,CT.Mean
755,19,2.65760968215156,,Novel,log10_GEperML
755,20,40,,Novel,CT.Mean
755,20,2.65760968215156,,Novel,log10_GEperML
755,21,40,,Novel,CT.Mean
755,21,2.65760968215156,,Novel,log10_GEperML
755,22,40,,Novel,CT.Mean
755,22,2.65760968215156,,Novel,log10_GEperML
755,23,40,,Novel,CT.Mean
755,23,2.65760968215156,,Novel,log10_GEperML
755,24,40,,Novel,CT.Mean
755,24,2.65760968215156,,Novel,log10_GEperML
755,25,40,,Novel,CT.Mean
755,25,2.65760968215156,,Novel,log10_GEperML
755,26,40,,Novel,CT.Mean
755,26,2.65760968215156,,Novel,log10_GEperML
755,27,40,,Novel,CT.Mean
755,27,2.65760968215156,,Novel,log10_GEperML
755,28,40,,Novel,CT.Mean
755,28,2.65760968215156,,Novel,log10_GEperML
755,29,40,,Novel,CT.Mean
755,29,2.65760968215156,,Novel,log10_GEperML
755,30,40,,Novel,CT.Mean
755,30,2.65760968215156,,Novel,log10_GEperML
755,31,40,,Novel,CT.Mean
755,31,2.65760968215156,,Novel,log10_GEperML
755,32,40,,Novel,CT.Mean
755,32,2.65760968215156,,Novel,log10_GEperML
755,33,40,,Novel,CT.Mean
755,33,2.65760968215156,,Novel,log10_GEperML
755,34,40,,Novel,CT.Mean
755,34,2.65760968215156,,Novel,log10_GEperML
755,35,40,,Novel,CT.Mean
755,35,2.65760968215156,,Novel,log10_GEperML
755,36,40,,Novel,CT.Mean
755,36,2.65760968215156,,Novel,log10_GEperML
755,37,40,,Novel,CT.Mean
755,37,2.65760968215156,,Novel,log10_GEperML
755,38,40,,Novel,CT.Mean
755,38,2.65760968215156,,Novel,log10_GEperML
755,39,40,,Novel,CT.Mean
755,39,2.65760968215156,,Novel,log10_GEperML
755,40,40,,Novel,CT.Mean
755,40,2.65760968215156,,Novel,log10_GEperML
755,41,40,,Novel,CT.Mean
755,41,2.65760968215156,,Novel,log10_GEperML
755,42,40,,Novel,CT.Mean
755,42,2.65760968215156,,Novel,log10_GEperML
755,43,40,,Novel,CT.Mean
755,43,2.65760968215156,,Novel,log10_GEperML
755,44,40,,Novel,CT.Mean
755,44,2.65760968215156,,Novel,log10_GEperML
755,45,40,,Novel,CT.Mean
755,45,2.65760968215156,,Novel,log10_GEperML
755,46,40,,Novel,CT.Mean
755,46,2.65760968215156,,Novel,log10_GEperML
755,47,40,,Novel,CT.Mean
755,47,2.65760968215156,,Novel,log10_GEperML
755,48,40,,Novel,CT.Mean
755,48,2.65760968215156,,Novel,log10_GEperML
755,49,40,,Novel,CT.Mean
755,49,2.65760968215156,,Novel,log10_GEperML
755,50,40,,Novel,CT.Mean
755,50,2.65760968215156,,Novel,log10_GEperML
755,51,40,,Novel,CT.Mean
755,51,2.65760968215156,,Novel,log10_GEperML
755,52,40,,Novel,CT.Mean
755,52,2.65760968215156,,Novel,log10_GEperML
755,53,40,,Novel,CT.Mean
755,53,2.65760968215156,,Novel,log10_GEperML
755,54,40,,Novel,CT.Mean
755,54,2.65760968215156,,Novel,log10_GEperML
755,55,40,,Novel,CT.Mean
755,55,2.65760968215156,,Novel,log10_GEperML
755,56,40,,Novel,CT.Mean
755,56,2.65760968215156,,Novel,log10_GEperML
755,57,40,,Novel,CT.Mean
755,57,2.65760968215156,,Novel,log10_GEperML
755,58,40,,Novel,CT.Mean
755,58,2.65760968215156,,Novel,log10_GEperML
755,59,40,,Novel,CT.Mean
755,59,2.65760968215156,,Novel,log10_GEperML
755,60,40,,Novel,CT.Mean
755,60,2.65760968215156,,Novel,log10_GEperML
755,61,40,,Novel,CT.Mean
755,61,2.65760968215156,,Novel,log10_GEperML
755,62,40,,Novel,CT.Mean
755,62,2.65760968215156,,Novel,log10_GEperML
755,63,40,,Novel,CT.Mean
755,63,2.65760968215156,,Novel,log10_GEperML
755,64,40,,Novel,CT.Mean
755,64,2.65760968215156,,Novel,log10_GEperML
755,65,40,,Novel,CT.Mean
755,65,2.65760968215156,,Novel,log10_GEperML
755,66,40,,Novel,CT.Mean
755,66,2.65760968215156,,Novel,log10_GEperML
755,67,40,,Novel,CT.Mean
755,67,2.65760968215156,,Novel,log10_GEperML
755,68,40,,Novel,CT.Mean
755,68,2.65760968215156,,Novel,log10_GEperML
755,69,40,,Novel,CT.Mean
755,69,2.65760968215156,,Novel,log10_GEperML
755,70,40,,Novel,CT.Mean
755,70,2.65760968215156,,Novel,log10_GEperML
755,71,40,,Novel,CT.Mean
755,71,2.65760968215156,,Novel,log10_GEperML
755,72,40,,Novel,CT.Mean
755,72,2.65760968215156,,Novel,log10_GEperML
755,73,40,,Novel,CT.Mean
755,73,2.65760968215156,,Novel,log10_GEperML
755,74,40,,Novel,CT.Mean
755,74,2.65760968215156,,Novel,log10_GEperML
771,0,27.3,,Novel,CT.Mean
771,0,6.1758936774406,,Novel,log10_GEperML
771,2,33.2,,Novel,CT.Mean
771,2,4.54141528592837,,Novel,log10_GEperML
771,4,35.7,,Novel,CT.Mean
771,4,3.84883969630454,,Novel,log10_GEperML
771,6,40,,Novel,CT.Mean
771,6,2.65760968215156,,Novel,log10_GEperML
771,10,40,,Novel,CT.Mean
771,10,2.65760968215156,,Novel,log10_GEperML
781,0,26.8,,Novel,CT.Mean
781,0,6.31440879536537,,Novel,log10_GEperML
781,2,37.4,,Novel,CT.Mean
781,2,3.37788829536034,,Novel,log10_GEperML
781,4,37,,Novel,CT.Mean
781,4,3.48870038970016,,Novel,log10_GEperML
781,6,40,,Novel,CT.Mean
781,6,2.65760968215156,,Novel,log10_GEperML
781,8,40,,Novel,CT.Mean
781,8,2.65760968215156,,Novel,log10_GEperML
781,9,40,,Novel,CT.Mean
781,9,2.65760968215156,,Novel,log10_GEperML
781,10,40,,Novel,CT.Mean
781,10,2.65760968215156,,Novel,log10_GEperML
781,12,40,,Novel,CT.Mean
781,12,2.65760968215156,,Novel,log10_GEperML
781,13,40,,Novel,CT.Mean
781,13,2.65760968215156,,Novel,log10_GEperML
781,14,40,,Novel,CT.Mean
781,14,2.65760968215156,,Novel,log10_GEperML
781,15,40,,Novel,CT.Mean
781,15,2.65760968215156,,Novel,log10_GEperML
781,16,40,,Novel,CT.Mean
781,16,2.65760968215156,,Novel,log10_GEperML
781,17,40,,Novel,CT.Mean
781,17,2.65760968215156,,Novel,log10_GEperML
781,18,40,,Novel,CT.Mean
781,18,2.65760968215156,,Novel,log10_GEperML
781,19,40,,Novel,CT.Mean
781,19,2.65760968215156,,Novel,log10_GEperML
781,20,40,,Novel,CT.Mean
781,20,2.65760968215156,,Novel,log10_GEperML
781,21,40,,Novel,CT.Mean
781,21,2.65760968215156,,Novel,log10_GEperML
781,22,40,,Novel,CT.Mean
781,22,2.65760968215156,,Novel,log10_GEperML
781,23,40,,Novel,CT.Mean
781,23,2.65760968215156,,Novel,log10_GEperML
781,24,40,,Novel,CT.Mean
781,24,2.65760968215156,,Novel,log10_GEperML
781,25,40,,Novel,CT.Mean
781,25,2.65760968215156,,Novel,log10_GEperML
781,26,40,,Novel,CT.Mean
781,26,2.65760968215156,,Novel,log10_GEperML
781,27,40,,Novel,CT.Mean
781,27,2.65760968215156,,Novel,log10_GEperML
781,28,40,,Novel,CT.Mean
781,28,2.65760968215156,,Novel,log10_GEperML
781,29,40,,Novel,CT.Mean
781,29,2.65760968215156,,Novel,log10_GEperML
781,30,40,,Novel,CT.Mean
781,30,2.65760968215156,,Novel,log10_GEperML
781,31,40,,Novel,CT.Mean
781,31,2.65760968215156,,Novel,log10_GEperML
781,32,40,,Novel,CT.Mean
781,32,2.65760968215156,,Novel,log10_GEperML
781,33,40,,Novel,CT.Mean
781,33,2.65760968215156,,Novel,log10_GEperML
781,34,40,,Novel,CT.Mean
781,34,2.65760968215156,,Novel,log10_GEperML
781,35,40,,Novel,CT.Mean
781,35,2.65760968215156,,Novel,log10_GEperML
781,36,40,,Novel,CT.Mean
781,36,2.65760968215156,,Novel,log10_GEperML
781,37,40,,Novel,CT.Mean
781,37,2.65760968215156,,Novel,log10_GEperML
781,38,40,,Novel,CT.Mean
781,38,2.65760968215156,,Novel,log10_GEperML
781,39,40,,Novel,CT.Mean
781,39,2.65760968215156,,Novel,log10_GEperML
781,40,40,,Novel,CT.Mean
781,40,2.65760968215156,,Novel,log10_GEperML
781,41,40,,Novel,CT.Mean
781,41,2.65760968215156,,Novel,log10_GEperML
781,42,40,,Novel,CT.Mean
781,42,2.65760968215156,,Novel,log10_GEperML
781,43,40,,Novel,CT.Mean
781,43,2.65760968215156,,Novel,log10_GEperML
781,44,40,,Novel,CT.Mean
781,44,2.65760968215156,,Novel,log10_GEperML
781,45,40,,Novel,CT.Mean
781,45,2.65760968215156,,Novel,log10_GEperML
781,46,40,,Novel,CT.Mean
781,46,2.65760968215156,,Novel,log10_GEperML
781,47,40,,Novel,CT.Mean
781,47,2.65760968215156,,Novel,log10_GEperML
807,-16,40,,Novel,CT.Mean
807,-16,2.65760968215156,,Novel,log10_GEperML
807,-14,40,,Novel,CT.Mean
807,-14,2.65760968215156,,Novel,log10_GEperML
807,-12,40,,Novel,CT.Mean
807,-12,2.65760968215156,,Novel,log10_GEperML
807,-10,40,,Novel,CT.Mean
807,-10,2.65760968215156,,Novel,log10_GEperML
807,-8,36.6,,Novel,CT.Mean
807,-8,3.59951248403997,,Novel,log10_GEperML
807,0,34.55,,Novel,CT.Mean
807,0,4.16742446753151,,Novel,log10_GEperML
807,6,40,,Novel,CT.Mean
807,6,2.65760968215156,,Novel,log10_GEperML
807,10,40,,Novel,CT.Mean
807,10,2.65760968215156,,Novel,log10_GEperML
807,11,40,,Novel,CT.Mean
807,11,2.65760968215156,,Novel,log10_GEperML
807,12,40,,Novel,CT.Mean
807,12,2.65760968215156,,Novel,log10_GEperML
807,13,40,,Novel,CT.Mean
807,13,2.65760968215156,,Novel,log10_GEperML
807,14,40,,Novel,CT.Mean
807,14,2.65760968215156,,Novel,log10_GEperML
807,15,40,,Novel,CT.Mean
807,15,2.65760968215156,,Novel,log10_GEperML
807,16,40,,Novel,CT.Mean
807,16,2.65760968215156,,Novel,log10_GEperML
807,17,40,,Novel,CT.Mean
807,17,2.65760968215156,,Novel,log10_GEperML
807,18,40,,Novel,CT.Mean
807,18,2.65760968215156,,Novel,log10_GEperML
807,19,40,,Novel,CT.Mean
807,19,2.65760968215156,,Novel,log10_GEperML
807,20,40,,Novel,CT.Mean
807,20,2.65760968215156,,Novel,log10_GEperML
807,21,40,,Novel,CT.Mean
807,21,2.65760968215156,,Novel,log10_GEperML
807,22,40,,Novel,CT.Mean
807,22,2.65760968215156,,Novel,log10_GEperML
807,23,40,,Novel,CT.Mean
807,23,2.65760968215156,,Novel,log10_GEperML
807,24,40,,Novel,CT.Mean
807,24,2.65760968215156,,Novel,log10_GEperML
807,25,40,,Novel,CT.Mean
807,25,2.65760968215156,,Novel,log10_GEperML
807,26,40,,Novel,CT.Mean
807,26,2.65760968215156,,Novel,log10_GEperML
807,27,40,,Novel,CT.Mean
807,27,2.65760968215156,,Novel,log10_GEperML
807,28,40,,Novel,CT.Mean
807,28,2.65760968215156,,Novel,log10_GEperML
807,29,40,,Novel,CT.Mean
807,29,2.65760968215156,,Novel,log10_GEperML
807,30,40,,Novel,CT.Mean
807,30,2.65760968215156,,Novel,log10_GEperML
807,31,40,,Novel,CT.Mean
807,31,2.65760968215156,,Novel,log10_GEperML
807,32,40,,Novel,CT.Mean
807,32,2.65760968215156,,Novel,log10_GEperML
807,33,40,,Novel,CT.Mean
807,33,2.65760968215156,,Novel,log10_GEperML
807,34,40,,Novel,CT.Mean
807,34,2.65760968215156,,Novel,log10_GEperML
807,35,40,,Novel,CT.Mean
807,35,2.65760968215156,,Novel,log10_GEperML
807,36,40,,Novel,CT.Mean
807,36,2.65760968215156,,Novel,log10_GEperML
807,37,40,,Novel,CT.Mean
807,37,2.65760968215156,,Novel,log10_GEperML
807,38,40,,Novel,CT.Mean
807,38,2.65760968215156,,Novel,log10_GEperML
807,39,40,,Novel,CT.Mean
807,39,2.65760968215156,,Novel,log10_GEperML
807,40,40,,Novel,CT.Mean
807,40,2.65760968215156,,Novel,log10_GEperML
807,41,40,,Novel,CT.Mean
807,41,2.65760968215156,,Novel,log10_GEperML
807,42,40,,Novel,CT.Mean
807,42,2.65760968215156,,Novel,log10_GEperML
807,43,40,,Novel,CT.Mean
807,43,2.65760968215156,,Novel,log10_GEperML
807,44,40,,Novel,CT.Mean
807,44,2.65760968215156,,Novel,log10_GEperML
807,45,40,,Novel,CT.Mean
807,45,2.65760968215156,,Novel,log10_GEperML
807,46,40,,Novel,CT.Mean
807,46,2.65760968215156,,Novel,log10_GEperML
807,47,40,,Novel,CT.Mean
807,47,2.65760968215156,,Novel,log10_GEperML
807,48,40,,Novel,CT.Mean
807,48,2.65760968215156,,Novel,log10_GEperML
807,49,40,,Novel,CT.Mean
807,49,2.65760968215156,,Novel,log10_GEperML
807,50,40,,Novel,CT.Mean
807,50,2.65760968215156,,Novel,log10_GEperML
807,51,40,,Novel,CT.Mean
807,51,2.65760968215156,,Novel,log10_GEperML
807,52,40,,Novel,CT.Mean
807,52,2.65760968215156,,Novel,log10_GEperML
807,53,40,,Novel,CT.Mean
807,53,2.65760968215156,,Novel,log10_GEperML
807,54,40,,Novel,CT.Mean
807,54,2.65760968215156,,Novel,log10_GEperML
807,55,40,,Novel,CT.Mean
807,55,2.65760968215156,,Novel,log10_GEperML
807,56,40,,Novel,CT.Mean
807,56,2.65760968215156,,Novel,log10_GEperML
807,57,40,,Novel,CT.Mean
807,57,2.65760968215156,,Novel,log10_GEperML
807,58,40,,Novel,CT.Mean
807,58,2.65760968215156,,Novel,log10_GEperML
807,59,40,,Novel,CT.Mean
807,59,2.65760968215156,,Novel,log10_GEperML
807,60,40,,Novel,CT.Mean
807,60,2.65760968215156,,Novel,log10_GEperML
816,0,19.2,,Novel,CT.Mean
816,0,8.4198385878218,,Novel,log10_GEperML
816,12,40,,Novel,CT.Mean
816,12,2.65760968215156,,Novel,log10_GEperML
816,13,40,,Novel,CT.Mean
816,13,2.65760968215156,,Novel,log10_GEperML
816,14,40,,Novel,CT.Mean
816,14,2.65760968215156,,Novel,log10_GEperML
816,16,40,,Novel,CT.Mean
816,16,2.65760968215156,,Novel,log10_GEperML
816,18,40,,Novel,CT.Mean
816,18,2.65760968215156,,Novel,log10_GEperML
816,19,40,,Novel,CT.Mean
816,19,2.65760968215156,,Novel,log10_GEperML
816,20,40,,Novel,CT.Mean
816,20,2.65760968215156,,Novel,log10_GEperML
816,21,40,,Novel,CT.Mean
816,21,2.65760968215156,,Novel,log10_GEperML
816,22,40,,Novel,CT.Mean
816,22,2.65760968215156,,Novel,log10_GEperML
816,23,40,,Novel,CT.Mean
816,23,2.65760968215156,,Novel,log10_GEperML
816,24,40,,Novel,CT.Mean
816,24,2.65760968215156,,Novel,log10_GEperML
816,25,40,,Novel,CT.Mean
816,25,2.65760968215156,,Novel,log10_GEperML
816,26,40,,Novel,CT.Mean
816,26,2.65760968215156,,Novel,log10_GEperML
816,27,40,,Novel,CT.Mean
816,27,2.65760968215156,,Novel,log10_GEperML
816,28,40,,Novel,CT.Mean
816,28,2.65760968215156,,Novel,log10_GEperML
816,29,40,,Novel,CT.Mean
816,29,2.65760968215156,,Novel,log10_GEperML
816,30,40,,Novel,CT.Mean
816,30,2.65760968215156,,Novel,log10_GEperML
816,31,40,,Novel,CT.Mean
816,31,2.65760968215156,,Novel,log10_GEperML
816,32,40,,Novel,CT.Mean
816,32,2.65760968215156,,Novel,log10_GEperML
816,33,40,,Novel,CT.Mean
816,33,2.65760968215156,,Novel,log10_GEperML
816,34,40,,Novel,CT.Mean
816,34,2.65760968215156,,Novel,log10_GEperML
816,35,40,,Novel,CT.Mean
816,35,2.65760968215156,,Novel,log10_GEperML
816,36,40,,Novel,CT.Mean
816,36,2.65760968215156,,Novel,log10_GEperML
816,37,40,,Novel,CT.Mean
816,37,2.65760968215156,,Novel,log10_GEperML
816,38,40,,Novel,CT.Mean
816,38,2.65760968215156,,Novel,log10_GEperML
816,39,40,,Novel,CT.Mean
816,39,2.65760968215156,,Novel,log10_GEperML
816,40,40,,Novel,CT.Mean
816,40,2.65760968215156,,Novel,log10_GEperML
816,41,40,,Novel,CT.Mean
816,41,2.65760968215156,,Novel,log10_GEperML
816,42,40,,Novel,CT.Mean
816,42,2.65760968215156,,Novel,log10_GEperML
816,43,40,,Novel,CT.Mean
816,43,2.65760968215156,,Novel,log10_GEperML
816,44,40,,Novel,CT.Mean
816,44,2.65760968215156,,Novel,log10_GEperML
816,45,40,,Novel,CT.Mean
816,45,2.65760968215156,,Novel,log10_GEperML
816,46,40,,Novel,CT.Mean
816,46,2.65760968215156,,Novel,log10_GEperML
816,47,40,,Novel,CT.Mean
816,47,2.65760968215156,,Novel,log10_GEperML
816,48,40,,Novel,CT.Mean
816,48,2.65760968215156,,Novel,log10_GEperML
816,49,40,,Novel,CT.Mean
816,49,2.65760968215156,,Novel,log10_GEperML
816,50,40,,Novel,CT.Mean
816,50,2.65760968215156,,Novel,log10_GEperML
816,51,40,,Novel,CT.Mean
816,51,2.65760968215156,,Novel,log10_GEperML
816,52,40,,Novel,CT.Mean
816,52,2.65760968215156,,Novel,log10_GEperML
816,53,40,,Novel,CT.Mean
816,53,2.65760968215156,,Novel,log10_GEperML
816,54,40,,Novel,CT.Mean
816,54,2.65760968215156,,Novel,log10_GEperML
816,55,40,,Novel,CT.Mean
816,55,2.65760968215156,,Novel,log10_GEperML
816,56,40,,Novel,CT.Mean
816,56,2.65760968215156,,Novel,log10_GEperML
816,57,40,,Novel,CT.Mean
816,57,2.65760968215156,,Novel,log10_GEperML
816,58,40,,Novel,CT.Mean
816,58,2.65760968215156,,Novel,log10_GEperML
816,59,40,,Novel,CT.Mean
816,59,2.65760968215156,,Novel,log10_GEperML
816,60,40,,Novel,CT.Mean
816,60,2.65760968215156,,Novel,log10_GEperML
816,61,40,,Novel,CT.Mean
816,61,2.65760968215156,,Novel,log10_GEperML
816,62,40,,Novel,CT.Mean
816,62,2.65760968215156,,Novel,log10_GEperML
816,63,40,,Novel,CT.Mean
816,63,2.65760968215156,,Novel,log10_GEperML
816,64,40,,Novel,CT.Mean
816,64,2.65760968215156,,Novel,log10_GEperML
816,65,40,,Novel,CT.Mean
816,65,2.65760968215156,,Novel,log10_GEperML
816,66,40,,Novel,CT.Mean
816,66,2.65760968215156,,Novel,log10_GEperML
816,67,40,,Novel,CT.Mean
816,67,2.65760968215156,,Novel,log10_GEperML
816,68,40,,Novel,CT.Mean
816,68,2.65760968215156,,Novel,log10_GEperML
816,69,40,,Novel,CT.Mean
816,69,2.65760968215156,,Novel,log10_GEperML
816,70,40,,Novel,CT.Mean
816,70,2.65760968215156,,Novel,log10_GEperML
816,71,40,,Novel,CT.Mean
816,71,2.65760968215156,,Novel,log10_GEperML
816,72,40,,Novel,CT.Mean
816,72,2.65760968215156,,Novel,log10_GEperML
816,73,40,,Novel,CT.Mean
816,73,2.65760968215156,,Novel,log10_GEperML
816,74,40,,Novel,CT.Mean
816,74,2.65760968215156,,Novel,log10_GEperML
816,75,40,,Novel,CT.Mean
816,75,2.65760968215156,,Novel,log10_GEperML
816,76,40,,Novel,CT.Mean
816,76,2.65760968215156,,Novel,log10_GEperML
818,-8,40,,Novel,CT.Mean
818,-8,2.65760968215156,,Novel,log10_GEperML
818,-2,40,,Novel,CT.Mean
818,-2,2.65760968215156,,Novel,log10_GEperML
818,0,23.7,,Novel,CT.Mean
818,0,7.17320252649891,,Novel,log10_GEperML
818,8,30.06,,Novel,CT.Mean
818,8,5.4112902264959,,Novel,log10_GEperML
818,14,40,,Novel,CT.Mean
818,14,2.65760968215156,,Novel,log10_GEperML
818,18,40,,Novel,CT.Mean
818,18,2.65760968215156,,Novel,log10_GEperML
818,19,40,,Novel,CT.Mean
818,19,2.65760968215156,,Novel,log10_GEperML
818,20,40,,Novel,CT.Mean
818,20,2.65760968215156,,Novel,log10_GEperML
818,22,40,,Novel,CT.Mean
818,22,2.65760968215156,,Novel,log10_GEperML
818,23,40,,Novel,CT.Mean
818,23,2.65760968215156,,Novel,log10_GEperML
818,24,40,,Novel,CT.Mean
818,24,2.65760968215156,,Novel,log10_GEperML
818,25,40,,Novel,CT.Mean
818,25,2.65760968215156,,Novel,log10_GEperML
818,26,40,,Novel,CT.Mean
818,26,2.65760968215156,,Novel,log10_GEperML
818,27,40,,Novel,CT.Mean
818,27,2.65760968215156,,Novel,log10_GEperML
818,28,40,,Novel,CT.Mean
818,28,2.65760968215156,,Novel,log10_GEperML
818,29,40,,Novel,CT.Mean
818,29,2.65760968215156,,Novel,log10_GEperML
818,30,40,,Novel,CT.Mean
818,30,2.65760968215156,,Novel,log10_GEperML
818,31,40,,Novel,CT.Mean
818,31,2.65760968215156,,Novel,log10_GEperML
818,32,40,,Novel,CT.Mean
818,32,2.65760968215156,,Novel,log10_GEperML
818,33,40,,Novel,CT.Mean
818,33,2.65760968215156,,Novel,log10_GEperML
818,34,40,,Novel,CT.Mean
818,34,2.65760968215156,,Novel,log10_GEperML
818,35,40,,Novel,CT.Mean
818,35,2.65760968215156,,Novel,log10_GEperML
818,36,40,,Novel,CT.Mean
818,36,2.65760968215156,,Novel,log10_GEperML
818,38,40,,Novel,CT.Mean
818,38,2.65760968215156,,Novel,log10_GEperML
818,39,40,,Novel,CT.Mean
818,39,2.65760968215156,,Novel,log10_GEperML
818,40,40,,Novel,CT.Mean
818,40,2.65760968215156,,Novel,log10_GEperML
818,41,40,,Novel,CT.Mean
818,41,2.65760968215156,,Novel,log10_GEperML
818,42,40,,Novel,CT.Mean
818,42,2.65760968215156,,Novel,log10_GEperML
818,43,40,,Novel,CT.Mean
818,43,2.65760968215156,,Novel,log10_GEperML
818,44,40,,Novel,CT.Mean
818,44,2.65760968215156,,Novel,log10_GEperML
818,45,40,,Novel,CT.Mean
818,45,2.65760968215156,,Novel,log10_GEperML
818,46,40,,Novel,CT.Mean
818,46,2.65760968215156,,Novel,log10_GEperML
818,47,40,,Novel,CT.Mean
818,47,2.65760968215156,,Novel,log10_GEperML
818,48,40,,Novel,CT.Mean
818,48,2.65760968215156,,Novel,log10_GEperML
818,49,40,,Novel,CT.Mean
818,49,2.65760968215156,,Novel,log10_GEperML
818,50,40,,Novel,CT.Mean
818,50,2.65760968215156,,Novel,log10_GEperML
818,51,40,,Novel,CT.Mean
818,51,2.65760968215156,,Novel,log10_GEperML
818,52,40,,Novel,CT.Mean
818,52,2.65760968215156,,Novel,log10_GEperML
818,53,40,,Novel,CT.Mean
818,53,2.65760968215156,,Novel,log10_GEperML
818,54,40,,Novel,CT.Mean
818,54,2.65760968215156,,Novel,log10_GEperML
818,55,40,,Novel,CT.Mean
818,55,2.65760968215156,,Novel,log10_GEperML
818,56,40,,Novel,CT.Mean
818,56,2.65760968215156,,Novel,log10_GEperML
818,57,40,,Novel,CT.Mean
818,57,2.65760968215156,,Novel,log10_GEperML
818,58,40,,Novel,CT.Mean
818,58,2.65760968215156,,Novel,log10_GEperML
818,59,40,,Novel,CT.Mean
818,59,2.65760968215156,,Novel,log10_GEperML
818,60,40,,Novel,CT.Mean
818,60,2.65760968215156,,Novel,log10_GEperML
818,61,40,,Novel,CT.Mean
818,61,2.65760968215156,,Novel,log10_GEperML
818,62,40,,Novel,CT.Mean
818,62,2.65760968215156,,Novel,log10_GEperML
818,63,40,,Novel,CT.Mean
818,63,2.65760968215156,,Novel,log10_GEperML
818,64,40,,Novel,CT.Mean
818,64,2.65760968215156,,Novel,log10_GEperML
818,65,40,,Novel,CT.Mean
818,65,2.65760968215156,,Novel,log10_GEperML
818,66,40,,Novel,CT.Mean
818,66,2.65760968215156,,Novel,log10_GEperML
818,67,40,,Novel,CT.Mean
818,67,2.65760968215156,,Novel,log10_GEperML
818,68,40,,Novel,CT.Mean
818,68,2.65760968215156,,Novel,log10_GEperML
837,-11,40,,Novel,CT.Mean
837,-11,2.65760968215156,,Novel,log10_GEperML
837,-8,40,,Novel,CT.Mean
837,-8,2.65760968215156,,Novel,log10_GEperML
837,-7,40,,Novel,CT.Mean
837,-7,2.65760968215156,,Novel,log10_GEperML
837,-5,40,,Novel,CT.Mean
837,-5,2.65760968215156,,Novel,log10_GEperML
837,-3,40,,Novel,CT.Mean
837,-3,2.65760968215156,,Novel,log10_GEperML
837,-1,27.8,,Novel,CT.Mean
837,-1,6.03737855951584,,Novel,log10_GEperML
837,0,18.6,,Novel,CT.Mean
837,0,8.58605672933152,,Novel,log10_GEperML
837,18,40,,Novel,CT.Mean
837,18,2.65760968215156,,Novel,log10_GEperML
837,19,40,,Novel,CT.Mean
837,19,2.65760968215156,,Novel,log10_GEperML
837,20,40,,Novel,CT.Mean
837,20,2.65760968215156,,Novel,log10_GEperML
837,21,40,,Novel,CT.Mean
837,21,2.65760968215156,,Novel,log10_GEperML
837,22,40,,Novel,CT.Mean
837,22,2.65760968215156,,Novel,log10_GEperML
837,23,40,,Novel,CT.Mean
837,23,2.65760968215156,,Novel,log10_GEperML
837,24,40,,Novel,CT.Mean
837,24,2.65760968215156,,Novel,log10_GEperML
837,25,40,,Novel,CT.Mean
837,25,2.65760968215156,,Novel,log10_GEperML
837,26,40,,Novel,CT.Mean
837,26,2.65760968215156,,Novel,log10_GEperML
837,27,40,,Novel,CT.Mean
837,27,2.65760968215156,,Novel,log10_GEperML
837,28,40,,Novel,CT.Mean
837,28,2.65760968215156,,Novel,log10_GEperML
837,29,40,,Novel,CT.Mean
837,29,2.65760968215156,,Novel,log10_GEperML
837,30,40,,Novel,CT.Mean
837,30,2.65760968215156,,Novel,log10_GEperML
837,31,40,,Novel,CT.Mean
837,31,2.65760968215156,,Novel,log10_GEperML
837,32,40,,Novel,CT.Mean
837,32,2.65760968215156,,Novel,log10_GEperML
837,33,40,,Novel,CT.Mean
837,33,2.65760968215156,,Novel,log10_GEperML
837,34,40,,Novel,CT.Mean
837,34,2.65760968215156,,Novel,log10_GEperML
837,35,40,,Novel,CT.Mean
837,35,2.65760968215156,,Novel,log10_GEperML
837,36,40,,Novel,CT.Mean
837,36,2.65760968215156,,Novel,log10_GEperML
837,37,40,,Novel,CT.Mean
837,37,2.65760968215156,,Novel,log10_GEperML
837,38,40,,Novel,CT.Mean
837,38,2.65760968215156,,Novel,log10_GEperML
837,39,40,,Novel,CT.Mean
837,39,2.65760968215156,,Novel,log10_GEperML
837,40,40,,Novel,CT.Mean
837,40,2.65760968215156,,Novel,log10_GEperML
837,41,40,,Novel,CT.Mean
837,41,2.65760968215156,,Novel,log10_GEperML
837,42,40,,Novel,CT.Mean
837,42,2.65760968215156,,Novel,log10_GEperML
837,43,40,,Novel,CT.Mean
837,43,2.65760968215156,,Novel,log10_GEperML
837,44,40,,Novel,CT.Mean
837,44,2.65760968215156,,Novel,log10_GEperML
837,45,40,,Novel,CT.Mean
837,45,2.65760968215156,,Novel,log10_GEperML
837,46,40,,Novel,CT.Mean
837,46,2.65760968215156,,Novel,log10_GEperML
837,47,40,,Novel,CT.Mean
837,47,2.65760968215156,,Novel,log10_GEperML
837,48,40,,Novel,CT.Mean
837,48,2.65760968215156,,Novel,log10_GEperML
837,49,40,,Novel,CT.Mean
837,49,2.65760968215156,,Novel,log10_GEperML
837,50,40,,Novel,CT.Mean
837,50,2.65760968215156,,Novel,log10_GEperML
837,51,40,,Novel,CT.Mean
837,51,2.65760968215156,,Novel,log10_GEperML
837,52,40,,Novel,CT.Mean
837,52,2.65760968215156,,Novel,log10_GEperML
837,53,40,,Novel,CT.Mean
837,53,2.65760968215156,,Novel,log10_GEperML
837,54,40,,Novel,CT.Mean
837,54,2.65760968215156,,Novel,log10_GEperML
837,55,40,,Novel,CT.Mean
837,55,2.65760968215156,,Novel,log10_GEperML
837,56,40,,Novel,CT.Mean
837,56,2.65760968215156,,Novel,log10_GEperML
837,57,40,,Novel,CT.Mean
837,57,2.65760968215156,,Novel,log10_GEperML
837,58,40,,Novel,CT.Mean
837,58,2.65760968215156,,Novel,log10_GEperML
837,59,40,,Novel,CT.Mean
837,59,2.65760968215156,,Novel,log10_GEperML
837,60,40,,Novel,CT.Mean
837,60,2.65760968215156,,Novel,log10_GEperML
837,61,40,,Novel,CT.Mean
837,61,2.65760968215156,,Novel,log10_GEperML
837,62,40,,Novel,CT.Mean
837,62,2.65760968215156,,Novel,log10_GEperML
837,63,40,,Novel,CT.Mean
837,63,2.65760968215156,,Novel,log10_GEperML
837,64,40,,Novel,CT.Mean
837,64,2.65760968215156,,Novel,log10_GEperML
837,65,40,,Novel,CT.Mean
837,65,2.65760968215156,,Novel,log10_GEperML
842,-11,40,,Novel,CT.Mean
842,-11,2.65760968215156,,Novel,log10_GEperML
842,-9,40,,Novel,CT.Mean
842,-9,2.65760968215156,,Novel,log10_GEperML
842,-7,40,,Novel,CT.Mean
842,-7,2.65760968215156,,Novel,log10_GEperML
842,-5,40,,Novel,CT.Mean
842,-5,2.65760968215156,,Novel,log10_GEperML
842,-3,40,,Novel,CT.Mean
842,-3,2.65760968215156,,Novel,log10_GEperML
842,-1,33.8,,Novel,CT.Mean
842,-1,4.37519714441865,,Novel,log10_GEperML
842,0,25.3,,Novel,CT.Mean
842,0,6.72995414913966,,Novel,log10_GEperML
842,14,40,,Novel,CT.Mean
842,14,2.65760968215156,,Novel,log10_GEperML
842,16,40,,Novel,CT.Mean
842,16,2.65760968215156,,Novel,log10_GEperML
842,20,40,,Novel,CT.Mean
842,20,2.65760968215156,,Novel,log10_GEperML
842,21,40,,Novel,CT.Mean
842,21,2.65760968215156,,Novel,log10_GEperML
842,22,40,,Novel,CT.Mean
842,22,2.65760968215156,,Novel,log10_GEperML
842,24,40,,Novel,CT.Mean
842,24,2.65760968215156,,Novel,log10_GEperML
842,25,40,,Novel,CT.Mean
842,25,2.65760968215156,,Novel,log10_GEperML
842,26,40,,Novel,CT.Mean
842,26,2.65760968215156,,Novel,log10_GEperML
842,27,40,,Novel,CT.Mean
842,27,2.65760968215156,,Novel,log10_GEperML
842,28,40,,Novel,CT.Mean
842,28,2.65760968215156,,Novel,log10_GEperML
842,29,40,,Novel,CT.Mean
842,29,2.65760968215156,,Novel,log10_GEperML
842,30,40,,Novel,CT.Mean
842,30,2.65760968215156,,Novel,log10_GEperML
842,31,40,,Novel,CT.Mean
842,31,2.65760968215156,,Novel,log10_GEperML
842,32,40,,Novel,CT.Mean
842,32,2.65760968215156,,Novel,log10_GEperML
842,33,40,,Novel,CT.Mean
842,33,2.65760968215156,,Novel,log10_GEperML
842,34,40,,Novel,CT.Mean
842,34,2.65760968215156,,Novel,log10_GEperML
842,35,40,,Novel,CT.Mean
842,35,2.65760968215156,,Novel,log10_GEperML
842,36,40,,Novel,CT.Mean
842,36,2.65760968215156,,Novel,log10_GEperML
842,37,40,,Novel,CT.Mean
842,37,2.65760968215156,,Novel,log10_GEperML
842,38,40,,Novel,CT.Mean
842,38,2.65760968215156,,Novel,log10_GEperML
842,39,40,,Novel,CT.Mean
842,39,2.65760968215156,,Novel,log10_GEperML
842,40,40,,Novel,CT.Mean
842,40,2.65760968215156,,Novel,log10_GEperML
842,41,40,,Novel,CT.Mean
842,41,2.65760968215156,,Novel,log10_GEperML
842,42,40,,Novel,CT.Mean
842,42,2.65760968215156,,Novel,log10_GEperML
842,43,40,,Novel,CT.Mean
842,43,2.65760968215156,,Novel,log10_GEperML
842,44,40,,Novel,CT.Mean
842,44,2.65760968215156,,Novel,log10_GEperML
842,45,40,,Novel,CT.Mean
842,45,2.65760968215156,,Novel,log10_GEperML
842,46,40,,Novel,CT.Mean
842,46,2.65760968215156,,Novel,log10_GEperML
842,47,40,,Novel,CT.Mean
842,47,2.65760968215156,,Novel,log10_GEperML
842,48,40,,Novel,CT.Mean
842,48,2.65760968215156,,Novel,log10_GEperML
842,49,40,,Novel,CT.Mean
842,49,2.65760968215156,,Novel,log10_GEperML
842,50,40,,Novel,CT.Mean
842,50,2.65760968215156,,Novel,log10_GEperML
842,51,40,,Novel,CT.Mean
842,51,2.65760968215156,,Novel,log10_GEperML
842,52,40,,Novel,CT.Mean
842,52,2.65760968215156,,Novel,log10_GEperML
842,53,40,,Novel,CT.Mean
842,53,2.65760968215156,,Novel,log10_GEperML
842,54,40,,Novel,CT.Mean
842,54,2.65760968215156,,Novel,log10_GEperML
842,55,40,,Novel,CT.Mean
842,55,2.65760968215156,,Novel,log10_GEperML
842,56,40,,Novel,CT.Mean
842,56,2.65760968215156,,Novel,log10_GEperML
842,57,40,,Novel,CT.Mean
842,57,2.65760968215156,,Novel,log10_GEperML
842,58,40,,Novel,CT.Mean
842,58,2.65760968215156,,Novel,log10_GEperML
842,59,40,,Novel,CT.Mean
842,59,2.65760968215156,,Novel,log10_GEperML
842,60,40,,Novel,CT.Mean
842,60,2.65760968215156,,Novel,log10_GEperML
842,61,40,,Novel,CT.Mean
842,61,2.65760968215156,,Novel,log10_GEperML
842,62,40,,Novel,CT.Mean
842,62,2.65760968215156,,Novel,log10_GEperML
842,63,40,,Novel,CT.Mean
842,63,2.65760968215156,,Novel,log10_GEperML
842,64,40,,Novel,CT.Mean
842,64,2.65760968215156,,Novel,log10_GEperML
842,65,40,,Novel,CT.Mean
842,65,2.65760968215156,,Novel,log10_GEperML
845,-9,40,,Novel,CT.Mean
845,-9,2.65760968215156,,Novel,log10_GEperML
845,-7,40,,Novel,CT.Mean
845,-7,2.65760968215156,,Novel,log10_GEperML
845,-5,40,,Novel,CT.Mean
845,-5,2.65760968215156,,Novel,log10_GEperML
845,-3,40,,Novel,CT.Mean
845,-3,2.65760968215156,,Novel,log10_GEperML
845,-1,31.4,,Novel,CT.Mean
845,-1,5.04006971045753,,Novel,log10_GEperML
845,0,23.4,,Novel,CT.Mean
845,0,7.25631159725377,,Novel,log10_GEperML
845,12,40,,Novel,CT.Mean
845,12,2.65760968215156,,Novel,log10_GEperML
845,13,40,,Novel,CT.Mean
845,13,2.65760968215156,,Novel,log10_GEperML
845,14,40,,Novel,CT.Mean
845,14,2.65760968215156,,Novel,log10_GEperML
845,15,40,,Novel,CT.Mean
845,15,2.65760968215156,,Novel,log10_GEperML
883,-2,40,,Novel,CT.Mean
883,-2,2.65760968215156,,Novel,log10_GEperML
883,0,24.3,,Novel,CT.Mean
883,0,7.00698438498919,,Novel,log10_GEperML
883,10,33.2,,Novel,CT.Mean
883,10,4.54141528592837,,Novel,log10_GEperML
883,11,32.4,,Novel,CT.Mean
883,11,4.763039474608,,Novel,log10_GEperML
883,17,35.84,No,Novel,CT.Mean
883,17,3.81005546328561,No,Novel,log10_GEperML
883,19,40,,Novel,CT.Mean
883,19,2.65760968215156,,Novel,log10_GEperML
883,20,40,,Novel,CT.Mean
883,20,2.65760968215156,,Novel,log10_GEperML
883,23,40,,Novel,CT.Mean
883,23,2.65760968215156,,Novel,log10_GEperML
883,24,40,,Novel,CT.Mean
883,24,2.65760968215156,,Novel,log10_GEperML
883,25,40,,Novel,CT.Mean
883,25,2.65760968215156,,Novel,log10_GEperML
883,26,40,,Novel,CT.Mean
883,26,2.65760968215156,,Novel,log10_GEperML
883,27,40,,Novel,CT.Mean
883,27,2.65760968215156,,Novel,log10_GEperML
883,28,40,,Novel,CT.Mean
883,28,2.65760968215156,,Novel,log10_GEperML
883,29,40,,Novel,CT.Mean
883,29,2.65760968215156,,Novel,log10_GEperML
883,30,40,,Novel,CT.Mean
883,30,2.65760968215156,,Novel,log10_GEperML
883,31,40,,Novel,CT.Mean
883,31,2.65760968215156,,Novel,log10_GEperML
883,32,40,,Novel,CT.Mean
883,32,2.65760968215156,,Novel,log10_GEperML
883,33,40,,Novel,CT.Mean
883,33,2.65760968215156,,Novel,log10_GEperML
883,34,40,,Novel,CT.Mean
883,34,2.65760968215156,,Novel,log10_GEperML
883,35,40,,Novel,CT.Mean
883,35,2.65760968215156,,Novel,log10_GEperML
883,36,40,,Novel,CT.Mean
883,36,2.65760968215156,,Novel,log10_GEperML
883,37,40,,Novel,CT.Mean
883,37,2.65760968215156,,Novel,log10_GEperML
883,38,40,,Novel,CT.Mean
883,38,2.65760968215156,,Novel,log10_GEperML
883,39,40,,Novel,CT.Mean
883,39,2.65760968215156,,Novel,log10_GEperML
883,40,40,,Novel,CT.Mean
883,40,2.65760968215156,,Novel,log10_GEperML
883,41,40,,Novel,CT.Mean
883,41,2.65760968215156,,Novel,log10_GEperML
883,42,40,,Novel,CT.Mean
883,42,2.65760968215156,,Novel,log10_GEperML
883,43,40,,Novel,CT.Mean
883,43,2.65760968215156,,Novel,log10_GEperML
883,44,40,,Novel,CT.Mean
883,44,2.65760968215156,,Novel,log10_GEperML
883,45,40,,Novel,CT.Mean
883,45,2.65760968215156,,Novel,log10_GEperML
883,46,40,,Novel,CT.Mean
883,46,2.65760968215156,,Novel,log10_GEperML
883,47,40,,Novel,CT.Mean
883,47,2.65760968215156,,Novel,log10_GEperML
883,48,40,,Novel,CT.Mean
883,48,2.65760968215156,,Novel,log10_GEperML
883,49,40,,Novel,CT.Mean
883,49,2.65760968215156,,Novel,log10_GEperML
883,50,40,,Novel,CT.Mean
883,50,2.65760968215156,,Novel,log10_GEperML
883,51,40,,Novel,CT.Mean
883,51,2.65760968215156,,Novel,log10_GEperML
883,52,40,,Novel,CT.Mean
883,52,2.65760968215156,,Novel,log10_GEperML
883,53,40,,Novel,CT.Mean
883,53,2.65760968215156,,Novel,log10_GEperML
883,54,40,,Novel,CT.Mean
883,54,2.65760968215156,,Novel,log10_GEperML
883,55,40,,Novel,CT.Mean
883,55,2.65760968215156,,Novel,log10_GEperML
883,56,40,,Novel,CT.Mean
883,56,2.65760968215156,,Novel,log10_GEperML
883,57,40,,Novel,CT.Mean
883,57,2.65760968215156,,Novel,log10_GEperML
883,58,40,,Novel,CT.Mean
883,58,2.65760968215156,,Novel,log10_GEperML
883,59,40,,Novel,CT.Mean
883,59,2.65760968215156,,Novel,log10_GEperML
883,60,40,,Novel,CT.Mean
883,60,2.65760968215156,,Novel,log10_GEperML
883,61,40,,Novel,CT.Mean
883,61,2.65760968215156,,Novel,log10_GEperML
883,62,40,,Novel,CT.Mean
883,62,2.65760968215156,,Novel,log10_GEperML
883,63,40,,Novel,CT.Mean
883,63,2.65760968215156,,Novel,log10_GEperML
883,64,40,,Novel,CT.Mean
883,64,2.65760968215156,,Novel,log10_GEperML
883,65,40,,Novel,CT.Mean
883,65,2.65760968215156,,Novel,log10_GEperML
942,-10,40,,Novel,CT.Mean
942,-10,2.65760968215156,,Novel,log10_GEperML
942,-8,40,,Novel,CT.Mean
942,-8,2.65760968215156,,Novel,log10_GEperML
942,-6,40,,Novel,CT.Mean
942,-6,2.65760968215156,,Novel,log10_GEperML
942,-4,40,,Novel,CT.Mean
942,-4,2.65760968215156,,Novel,log10_GEperML
942,-2,31,,Novel,CT.Mean
942,-2,5.15088180479734,,Novel,log10_GEperML
942,0,23.2,,Novel,CT.Mean
942,0,7.31171764442368,,Novel,log10_GEperML
942,3,38.5,,Novel,CT.Mean
942,3,3.07315503592586,,Novel,log10_GEperML
942,5,33.92,,Novel,CT.Mean
942,5,4.34195351611671,,Novel,log10_GEperML
942,6,33.19,,Novel,CT.Mean
942,6,4.54418558828687,,Novel,log10_GEperML
942,8,40,,Novel,CT.Mean
942,8,2.65760968215156,,Novel,log10_GEperML
942,10,40,,Novel,CT.Mean
942,10,2.65760968215156,,Novel,log10_GEperML
942,11,40,,Novel,CT.Mean
942,11,2.65760968215156,,Novel,log10_GEperML
942,12,40,,Novel,CT.Mean
942,12,2.65760968215156,,Novel,log10_GEperML
942,13,40,,Novel,CT.Mean
942,13,2.65760968215156,,Novel,log10_GEperML
942,14,40,,Novel,CT.Mean
942,14,2.65760968215156,,Novel,log10_GEperML
942,15,40,,Novel,CT.Mean
942,15,2.65760968215156,,Novel,log10_GEperML
942,16,40,,Novel,CT.Mean
942,16,2.65760968215156,,Novel,log10_GEperML
942,17,40,,Novel,CT.Mean
942,17,2.65760968215156,,Novel,log10_GEperML
942,18,40,,Novel,CT.Mean
942,18,2.65760968215156,,Novel,log10_GEperML
942,19,40,,Novel,CT.Mean
942,19,2.65760968215156,,Novel,log10_GEperML
942,20,40,,Novel,CT.Mean
942,20,2.65760968215156,,Novel,log10_GEperML
942,21,40,,Novel,CT.Mean
942,21,2.65760968215156,,Novel,log10_GEperML
942,22,40,,Novel,CT.Mean
942,22,2.65760968215156,,Novel,log10_GEperML
942,23,40,,Novel,CT.Mean
942,23,2.65760968215156,,Novel,log10_GEperML
942,24,40,,Novel,CT.Mean
942,24,2.65760968215156,,Novel,log10_GEperML
942,25,40,,Novel,CT.Mean
942,25,2.65760968215156,,Novel,log10_GEperML
942,26,40,,Novel,CT.Mean
942,26,2.65760968215156,,Novel,log10_GEperML
942,27,40,,Novel,CT.Mean
942,27,2.65760968215156,,Novel,log10_GEperML
942,28,40,,Novel,CT.Mean
942,28,2.65760968215156,,Novel,log10_GEperML
942,29,40,,Novel,CT.Mean
942,29,2.65760968215156,,Novel,log10_GEperML
942,30,40,,Novel,CT.Mean
942,30,2.65760968215156,,Novel,log10_GEperML
942,31,40,,Novel,CT.Mean
942,31,2.65760968215156,,Novel,log10_GEperML
942,32,40,,Novel,CT.Mean
942,32,2.65760968215156,,Novel,log10_GEperML
942,33,40,,Novel,CT.Mean
942,33,2.65760968215156,,Novel,log10_GEperML
942,34,40,,Novel,CT.Mean
942,34,2.65760968215156,,Novel,log10_GEperML
942,35,40,,Novel,CT.Mean
942,35,2.65760968215156,,Novel,log10_GEperML
942,36,40,,Novel,CT.Mean
942,36,2.65760968215156,,Novel,log10_GEperML
942,37,40,,Novel,CT.Mean
942,37,2.65760968215156,,Novel,log10_GEperML
942,38,40,,Novel,CT.Mean
942,38,2.65760968215156,,Novel,log10_GEperML
942,39,40,,Novel,CT.Mean
942,39,2.65760968215156,,Novel,log10_GEperML
942,40,40,,Novel,CT.Mean
942,40,2.65760968215156,,Novel,log10_GEperML
942,41,40,,Novel,CT.Mean
942,41,2.65760968215156,,Novel,log10_GEperML
962,-6,40,,Persistent,CT.Mean
962,-6,2.65760968215156,,Persistent,log10_GEperML
962,-5,40,No,Persistent,CT.Mean
962,-5,2.65760968215156,No,Persistent,log10_GEperML
962,-3,40,,Persistent,CT.Mean
962,-3,2.65760968215156,,Persistent,log10_GEperML
962,-1,40,,Persistent,CT.Mean
962,-1,2.65760968215156,,Persistent,log10_GEperML
962,0,38.35,,Persistent,CT.Mean
962,0,3.11470957130329,,Persistent,log10_GEperML
962,1,40,,Persistent,CT.Mean
962,1,2.65760968215156,,Persistent,log10_GEperML
962,2,40,,Persistent,CT.Mean
962,2,2.65760968215156,,Persistent,log10_GEperML
962,4,40,,Persistent,CT.Mean
962,4,2.65760968215156,,Persistent,log10_GEperML
962,5,40,,Persistent,CT.Mean
962,5,2.65760968215156,,Persistent,log10_GEperML
962,6,40,,Persistent,CT.Mean
962,6,2.65760968215156,,Persistent,log10_GEperML
962,7,40,,Persistent,CT.Mean
962,7,2.65760968215156,,Persistent,log10_GEperML
962,8,40,,Persistent,CT.Mean
962,8,2.65760968215156,,Persistent,log10_GEperML
962,9,40,,Persistent,CT.Mean
962,9,2.65760968215156,,Persistent,log10_GEperML
962,10,40,,Persistent,CT.Mean
962,10,2.65760968215156,,Persistent,log10_GEperML
962,11,40,,Persistent,CT.Mean
962,11,2.65760968215156,,Persistent,log10_GEperML
962,12,40,,Persistent,CT.Mean
962,12,2.65760968215156,,Persistent,log10_GEperML
971,-9,40,,Persistent,CT.Mean
971,-9,2.65760968215156,,Persistent,log10_GEperML
971,-8,39.7516013821054,,Persistent,CT.Mean
971,-8,2.7264236098516,,Persistent,log10_GEperML
971,-7,40,,Persistent,CT.Mean
971,-7,2.65760968215156,,Persistent,log10_GEperML
971,-6,40,,Persistent,CT.Mean
971,-6,2.65760968215156,,Persistent,log10_GEperML
971,-5,40,,Persistent,CT.Mean
971,-5,2.65760968215156,,Persistent,log10_GEperML
971,-4,40,,Persistent,CT.Mean
971,-4,2.65760968215156,,Persistent,log10_GEperML
971,-3,40,,Persistent,CT.Mean
971,-3,2.65760968215156,,Persistent,log10_GEperML
971,-2,38,,Persistent,CT.Mean
971,-2,3.21167015385062,,Persistent,log10_GEperML
971,-1,40,,Persistent,CT.Mean
971,-1,2.65760968215156,,Persistent,log10_GEperML
971,0,35.03,,Persistent,CT.Mean
971,0,4.03444995432373,,Persistent,log10_GEperML
971,1,40,,Persistent,CT.Mean
971,1,2.65760968215156,,Persistent,log10_GEperML
971,2,40,,Persistent,CT.Mean
971,2,2.65760968215156,,Persistent,log10_GEperML
971,3,40,,Persistent,CT.Mean
971,3,2.65760968215156,,Persistent,log10_GEperML
971,4,40,,Persistent,CT.Mean
971,4,2.65760968215156,,Persistent,log10_GEperML
971,5,40,,Persistent,CT.Mean
971,5,2.65760968215156,,Persistent,log10_GEperML
971,6,40,,Persistent,CT.Mean
971,6,2.65760968215156,,Persistent,log10_GEperML
971,7,40,,Persistent,CT.Mean
971,7,2.65760968215156,,Persistent,log10_GEperML
971,8,40,,Persistent,CT.Mean
971,8,2.65760968215156,,Persistent,log10_GEperML
971,9,40,,Persistent,CT.Mean
971,9,2.65760968215156,,Persistent,log10_GEperML
971,10,40,,Persistent,CT.Mean
971,10,2.65760968215156,,Persistent,log10_GEperML
971,11,40,,Persistent,CT.Mean
971,11,2.65760968215156,,Persistent,log10_GEperML
971,12,40,,Persistent,CT.Mean
971,12,2.65760968215156,,Persistent,log10_GEperML
971,13,40,,Persistent,CT.Mean
971,13,2.65760968215156,,Persistent,log10_GEperML
971,14,40,,Persistent,CT.Mean
971,14,2.65760968215156,,Persistent,log10_GEperML
971,15,40,,Persistent,CT.Mean
971,15,2.65760968215156,,Persistent,log10_GEperML
971,16,40,,Persistent,CT.Mean
971,16,2.65760968215156,,Persistent,log10_GEperML
971,17,40,,Persistent,CT.Mean
971,17,2.65760968215156,,Persistent,log10_GEperML
971,18,40,,Persistent,CT.Mean
971,18,2.65760968215156,,Persistent,log10_GEperML
972,-6,39.1,,Persistent,CT.Mean
972,-6,2.90693689441614,,Persistent,log10_GEperML
972,-4,40,,Persistent,CT.Mean
972,-4,2.65760968215156,,Persistent,log10_GEperML
972,-3,40,,Persistent,CT.Mean
972,-3,2.65760968215156,,Persistent,log10_GEperML
972,-2,38.9753234722423,No,Persistent,CT.Mean
972,-2,2.94147606230576,No,Persistent,log10_GEperML
972,0,36.2985030934038,,Persistent,CT.Mean
972,0,3.68303624318222,,Persistent,log10_GEperML
972,2,40,,Persistent,CT.Mean
972,2,2.65760968215156,,Persistent,log10_GEperML
972,5,40,,Persistent,CT.Mean
972,5,2.65760968215156,,Persistent,log10_GEperML
972,7,40,,Persistent,CT.Mean
972,7,2.65760968215156,,Persistent,log10_GEperML
972,8,40,,Persistent,CT.Mean
972,8,2.65760968215156,,Persistent,log10_GEperML
972,9,40,,Persistent,CT.Mean
972,9,2.65760968215156,,Persistent,log10_GEperML
972,10,40,,Persistent,CT.Mean
972,10,2.65760968215156,,Persistent,log10_GEperML
972,11,40,,Persistent,CT.Mean
972,11,2.65760968215156,,Persistent,log10_GEperML
972,12,40,,Persistent,CT.Mean
972,12,2.65760968215156,,Persistent,log10_GEperML
972,13,40,,Persistent,CT.Mean
972,13,2.65760968215156,,Persistent,log10_GEperML
972,14,40,,Persistent,CT.Mean
972,14,2.65760968215156,,Persistent,log10_GEperML
972,15,40,,Persistent,CT.Mean
972,15,2.65760968215156,,Persistent,log10_GEperML
972,17,40,,Persistent,CT.Mean
972,17,2.65760968215156,,Persistent,log10_GEperML
972,18,40,,Persistent,CT.Mean
972,18,2.65760968215156,,Persistent,log10_GEperML
972,19,40,,Persistent,CT.Mean
972,19,2.65760968215156,,Persistent,log10_GEperML
972,20,40,,Persistent,CT.Mean
972,20,2.65760968215156,,Persistent,log10_GEperML
972,21,40,,Persistent,CT.Mean
972,21,2.65760968215156,,Persistent,log10_GEperML
972,22,40,,Persistent,CT.Mean
972,22,2.65760968215156,,Persistent,log10_GEperML
972,23,40,,Persistent,CT.Mean
972,23,2.65760968215156,,Persistent,log10_GEperML
972,24,40,,Persistent,CT.Mean
972,24,2.65760968215156,,Persistent,log10_GEperML
972,25,40,,Persistent,CT.Mean
972,25,2.65760968215156,,Persistent,log10_GEperML
972,26,40,,Persistent,CT.Mean
972,26,2.65760968215156,,Persistent,log10_GEperML
972,27,40,,Persistent,CT.Mean
972,27,2.65760968215156,,Persistent,log10_GEperML
972,28,40,,Persistent,CT.Mean
972,28,2.65760968215156,,Persistent,log10_GEperML
972,29,40,,Persistent,CT.Mean
972,29,2.65760968215156,,Persistent,log10_GEperML
972,30,40,,Persistent,CT.Mean
972,30,2.65760968215156,,Persistent,log10_GEperML
972,31,40,,Persistent,CT.Mean
972,31,2.65760968215156,,Persistent,log10_GEperML
972,32,40,,Persistent,CT.Mean
972,32,2.65760968215156,,Persistent,log10_GEperML
972,33,40,,Persistent,CT.Mean
972,33,2.65760968215156,,Persistent,log10_GEperML
972,34,40,,Persistent,CT.Mean
972,34,2.65760968215156,,Persistent,log10_GEperML
972,35,40,,Persistent,CT.Mean
972,35,2.65760968215156,,Persistent,log10_GEperML
972,36,40,,Persistent,CT.Mean
972,36,2.65760968215156,,Persistent,log10_GEperML
972,37,40,,Persistent,CT.Mean
972,37,2.65760968215156,,Persistent,log10_GEperML
972,38,40,,Persistent,CT.Mean
972,38,2.65760968215156,,Persistent,log10_GEperML
972,39,40,,Persistent,CT.Mean
972,39,2.65760968215156,,Persistent,log10_GEperML
972,40,40,,Persistent,CT.Mean
972,40,2.65760968215156,,Persistent,log10_GEperML
972,41,40,,Persistent,CT.Mean
972,41,2.65760968215156,,Persistent,log10_GEperML
972,42,40,,Persistent,CT.Mean
972,42,2.65760968215156,,Persistent,log10_GEperML
972,43,40,,Persistent,CT.Mean
972,43,2.65760968215156,,Persistent,log10_GEperML
972,44,40,,Persistent,CT.Mean
972,44,2.65760968215156,,Persistent,log10_GEperML
972,45,40,,Persistent,CT.Mean
972,45,2.65760968215156,,Persistent,log10_GEperML
979,0,39.2,No,Persistent,CT.Mean
979,0,2.87923387083119,No,Persistent,log10_GEperML
979,1,40,,Persistent,CT.Mean
979,1,2.65760968215156,,Persistent,log10_GEperML
979,3,40,,Persistent,CT.Mean
979,3,2.65760968215156,,Persistent,log10_GEperML
979,4,40,,Persistent,CT.Mean
979,4,2.65760968215156,,Persistent,log10_GEperML
979,5,40,,Persistent,CT.Mean
979,5,2.65760968215156,,Persistent,log10_GEperML
979,6,40,,Persistent,CT.Mean
979,6,2.65760968215156,,Persistent,log10_GEperML
979,8,40,,Persistent,CT.Mean
979,8,2.65760968215156,,Persistent,log10_GEperML
979,9,40,,Persistent,CT.Mean
979,9,2.65760968215156,,Persistent,log10_GEperML
979,10,40,,Persistent,CT.Mean
979,10,2.65760968215156,,Persistent,log10_GEperML
979,11,40,,Persistent,CT.Mean
979,11,2.65760968215156,,Persistent,log10_GEperML
979,12,40,,Persistent,CT.Mean
979,12,2.65760968215156,,Persistent,log10_GEperML
979,13,40,,Persistent,CT.Mean
979,13,2.65760968215156,,Persistent,log10_GEperML
979,14,40,,Persistent,CT.Mean
979,14,2.65760968215156,,Persistent,log10_GEperML
979,15,40,,Persistent,CT.Mean
979,15,2.65760968215156,,Persistent,log10_GEperML
979,16,40,,Persistent,CT.Mean
979,16,2.65760968215156,,Persistent,log10_GEperML
979,17,40,,Persistent,CT.Mean
979,17,2.65760968215156,,Persistent,log10_GEperML
979,18,40,,Persistent,CT.Mean
979,18,2.65760968215156,,Persistent,log10_GEperML
979,19,40,,Persistent,CT.Mean
979,19,2.65760968215156,,Persistent,log10_GEperML
979,20,40,,Persistent,CT.Mean
979,20,2.65760968215156,,Persistent,log10_GEperML
979,21,40,,Persistent,CT.Mean
979,21,2.65760968215156,,Persistent,log10_GEperML
979,22,40,,Persistent,CT.Mean
979,22,2.65760968215156,,Persistent,log10_GEperML
979,23,40,,Persistent,CT.Mean
979,23,2.65760968215156,,Persistent,log10_GEperML
979,24,40,,Persistent,CT.Mean
979,24,2.65760968215156,,Persistent,log10_GEperML
979,25,40,,Persistent,CT.Mean
979,25,2.65760968215156,,Persistent,log10_GEperML
979,26,40,,Persistent,CT.Mean
979,26,2.65760968215156,,Persistent,log10_GEperML
979,27,40,,Persistent,CT.Mean
979,27,2.65760968215156,,Persistent,log10_GEperML
979,28,40,,Persistent,CT.Mean
979,28,2.65760968215156,,Persistent,log10_GEperML
979,29,40,,Persistent,CT.Mean
979,29,2.65760968215156,,Persistent,log10_GEperML
979,30,40,,Persistent,CT.Mean
979,30,2.65760968215156,,Persistent,log10_GEperML
979,31,40,,Persistent,CT.Mean
979,31,2.65760968215156,,Persistent,log10_GEperML
979,32,40,,Persistent,CT.Mean
979,32,2.65760968215156,,Persistent,log10_GEperML
979,33,40,,Persistent,CT.Mean
979,33,2.65760968215156,,Persistent,log10_GEperML
979,34,40,,Persistent,CT.Mean
979,34,2.65760968215156,,Persistent,log10_GEperML
979,35,40,,Persistent,CT.Mean
979,35,2.65760968215156,,Persistent,log10_GEperML
979,36,40,,Persistent,CT.Mean
979,36,2.65760968215156,,Persistent,log10_GEperML
979,37,40,,Persistent,CT.Mean
979,37,2.65760968215156,,Persistent,log10_GEperML
979,38,40,,Persistent,CT.Mean
979,38,2.65760968215156,,Persistent,log10_GEperML
981,-8,40,,Persistent,CT.Mean
981,-8,2.65760968215156,,Persistent,log10_GEperML
981,-7,40,,Persistent,CT.Mean
981,-7,2.65760968215156,,Persistent,log10_GEperML
981,-6,40,,Persistent,CT.Mean
981,-6,2.65760968215156,,Persistent,log10_GEperML
981,-5,40,,Persistent,CT.Mean
981,-5,2.65760968215156,,Persistent,log10_GEperML
981,-4,40,,Persistent,CT.Mean
981,-4,2.65760968215156,,Persistent,log10_GEperML
981,-3,40,,Persistent,CT.Mean
981,-3,2.65760968215156,,Persistent,log10_GEperML
981,-2,40,,Persistent,CT.Mean
981,-2,2.65760968215156,,Persistent,log10_GEperML
981,-1,40,,Persistent,CT.Mean
981,-1,2.65760968215156,,Persistent,log10_GEperML
981,0,37.57,,Persistent,CT.Mean
981,0,3.33079315526592,,Persistent,log10_GEperML
981,1,40,,Persistent,CT.Mean
981,1,2.65760968215156,,Persistent,log10_GEperML
981,2,40,,Persistent,CT.Mean
981,2,2.65760968215156,,Persistent,log10_GEperML
981,3,40,,Persistent,CT.Mean
981,3,2.65760968215156,,Persistent,log10_GEperML
981,4,40,,Persistent,CT.Mean
981,4,2.65760968215156,,Persistent,log10_GEperML
981,5,40,,Persistent,CT.Mean
981,5,2.65760968215156,,Persistent,log10_GEperML
981,6,40,,Persistent,CT.Mean
981,6,2.65760968215156,,Persistent,log10_GEperML
981,7,40,,Persistent,CT.Mean
981,7,2.65760968215156,,Persistent,log10_GEperML
981,8,40,,Persistent,CT.Mean
981,8,2.65760968215156,,Persistent,log10_GEperML
981,9,40,,Persistent,CT.Mean
981,9,2.65760968215156,,Persistent,log10_GEperML
981,10,40,,Persistent,CT.Mean
981,10,2.65760968215156,,Persistent,log10_GEperML
981,11,40,,Persistent,CT.Mean
981,11,2.65760968215156,,Persistent,log10_GEperML
981,12,40,,Persistent,CT.Mean
981,12,2.65760968215156,,Persistent,log10_GEperML
981,13,40,,Persistent,CT.Mean
981,13,2.65760968215156,,Persistent,log10_GEperML
981,14,40,,Persistent,CT.Mean
981,14,2.65760968215156,,Persistent,log10_GEperML
981,15,40,,Persistent,CT.Mean
981,15,2.65760968215156,,Persistent,log10_GEperML
981,16,40,,Persistent,CT.Mean
981,16,2.65760968215156,,Persistent,log10_GEperML
981,17,40,,Persistent,CT.Mean
981,17,2.65760968215156,,Persistent,log10_GEperML
981,18,40,,Persistent,CT.Mean
981,18,2.65760968215156,,Persistent,log10_GEperML
981,19,40,,Persistent,CT.Mean
981,19,2.65760968215156,,Persistent,log10_GEperML
981,20,40,,Persistent,CT.Mean
981,20,2.65760968215156,,Persistent,log10_GEperML
981,21,40,,Persistent,CT.Mean
981,21,2.65760968215156,,Persistent,log10_GEperML
981,22,40,,Persistent,CT.Mean
981,22,2.65760968215156,,Persistent,log10_GEperML
981,23,40,,Persistent,CT.Mean
981,23,2.65760968215156,,Persistent,log10_GEperML
981,24,40,,Persistent,CT.Mean
981,24,2.65760968215156,,Persistent,log10_GEperML
981,25,40,,Persistent,CT.Mean
981,25,2.65760968215156,,Persistent,log10_GEperML
981,26,40,,Persistent,CT.Mean
981,26,2.65760968215156,,Persistent,log10_GEperML
981,27,40,,Persistent,CT.Mean
981,27,2.65760968215156,,Persistent,log10_GEperML
981,28,40,,Persistent,CT.Mean
981,28,2.65760968215156,,Persistent,log10_GEperML
981,29,40,,Persistent,CT.Mean
981,29,2.65760968215156,,Persistent,log10_GEperML
981,30,40,,Persistent,CT.Mean
981,30,2.65760968215156,,Persistent,log10_GEperML
981,31,40,,Persistent,CT.Mean
981,31,2.65760968215156,,Persistent,log10_GEperML
981,32,40,,Persistent,CT.Mean
981,32,2.65760968215156,,Persistent,log10_GEperML
981,33,40,,Persistent,CT.Mean
981,33,2.65760968215156,,Persistent,log10_GEperML
981,34,40,,Persistent,CT.Mean
981,34,2.65760968215156,,Persistent,log10_GEperML
981,35,40,,Persistent,CT.Mean
981,35,2.65760968215156,,Persistent,log10_GEperML
981,36,40,,Persistent,CT.Mean
981,36,2.65760968215156,,Persistent,log10_GEperML
1015,0,34.46,No,Persistent,CT.Mean
1015,0,4.19235718875796,No,Persistent,log10_GEperML
1015,2,40,,Persistent,CT.Mean
1015,2,2.65760968215156,,Persistent,log10_GEperML
1015,3,40,,Persistent,CT.Mean
1015,3,2.65760968215156,,Persistent,log10_GEperML
1015,4,40,,Persistent,CT.Mean
1015,4,2.65760968215156,,Persistent,log10_GEperML
1015,5,36.9141717805366,,Persistent,CT.Mean
1015,5,3.51247740158065,,Persistent,log10_GEperML
1015,6,37.25,,Persistent,CT.Mean
1015,6,3.41944283073777,,Persistent,log10_GEperML
1015,7,35.3,,Persistent,CT.Mean
1015,7,3.95965179064436,,Persistent,log10_GEperML
1015,8,40,,Persistent,CT.Mean
1015,8,2.65760968215156,,Persistent,log10_GEperML
1015,9,40,,Persistent,CT.Mean
1015,9,2.65760968215156,,Persistent,log10_GEperML
1015,10,40,,Persistent,CT.Mean
1015,10,2.65760968215156,,Persistent,log10_GEperML
1015,11,40,,Persistent,CT.Mean
1015,11,2.65760968215156,,Persistent,log10_GEperML
1015,12,40,,Persistent,CT.Mean
1015,12,2.65760968215156,,Persistent,log10_GEperML
1015,13,40,,Persistent,CT.Mean
1015,13,2.65760968215156,,Persistent,log10_GEperML
1015,14,40,,Persistent,CT.Mean
1015,14,2.65760968215156,,Persistent,log10_GEperML
1015,15,40,,Persistent,CT.Mean
1015,15,2.65760968215156,,Persistent,log10_GEperML
1015,16,40,,Persistent,CT.Mean
1015,16,2.65760968215156,,Persistent,log10_GEperML
1015,17,40,,Persistent,CT.Mean
1015,17,2.65760968215156,,Persistent,log10_GEperML
1015,18,40,,Persistent,CT.Mean
1015,18,2.65760968215156,,Persistent,log10_GEperML
1015,19,40,,Persistent,CT.Mean
1015,19,2.65760968215156,,Persistent,log10_GEperML
1015,20,40,,Persistent,CT.Mean
1015,20,2.65760968215156,,Persistent,log10_GEperML
1015,21,40,,Persistent,CT.Mean
1015,21,2.65760968215156,,Persistent,log10_GEperML
1015,22,40,,Persistent,CT.Mean
1015,22,2.65760968215156,,Persistent,log10_GEperML
1015,23,40,,Persistent,CT.Mean
1015,23,2.65760968215156,,Persistent,log10_GEperML
1015,24,40,,Persistent,CT.Mean
1015,24,2.65760968215156,,Persistent,log10_GEperML
1015,25,40,,Persistent,CT.Mean
1015,25,2.65760968215156,,Persistent,log10_GEperML
1015,26,40,,Persistent,CT.Mean
1015,26,2.65760968215156,,Persistent,log10_GEperML
1015,27,40,,Persistent,CT.Mean
1015,27,2.65760968215156,,Persistent,log10_GEperML
1015,28,40,,Persistent,CT.Mean
1015,28,2.65760968215156,,Persistent,log10_GEperML
1015,29,40,,Persistent,CT.Mean
1015,29,2.65760968215156,,Persistent,log10_GEperML
1015,30,40,,Persistent,CT.Mean
1015,30,2.65760968215156,,Persistent,log10_GEperML
1015,31,40,,Persistent,CT.Mean
1015,31,2.65760968215156,,Persistent,log10_GEperML
1015,32,40,,Persistent,CT.Mean
1015,32,2.65760968215156,,Persistent,log10_GEperML
1015,33,40,,Persistent,CT.Mean
1015,33,2.65760968215156,,Persistent,log10_GEperML
1015,34,40,,Persistent,CT.Mean
1015,34,2.65760968215156,,Persistent,log10_GEperML
1015,35,40,,Persistent,CT.Mean
1015,35,2.65760968215156,,Persistent,log10_GEperML
1015,36,40,,Persistent,CT.Mean
1015,36,2.65760968215156,,Persistent,log10_GEperML
1015,37,40,,Persistent,CT.Mean
1015,37,2.65760968215156,,Persistent,log10_GEperML
1015,38,40,,Persistent,CT.Mean
1015,38,2.65760968215156,,Persistent,log10_GEperML
1015,39,40,,Persistent,CT.Mean
1015,39,2.65760968215156,,Persistent,log10_GEperML
1015,40,40,,Persistent,CT.Mean
1015,40,2.65760968215156,,Persistent,log10_GEperML
1015,41,40,,Persistent,CT.Mean
1015,41,2.65760968215156,,Persistent,log10_GEperML
1015,42,40,,Persistent,CT.Mean
1015,42,2.65760968215156,,Persistent,log10_GEperML
1015,43,40,,Persistent,CT.Mean
1015,43,2.65760968215156,,Persistent,log10_GEperML
1015,44,40,,Persistent,CT.Mean
1015,44,2.65760968215156,,Persistent,log10_GEperML
1015,45,40,,Persistent,CT.Mean
1015,45,2.65760968215156,,Persistent,log10_GEperML
1015,46,40,,Persistent,CT.Mean
1015,46,2.65760968215156,,Persistent,log10_GEperML
1015,47,40,,Persistent,CT.Mean
1015,47,2.65760968215156,,Persistent,log10_GEperML
1015,48,40,,Persistent,CT.Mean
1015,48,2.65760968215156,,Persistent,log10_GEperML
1015,49,40,,Persistent,CT.Mean
1015,49,2.65760968215156,,Persistent,log10_GEperML
1015,50,40,,Persistent,CT.Mean
1015,50,2.65760968215156,,Persistent,log10_GEperML
1015,51,40,,Persistent,CT.Mean
1015,51,2.65760968215156,,Persistent,log10_GEperML
1015,52,40,,Persistent,CT.Mean
1015,52,2.65760968215156,,Persistent,log10_GEperML
1015,53,40,,Persistent,CT.Mean
1015,53,2.65760968215156,,Persistent,log10_GEperML
1015,54,40,,Persistent,CT.Mean
1015,54,2.65760968215156,,Persistent,log10_GEperML
1015,55,40,,Persistent,CT.Mean
1015,55,2.65760968215156,,Persistent,log10_GEperML
1015,56,40,,Persistent,CT.Mean
1015,56,2.65760968215156,,Persistent,log10_GEperML
1015,57,40,,Persistent,CT.Mean
1015,57,2.65760968215156,,Persistent,log10_GEperML
1023,0,37.55,No,Persistent,CT.Mean
1023,0,3.33633375998291,No,Persistent,log10_GEperML
1023,1,40,,Persistent,CT.Mean
1023,1,2.65760968215156,,Persistent,log10_GEperML
1023,3,40,,Persistent,CT.Mean
1023,3,2.65760968215156,,Persistent,log10_GEperML
1023,4,40,,Persistent,CT.Mean
1023,4,2.65760968215156,,Persistent,log10_GEperML
1023,5,40,,Persistent,CT.Mean
1023,5,2.65760968215156,,Persistent,log10_GEperML
1023,6,40,,Persistent,CT.Mean
1023,6,2.65760968215156,,Persistent,log10_GEperML
1023,7,40,,Persistent,CT.Mean
1023,7,2.65760968215156,,Persistent,log10_GEperML
1023,8,40,,Persistent,CT.Mean
1023,8,2.65760968215156,,Persistent,log10_GEperML
1023,9,40,,Persistent,CT.Mean
1023,9,2.65760968215156,,Persistent,log10_GEperML
1023,10,40,,Persistent,CT.Mean
1023,10,2.65760968215156,,Persistent,log10_GEperML
1023,11,40,,Persistent,CT.Mean
1023,11,2.65760968215156,,Persistent,log10_GEperML
1023,12,40,,Persistent,CT.Mean
1023,12,2.65760968215156,,Persistent,log10_GEperML
1023,13,40,,Persistent,CT.Mean
1023,13,2.65760968215156,,Persistent,log10_GEperML
1023,14,40,,Persistent,CT.Mean
1023,14,2.65760968215156,,Persistent,log10_GEperML
1023,15,40,,Persistent,CT.Mean
1023,15,2.65760968215156,,Persistent,log10_GEperML
1023,16,40,,Persistent,CT.Mean
1023,16,2.65760968215156,,Persistent,log10_GEperML
1023,17,40,,Persistent,CT.Mean
1023,17,2.65760968215156,,Persistent,log10_GEperML
1023,18,40,,Persistent,CT.Mean
1023,18,2.65760968215156,,Persistent,log10_GEperML
1023,19,40,,Persistent,CT.Mean
1023,19,2.65760968215156,,Persistent,log10_GEperML
1023,20,40,,Persistent,CT.Mean
1023,20,2.65760968215156,,Persistent,log10_GEperML
1023,21,40,,Persistent,CT.Mean
1023,21,2.65760968215156,,Persistent,log10_GEperML
1023,22,40,,Persistent,CT.Mean
1023,22,2.65760968215156,,Persistent,log10_GEperML
1023,23,40,,Persistent,CT.Mean
1023,23,2.65760968215156,,Persistent,log10_GEperML
1023,24,40,,Persistent,CT.Mean
1023,24,2.65760968215156,,Persistent,log10_GEperML
1023,25,40,,Persistent,CT.Mean
1023,25,2.65760968215156,,Persistent,log10_GEperML
1023,26,40,,Persistent,CT.Mean
1023,26,2.65760968215156,,Persistent,log10_GEperML
1023,27,40,,Persistent,CT.Mean
1023,27,2.65760968215156,,Persistent,log10_GEperML
1023,28,40,,Persistent,CT.Mean
1023,28,2.65760968215156,,Persistent,log10_GEperML
1222,0,29.2,,Novel,CT.Mean
1222,0,5.6495362293265,,Novel,log10_GEperML
1222,12,35.4,,Novel,CT.Mean
1222,12,3.9319487670594,,Novel,log10_GEperML
1222,13,38.4,,Novel,CT.Mean
1222,13,3.10085805951081,,Novel,log10_GEperML
1222,16,40,,Novel,CT.Mean
1222,16,2.65760968215156,,Novel,log10_GEperML
1222,18,40,,Novel,CT.Mean
1222,18,2.65760968215156,,Novel,log10_GEperML
1222,20,40,,Novel,CT.Mean
1222,20,2.65760968215156,,Novel,log10_GEperML
1222,21,40,,Novel,CT.Mean
1222,21,2.65760968215156,,Novel,log10_GEperML
1222,22,40,,Novel,CT.Mean
1222,22,2.65760968215156,,Novel,log10_GEperML
1222,23,40,,Novel,CT.Mean
1222,23,2.65760968215156,,Novel,log10_GEperML
1222,25,40,,Novel,CT.Mean
1222,25,2.65760968215156,,Novel,log10_GEperML
1222,26,38.37,No,Novel,CT.Mean
1222,26,3.1091689665863,No,Novel,log10_GEperML
1222,27,40,,Novel,CT.Mean
1222,27,2.65760968215156,,Novel,log10_GEperML
1222,28,40,,Novel,CT.Mean
1222,28,2.65760968215156,,Novel,log10_GEperML
1222,29,40,,Novel,CT.Mean
1222,29,2.65760968215156,,Novel,log10_GEperML
1222,30,40,,Novel,CT.Mean
1222,30,2.65760968215156,,Novel,log10_GEperML
1222,31,40,,Novel,CT.Mean
1222,31,2.65760968215156,,Novel,log10_GEperML
1222,32,40,,Novel,CT.Mean
1222,32,2.65760968215156,,Novel,log10_GEperML
1222,33,40,,Novel,CT.Mean
1222,33,2.65760968215156,,Novel,log10_GEperML
1222,34,40,,Novel,CT.Mean
1222,34,2.65760968215156,,Novel,log10_GEperML
1222,35,40,,Novel,CT.Mean
1222,35,2.65760968215156,,Novel,log10_GEperML
1222,36,40,,Novel,CT.Mean
1222,36,2.65760968215156,,Novel,log10_GEperML
1222,37,40,,Novel,CT.Mean
1222,37,2.65760968215156,,Novel,log10_GEperML
1222,38,40,,Novel,CT.Mean
1222,38,2.65760968215156,,Novel,log10_GEperML
1222,39,40,,Novel,CT.Mean
1222,39,2.65760968215156,,Novel,log10_GEperML
1222,40,40,,Novel,CT.Mean
1222,40,2.65760968215156,,Novel,log10_GEperML
1222,41,40,,Novel,CT.Mean
1222,41,2.65760968215156,,Novel,log10_GEperML
1222,42,40,,Novel,CT.Mean
1222,42,2.65760968215156,,Novel,log10_GEperML
1222,43,40,,Novel,CT.Mean
1222,43,2.65760968215156,,Novel,log10_GEperML
1222,44,40,,Novel,CT.Mean
1222,44,2.65760968215156,,Novel,log10_GEperML
1222,45,40,,Novel,CT.Mean
1222,45,2.65760968215156,,Novel,log10_GEperML
1222,46,40,,Novel,CT.Mean
1222,46,2.65760968215156,,Novel,log10_GEperML
1222,47,40,,Novel,CT.Mean
1222,47,2.65760968215156,,Novel,log10_GEperML
1222,48,40,,Novel,CT.Mean
1222,48,2.65760968215156,,Novel,log10_GEperML
1222,49,40,,Novel,CT.Mean
1222,49,2.65760968215156,,Novel,log10_GEperML
1222,50,40,,Novel,CT.Mean
1222,50,2.65760968215156,,Novel,log10_GEperML
1222,51,40,,Novel,CT.Mean
1222,51,2.65760968215156,,Novel,log10_GEperML
1222,52,40,,Novel,CT.Mean
1222,52,2.65760968215156,,Novel,log10_GEperML
1222,53,40,,Novel,CT.Mean
1222,53,2.65760968215156,,Novel,log10_GEperML
1222,54,40,,Novel,CT.Mean
1222,54,2.65760968215156,,Novel,log10_GEperML
1222,55,40,,Novel,CT.Mean
1222,55,2.65760968215156,,Novel,log10_GEperML
1222,56,40,,Novel,CT.Mean
1222,56,2.65760968215156,,Novel,log10_GEperML
1222,57,40,,Novel,CT.Mean
1222,57,2.65760968215156,,Novel,log10_GEperML
1222,58,40,,Novel,CT.Mean
1222,58,2.65760968215156,,Novel,log10_GEperML
1222,59,40,,Novel,CT.Mean
1222,59,2.65760968215156,,Novel,log10_GEperML
1222,60,40,,Novel,CT.Mean
1222,60,2.65760968215156,,Novel,log10_GEperML
1222,61,40,,Novel,CT.Mean
1222,61,2.65760968215156,,Novel,log10_GEperML
1222,62,40,,Novel,CT.Mean
1222,62,2.65760968215156,,Novel,log10_GEperML
1222,63,40,,Novel,CT.Mean
1222,63,2.65760968215156,,Novel,log10_GEperML
1222,64,40,,Novel,CT.Mean
1222,64,2.65760968215156,,Novel,log10_GEperML
1222,65,40,,Novel,CT.Mean
1222,65,2.65760968215156,,Novel,log10_GEperML
1222,66,40,,Novel,CT.Mean
1222,66,2.65760968215156,,Novel,log10_GEperML
1222,67,40,,Novel,CT.Mean
1222,67,2.65760968215156,,Novel,log10_GEperML
1222,68,40,,Novel,CT.Mean
1222,68,2.65760968215156,,Novel,log10_GEperML
1222,69,40,,Novel,CT.Mean
1222,69,2.65760968215156,,Novel,log10_GEperML
1222,70,40,,Novel,CT.Mean
1222,70,2.65760968215156,,Novel,log10_GEperML
1222,71,40,,Novel,CT.Mean
1222,71,2.65760968215156,,Novel,log10_GEperML
1222,72,40,,Novel,CT.Mean
1222,72,2.65760968215156,,Novel,log10_GEperML
1222,73,40,,Novel,CT.Mean
1222,73,2.65760968215156,,Novel,log10_GEperML
1222,74,40,,Novel,CT.Mean
1222,74,2.65760968215156,,Novel,log10_GEperML
1222,75,40,,Novel,CT.Mean
1222,75,2.65760968215156,,Novel,log10_GEperML
1222,76,40,,Novel,CT.Mean
1222,76,2.65760968215156,,Novel,log10_GEperML
1273,-10,40,,Novel,CT.Mean
1273,-10,2.65760968215156,,Novel,log10_GEperML
1273,-8,40,,Novel,CT.Mean
1273,-8,2.65760968215156,,Novel,log10_GEperML
1273,-6,40,,Novel,CT.Mean
1273,-6,2.65760968215156,,Novel,log10_GEperML
1273,-4,38,,Novel,CT.Mean
1273,-4,3.21167015385062,,Novel,log10_GEperML
1273,-2,32.6,,Novel,CT.Mean
1273,-2,4.70763342743809,,Novel,log10_GEperML
1273,-1,30.79,,Novel,CT.Mean
1273,-1,5.20905815432574,,Novel,log10_GEperML
1273,0,17.7,,Novel,CT.Mean
1273,0,8.8353839415961,,Novel,log10_GEperML
1273,4,30.5,,Novel,CT.Mean
1273,4,5.2893969227221,,Novel,log10_GEperML
1273,5,31.5,,Novel,CT.Mean
1273,5,5.01236668687257,,Novel,log10_GEperML
1273,10,40,,Novel,CT.Mean
1273,10,2.65760968215156,,Novel,log10_GEperML
1273,11,40,,Novel,CT.Mean
1273,11,2.65760968215156,,Novel,log10_GEperML
1273,12,40,,Novel,CT.Mean
1273,12,2.65760968215156,,Novel,log10_GEperML
1273,14,40,,Novel,CT.Mean
1273,14,2.65760968215156,,Novel,log10_GEperML
1273,15,40,,Novel,CT.Mean
1273,15,2.65760968215156,,Novel,log10_GEperML
1273,16,40,,Novel,CT.Mean
1273,16,2.65760968215156,,Novel,log10_GEperML
1273,17,40,,Novel,CT.Mean
1273,17,2.65760968215156,,Novel,log10_GEperML
1273,18,40,,Novel,CT.Mean
1273,18,2.65760968215156,,Novel,log10_GEperML
1273,20,40,,Novel,CT.Mean
1273,20,2.65760968215156,,Novel,log10_GEperML
1273,21,40,,Novel,CT.Mean
1273,21,2.65760968215156,,Novel,log10_GEperML
1273,22,40,,Novel,CT.Mean
1273,22,2.65760968215156,,Novel,log10_GEperML
1273,23,40,,Novel,CT.Mean
1273,23,2.65760968215156,,Novel,log10_GEperML
1273,24,40,,Novel,CT.Mean
1273,24,2.65760968215156,,Novel,log10_GEperML
1273,25,40,,Novel,CT.Mean
1273,25,2.65760968215156,,Novel,log10_GEperML
1273,26,40,,Novel,CT.Mean
1273,26,2.65760968215156,,Novel,log10_GEperML
1273,27,40,,Novel,CT.Mean
1273,27,2.65760968215156,,Novel,log10_GEperML
1273,28,40,,Novel,CT.Mean
1273,28,2.65760968215156,,Novel,log10_GEperML
1273,29,40,,Novel,CT.Mean
1273,29,2.65760968215156,,Novel,log10_GEperML
1273,30,40,,Novel,CT.Mean
1273,30,2.65760968215156,,Novel,log10_GEperML
1273,31,40,,Novel,CT.Mean
1273,31,2.65760968215156,,Novel,log10_GEperML
1273,32,40,,Novel,CT.Mean
1273,32,2.65760968215156,,Novel,log10_GEperML
1273,33,40,,Novel,CT.Mean
1273,33,2.65760968215156,,Novel,log10_GEperML
1273,34,40,,Novel,CT.Mean
1273,34,2.65760968215156,,Novel,log10_GEperML
1273,35,40,,Novel,CT.Mean
1273,35,2.65760968215156,,Novel,log10_GEperML
1273,36,40,,Novel,CT.Mean
1273,36,2.65760968215156,,Novel,log10_GEperML
1273,37,40,,Novel,CT.Mean
1273,37,2.65760968215156,,Novel,log10_GEperML
1273,38,40,,Novel,CT.Mean
1273,38,2.65760968215156,,Novel,log10_GEperML
1273,39,40,,Novel,CT.Mean
1273,39,2.65760968215156,,Novel,log10_GEperML
1273,40,40,,Novel,CT.Mean
1273,40,2.65760968215156,,Novel,log10_GEperML
1273,41,40,,Novel,CT.Mean
1273,41,2.65760968215156,,Novel,log10_GEperML
1273,42,40,,Novel,CT.Mean
1273,42,2.65760968215156,,Novel,log10_GEperML
1273,43,40,,Novel,CT.Mean
1273,43,2.65760968215156,,Novel,log10_GEperML
1273,44,40,,Novel,CT.Mean
1273,44,2.65760968215156,,Novel,log10_GEperML
1273,45,40,,Novel,CT.Mean
1273,45,2.65760968215156,,Novel,log10_GEperML
1273,46,40,,Novel,CT.Mean
1273,46,2.65760968215156,,Novel,log10_GEperML
1273,47,40,,Novel,CT.Mean
1273,47,2.65760968215156,,Novel,log10_GEperML
1273,48,40,,Novel,CT.Mean
1273,48,2.65760968215156,,Novel,log10_GEperML
1273,49,40,,Novel,CT.Mean
1273,49,2.65760968215156,,Novel,log10_GEperML
1273,50,40,,Novel,CT.Mean
1273,50,2.65760968215156,,Novel,log10_GEperML
1273,51,40,,Novel,CT.Mean
1273,51,2.65760968215156,,Novel,log10_GEperML
1273,52,40,,Novel,CT.Mean
1273,52,2.65760968215156,,Novel,log10_GEperML
1273,53,40,,Novel,CT.Mean
1273,53,2.65760968215156,,Novel,log10_GEperML
1273,54,40,,Novel,CT.Mean
1273,54,2.65760968215156,,Novel,log10_GEperML
1273,55,40,,Novel,CT.Mean
1273,55,2.65760968215156,,Novel,log10_GEperML
1273,56,40,,Novel,CT.Mean
1273,56,2.65760968215156,,Novel,log10_GEperML
1273,57,40,,Novel,CT.Mean
1273,57,2.65760968215156,,Novel,log10_GEperML
1273,58,40,,Novel,CT.Mean
1273,58,2.65760968215156,,Novel,log10_GEperML
1273,59,40,,Novel,CT.Mean
1273,59,2.65760968215156,,Novel,log10_GEperML
1273,60,40,,Novel,CT.Mean
1273,60,2.65760968215156,,Novel,log10_GEperML
1273,61,40,,Novel,CT.Mean
1273,61,2.65760968215156,,Novel,log10_GEperML
1273,62,40,,Novel,CT.Mean
1273,62,2.65760968215156,,Novel,log10_GEperML
1273,63,40,,Novel,CT.Mean
1273,63,2.65760968215156,,Novel,log10_GEperML
1273,64,40,,Novel,CT.Mean
1273,64,2.65760968215156,,Novel,log10_GEperML
1273,65,40,,Novel,CT.Mean
1273,65,2.65760968215156,,Novel,log10_GEperML
1273,66,40,,Novel,CT.Mean
1273,66,2.65760968215156,,Novel,log10_GEperML
1370,-8,40,,Novel,CT.Mean
1370,-8,2.65760968215156,,Novel,log10_GEperML
1370,-6,40,,Novel,CT.Mean
1370,-6,2.65760968215156,,Novel,log10_GEperML
1370,-4,40,,Novel,CT.Mean
1370,-4,2.65760968215156,,Novel,log10_GEperML
1370,-2,40,,Novel,CT.Mean
1370,-2,2.65760968215156,,Novel,log10_GEperML
1370,0,29.8,,Novel,CT.Mean
1370,0,5.48331808781678,,Novel,log10_GEperML
1370,2,40,,Novel,CT.Mean
1370,2,2.65760968215156,,Novel,log10_GEperML
1370,4,40,,Novel,CT.Mean
1370,4,2.65760968215156,,Novel,log10_GEperML
1370,6,34.9,,Novel,CT.Mean
1370,6,4.07046388498417,,Novel,log10_GEperML
1370,7,38.3,,Novel,CT.Mean
1370,7,3.12856108309577,,Novel,log10_GEperML
1370,8,40,,Novel,CT.Mean
1370,8,2.65760968215156,,Novel,log10_GEperML
1370,9,40,,Novel,CT.Mean
1370,9,2.65760968215156,,Novel,log10_GEperML
1370,10,40,,Novel,CT.Mean
1370,10,2.65760968215156,,Novel,log10_GEperML
1370,12,40,,Novel,CT.Mean
1370,12,2.65760968215156,,Novel,log10_GEperML
1370,14,40,,Novel,CT.Mean
1370,14,2.65760968215156,,Novel,log10_GEperML
1370,16,40,,Novel,CT.Mean
1370,16,2.65760968215156,,Novel,log10_GEperML
1370,17,40,,Novel,CT.Mean
1370,17,2.65760968215156,,Novel,log10_GEperML
1370,18,40,,Novel,CT.Mean
1370,18,2.65760968215156,,Novel,log10_GEperML
1370,19,40,,Novel,CT.Mean
1370,19,2.65760968215156,,Novel,log10_GEperML
1370,20,40,,Novel,CT.Mean
1370,20,2.65760968215156,,Novel,log10_GEperML
1370,21,40,,Novel,CT.Mean
1370,21,2.65760968215156,,Novel,log10_GEperML
1370,41,40,,Novel,CT.Mean
1370,41,2.65760968215156,,Novel,log10_GEperML
1370,42,40,,Novel,CT.Mean
1370,42,2.65760968215156,,Novel,log10_GEperML
1370,43,40,,Novel,CT.Mean
1370,43,2.65760968215156,,Novel,log10_GEperML
1370,44,40,,Novel,CT.Mean
1370,44,2.65760968215156,,Novel,log10_GEperML
1370,45,40,,Novel,CT.Mean
1370,45,2.65760968215156,,Novel,log10_GEperML
1370,46,40,,Novel,CT.Mean
1370,46,2.65760968215156,,Novel,log10_GEperML
1370,47,40,,Novel,CT.Mean
1370,47,2.65760968215156,,Novel,log10_GEperML
1370,48,40,,Novel,CT.Mean
1370,48,2.65760968215156,,Novel,log10_GEperML
1370,49,40,,Novel,CT.Mean
1370,49,2.65760968215156,,Novel,log10_GEperML
1370,50,40,,Novel,CT.Mean
1370,50,2.65760968215156,,Novel,log10_GEperML
1370,51,40,,Novel,CT.Mean
1370,51,2.65760968215156,,Novel,log10_GEperML
1370,52,40,,Novel,CT.Mean
1370,52,2.65760968215156,,Novel,log10_GEperML
1370,53,40,,Novel,CT.Mean
1370,53,2.65760968215156,,Novel,log10_GEperML
1370,54,40,,Novel,CT.Mean
1370,54,2.65760968215156,,Novel,log10_GEperML
1370,55,40,,Novel,CT.Mean
1370,55,2.65760968215156,,Novel,log10_GEperML
1370,56,40,,Novel,CT.Mean
1370,56,2.65760968215156,,Novel,log10_GEperML
1370,57,40,,Novel,CT.Mean
1370,57,2.65760968215156,,Novel,log10_GEperML
1370,58,40,,Novel,CT.Mean
1370,58,2.65760968215156,,Novel,log10_GEperML
1370,59,40,,Novel,CT.Mean
1370,59,2.65760968215156,,Novel,log10_GEperML
1370,60,40,,Novel,CT.Mean
1370,60,2.65760968215156,,Novel,log10_GEperML
1370,61,40,,Novel,CT.Mean
1370,61,2.65760968215156,,Novel,log10_GEperML
1370,62,40,,Novel,CT.Mean
1370,62,2.65760968215156,,Novel,log10_GEperML
1370,63,40,,Novel,CT.Mean
1370,63,2.65760968215156,,Novel,log10_GEperML
1370,64,40,,Novel,CT.Mean
1370,64,2.65760968215156,,Novel,log10_GEperML
1370,65,40,,Novel,CT.Mean
1370,65,2.65760968215156,,Novel,log10_GEperML
1370,66,40,,Novel,CT.Mean
1370,66,2.65760968215156,,Novel,log10_GEperML
1370,67,40,,Novel,CT.Mean
1370,67,2.65760968215156,,Novel,log10_GEperML
1370,68,40,,Novel,CT.Mean
1370,68,2.65760968215156,,Novel,log10_GEperML
1740,-56,40,,Novel,CT.Mean
1740,-56,2.65760968215156,,Novel,log10_GEperML
1740,-55,40,,Novel,CT.Mean
1740,-55,2.65760968215156,,Novel,log10_GEperML
1740,-54,40,,Novel,CT.Mean
1740,-54,2.65760968215156,,Novel,log10_GEperML
1740,-53,40,,Novel,CT.Mean
1740,-53,2.65760968215156,,Novel,log10_GEperML
1740,-52,40,,Novel,CT.Mean
1740,-52,2.65760968215156,,Novel,log10_GEperML
1740,-51,40,,Novel,CT.Mean
1740,-51,2.65760968215156,,Novel,log10_GEperML
1740,-50,40,,Novel,CT.Mean
1740,-50,2.65760968215156,,Novel,log10_GEperML
1740,-49,40,,Novel,CT.Mean
1740,-49,2.65760968215156,,Novel,log10_GEperML
1740,-48,40,,Novel,CT.Mean
1740,-48,2.65760968215156,,Novel,log10_GEperML
1740,-47,40,,Novel,CT.Mean
1740,-47,2.65760968215156,,Novel,log10_GEperML
1740,-46,40,,Novel,CT.Mean
1740,-46,2.65760968215156,,Novel,log10_GEperML
1740,-45,40,,Novel,CT.Mean
1740,-45,2.65760968215156,,Novel,log10_GEperML
1740,-44,40,,Novel,CT.Mean
1740,-44,2.65760968215156,,Novel,log10_GEperML
1740,-43,40,,Novel,CT.Mean
1740,-43,2.65760968215156,,Novel,log10_GEperML
1740,-42,40,,Novel,CT.Mean
1740,-42,2.65760968215156,,Novel,log10_GEperML
1740,-41,40,,Novel,CT.Mean
1740,-41,2.65760968215156,,Novel,log10_GEperML
1740,-40,40,,Novel,CT.Mean
1740,-40,2.65760968215156,,Novel,log10_GEperML
1740,-39,40,,Novel,CT.Mean
1740,-39,2.65760968215156,,Novel,log10_GEperML
1740,-38,40,,Novel,CT.Mean
1740,-38,2.65760968215156,,Novel,log10_GEperML
1740,-37,40,,Novel,CT.Mean
1740,-37,2.65760968215156,,Novel,log10_GEperML
1740,-36,40,,Novel,CT.Mean
1740,-36,2.65760968215156,,Novel,log10_GEperML
1740,-35,40,,Novel,CT.Mean
1740,-35,2.65760968215156,,Novel,log10_GEperML
1740,-34,40,,Novel,CT.Mean
1740,-34,2.65760968215156,,Novel,log10_GEperML
1740,-33,40,,Novel,CT.Mean
1740,-33,2.65760968215156,,Novel,log10_GEperML
1740,-32,40,,Novel,CT.Mean
1740,-32,2.65760968215156,,Novel,log10_GEperML
1740,-31,40,,Novel,CT.Mean
1740,-31,2.65760968215156,,Novel,log10_GEperML
1740,-30,40,,Novel,CT.Mean
1740,-30,2.65760968215156,,Novel,log10_GEperML
1740,-29,40,,Novel,CT.Mean
1740,-29,2.65760968215156,,Novel,log10_GEperML
1740,-28,40,,Novel,CT.Mean
1740,-28,2.65760968215156,,Novel,log10_GEperML
1740,-27,40,,Novel,CT.Mean
1740,-27,2.65760968215156,,Novel,log10_GEperML
1740,-26,40,,Novel,CT.Mean
1740,-26,2.65760968215156,,Novel,log10_GEperML
1740,-25,40,,Novel,CT.Mean
1740,-25,2.65760968215156,,Novel,log10_GEperML
1740,-24,40,,Novel,CT.Mean
1740,-24,2.65760968215156,,Novel,log10_GEperML
1740,-23,40,,Novel,CT.Mean
1740,-23,2.65760968215156,,Novel,log10_GEperML
1740,-22,40,,Novel,CT.Mean
1740,-22,2.65760968215156,,Novel,log10_GEperML
1740,-21,40,,Novel,CT.Mean
1740,-21,2.65760968215156,,Novel,log10_GEperML
1740,-20,40,,Novel,CT.Mean
1740,-20,2.65760968215156,,Novel,log10_GEperML
1740,-19,40,,Novel,CT.Mean
1740,-19,2.65760968215156,,Novel,log10_GEperML
1740,-18,40,,Novel,CT.Mean
1740,-18,2.65760968215156,,Novel,log10_GEperML
1740,-17,40,,Novel,CT.Mean
1740,-17,2.65760968215156,,Novel,log10_GEperML
1740,-16,40,,Novel,CT.Mean
1740,-16,2.65760968215156,,Novel,log10_GEperML
1740,-15,40,,Novel,CT.Mean
1740,-15,2.65760968215156,,Novel,log10_GEperML
1740,-14,40,,Novel,CT.Mean
1740,-14,2.65760968215156,,Novel,log10_GEperML
1740,-13,40,,Novel,CT.Mean
1740,-13,2.65760968215156,,Novel,log10_GEperML
1740,-12,40,,Novel,CT.Mean
1740,-12,2.65760968215156,,Novel,log10_GEperML
1740,-11,40,,Novel,CT.Mean
1740,-11,2.65760968215156,,Novel,log10_GEperML
1740,-10,40,,Novel,CT.Mean
1740,-10,2.65760968215156,,Novel,log10_GEperML
1740,-9,40,,Novel,CT.Mean
1740,-9,2.65760968215156,,Novel,log10_GEperML
1740,-8,40,,Novel,CT.Mean
1740,-8,2.65760968215156,,Novel,log10_GEperML
1740,-7,40,,Novel,CT.Mean
1740,-7,2.65760968215156,,Novel,log10_GEperML
1740,-6,40,,Novel,CT.Mean
1740,-6,2.65760968215156,,Novel,log10_GEperML
1740,-5,40,,Novel,CT.Mean
1740,-5,2.65760968215156,,Novel,log10_GEperML
1740,-4,33.8,No,Novel,CT.Mean
1740,-4,4.37519714441865,No,Novel,log10_GEperML
1740,-3,38.2258137661675,,Novel,CT.Mean
1740,-3,3.14911291295117,,Novel,log10_GEperML
1740,0,28.05,,Novel,CT.Mean
1740,0,5.96812100055345,,Novel,log10_GEperML
1740,1,30.89132592815,,Novel,CT.Mean
1740,1,5.18098780855267,,Novel,log10_GEperML
1740,2,34.5,,Novel,CT.Mean
1740,2,4.18127597932398,,Novel,log10_GEperML
1740,3,36.5,,Novel,CT.Mean
1740,3,3.62721550762492,,Novel,log10_GEperML
1740,4,38.2927342756385,,Novel,CT.Mean
1740,4,3.13057390842925,,Novel,log10_GEperML
1740,6,39.0422439817132,,Novel,CT.Mean
1740,6,2.92293705778386,,Novel,log10_GEperML
1740,7,40,,Novel,CT.Mean
1740,7,2.65760968215156,,Novel,log10_GEperML
1740,8,40,,Novel,CT.Mean
1740,8,2.65760968215156,,Novel,log10_GEperML
1740,9,40,,Novel,CT.Mean
1740,9,2.65760968215156,,Novel,log10_GEperML
1740,10,40,,Novel,CT.Mean
1740,10,2.65760968215156,,Novel,log10_GEperML
1740,11,40,,Novel,CT.Mean
1740,11,2.65760968215156,,Novel,log10_GEperML
1740,12,40,,Novel,CT.Mean
1740,12,2.65760968215156,,Novel,log10_GEperML
1740,13,40,,Novel,CT.Mean
1740,13,2.65760968215156,,Novel,log10_GEperML
1740,14,40,,Novel,CT.Mean
1740,14,2.65760968215156,,Novel,log10_GEperML
1819,-16,40,,Novel,CT.Mean
1819,-16,2.65760968215156,,Novel,log10_GEperML
1819,-8,40,,Novel,CT.Mean
1819,-8,2.65760968215156,,Novel,log10_GEperML
1819,-7,40,,Novel,CT.Mean
1819,-7,2.65760968215156,,Novel,log10_GEperML
1819,-4,31.6,Yes,Novel,CT.Mean
1819,-4,4.98466366328762,Yes,Novel,log10_GEperML
1819,0,30.54,,Novel,CT.Mean
1819,0,5.27831571328812,,Novel,log10_GEperML
1819,10,38.07,,Novel,CT.Mean
1819,10,3.19227803734116,,Novel,log10_GEperML
1819,11,40,,Novel,CT.Mean
1819,11,2.65760968215156,,Novel,log10_GEperML
1819,12,40,,Novel,CT.Mean
1819,12,2.65760968215156,,Novel,log10_GEperML
1819,14,40,,Novel,CT.Mean
1819,14,2.65760968215156,,Novel,log10_GEperML
1819,15,40,,Novel,CT.Mean
1819,15,2.65760968215156,,Novel,log10_GEperML
1819,18,40,,Novel,CT.Mean
1819,18,2.65760968215156,,Novel,log10_GEperML
1819,19,40,,Novel,CT.Mean
1819,19,2.65760968215156,,Novel,log10_GEperML
1819,20,40,,Novel,CT.Mean
1819,20,2.65760968215156,,Novel,log10_GEperML
1819,21,40,,Novel,CT.Mean
1819,21,2.65760968215156,,Novel,log10_GEperML
1819,22,40,,Novel,CT.Mean
1819,22,2.65760968215156,,Novel,log10_GEperML
1819,24,40,,Novel,CT.Mean
1819,24,2.65760968215156,,Novel,log10_GEperML
1819,25,40,,Novel,CT.Mean
1819,25,2.65760968215156,,Novel,log10_GEperML
1819,26,40,,Novel,CT.Mean
1819,26,2.65760968215156,,Novel,log10_GEperML
1819,27,40,,Novel,CT.Mean
1819,27,2.65760968215156,,Novel,log10_GEperML
1819,28,40,,Novel,CT.Mean
1819,28,2.65760968215156,,Novel,log10_GEperML
1819,29,40,,Novel,CT.Mean
1819,29,2.65760968215156,,Novel,log10_GEperML
1819,31,40,,Novel,CT.Mean
1819,31,2.65760968215156,,Novel,log10_GEperML
1819,32,40,,Novel,CT.Mean
1819,32,2.65760968215156,,Novel,log10_GEperML
1819,33,40,,Novel,CT.Mean
1819,33,2.65760968215156,,Novel,log10_GEperML
1819,34,40,,Novel,CT.Mean
1819,34,2.65760968215156,,Novel,log10_GEperML
1819,35,40,,Novel,CT.Mean
1819,35,2.65760968215156,,Novel,log10_GEperML
1819,38,40,,Novel,CT.Mean
1819,38,2.65760968215156,,Novel,log10_GEperML
1819,39,40,,Novel,CT.Mean
1819,39,2.65760968215156,,Novel,log10_GEperML
1819,40,40,,Novel,CT.Mean
1819,40,2.65760968215156,,Novel,log10_GEperML
1819,41,40,,Novel,CT.Mean
1819,41,2.65760968215156,,Novel,log10_GEperML
1819,42,40,,Novel,CT.Mean
1819,42,2.65760968215156,,Novel,log10_GEperML
1819,45,40,,Novel,CT.Mean
1819,45,2.65760968215156,,Novel,log10_GEperML
1819,46,40,,Novel,CT.Mean
1819,46,2.65760968215156,,Novel,log10_GEperML
1819,47,40,,Novel,CT.Mean
1819,47,2.65760968215156,,Novel,log10_GEperML
1819,48,40,,Novel,CT.Mean
1819,48,2.65760968215156,,Novel,log10_GEperML
1819,49,40,,Novel,CT.Mean
1819,49,2.65760968215156,,Novel,log10_GEperML
1819,52,40,,Novel,CT.Mean
1819,52,2.65760968215156,,Novel,log10_GEperML
1819,53,40,,Novel,CT.Mean
1819,53,2.65760968215156,,Novel,log10_GEperML
1819,54,40,,Novel,CT.Mean
1819,54,2.65760968215156,,Novel,log10_GEperML
1835,-13,40,,Novel,CT.Mean
1835,-13,2.65760968215156,,Novel,log10_GEperML
1835,-12,40,,Novel,CT.Mean
1835,-12,2.65760968215156,,Novel,log10_GEperML
1835,-11,40,,Novel,CT.Mean
1835,-11,2.65760968215156,,Novel,log10_GEperML
1835,-10,40,,Novel,CT.Mean
1835,-10,2.65760968215156,,Novel,log10_GEperML
1835,-8,40,,Novel,CT.Mean
1835,-8,2.65760968215156,,Novel,log10_GEperML
1835,-5,40,,Novel,CT.Mean
1835,-5,2.65760968215156,,Novel,log10_GEperML
1835,-1,40,,Novel,CT.Mean
1835,-1,2.65760968215156,,Novel,log10_GEperML
1835,0,38.2,Yes,Novel,CT.Mean
1835,0,3.15626410668072,Yes,Novel,log10_GEperML
1912,-35,40,,Novel,CT.Mean
1912,-35,2.65760968215156,,Novel,log10_GEperML
1912,-23,40,,Novel,CT.Mean
1912,-23,2.65760968215156,,Novel,log10_GEperML
1912,-22,40,,Novel,CT.Mean
1912,-22,2.65760968215156,,Novel,log10_GEperML
1912,-21,40,,Novel,CT.Mean
1912,-21,2.65760968215156,,Novel,log10_GEperML
1912,-19,40,,Novel,CT.Mean
1912,-19,2.65760968215156,,Novel,log10_GEperML
1912,-17,40,,Novel,CT.Mean
1912,-17,2.65760968215156,,Novel,log10_GEperML
1912,-16,40,,Novel,CT.Mean
1912,-16,2.65760968215156,,Novel,log10_GEperML
1912,-15,40,,Novel,CT.Mean
1912,-15,2.65760968215156,,Novel,log10_GEperML
1912,-14,40,,Novel,CT.Mean
1912,-14,2.65760968215156,,Novel,log10_GEperML
1912,-12,40,,Novel,CT.Mean
1912,-12,2.65760968215156,,Novel,log10_GEperML
1912,-6,40,,Novel,CT.Mean
1912,-6,2.65760968215156,,Novel,log10_GEperML
1912,-5,40,,Novel,CT.Mean
1912,-5,2.65760968215156,,Novel,log10_GEperML
1912,-4,36.86,No,Novel,CT.Mean
1912,-4,3.52748462271909,No,Novel,log10_GEperML
1912,0,31.8415971626377,,Novel,CT.Mean
1912,0,4.91773394434152,,Novel,log10_GEperML
1912,14,40,,Novel,CT.Mean
1912,14,2.65760968215156,,Novel,log10_GEperML
1953,-3,40,,Novel,CT.Mean
1953,-3,2.65760968215156,,Novel,log10_GEperML
1953,0,19.31,Yes,Novel,CT.Mean
1953,0,8.38936526187835,Yes,Novel,log10_GEperML
1953,1,19.8,,Novel,CT.Mean
1953,1,8.25362044631208,,Novel,log10_GEperML
1953,11,37.5,,Novel,CT.Mean
1953,11,3.35018527177539,,Novel,log10_GEperML
1953,15,39.6311444650577,,Novel,CT.Mean
1953,15,2.75979381799103,,Novel,log10_GEperML
1953,18,40,,Novel,CT.Mean
1953,18,2.65760968215156,,Novel,log10_GEperML
1953,19,40,,Novel,CT.Mean
1953,19,2.65760968215156,,Novel,log10_GEperML
1980,-1,27.72,Yes,Novel,CT.Mean
1980,-1,6.0595409783838,Yes,Novel,log10_GEperML
1980,0,26.49,,Novel,CT.Mean
1980,0,6.40028816847872,,Novel,log10_GEperML
1980,14,40,,Novel,CT.Mean
1980,14,2.65760968215156,,Novel,log10_GEperML
1980,15,40,,Novel,CT.Mean
1980,15,2.65760968215156,,Novel,log10_GEperML
1980,16,40,,Novel,CT.Mean
1980,16,2.65760968215156,,Novel,log10_GEperML
1980,17,40,,Novel,CT.Mean
1980,17,2.65760968215156,,Novel,log10_GEperML
1980,18,40,,Novel,CT.Mean
1980,18,2.65760968215156,,Novel,log10_GEperML
1980,19,40,,Novel,CT.Mean
1980,19,2.65760968215156,,Novel,log10_GEperML
1980,20,40,,Novel,CT.Mean
1980,20,2.65760968215156,,Novel,log10_GEperML
1980,21,40,,Novel,CT.Mean
1980,21,2.65760968215156,,Novel,log10_GEperML
1980,22,40,,Novel,CT.Mean
1980,22,2.65760968215156,,Novel,log10_GEperML
1980,23,40,,Novel,CT.Mean
1980,23,2.65760968215156,,Novel,log10_GEperML
1980,24,40,,Novel,CT.Mean
1980,24,2.65760968215156,,Novel,log10_GEperML
1980,25,40,,Novel,CT.Mean
1980,25,2.65760968215156,,Novel,log10_GEperML
1980,26,40,,Novel,CT.Mean
1980,26,2.65760968215156,,Novel,log10_GEperML
1980,27,40,,Novel,CT.Mean
1980,27,2.65760968215156,,Novel,log10_GEperML
1980,28,40,,Novel,CT.Mean
1980,28,2.65760968215156,,Novel,log10_GEperML
1980,29,40,,Novel,CT.Mean
1980,29,2.65760968215156,,Novel,log10_GEperML
1980,30,40,,Novel,CT.Mean
1980,30,2.65760968215156,,Novel,log10_GEperML
1980,31,40,,Novel,CT.Mean
1980,31,2.65760968215156,,Novel,log10_GEperML
1980,32,40,,Novel,CT.Mean
1980,32,2.65760968215156,,Novel,log10_GEperML
1980,33,40,,Novel,CT.Mean
1980,33,2.65760968215156,,Novel,log10_GEperML
1980,34,40,,Novel,CT.Mean
1980,34,2.65760968215156,,Novel,log10_GEperML
1980,35,40,,Novel,CT.Mean
1980,35,2.65760968215156,,Novel,log10_GEperML
1980,36,40,,Novel,CT.Mean
1980,36,2.65760968215156,,Novel,log10_GEperML
1980,37,40,,Novel,CT.Mean
1980,37,2.65760968215156,,Novel,log10_GEperML
1980,38,40,,Novel,CT.Mean
1980,38,2.65760968215156,,Novel,log10_GEperML
1980,39,40,,Novel,CT.Mean
1980,39,2.65760968215156,,Novel,log10_GEperML
1980,40,40,,Novel,CT.Mean
1980,40,2.65760968215156,,Novel,log10_GEperML
1980,41,40,,Novel,CT.Mean
1980,41,2.65760968215156,,Novel,log10_GEperML
1980,42,40,,Novel,CT.Mean
1980,42,2.65760968215156,,Novel,log10_GEperML
1980,43,40,,Novel,CT.Mean
1980,43,2.65760968215156,,Novel,log10_GEperML
1980,44,40,,Novel,CT.Mean
1980,44,2.65760968215156,,Novel,log10_GEperML
1980,45,40,,Novel,CT.Mean
1980,45,2.65760968215156,,Novel,log10_GEperML
1980,46,40,,Novel,CT.Mean
1980,46,2.65760968215156,,Novel,log10_GEperML
1980,47,40,,Novel,CT.Mean
1980,47,2.65760968215156,,Novel,log10_GEperML
1980,48,40,,Novel,CT.Mean
1980,48,2.65760968215156,,Novel,log10_GEperML
1980,49,40,,Novel,CT.Mean
1980,49,2.65760968215156,,Novel,log10_GEperML
1980,50,40,,Novel,CT.Mean
1980,50,2.65760968215156,,Novel,log10_GEperML
1980,51,40,,Novel,CT.Mean
1980,51,2.65760968215156,,Novel,log10_GEperML
1980,52,40,,Novel,CT.Mean
1980,52,2.65760968215156,,Novel,log10_GEperML
1980,53,40,,Novel,CT.Mean
1980,53,2.65760968215156,,Novel,log10_GEperML
1980,54,40,,Novel,CT.Mean
1980,54,2.65760968215156,,Novel,log10_GEperML
1980,55,40,,Novel,CT.Mean
1980,55,2.65760968215156,,Novel,log10_GEperML
1980,56,40,,Novel,CT.Mean
1980,56,2.65760968215156,,Novel,log10_GEperML
1980,57,40,,Novel,CT.Mean
1980,57,2.65760968215156,,Novel,log10_GEperML
1980,58,40,,Novel,CT.Mean
1980,58,2.65760968215156,,Novel,log10_GEperML
1980,59,40,,Novel,CT.Mean
1980,59,2.65760968215156,,Novel,log10_GEperML
1980,60,40,,Novel,CT.Mean
1980,60,2.65760968215156,,Novel,log10_GEperML
1980,61,40,,Novel,CT.Mean
1980,61,2.65760968215156,,Novel,log10_GEperML
1980,62,40,,Novel,CT.Mean
1980,62,2.65760968215156,,Novel,log10_GEperML
1980,63,40,,Novel,CT.Mean
1980,63,2.65760968215156,,Novel,log10_GEperML
1980,64,40,,Novel,CT.Mean
1980,64,2.65760968215156,,Novel,log10_GEperML
1980,65,40,,Novel,CT.Mean
1980,65,2.65760968215156,,Novel,log10_GEperML
1980,66,40,,Novel,CT.Mean
1980,66,2.65760968215156,,Novel,log10_GEperML
1980,67,40,,Novel,CT.Mean
1980,67,2.65760968215156,,Novel,log10_GEperML
1980,68,40,,Novel,CT.Mean
1980,68,2.65760968215156,,Novel,log10_GEperML
1980,69,40,,Novel,CT.Mean
1980,69,2.65760968215156,,Novel,log10_GEperML
1980,70,40,,Novel,CT.Mean
1980,70,2.65760968215156,,Novel,log10_GEperML
1980,71,40,,Novel,CT.Mean
1980,71,2.65760968215156,,Novel,log10_GEperML
1980,72,40,,Novel,CT.Mean
1980,72,2.65760968215156,,Novel,log10_GEperML
1980,73,40,,Novel,CT.Mean
1980,73,2.65760968215156,,Novel,log10_GEperML
2193,-1,37.9715158301778,Yes,Novel,CT.Mean
2193,-1,3.21956113013445,Yes,Novel,log10_GEperML
2193,0,37.46,,Novel,CT.Mean
2193,0,3.36126648120937,,Novel,log10_GEperML
2193,9,40,,Novel,CT.Mean
2193,9,2.65760968215156,,Novel,log10_GEperML
2193,11,40,,Novel,CT.Mean
2193,11,2.65760968215156,,Novel,log10_GEperML
2193,13,40,,Novel,CT.Mean
2193,13,2.65760968215156,,Novel,log10_GEperML
2193,15,40,,Novel,CT.Mean
2193,15,2.65760968215156,,Novel,log10_GEperML
2193,16,40,,Novel,CT.Mean
2193,16,2.65760968215156,,Novel,log10_GEperML
2193,18,40,,Novel,CT.Mean
2193,18,2.65760968215156,,Novel,log10_GEperML
2193,21,40,,Novel,CT.Mean
2193,21,2.65760968215156,,Novel,log10_GEperML
2193,28,40,,Novel,CT.Mean
2193,28,2.65760968215156,,Novel,log10_GEperML
2193,35,40,,Novel,CT.Mean
2193,35,2.65760968215156,,Novel,log10_GEperML
2193,39,40,,Novel,CT.Mean
2193,39,2.65760968215156,,Novel,log10_GEperML
2193,46,40,,Novel,CT.Mean
2193,46,2.65760968215156,,Novel,log10_GEperML
2193,50,40,,Novel,CT.Mean
2193,50,2.65760968215156,,Novel,log10_GEperML
2340,0,34.6,,Persistent,CT.Mean
2340,0,4.15357295573903,,Persistent,log10_GEperML
2340,1,39.7649854839996,,Persistent,CT.Mean
2340,1,2.72271580894722,,Persistent,log10_GEperML
2340,5,40,,Persistent,CT.Mean
2340,5,2.65760968215156,,Persistent,log10_GEperML
2340,7,40,,Persistent,CT.Mean
2340,7,2.65760968215156,,Persistent,log10_GEperML
2340,8,40,,Persistent,CT.Mean
2340,8,2.65760968215156,,Persistent,log10_GEperML
2340,9,40,,Persistent,CT.Mean
2340,9,2.65760968215156,,Persistent,log10_GEperML
2340,13,40,,Persistent,CT.Mean
2340,13,2.65760968215156,,Persistent,log10_GEperML
2340,17,40,,Persistent,CT.Mean
2340,17,2.65760968215156,,Persistent,log10_GEperML
2340,21,40,,Persistent,CT.Mean
2340,21,2.65760968215156,,Persistent,log10_GEperML
2340,25,40,,Persistent,CT.Mean
2340,25,2.65760968215156,,Persistent,log10_GEperML
2340,29,40,,Persistent,CT.Mean
2340,29,2.65760968215156,,Persistent,log10_GEperML
2349,-50,40,,Novel,CT.Mean
2349,-50,2.65760968215156,,Novel,log10_GEperML
2349,-48,40,,Novel,CT.Mean
2349,-48,2.65760968215156,,Novel,log10_GEperML
2349,-47,40,,Novel,CT.Mean
2349,-47,2.65760968215156,,Novel,log10_GEperML
2349,-46,40,,Novel,CT.Mean
2349,-46,2.65760968215156,,Novel,log10_GEperML
2349,-45,40,,Novel,CT.Mean
2349,-45,2.65760968215156,,Novel,log10_GEperML
2349,-44,40,,Novel,CT.Mean
2349,-44,2.65760968215156,,Novel,log10_GEperML
2349,-43,40,,Novel,CT.Mean
2349,-43,2.65760968215156,,Novel,log10_GEperML
2349,-42,40,,Novel,CT.Mean
2349,-42,2.65760968215156,,Novel,log10_GEperML
2349,-41,40,,Novel,CT.Mean
2349,-41,2.65760968215156,,Novel,log10_GEperML
2349,-40,40,,Novel,CT.Mean
2349,-40,2.65760968215156,,Novel,log10_GEperML
2349,-38,40,,Novel,CT.Mean
2349,-38,2.65760968215156,,Novel,log10_GEperML
2349,-37,40,,Novel,CT.Mean
2349,-37,2.65760968215156,,Novel,log10_GEperML
2349,-36,40,,Novel,CT.Mean
2349,-36,2.65760968215156,,Novel,log10_GEperML
2349,-35,40,,Novel,CT.Mean
2349,-35,2.65760968215156,,Novel,log10_GEperML
2349,-34,40,,Novel,CT.Mean
2349,-34,2.65760968215156,,Novel,log10_GEperML
2349,-33,40,,Novel,CT.Mean
2349,-33,2.65760968215156,,Novel,log10_GEperML
2349,-32,40,,Novel,CT.Mean
2349,-32,2.65760968215156,,Novel,log10_GEperML
2349,-31,40,,Novel,CT.Mean
2349,-31,2.65760968215156,,Novel,log10_GEperML
2349,-30,40,,Novel,CT.Mean
2349,-30,2.65760968215156,,Novel,log10_GEperML
2349,-29,40,,Novel,CT.Mean
2349,-29,2.65760968215156,,Novel,log10_GEperML
2349,-27,40,,Novel,CT.Mean
2349,-27,2.65760968215156,,Novel,log10_GEperML
2349,-26,40,,Novel,CT.Mean
2349,-26,2.65760968215156,,Novel,log10_GEperML
2349,-25,40,,Novel,CT.Mean
2349,-25,2.65760968215156,,Novel,log10_GEperML
2349,-24,40,,Novel,CT.Mean
2349,-24,2.65760968215156,,Novel,log10_GEperML
2349,-23,40,,Novel,CT.Mean
2349,-23,2.65760968215156,,Novel,log10_GEperML
2349,-22,40,,Novel,CT.Mean
2349,-22,2.65760968215156,,Novel,log10_GEperML
2349,-20,40,,Novel,CT.Mean
2349,-20,2.65760968215156,,Novel,log10_GEperML
2349,-19,40,,Novel,CT.Mean
2349,-19,2.65760968215156,,Novel,log10_GEperML
2349,-18,40,,Novel,CT.Mean
2349,-18,2.65760968215156,,Novel,log10_GEperML
2349,-17,40,,Novel,CT.Mean
2349,-17,2.65760968215156,,Novel,log10_GEperML
2349,-16,40,,Novel,CT.Mean
2349,-16,2.65760968215156,,Novel,log10_GEperML
2349,-15,40,,Novel,CT.Mean
2349,-15,2.65760968215156,,Novel,log10_GEperML
2349,-14,40,,Novel,CT.Mean
2349,-14,2.65760968215156,,Novel,log10_GEperML
2349,-13,40,,Novel,CT.Mean
2349,-13,2.65760968215156,,Novel,log10_GEperML
2349,-12,40,,Novel,CT.Mean
2349,-12,2.65760968215156,,Novel,log10_GEperML
2349,-11,40,,Novel,CT.Mean
2349,-11,2.65760968215156,,Novel,log10_GEperML
2349,-10,40,,Novel,CT.Mean
2349,-10,2.65760968215156,,Novel,log10_GEperML
2349,-9,40,,Novel,CT.Mean
2349,-9,2.65760968215156,,Novel,log10_GEperML
2349,-8,39.3366942233855,Yes,Novel,CT.Mean
2349,-8,2.84136543788743,Yes,Novel,log10_GEperML
2349,-7,28.98,,Novel,CT.Mean
2349,-7,5.71048288121339,,Novel,log10_GEperML
2349,-3,32.1494315062041,,Novel,CT.Mean
2349,-3,4.83245452354074,,Novel,log10_GEperML
2349,-2,33.55,,Novel,CT.Mean
2349,-2,4.44445470338104,,Novel,log10_GEperML
2349,-1,32.8052524990195,,Novel,CT.Mean
2349,-1,4.65077227922601,,Novel,log10_GEperML
2349,0,27.9468235114277,,Novel,CT.Mean
2349,0,5.99670400751677,,Novel,log10_GEperML
2349,1,32.8,,Novel,CT.Mean
2349,1,4.65222738026818,,Novel,log10_GEperML
2349,2,34.5,,Novel,CT.Mean
2349,2,4.18127597932398,,Novel,log10_GEperML
2463,-6,40,,Novel,CT.Mean
2463,-6,2.65760968215156,,Novel,log10_GEperML
2463,-4,35.25,,Novel,CT.Mean
2463,-4,3.97350330243683,,Novel,log10_GEperML
2463,0,20.06,,Novel,CT.Mean
2463,0,8.1815925849912,,Novel,log10_GEperML
2463,3,24.94,,Novel,CT.Mean
2463,3,6.82968503404549,,Novel,log10_GEperML
2463,6,36.9810922900076,,Novel,CT.Mean
2463,6,3.49393839705872,,Novel,log10_GEperML
2463,9,40,,Novel,CT.Mean
2463,9,2.65760968215156,,Novel,log10_GEperML
2463,10,40,,Novel,CT.Mean
2463,10,2.65760968215156,,Novel,log10_GEperML
2463,12,40,,Novel,CT.Mean
2463,12,2.65760968215156,,Novel,log10_GEperML
2463,13,40,,Novel,CT.Mean
2463,13,2.65760968215156,,Novel,log10_GEperML
2463,14,40,,Novel,CT.Mean
2463,14,2.65760968215156,,Novel,log10_GEperML
2463,15,40,,Novel,CT.Mean
2463,15,2.65760968215156,,Novel,log10_GEperML
2463,16,40,,Novel,CT.Mean
2463,16,2.65760968215156,,Novel,log10_GEperML
2463,17,40,,Novel,CT.Mean
2463,17,2.65760968215156,,Novel,log10_GEperML
2463,18,40,,Novel,CT.Mean
2463,18,2.65760968215156,,Novel,log10_GEperML
2463,19,40,,Novel,CT.Mean
2463,19,2.65760968215156,,Novel,log10_GEperML
2463,20,40,,Novel,CT.Mean
2463,20,2.65760968215156,,Novel,log10_GEperML
2463,21,40,,Novel,CT.Mean
2463,21,2.65760968215156,,Novel,log10_GEperML
2463,22,40,,Novel,CT.Mean
2463,22,2.65760968215156,,Novel,log10_GEperML
2463,23,40,,Novel,CT.Mean
2463,23,2.65760968215156,,Novel,log10_GEperML
2463,24,40,,Novel,CT.Mean
2463,24,2.65760968215156,,Novel,log10_GEperML
2463,25,40,,Novel,CT.Mean
2463,25,2.65760968215156,,Novel,log10_GEperML
2463,26,40,,Novel,CT.Mean
2463,26,2.65760968215156,,Novel,log10_GEperML
2463,27,40,,Novel,CT.Mean
2463,27,2.65760968215156,,Novel,log10_GEperML
2463,28,40,,Novel,CT.Mean
2463,28,2.65760968215156,,Novel,log10_GEperML
2463,29,40,,Novel,CT.Mean
2463,29,2.65760968215156,,Novel,log10_GEperML
2463,30,40,,Novel,CT.Mean
2463,30,2.65760968215156,,Novel,log10_GEperML
2463,31,40,,Novel,CT.Mean
2463,31,2.65760968215156,,Novel,log10_GEperML
2463,32,40,,Novel,CT.Mean
2463,32,2.65760968215156,,Novel,log10_GEperML
2463,33,40,,Novel,CT.Mean
2463,33,2.65760968215156,,Novel,log10_GEperML
2463,34,40,,Novel,CT.Mean
2463,34,2.65760968215156,,Novel,log10_GEperML
2463,35,40,,Novel,CT.Mean
2463,35,2.65760968215156,,Novel,log10_GEperML
2463,36,40,,Novel,CT.Mean
2463,36,2.65760968215156,,Novel,log10_GEperML
2463,37,40,,Novel,CT.Mean
2463,37,2.65760968215156,,Novel,log10_GEperML
2463,38,40,,Novel,CT.Mean
2463,38,2.65760968215156,,Novel,log10_GEperML
2463,39,40,,Novel,CT.Mean
2463,39,2.65760968215156,,Novel,log10_GEperML
2463,40,40,,Novel,CT.Mean
2463,40,2.65760968215156,,Novel,log10_GEperML
2463,41,40,,Novel,CT.Mean
2463,41,2.65760968215156,,Novel,log10_GEperML
2463,42,40,,Novel,CT.Mean
2463,42,2.65760968215156,,Novel,log10_GEperML
2463,43,40,,Novel,CT.Mean
2463,43,2.65760968215156,,Novel,log10_GEperML
2463,44,40,,Novel,CT.Mean
2463,44,2.65760968215156,,Novel,log10_GEperML
2499,0,35.5,Yes,Novel,CT.Mean
2499,0,3.90424574347445,Yes,Novel,log10_GEperML
2499,10,40,,Novel,CT.Mean
2499,10,2.65760968215156,,Novel,log10_GEperML
2499,11,40,,Novel,CT.Mean
2499,11,2.65760968215156,,Novel,log10_GEperML
2499,12,40,,Novel,CT.Mean
2499,12,2.65760968215156,,Novel,log10_GEperML
2499,13,40,,Novel,CT.Mean
2499,13,2.65760968215156,,Novel,log10_GEperML
2499,14,40,,Novel,CT.Mean
2499,14,2.65760968215156,,Novel,log10_GEperML
2499,15,40,,Novel,CT.Mean
2499,15,2.65760968215156,,Novel,log10_GEperML
2499,16,40,,Novel,CT.Mean
2499,16,2.65760968215156,,Novel,log10_GEperML
2499,17,40,,Novel,CT.Mean
2499,17,2.65760968215156,,Novel,log10_GEperML
2499,18,40,,Novel,CT.Mean
2499,18,2.65760968215156,,Novel,log10_GEperML
2499,19,40,,Novel,CT.Mean
2499,19,2.65760968215156,,Novel,log10_GEperML
2499,20,40,,Novel,CT.Mean
2499,20,2.65760968215156,,Novel,log10_GEperML
2499,21,40,,Novel,CT.Mean
2499,21,2.65760968215156,,Novel,log10_GEperML
2499,22,40,,Novel,CT.Mean
2499,22,2.65760968215156,,Novel,log10_GEperML
2499,23,40,,Novel,CT.Mean
2499,23,2.65760968215156,,Novel,log10_GEperML
2499,24,40,,Novel,CT.Mean
2499,24,2.65760968215156,,Novel,log10_GEperML
2499,25,40,,Novel,CT.Mean
2499,25,2.65760968215156,,Novel,log10_GEperML
2499,26,40,,Novel,CT.Mean
2499,26,2.65760968215156,,Novel,log10_GEperML
2499,27,40,,Novel,CT.Mean
2499,27,2.65760968215156,,Novel,log10_GEperML
2499,28,40,,Novel,CT.Mean
2499,28,2.65760968215156,,Novel,log10_GEperML
2499,29,40,,Novel,CT.Mean
2499,29,2.65760968215156,,Novel,log10_GEperML
2499,30,40,,Novel,CT.Mean
2499,30,2.65760968215156,,Novel,log10_GEperML
2499,31,40,,Novel,CT.Mean
2499,31,2.65760968215156,,Novel,log10_GEperML
2499,32,40,,Novel,CT.Mean
2499,32,2.65760968215156,,Novel,log10_GEperML
2499,33,40,,Novel,CT.Mean
2499,33,2.65760968215156,,Novel,log10_GEperML
2499,34,40,,Novel,CT.Mean
2499,34,2.65760968215156,,Novel,log10_GEperML
2695,-4,40,,Persistent,CT.Mean
2695,-4,2.65760968215156,,Persistent,log10_GEperML
2695,-2,40,,Persistent,CT.Mean
2695,-2,40,,Persistent,CT.Mean
2695,-2,2.65760968215156,,Persistent,log10_GEperML
2695,-2,2.65760968215156,,Persistent,log10_GEperML
2695,-1,40,,Persistent,CT.Mean
2695,-1,2.65760968215156,,Persistent,log10_GEperML
2695,0,38.85,No,Persistent,CT.Mean
2695,0,2.97619445337852,No,Persistent,log10_GEperML
2695,1,40,,Persistent,CT.Mean
2695,1,40,,Persistent,CT.Mean
2695,1,2.65760968215156,,Persistent,log10_GEperML
2695,1,2.65760968215156,,Persistent,log10_GEperML
2695,2,40,,Persistent,CT.Mean
2695,2,2.65760968215156,,Persistent,log10_GEperML
2695,3,40,,Persistent,CT.Mean
2695,3,2.65760968215156,,Persistent,log10_GEperML
2695,4,40,,Persistent,CT.Mean
2695,4,2.65760968215156,,Persistent,log10_GEperML
2695,5,40,,Persistent,CT.Mean
2695,5,2.65760968215156,,Persistent,log10_GEperML
2695,6,40,,Persistent,CT.Mean
2695,6,2.65760968215156,,Persistent,log10_GEperML
2695,7,40,,Persistent,CT.Mean
2695,7,2.65760968215156,,Persistent,log10_GEperML
2695,8,40,,Persistent,CT.Mean
2695,8,2.65760968215156,,Persistent,log10_GEperML
2695,9,40,,Persistent,CT.Mean
2695,9,2.65760968215156,,Persistent,log10_GEperML
2695,10,39.1493167968668,,Persistent,CT.Mean
2695,10,2.89327465054879,,Persistent,log10_GEperML
2695,11,40,,Persistent,CT.Mean
2695,11,2.65760968215156,,Persistent,log10_GEperML
2695,12,40,,Persistent,CT.Mean
2695,12,2.65760968215156,,Persistent,log10_GEperML
2695,13,40,,Persistent,CT.Mean
2695,13,2.65760968215156,,Persistent,log10_GEperML
2695,14,40,,Persistent,CT.Mean
2695,14,2.65760968215156,,Persistent,log10_GEperML
2695,15,40,,Persistent,CT.Mean
2695,15,2.65760968215156,,Persistent,log10_GEperML
2695,16,40,,Persistent,CT.Mean
2695,16,2.65760968215156,,Persistent,log10_GEperML
2695,17,40,,Persistent,CT.Mean
2695,17,2.65760968215156,,Persistent,log10_GEperML
2695,18,40,,Persistent,CT.Mean
2695,18,2.65760968215156,,Persistent,log10_GEperML
2695,19,40,,Persistent,CT.Mean
2695,19,2.65760968215156,,Persistent,log10_GEperML
2695,20,40,,Persistent,CT.Mean
2695,20,2.65760968215156,,Persistent,log10_GEperML
2695,21,40,,Persistent,CT.Mean
2695,21,2.65760968215156,,Persistent,log10_GEperML
2695,22,40,,Persistent,CT.Mean
2695,22,2.65760968215156,,Persistent,log10_GEperML
2695,23,40,,Persistent,CT.Mean
2695,23,2.65760968215156,,Persistent,log10_GEperML
2695,24,40,,Persistent,CT.Mean
2695,24,2.65760968215156,,Persistent,log10_GEperML
2695,25,40,,Persistent,CT.Mean
2695,25,2.65760968215156,,Persistent,log10_GEperML
2695,26,40,,Persistent,CT.Mean
2695,26,2.65760968215156,,Persistent,log10_GEperML
2695,27,40,,Persistent,CT.Mean
2695,27,2.65760968215156,,Persistent,log10_GEperML
2695,28,40,,Persistent,CT.Mean
2695,28,2.65760968215156,,Persistent,log10_GEperML
2695,29,40,,Persistent,CT.Mean
2695,29,2.65760968215156,,Persistent,log10_GEperML
2695,30,40,,Persistent,CT.Mean
2695,30,2.65760968215156,,Persistent,log10_GEperML
2695,46,40,,Persistent,CT.Mean
2695,46,2.65760968215156,,Persistent,log10_GEperML
2695,47,40,,Persistent,CT.Mean
2695,47,2.65760968215156,,Persistent,log10_GEperML
2695,48,40,,Persistent,CT.Mean
2695,48,2.65760968215156,,Persistent,log10_GEperML
2695,49,40,,Persistent,CT.Mean
2695,49,2.65760968215156,,Persistent,log10_GEperML
2695,50,40,,Persistent,CT.Mean
2695,50,2.65760968215156,,Persistent,log10_GEperML
2695,51,40,,Persistent,CT.Mean
2695,51,2.65760968215156,,Persistent,log10_GEperML
2695,52,40,,Persistent,CT.Mean
2695,52,2.65760968215156,,Persistent,log10_GEperML
2695,53,40,,Persistent,CT.Mean
2695,53,2.65760968215156,,Persistent,log10_GEperML
2786,-11,40,,Novel,CT.Mean
2786,-11,2.65760968215156,,Novel,log10_GEperML
2786,-9,40,,Novel,CT.Mean
2786,-9,2.65760968215156,,Novel,log10_GEperML
2786,-7,40,,Novel,CT.Mean
2786,-7,2.65760968215156,,Novel,log10_GEperML
2786,-5,40,,Novel,CT.Mean
2786,-5,2.65760968215156,,Novel,log10_GEperML
2786,-3,40,,Novel,CT.Mean
2786,-3,2.65760968215156,,Novel,log10_GEperML
2786,-1,40,,Novel,CT.Mean
2786,-1,2.65760968215156,,Novel,log10_GEperML
2786,0,30,,Novel,CT.Mean
2786,0,5.42791204064687,,Novel,log10_GEperML
2786,18,40,,Novel,CT.Mean
2786,18,2.65760968215156,,Novel,log10_GEperML
2786,19,40,,Novel,CT.Mean
2786,19,2.65760968215156,,Novel,log10_GEperML
2786,20,40,,Novel,CT.Mean
2786,20,2.65760968215156,,Novel,log10_GEperML
2786,21,40,,Novel,CT.Mean
2786,21,2.65760968215156,,Novel,log10_GEperML
2786,22,40,,Novel,CT.Mean
2786,22,2.65760968215156,,Novel,log10_GEperML
2786,23,40,,Novel,CT.Mean
2786,23,2.65760968215156,,Novel,log10_GEperML
2786,24,40,,Novel,CT.Mean
2786,24,2.65760968215156,,Novel,log10_GEperML
2786,25,40,,Novel,CT.Mean
2786,25,2.65760968215156,,Novel,log10_GEperML
2786,26,40,,Novel,CT.Mean
2786,26,2.65760968215156,,Novel,log10_GEperML
2786,27,40,,Novel,CT.Mean
2786,27,2.65760968215156,,Novel,log10_GEperML
2786,28,40,,Novel,CT.Mean
2786,28,2.65760968215156,,Novel,log10_GEperML
2786,29,40,,Novel,CT.Mean
2786,29,2.65760968215156,,Novel,log10_GEperML
2786,30,40,,Novel,CT.Mean
2786,30,2.65760968215156,,Novel,log10_GEperML
2786,31,40,,Novel,CT.Mean
2786,31,2.65760968215156,,Novel,log10_GEperML
2786,32,40,,Novel,CT.Mean
2786,32,2.65760968215156,,Novel,log10_GEperML
2786,33,40,,Novel,CT.Mean
2786,33,2.65760968215156,,Novel,log10_GEperML
2786,34,40,,Novel,CT.Mean
2786,34,2.65760968215156,,Novel,log10_GEperML
2786,35,40,,Novel,CT.Mean
2786,35,2.65760968215156,,Novel,log10_GEperML
2786,36,40,,Novel,CT.Mean
2786,36,2.65760968215156,,Novel,log10_GEperML
2786,37,40,,Novel,CT.Mean
2786,37,2.65760968215156,,Novel,log10_GEperML
2786,38,40,,Novel,CT.Mean
2786,38,2.65760968215156,,Novel,log10_GEperML
2786,39,40,,Novel,CT.Mean
2786,39,2.65760968215156,,Novel,log10_GEperML
2786,40,40,,Novel,CT.Mean
2786,40,2.65760968215156,,Novel,log10_GEperML
2786,41,40,,Novel,CT.Mean
2786,41,2.65760968215156,,Novel,log10_GEperML
2786,42,40,,Novel,CT.Mean
2786,42,2.65760968215156,,Novel,log10_GEperML
2786,43,40,,Novel,CT.Mean
2786,43,2.65760968215156,,Novel,log10_GEperML
2786,44,40,,Novel,CT.Mean
2786,44,2.65760968215156,,Novel,log10_GEperML
2786,45,40,,Novel,CT.Mean
2786,45,2.65760968215156,,Novel,log10_GEperML
2786,46,40,,Novel,CT.Mean
2786,46,2.65760968215156,,Novel,log10_GEperML
2786,47,40,,Novel,CT.Mean
2786,47,2.65760968215156,,Novel,log10_GEperML
2786,48,40,,Novel,CT.Mean
2786,48,2.65760968215156,,Novel,log10_GEperML
2786,49,40,,Novel,CT.Mean
2786,49,2.65760968215156,,Novel,log10_GEperML
2786,50,40,,Novel,CT.Mean
2786,50,2.65760968215156,,Novel,log10_GEperML
2786,51,40,,Novel,CT.Mean
2786,51,2.65760968215156,,Novel,log10_GEperML
2786,52,40,,Novel,CT.Mean
2786,52,2.65760968215156,,Novel,log10_GEperML
2786,53,40,,Novel,CT.Mean
2786,53,2.65760968215156,,Novel,log10_GEperML
2786,54,40,,Novel,CT.Mean
2786,54,2.65760968215156,,Novel,log10_GEperML
2786,55,40,,Novel,CT.Mean
2786,55,2.65760968215156,,Novel,log10_GEperML
2786,56,40,,Novel,CT.Mean
2786,56,2.65760968215156,,Novel,log10_GEperML
2786,57,40,,Novel,CT.Mean
2786,57,2.65760968215156,,Novel,log10_GEperML
2786,58,40,,Novel,CT.Mean
2786,58,2.65760968215156,,Novel,log10_GEperML
2786,59,40,,Novel,CT.Mean
2786,59,2.65760968215156,,Novel,log10_GEperML
2786,60,40,,Novel,CT.Mean
2786,60,2.65760968215156,,Novel,log10_GEperML
2786,61,40,,Novel,CT.Mean
2786,61,2.65760968215156,,Novel,log10_GEperML
2786,62,40,,Novel,CT.Mean
2786,62,2.65760968215156,,Novel,log10_GEperML
2786,63,40,,Novel,CT.Mean
2786,63,2.65760968215156,,Novel,log10_GEperML
2786,64,40,,Novel,CT.Mean
2786,64,2.65760968215156,,Novel,log10_GEperML
2786,65,40,,Novel,CT.Mean
2786,65,2.65760968215156,,Novel,log10_GEperML
2976,-6,40,,Novel,CT.Mean
2976,-6,2.65760968215156,,Novel,log10_GEperML
2976,-5,40,,Novel,CT.Mean
2976,-5,2.65760968215156,,Novel,log10_GEperML
2976,-3,38.7,,Novel,CT.Mean
2976,-3,3.01774898875595,,Novel,log10_GEperML
2976,-2,40,,Novel,CT.Mean
2976,-2,40,,Novel,CT.Mean
2976,-2,2.65760968215156,,Novel,log10_GEperML
2976,-2,2.65760968215156,,Novel,log10_GEperML
2976,-1,40,,Novel,CT.Mean
2976,-1,2.65760968215156,,Novel,log10_GEperML
2976,0,38.47,,Novel,CT.Mean
2976,0,3.08146594300135,,Novel,log10_GEperML
2976,1,40,,Novel,CT.Mean
2976,1,2.65760968215156,,Novel,log10_GEperML
2976,2,40,,Novel,CT.Mean
2976,2,2.65760968215156,,Novel,log10_GEperML
2976,3,40,,Novel,CT.Mean
2976,3,2.65760968215156,,Novel,log10_GEperML
2976,4,40,,Novel,CT.Mean
2976,4,2.65760968215156,,Novel,log10_GEperML
2976,5,40,,Novel,CT.Mean
2976,5,2.65760968215156,,Novel,log10_GEperML
2976,6,40,,Novel,CT.Mean
2976,6,2.65760968215156,,Novel,log10_GEperML
2976,7,40,,Novel,CT.Mean
2976,7,2.65760968215156,,Novel,log10_GEperML
2976,8,40,,Novel,CT.Mean
2976,8,2.65760968215156,,Novel,log10_GEperML
2976,9,40,,Novel,CT.Mean
2976,9,2.65760968215156,,Novel,log10_GEperML
2976,10,40,,Novel,CT.Mean
2976,10,2.65760968215156,,Novel,log10_GEperML
2976,11,40,,Novel,CT.Mean
2976,11,2.65760968215156,,Novel,log10_GEperML
2976,12,40,,Novel,CT.Mean
2976,12,2.65760968215156,,Novel,log10_GEperML
2976,13,40,,Novel,CT.Mean
2976,13,2.65760968215156,,Novel,log10_GEperML
2976,14,40,,Novel,CT.Mean
2976,14,2.65760968215156,,Novel,log10_GEperML
2976,15,40,,Novel,CT.Mean
2976,15,2.65760968215156,,Novel,log10_GEperML
2976,16,40,,Novel,CT.Mean
2976,16,2.65760968215156,,Novel,log10_GEperML
2976,17,40,,Novel,CT.Mean
2976,17,2.65760968215156,,Novel,log10_GEperML
2976,18,40,,Novel,CT.Mean
2976,18,2.65760968215156,,Novel,log10_GEperML
2976,19,40,,Novel,CT.Mean
2976,19,2.65760968215156,,Novel,log10_GEperML
2976,20,40,,Novel,CT.Mean
2976,20,2.65760968215156,,Novel,log10_GEperML
2976,21,40,,Novel,CT.Mean
2976,21,2.65760968215156,,Novel,log10_GEperML
2976,22,40,,Novel,CT.Mean
2976,22,2.65760968215156,,Novel,log10_GEperML
2976,23,40,,Novel,CT.Mean
2976,23,2.65760968215156,,Novel,log10_GEperML
2976,24,40,,Novel,CT.Mean
2976,24,2.65760968215156,,Novel,log10_GEperML
2976,25,40,,Novel,CT.Mean
2976,25,2.65760968215156,,Novel,log10_GEperML
2976,26,40,,Novel,CT.Mean
2976,26,2.65760968215156,,Novel,log10_GEperML
2976,27,40,,Novel,CT.Mean
2976,27,2.65760968215156,,Novel,log10_GEperML
2976,28,40,,Novel,CT.Mean
2976,28,2.65760968215156,,Novel,log10_GEperML
2976,29,40,,Novel,CT.Mean
2976,29,2.65760968215156,,Novel,log10_GEperML
2976,30,40,,Novel,CT.Mean
2976,30,2.65760968215156,,Novel,log10_GEperML
2976,31,40,,Novel,CT.Mean
2976,31,2.65760968215156,,Novel,log10_GEperML
2976,32,40,,Novel,CT.Mean
2976,32,2.65760968215156,,Novel,log10_GEperML
2976,33,40,,Novel,CT.Mean
2976,33,2.65760968215156,,Novel,log10_GEperML
2976,34,40,,Novel,CT.Mean
2976,34,2.65760968215156,,Novel,log10_GEperML
2976,35,40,,Novel,CT.Mean
2976,35,2.65760968215156,,Novel,log10_GEperML
2976,36,40,,Novel,CT.Mean
2976,36,2.65760968215156,,Novel,log10_GEperML
2976,37,40,,Novel,CT.Mean
2976,37,2.65760968215156,,Novel,log10_GEperML
2976,38,40,,Novel,CT.Mean
2976,38,2.65760968215156,,Novel,log10_GEperML
2976,39,40,,Novel,CT.Mean
2976,39,2.65760968215156,,Novel,log10_GEperML
2976,40,40,,Novel,CT.Mean
2976,40,2.65760968215156,,Novel,log10_GEperML
2976,41,40,,Novel,CT.Mean
2976,41,2.65760968215156,,Novel,log10_GEperML
2976,42,40,,Novel,CT.Mean
2976,42,2.65760968215156,,Novel,log10_GEperML
2976,43,40,,Novel,CT.Mean
2976,43,2.65760968215156,,Novel,log10_GEperML
2976,44,40,,Novel,CT.Mean
2976,44,2.65760968215156,,Novel,log10_GEperML
2987,-5,40,,Novel,CT.Mean
2987,-5,2.65760968215156,,Novel,log10_GEperML
2987,-4,40,,Novel,CT.Mean
2987,-4,2.65760968215156,,Novel,log10_GEperML
2987,-3,40,,Novel,CT.Mean
2987,-3,2.65760968215156,,Novel,log10_GEperML
2987,-2,35.5,Yes,Novel,CT.Mean
2987,-2,3.90424574347445,Yes,Novel,log10_GEperML
2987,-1,37.9,,Novel,CT.Mean
2987,-1,3.23937317743558,,Novel,log10_GEperML
2987,0,28.04,,Novel,CT.Mean
2987,0,5.97089130291195,,Novel,log10_GEperML
2987,8,40,,Novel,CT.Mean
2987,8,2.65760968215156,,Novel,log10_GEperML
2987,11,40,,Novel,CT.Mean
2987,11,2.65760968215156,,Novel,log10_GEperML
2987,12,40,,Novel,CT.Mean
2987,12,2.65760968215156,,Novel,log10_GEperML
2987,13,40,,Novel,CT.Mean
2987,13,2.65760968215156,,Novel,log10_GEperML
2987,14,40,,Novel,CT.Mean
2987,14,2.65760968215156,,Novel,log10_GEperML
2987,15,40,,Novel,CT.Mean
2987,15,2.65760968215156,,Novel,log10_GEperML
2987,16,40,,Novel,CT.Mean
2987,16,2.65760968215156,,Novel,log10_GEperML
2987,17,40,,Novel,CT.Mean
2987,17,2.65760968215156,,Novel,log10_GEperML
2987,18,40,,Novel,CT.Mean
2987,18,2.65760968215156,,Novel,log10_GEperML
2987,19,40,,Novel,CT.Mean
2987,19,2.65760968215156,,Novel,log10_GEperML
2987,20,40,,Novel,CT.Mean
2987,20,2.65760968215156,,Novel,log10_GEperML
2987,21,40,,Novel,CT.Mean
2987,21,2.65760968215156,,Novel,log10_GEperML
2987,22,40,,Novel,CT.Mean
2987,22,2.65760968215156,,Novel,log10_GEperML
2987,23,40,,Novel,CT.Mean
2987,23,2.65760968215156,,Novel,log10_GEperML
2987,24,40,,Novel,CT.Mean
2987,24,2.65760968215156,,Novel,log10_GEperML
2987,25,40,,Novel,CT.Mean
2987,25,2.65760968215156,,Novel,log10_GEperML
2987,26,40,,Novel,CT.Mean
2987,26,2.65760968215156,,Novel,log10_GEperML
2987,27,40,,Novel,CT.Mean
2987,27,2.65760968215156,,Novel,log10_GEperML
2987,28,40,,Novel,CT.Mean
2987,28,2.65760968215156,,Novel,log10_GEperML
2987,29,40,,Novel,CT.Mean
2987,29,2.65760968215156,,Novel,log10_GEperML
3047,-38,40,,Novel,CT.Mean
3047,-38,2.65760968215156,,Novel,log10_GEperML
3047,-36,40,,Novel,CT.Mean
3047,-36,2.65760968215156,,Novel,log10_GEperML
3047,-30,35.5,,Novel,CT.Mean
3047,-30,3.90424574347445,,Novel,log10_GEperML
3047,-26,37.4,,Novel,CT.Mean
3047,-26,3.37788829536034,,Novel,log10_GEperML
3047,-25,36.09,,Novel,CT.Mean
3047,-25,3.74079790432323,,Novel,log10_GEperML
3047,-21,39.6,,Novel,CT.Mean
3047,-21,2.76842177649138,,Novel,log10_GEperML
3047,-19,40,,Novel,CT.Mean
3047,-19,2.65760968215156,,Novel,log10_GEperML
3047,-14,40,,Novel,CT.Mean
3047,-14,2.65760968215156,,Novel,log10_GEperML
3047,-13,40,,Novel,CT.Mean
3047,-13,2.65760968215156,,Novel,log10_GEperML
3047,-12,40,,Novel,CT.Mean
3047,-12,2.65760968215156,,Novel,log10_GEperML
3047,-11,40,,Novel,CT.Mean
3047,-11,40,,Novel,CT.Mean
3047,-11,2.65760968215156,,Novel,log10_GEperML
3047,-11,2.65760968215156,,Novel,log10_GEperML
3047,-10,36.9275558824308,No,Novel,CT.Mean
3047,-10,3.50876960067626,No,Novel,log10_GEperML
3047,-9,35.94,,Novel,CT.Mean
3047,-9,3.78235243970066,,Novel,log10_GEperML
3047,-8,40,,Novel,CT.Mean
3047,-8,2.65760968215156,,Novel,log10_GEperML
3047,-7,40,,Novel,CT.Mean
3047,-7,2.65760968215156,,Novel,log10_GEperML
3047,-6,40,,Novel,CT.Mean
3047,-6,2.65760968215156,,Novel,log10_GEperML
3047,-5,40,,Novel,CT.Mean
3047,-5,2.65760968215156,,Novel,log10_GEperML
3047,-4,40,,Novel,CT.Mean
3047,-4,2.65760968215156,,Novel,log10_GEperML
3047,-3,40,,Novel,CT.Mean
3047,-3,2.65760968215156,,Novel,log10_GEperML
3047,-2,40,,Novel,CT.Mean
3047,-2,2.65760968215156,,Novel,log10_GEperML
3047,-1,40,,Novel,CT.Mean
3047,-1,2.65760968215156,,Novel,log10_GEperML
3047,0,30.87,,Novel,CT.Mean
3047,0,5.18689573545778,,Novel,log10_GEperML
3047,1,40,,Novel,CT.Mean
3047,1,2.65760968215156,,Novel,log10_GEperML
3047,2,40,,Novel,CT.Mean
3047,2,2.65760968215156,,Novel,log10_GEperML
3047,3,40,,Novel,CT.Mean
3047,3,2.65760968215156,,Novel,log10_GEperML
3047,4,40,,Novel,CT.Mean
3047,4,2.65760968215156,,Novel,log10_GEperML
3047,5,40,,Novel,CT.Mean
3047,5,2.65760968215156,,Novel,log10_GEperML
3047,6,40,,Novel,CT.Mean
3047,6,2.65760968215156,,Novel,log10_GEperML
3047,7,40,,Novel,CT.Mean
3047,7,2.65760968215156,,Novel,log10_GEperML
3047,8,40,,Novel,CT.Mean
3047,8,2.65760968215156,,Novel,log10_GEperML
3047,9,40,,Novel,CT.Mean
3047,9,2.65760968215156,,Novel,log10_GEperML
3047,10,40,,Novel,CT.Mean
3047,10,2.65760968215156,,Novel,log10_GEperML
3047,11,40,,Novel,CT.Mean
3047,11,2.65760968215156,,Novel,log10_GEperML
3047,12,40,,Novel,CT.Mean
3047,12,2.65760968215156,,Novel,log10_GEperML
3047,13,40,,Novel,CT.Mean
3047,13,2.65760968215156,,Novel,log10_GEperML
3047,14,40,,Novel,CT.Mean
3047,14,2.65760968215156,,Novel,log10_GEperML
3047,15,40,,Novel,CT.Mean
3047,15,2.65760968215156,,Novel,log10_GEperML
3047,16,40,,Novel,CT.Mean
3047,16,2.65760968215156,,Novel,log10_GEperML
3047,17,40,,Novel,CT.Mean
3047,17,2.65760968215156,,Novel,log10_GEperML
3047,18,40,,Novel,CT.Mean
3047,18,2.65760968215156,,Novel,log10_GEperML
3047,19,40,,Novel,CT.Mean
3047,19,2.65760968215156,,Novel,log10_GEperML
3047,20,40,,Novel,CT.Mean
3047,20,2.65760968215156,,Novel,log10_GEperML
3047,21,40,,Novel,CT.Mean
3047,21,2.65760968215156,,Novel,log10_GEperML
3047,22,40,,Novel,CT.Mean
3047,22,2.65760968215156,,Novel,log10_GEperML
3047,23,40,,Novel,CT.Mean
3047,23,2.65760968215156,,Novel,log10_GEperML
3047,24,40,,Novel,CT.Mean
3047,24,2.65760968215156,,Novel,log10_GEperML
3047,25,40,,Novel,CT.Mean
3047,25,2.65760968215156,,Novel,log10_GEperML
3047,26,40,,Novel,CT.Mean
3047,26,2.65760968215156,,Novel,log10_GEperML
3047,27,40,,Novel,CT.Mean
3047,27,2.65760968215156,,Novel,log10_GEperML
3047,28,40,,Novel,CT.Mean
3047,28,2.65760968215156,,Novel,log10_GEperML
3047,29,40,,Novel,CT.Mean
3047,29,2.65760968215156,,Novel,log10_GEperML
3047,30,40,,Novel,CT.Mean
3047,30,2.65760968215156,,Novel,log10_GEperML
3047,31,40,,Novel,CT.Mean
3047,31,2.65760968215156,,Novel,log10_GEperML
3047,32,40,,Novel,CT.Mean
3047,32,2.65760968215156,,Novel,log10_GEperML
3047,33,40,,Novel,CT.Mean
3047,33,2.65760968215156,,Novel,log10_GEperML
3047,34,40,,Novel,CT.Mean
3047,34,2.65760968215156,,Novel,log10_GEperML
3047,35,40,,Novel,CT.Mean
3047,35,2.65760968215156,,Novel,log10_GEperML
3047,36,40,,Novel,CT.Mean
3047,36,2.65760968215156,,Novel,log10_GEperML
3100,-1,34.3310401149575,,Novel,CT.Mean
3100,-1,4.22808297612641,,Novel,log10_GEperML
3100,0,33.6,,Novel,CT.Mean
3100,0,4.43060319158856,,Novel,log10_GEperML
3100,1,37,,Novel,CT.Mean
3100,1,3.48870038970016,,Novel,log10_GEperML
3100,3,40,,Novel,CT.Mean
3100,3,2.65760968215156,,Novel,log10_GEperML
3100,4,38.5202640078397,,Novel,CT.Mean
3100,4,3.06754129305477,,Novel,log10_GEperML
3100,5,37.38,,Novel,CT.Mean
3100,5,3.38342890007733,,Novel,log10_GEperML
3100,6,40,,Novel,CT.Mean
3100,6,2.65760968215156,,Novel,log10_GEperML
3100,7,40,,Novel,CT.Mean
3100,7,2.65760968215156,,Novel,log10_GEperML
3100,8,39.9523629105183,,Novel,CT.Mean
3100,8,2.67080659628586,,Novel,log10_GEperML
3100,9,40,,Novel,CT.Mean
3100,9,2.65760968215156,,Novel,log10_GEperML
3100,11,39.8319059934706,,Novel,CT.Mean
3100,11,2.7041768044253,,Novel,log10_GEperML
3100,12,40,,Novel,CT.Mean
3100,12,2.65760968215156,,Novel,log10_GEperML
3100,15,40,,Novel,CT.Mean
3100,15,2.65760968215156,,Novel,log10_GEperML
3100,16,40,,Novel,CT.Mean
3100,16,2.65760968215156,,Novel,log10_GEperML
3100,17,40,,Novel,CT.Mean
3100,17,2.65760968215156,,Novel,log10_GEperML
3100,18,40,,Novel,CT.Mean
3100,18,2.65760968215156,,Novel,log10_GEperML
3100,19,40,,Novel,CT.Mean
3100,19,2.65760968215156,,Novel,log10_GEperML
3100,20,40,,Novel,CT.Mean
3100,20,2.65760968215156,,Novel,log10_GEperML
3100,21,40,,Novel,CT.Mean
3100,21,2.65760968215156,,Novel,log10_GEperML
3100,22,40,,Novel,CT.Mean
3100,22,2.65760968215156,,Novel,log10_GEperML
3100,23,40,,Novel,CT.Mean
3100,23,2.65760968215156,,Novel,log10_GEperML
3100,24,40,,Novel,CT.Mean
3100,24,2.65760968215156,,Novel,log10_GEperML
3100,25,40,,Novel,CT.Mean
3100,25,2.65760968215156,,Novel,log10_GEperML
3100,26,40,,Novel,CT.Mean
3100,26,2.65760968215156,,Novel,log10_GEperML
3100,27,40,,Novel,CT.Mean
3100,27,2.65760968215156,,Novel,log10_GEperML
3100,28,40,,Novel,CT.Mean
3100,28,2.65760968215156,,Novel,log10_GEperML
3100,29,40,,Novel,CT.Mean
3100,29,2.65760968215156,,Novel,log10_GEperML
3100,30,40,,Novel,CT.Mean
3100,30,2.65760968215156,,Novel,log10_GEperML
3100,31,40,,Novel,CT.Mean
3100,31,2.65760968215156,,Novel,log10_GEperML
3100,32,40,,Novel,CT.Mean
3100,32,2.65760968215156,,Novel,log10_GEperML
3100,33,40,,Novel,CT.Mean
3100,33,2.65760968215156,,Novel,log10_GEperML
3100,34,40,,Novel,CT.Mean
3100,34,2.65760968215156,,Novel,log10_GEperML
3100,35,40,,Novel,CT.Mean
3100,35,2.65760968215156,,Novel,log10_GEperML
3100,36,40,,Novel,CT.Mean
3100,36,2.65760968215156,,Novel,log10_GEperML
3100,37,40,,Novel,CT.Mean
3100,37,2.65760968215156,,Novel,log10_GEperML
3100,38,40,,Novel,CT.Mean
3100,38,2.65760968215156,,Novel,log10_GEperML
3100,39,40,,Novel,CT.Mean
3100,39,2.65760968215156,,Novel,log10_GEperML
3100,40,40,,Novel,CT.Mean
3100,40,2.65760968215156,,Novel,log10_GEperML
3100,41,40,,Novel,CT.Mean
3100,41,2.65760968215156,,Novel,log10_GEperML
3100,42,40,,Novel,CT.Mean
3100,42,2.65760968215156,,Novel,log10_GEperML
3100,43,40,,Novel,CT.Mean
3100,43,2.65760968215156,,Novel,log10_GEperML
3102,0,24.9,,Novel,CT.Mean
3102,0,6.84076624347948,,Novel,log10_GEperML
3102,2,31.2,,Novel,CT.Mean
3102,2,5.09547575762743,,Novel,log10_GEperML
3102,3,37.2,,Novel,CT.Mean
3102,3,3.43329434253025,,Novel,log10_GEperML
3102,4,40,,Novel,CT.Mean
3102,4,2.65760968215156,,Novel,log10_GEperML
3102,10,40,,Novel,CT.Mean
3102,10,2.65760968215156,,Novel,log10_GEperML
3102,11,40,,Novel,CT.Mean
3102,11,2.65760968215156,,Novel,log10_GEperML
3102,14,40,,Novel,CT.Mean
3102,14,2.65760968215156,,Novel,log10_GEperML
3102,17,40,,Novel,CT.Mean
3102,17,2.65760968215156,,Novel,log10_GEperML
3102,19,40,,Novel,CT.Mean
3102,19,2.65760968215156,,Novel,log10_GEperML
3102,20,40,,Novel,CT.Mean
3102,20,2.65760968215156,,Novel,log10_GEperML
3102,21,40,,Novel,CT.Mean
3102,21,2.65760968215156,,Novel,log10_GEperML
3102,22,40,,Novel,CT.Mean
3102,22,2.65760968215156,,Novel,log10_GEperML
3102,23,40,,Novel,CT.Mean
3102,23,2.65760968215156,,Novel,log10_GEperML
3102,24,40,,Novel,CT.Mean
3102,24,2.65760968215156,,Novel,log10_GEperML
3102,25,40,,Novel,CT.Mean
3102,25,2.65760968215156,,Novel,log10_GEperML
3102,26,40,,Novel,CT.Mean
3102,26,2.65760968215156,,Novel,log10_GEperML
3102,27,40,,Novel,CT.Mean
3102,27,2.65760968215156,,Novel,log10_GEperML
3102,28,40,,Novel,CT.Mean
3102,28,2.65760968215156,,Novel,log10_GEperML
3102,29,40,,Novel,CT.Mean
3102,29,2.65760968215156,,Novel,log10_GEperML
3102,30,40,,Novel,CT.Mean
3102,30,2.65760968215156,,Novel,log10_GEperML
3102,31,40,,Novel,CT.Mean
3102,31,2.65760968215156,,Novel,log10_GEperML
3102,32,40,,Novel,CT.Mean
3102,32,2.65760968215156,,Novel,log10_GEperML
3102,33,40,,Novel,CT.Mean
3102,33,2.65760968215156,,Novel,log10_GEperML
3102,34,40,,Novel,CT.Mean
3102,34,2.65760968215156,,Novel,log10_GEperML
3102,35,40,,Novel,CT.Mean
3102,35,2.65760968215156,,Novel,log10_GEperML
3102,36,40,,Novel,CT.Mean
3102,36,2.65760968215156,,Novel,log10_GEperML
3102,37,40,,Novel,CT.Mean
3102,37,2.65760968215156,,Novel,log10_GEperML
3102,38,40,,Novel,CT.Mean
3102,38,2.65760968215156,,Novel,log10_GEperML
3102,39,40,,Novel,CT.Mean
3102,39,2.65760968215156,,Novel,log10_GEperML
3102,40,40,,Novel,CT.Mean
3102,40,2.65760968215156,,Novel,log10_GEperML
3102,41,40,,Novel,CT.Mean
3102,41,2.65760968215156,,Novel,log10_GEperML
3102,42,40,,Novel,CT.Mean
3102,42,2.65760968215156,,Novel,log10_GEperML
3102,43,40,,Novel,CT.Mean
3102,43,2.65760968215156,,Novel,log10_GEperML
3102,44,40,,Novel,CT.Mean
3102,44,2.65760968215156,,Novel,log10_GEperML
3102,45,40,,Novel,CT.Mean
3102,45,2.65760968215156,,Novel,log10_GEperML
3102,46,40,,Novel,CT.Mean
3102,46,2.65760968215156,,Novel,log10_GEperML
3102,47,40,,Novel,CT.Mean
3102,47,2.65760968215156,,Novel,log10_GEperML
3102,48,40,,Novel,CT.Mean
3102,48,2.65760968215156,,Novel,log10_GEperML
3102,49,40,,Novel,CT.Mean
3102,49,2.65760968215156,,Novel,log10_GEperML
3102,50,40,,Novel,CT.Mean
3102,50,2.65760968215156,,Novel,log10_GEperML
3102,51,40,,Novel,CT.Mean
3102,51,2.65760968215156,,Novel,log10_GEperML
3102,52,40,,Novel,CT.Mean
3102,52,2.65760968215156,,Novel,log10_GEperML
3102,53,40,,Novel,CT.Mean
3102,53,2.65760968215156,,Novel,log10_GEperML
3102,54,40,,Novel,CT.Mean
3102,54,2.65760968215156,,Novel,log10_GEperML
3102,55,40,,Novel,CT.Mean
3102,55,2.65760968215156,,Novel,log10_GEperML
3102,56,40,,Novel,CT.Mean
3102,56,2.65760968215156,,Novel,log10_GEperML
3102,57,40,,Novel,CT.Mean
3102,57,2.65760968215156,,Novel,log10_GEperML
3102,58,40,,Novel,CT.Mean
3102,58,2.65760968215156,,Novel,log10_GEperML
3110,-5,35.6,No,Novel,CT.Mean
3110,-5,3.8765427198895,No,Novel,log10_GEperML
3110,-4,34.4,,Novel,CT.Mean
3110,-4,4.20897900290894,,Novel,log10_GEperML
3110,0,24.83,,Novel,CT.Mean
3110,0,6.86015835998894,,Novel,log10_GEperML
3110,27,40,,Novel,CT.Mean
3110,27,2.65760968215156,,Novel,log10_GEperML
3110,28,40,,Novel,CT.Mean
3110,28,2.65760968215156,,Novel,log10_GEperML
3110,29,40,,Novel,CT.Mean
3110,29,2.65760968215156,,Novel,log10_GEperML
3110,30,40,,Novel,CT.Mean
3110,30,2.65760968215156,,Novel,log10_GEperML
3110,31,40,,Novel,CT.Mean
3110,31,2.65760968215156,,Novel,log10_GEperML
3110,32,40,,Novel,CT.Mean
3110,32,2.65760968215156,,Novel,log10_GEperML
3110,33,40,,Novel,CT.Mean
3110,33,2.65760968215156,,Novel,log10_GEperML
3110,34,40,,Novel,CT.Mean
3110,34,2.65760968215156,,Novel,log10_GEperML
3110,35,40,,Novel,CT.Mean
3110,35,2.65760968215156,,Novel,log10_GEperML
3110,36,40,,Novel,CT.Mean
3110,36,2.65760968215156,,Novel,log10_GEperML
3110,37,40,,Novel,CT.Mean
3110,37,2.65760968215156,,Novel,log10_GEperML
3110,38,40,,Novel,CT.Mean
3110,38,2.65760968215156,,Novel,log10_GEperML
3110,39,40,,Novel,CT.Mean
3110,39,2.65760968215156,,Novel,log10_GEperML
3110,40,40,,Novel,CT.Mean
3110,40,2.65760968215156,,Novel,log10_GEperML
3110,41,40,,Novel,CT.Mean
3110,41,2.65760968215156,,Novel,log10_GEperML
3110,42,40,,Novel,CT.Mean
3110,42,2.65760968215156,,Novel,log10_GEperML
3110,43,40,,Novel,CT.Mean
3110,43,2.65760968215156,,Novel,log10_GEperML
3110,44,40,,Novel,CT.Mean
3110,44,2.65760968215156,,Novel,log10_GEperML
3110,45,40,,Novel,CT.Mean
3110,45,2.65760968215156,,Novel,log10_GEperML
3110,46,40,,Novel,CT.Mean
3110,46,2.65760968215156,,Novel,log10_GEperML
3110,47,40,,Novel,CT.Mean
3110,47,2.65760968215156,,Novel,log10_GEperML
3110,48,40,,Novel,CT.Mean
3110,48,2.65760968215156,,Novel,log10_GEperML
3110,49,40,,Novel,CT.Mean
3110,49,2.65760968215156,,Novel,log10_GEperML
3110,50,40,,Novel,CT.Mean
3110,50,2.65760968215156,,Novel,log10_GEperML
3110,51,40,,Novel,CT.Mean
3110,51,2.65760968215156,,Novel,log10_GEperML
3110,52,40,,Novel,CT.Mean
3110,52,2.65760968215156,,Novel,log10_GEperML
3110,53,40,,Novel,CT.Mean
3110,53,2.65760968215156,,Novel,log10_GEperML
3110,54,40,,Novel,CT.Mean
3110,54,2.65760968215156,,Novel,log10_GEperML
3110,55,40,,Novel,CT.Mean
3110,55,2.65760968215156,,Novel,log10_GEperML
3110,56,40,,Novel,CT.Mean
3110,56,2.65760968215156,,Novel,log10_GEperML
3110,57,40,,Novel,CT.Mean
3110,57,2.65760968215156,,Novel,log10_GEperML
3179,-5,38.5202640078397,No,Novel,CT.Mean
3179,-5,3.06754129305477,No,Novel,log10_GEperML
3179,-4,40,,Novel,CT.Mean
3179,-4,2.65760968215156,,Novel,log10_GEperML
3179,-3,36.1,,Novel,CT.Mean
3179,-3,3.73802760196473,,Novel,log10_GEperML
3179,0,33.63,,Novel,CT.Mean
3179,0,4.42229228451307,,Novel,log10_GEperML
3179,2,40,,Novel,CT.Mean
3179,2,2.65760968215156,,Novel,log10_GEperML
3179,3,38.83,,Novel,CT.Mean
3179,3,2.98173505809552,,Novel,log10_GEperML
3179,6,40,,Novel,CT.Mean
3179,6,2.65760968215156,,Novel,log10_GEperML
3179,7,35.87,,Novel,CT.Mean
3179,7,3.80174455621013,,Novel,log10_GEperML
3179,10,40,,Novel,CT.Mean
3179,10,2.65760968215156,,Novel,log10_GEperML
3179,11,40,,Novel,CT.Mean
3179,11,2.65760968215156,,Novel,log10_GEperML
3179,12,40,,Novel,CT.Mean
3179,12,2.65760968215156,,Novel,log10_GEperML
3179,13,40,,Novel,CT.Mean
3179,13,2.65760968215156,,Novel,log10_GEperML
3179,14,39.6712967707403,,Novel,CT.Mean
3179,14,2.74867041527788,,Novel,log10_GEperML
3179,15,40,,Novel,CT.Mean
3179,15,2.65760968215156,,Novel,log10_GEperML
3179,16,40,,Novel,CT.Mean
3179,16,2.65760968215156,,Novel,log10_GEperML
3179,17,40,,Novel,CT.Mean
3179,17,2.65760968215156,,Novel,log10_GEperML
3179,18,40,,Novel,CT.Mean
3179,18,2.65760968215156,,Novel,log10_GEperML
3179,19,40,,Novel,CT.Mean
3179,19,2.65760968215156,,Novel,log10_GEperML
3179,20,40,,Novel,CT.Mean
3179,20,2.65760968215156,,Novel,log10_GEperML
3179,21,40,,Novel,CT.Mean
3179,21,2.65760968215156,,Novel,log10_GEperML
3179,22,40,,Novel,CT.Mean
3179,22,2.65760968215156,,Novel,log10_GEperML
3179,23,40,,Novel,CT.Mean
3179,23,2.65760968215156,,Novel,log10_GEperML
3179,24,40,,Novel,CT.Mean
3179,24,2.65760968215156,,Novel,log10_GEperML
3179,25,40,,Novel,CT.Mean
3179,25,2.65760968215156,,Novel,log10_GEperML
3179,26,40,,Novel,CT.Mean
3179,26,2.65760968215156,,Novel,log10_GEperML
3179,27,40,,Novel,CT.Mean
3179,27,2.65760968215156,,Novel,log10_GEperML
3179,28,40,,Novel,CT.Mean
3179,28,2.65760968215156,,Novel,log10_GEperML
3179,29,40,,Novel,CT.Mean
3179,29,2.65760968215156,,Novel,log10_GEperML
3179,30,40,,Novel,CT.Mean
3179,30,2.65760968215156,,Novel,log10_GEperML
3179,31,40,,Novel,CT.Mean
3179,31,2.65760968215156,,Novel,log10_GEperML
3179,32,40,,Novel,CT.Mean
3179,32,2.65760968215156,,Novel,log10_GEperML
3179,33,40,,Novel,CT.Mean
3179,33,2.65760968215156,,Novel,log10_GEperML
3179,34,40,,Novel,CT.Mean
3179,34,2.65760968215156,,Novel,log10_GEperML
3179,35,40,,Novel,CT.Mean
3179,35,2.65760968215156,,Novel,log10_GEperML
3179,36,40,,Novel,CT.Mean
3179,36,2.65760968215156,,Novel,log10_GEperML
3179,37,40,,Novel,CT.Mean
3179,37,2.65760968215156,,Novel,log10_GEperML
3179,38,40,,Novel,CT.Mean
3179,38,2.65760968215156,,Novel,log10_GEperML
3179,39,40,,Novel,CT.Mean
3179,39,2.65760968215156,,Novel,log10_GEperML
3357,-3,37.04,Yes,Novel,CT.Mean
3357,-3,3.47761918026617,Yes,Novel,log10_GEperML
3357,-1,39.92,,Novel,CT.Mean
3357,-1,2.67977210101953,,Novel,log10_GEperML
3357,0,37.06,,Novel,CT.Mean
3357,0,35.28,,Novel,CT.Mean
3357,0,3.47207857554918,,Novel,log10_GEperML
3357,0,3.96519239536135,,Novel,log10_GEperML
3357,1,39.68,,Novel,CT.Mean
3357,1,2.74625935762341,,Novel,log10_GEperML
3357,2,40,,Novel,CT.Mean
3357,2,2.65760968215156,,Novel,log10_GEperML
3357,3,40,,Novel,CT.Mean
3357,3,2.65760968215156,,Novel,log10_GEperML
3357,5,40,,Novel,CT.Mean
3357,5,2.65760968215156,,Novel,log10_GEperML
3357,6,40,,Novel,CT.Mean
3357,6,2.65760968215156,,Novel,log10_GEperML
3357,8,40,,Novel,CT.Mean
3357,8,2.65760968215156,,Novel,log10_GEperML
3357,9,40,,Novel,CT.Mean
3357,9,2.65760968215156,,Novel,log10_GEperML
3357,11,40,,Novel,CT.Mean
3357,11,2.65760968215156,,Novel,log10_GEperML
3357,12,40,,Novel,CT.Mean
3357,12,2.65760968215156,,Novel,log10_GEperML
3357,13,40,,Novel,CT.Mean
3357,13,2.65760968215156,,Novel,log10_GEperML
3357,14,40,,Novel,CT.Mean
3357,14,2.65760968215156,,Novel,log10_GEperML
3357,15,40,,Novel,CT.Mean
3357,15,2.65760968215156,,Novel,log10_GEperML
3357,16,40,,Novel,CT.Mean
3357,16,2.65760968215156,,Novel,log10_GEperML
3357,17,40,,Novel,CT.Mean
3357,17,2.65760968215156,,Novel,log10_GEperML
3357,18,40,,Novel,CT.Mean
3357,18,2.65760968215156,,Novel,log10_GEperML
3357,19,40,,Novel,CT.Mean
3357,19,2.65760968215156,,Novel,log10_GEperML
3357,20,40,,Novel,CT.Mean
3357,20,2.65760968215156,,Novel,log10_GEperML
3357,21,40,,Novel,CT.Mean
3357,21,2.65760968215156,,Novel,log10_GEperML
3357,22,40,,Novel,CT.Mean
3357,22,2.65760968215156,,Novel,log10_GEperML
3357,23,40,,Novel,CT.Mean
3357,23,2.65760968215156,,Novel,log10_GEperML
3357,24,40,,Novel,CT.Mean
3357,24,2.65760968215156,,Novel,log10_GEperML
3357,25,40,,Novel,CT.Mean
3357,25,2.65760968215156,,Novel,log10_GEperML
3357,26,40,,Novel,CT.Mean
3357,26,2.65760968215156,,Novel,log10_GEperML
3357,27,40,,Novel,CT.Mean
3357,27,2.65760968215156,,Novel,log10_GEperML
3357,28,40,,Novel,CT.Mean
3357,28,2.65760968215156,,Novel,log10_GEperML
3357,29,40,,Novel,CT.Mean
3357,29,2.65760968215156,,Novel,log10_GEperML
3357,30,40,,Novel,CT.Mean
3357,30,2.65760968215156,,Novel,log10_GEperML
3357,31,40,,Novel,CT.Mean
3357,31,2.65760968215156,,Novel,log10_GEperML
3357,32,40,,Novel,CT.Mean
3357,32,2.65760968215156,,Novel,log10_GEperML
3357,33,40,,Novel,CT.Mean
3357,33,2.65760968215156,,Novel,log10_GEperML
3357,34,40,,Novel,CT.Mean
3357,34,2.65760968215156,,Novel,log10_GEperML
3357,35,40,,Novel,CT.Mean
3357,35,2.65760968215156,,Novel,log10_GEperML
3357,36,40,,Novel,CT.Mean
3357,36,2.65760968215156,,Novel,log10_GEperML
3357,37,40,,Novel,CT.Mean
3357,37,2.65760968215156,,Novel,log10_GEperML
3357,38,40,,Novel,CT.Mean
3357,38,2.65760968215156,,Novel,log10_GEperML
3357,39,40,,Novel,CT.Mean
3357,39,2.65760968215156,,Novel,log10_GEperML
3357,40,40,,Novel,CT.Mean
3357,40,2.65760968215156,,Novel,log10_GEperML
3357,41,40,,Novel,CT.Mean
3357,41,2.65760968215156,,Novel,log10_GEperML
3357,42,40,,Novel,CT.Mean
3357,42,2.65760968215156,,Novel,log10_GEperML
3357,43,40,,Novel,CT.Mean
3357,43,2.65760968215156,,Novel,log10_GEperML
3357,44,40,,Novel,CT.Mean
3357,44,2.65760968215156,,Novel,log10_GEperML
3357,45,40,,Novel,CT.Mean
3357,45,2.65760968215156,,Novel,log10_GEperML
3357,46,40,,Novel,CT.Mean
3357,46,2.65760968215156,,Novel,log10_GEperML
3357,47,40,,Novel,CT.Mean
3357,47,2.65760968215156,,Novel,log10_GEperML
3407,-5,40,,Novel,CT.Mean
3407,-5,2.65760968215156,,Novel,log10_GEperML
3407,0,24.45,Yes,Novel,CT.Mean
3407,0,6.96542984961177,Yes,Novel,log10_GEperML
3407,1,25.7518308007801,,Novel,CT.Mean
3407,1,6.60478335583547,,Novel,log10_GEperML
3407,9,38.02,,Novel,CT.Mean
3407,9,3.20612954913363,,Novel,log10_GEperML
3407,12,39.58,,Novel,CT.Mean
3407,12,2.77396238120837,,Novel,log10_GEperML
3407,15,39.5776080574809,,Novel,CT.Mean
3407,15,2.77462502160857,,Novel,log10_GEperML
3407,18,40,,Novel,CT.Mean
3407,18,2.65760968215156,,Novel,log10_GEperML
3407,19,40,,Novel,CT.Mean
3407,19,2.65760968215156,,Novel,log10_GEperML
3433,-4,40,,Persistent,CT.Mean
3433,-4,2.65760968215156,,Persistent,log10_GEperML
3433,-3,40,,Persistent,CT.Mean
3433,-3,2.65760968215156,,Persistent,log10_GEperML
3433,-2,40,,Persistent,CT.Mean
3433,-2,2.65760968215156,,Persistent,log10_GEperML
3433,-1,40,Yes,Persistent,CT.Mean
3433,-1,2.65760968215156,Yes,Persistent,log10_GEperML
3433,0,36.7535625578063,,Persistent,CT.Mean
3433,0,3.55697101243323,,Persistent,log10_GEperML
3433,1,40,,Persistent,CT.Mean
3433,1,2.65760968215156,,Persistent,log10_GEperML
3433,2,40,,Persistent,CT.Mean
3433,2,2.65760968215156,,Persistent,log10_GEperML
3433,3,40,,Persistent,CT.Mean
3433,3,2.65760968215156,,Persistent,log10_GEperML
3433,4,40,,Persistent,CT.Mean
3433,4,2.65760968215156,,Persistent,log10_GEperML
3433,5,40,,Persistent,CT.Mean
3433,5,2.65760968215156,,Persistent,log10_GEperML
3433,6,40,,Persistent,CT.Mean
3433,6,2.65760968215156,,Persistent,log10_GEperML
3433,7,40,,Persistent,CT.Mean
3433,7,2.65760968215156,,Persistent,log10_GEperML
3433,8,40,,Persistent,CT.Mean
3433,8,2.65760968215156,,Persistent,log10_GEperML
3433,9,40,,Persistent,CT.Mean
3433,9,2.65760968215156,,Persistent,log10_GEperML
3433,10,40,,Persistent,CT.Mean
3433,10,2.65760968215156,,Persistent,log10_GEperML
3433,11,40,,Persistent,CT.Mean
3433,11,2.65760968215156,,Persistent,log10_GEperML
3433,12,40,,Persistent,CT.Mean
3433,12,2.65760968215156,,Persistent,log10_GEperML
3433,13,40,,Persistent,CT.Mean
3433,13,2.65760968215156,,Persistent,log10_GEperML
3433,14,40,,Persistent,CT.Mean
3433,14,2.65760968215156,,Persistent,log10_GEperML
3433,15,40,,Persistent,CT.Mean
3433,15,2.65760968215156,,Persistent,log10_GEperML
3433,16,40,,Persistent,CT.Mean
3433,16,2.65760968215156,,Persistent,log10_GEperML
3433,17,40,,Persistent,CT.Mean
3433,17,2.65760968215156,,Persistent,log10_GEperML
3433,18,40,,Persistent,CT.Mean
3433,18,2.65760968215156,,Persistent,log10_GEperML
3433,19,40,,Persistent,CT.Mean
3433,19,2.65760968215156,,Persistent,log10_GEperML
3433,20,40,,Persistent,CT.Mean
3433,20,2.65760968215156,,Persistent,log10_GEperML
3433,21,40,,Persistent,CT.Mean
3433,21,2.65760968215156,,Persistent,log10_GEperML
3433,22,40,,Persistent,CT.Mean
3433,22,2.65760968215156,,Persistent,log10_GEperML
3433,23,40,,Persistent,CT.Mean
3433,23,2.65760968215156,,Persistent,log10_GEperML
3433,24,40,,Persistent,CT.Mean
3433,24,2.65760968215156,,Persistent,log10_GEperML
3433,25,40,,Persistent,CT.Mean
3433,25,2.65760968215156,,Persistent,log10_GEperML
3433,26,40,,Persistent,CT.Mean
3433,26,2.65760968215156,,Persistent,log10_GEperML
3433,27,40,,Persistent,CT.Mean
3433,27,2.65760968215156,,Persistent,log10_GEperML
3433,28,40,,Persistent,CT.Mean
3433,28,2.65760968215156,,Persistent,log10_GEperML
3433,29,40,,Persistent,CT.Mean
3433,29,2.65760968215156,,Persistent,log10_GEperML
3433,30,40,,Persistent,CT.Mean
3433,30,2.65760968215156,,Persistent,log10_GEperML
3433,31,40,,Persistent,CT.Mean
3433,31,2.65760968215156,,Persistent,log10_GEperML
3433,32,40,,Persistent,CT.Mean
3433,32,2.65760968215156,,Persistent,log10_GEperML
3433,33,40,,Persistent,CT.Mean
3433,33,2.65760968215156,,Persistent,log10_GEperML
3433,34,40,,Persistent,CT.Mean
3433,34,2.65760968215156,,Persistent,log10_GEperML
3433,35,40,,Persistent,CT.Mean
3433,35,2.65760968215156,,Persistent,log10_GEperML
3433,36,40,,Persistent,CT.Mean
3433,36,2.65760968215156,,Persistent,log10_GEperML
3433,37,40,,Persistent,CT.Mean
3433,37,2.65760968215156,,Persistent,log10_GEperML
3433,38,40,,Persistent,CT.Mean
3433,38,2.65760968215156,,Persistent,log10_GEperML
3433,39,40,,Persistent,CT.Mean
3433,39,2.65760968215156,,Persistent,log10_GEperML
3433,40,40,,Persistent,CT.Mean
3433,40,2.65760968215156,,Persistent,log10_GEperML
3433,41,40,,Persistent,CT.Mean
3433,41,2.65760968215156,,Persistent,log10_GEperML
3433,42,40,,Persistent,CT.Mean
3433,42,2.65760968215156,,Persistent,log10_GEperML
3433,43,40,,Persistent,CT.Mean
3433,43,2.65760968215156,,Persistent,log10_GEperML
3433,44,40,,Persistent,CT.Mean
3433,44,2.65760968215156,,Persistent,log10_GEperML
3433,45,40,,Persistent,CT.Mean
3433,45,2.65760968215156,,Persistent,log10_GEperML
3466,-6,40,,Novel,CT.Mean
3466,-6,2.65760968215156,,Novel,log10_GEperML
3466,-5,40,,Novel,CT.Mean
3466,-5,2.65760968215156,,Novel,log10_GEperML
3466,-4,40,,Novel,CT.Mean
3466,-4,2.65760968215156,,Novel,log10_GEperML
3466,-2,40,,Novel,CT.Mean
3466,-2,2.65760968215156,,Novel,log10_GEperML
3466,-1,40,,Novel,CT.Mean
3466,-1,2.65760968215156,,Novel,log10_GEperML
3466,0,32.06,Yes,Novel,CT.Mean
3466,0,4.85722975479684,Yes,Novel,log10_GEperML
3474,-20,40,,Novel,CT.Mean
3474,-20,2.65760968215156,,Novel,log10_GEperML
3474,-19,40,,Novel,CT.Mean
3474,-19,2.65760968215156,,Novel,log10_GEperML
3474,-18,40,,Novel,CT.Mean
3474,-18,2.65760968215156,,Novel,log10_GEperML
3474,-17,40,,Novel,CT.Mean
3474,-17,2.65760968215156,,Novel,log10_GEperML
3474,-16,40,,Novel,CT.Mean
3474,-16,2.65760968215156,,Novel,log10_GEperML
3474,-15,40,,Novel,CT.Mean
3474,-15,2.65760968215156,,Novel,log10_GEperML
3474,-13,40,,Novel,CT.Mean
3474,-13,2.65760968215156,,Novel,log10_GEperML
3474,-12,40,,Novel,CT.Mean
3474,-12,2.65760968215156,,Novel,log10_GEperML
3474,-11,40,,Novel,CT.Mean
3474,-11,2.65760968215156,,Novel,log10_GEperML
3474,-10,39.2831578158087,No,Novel,CT.Mean
3474,-10,2.85619664150497,No,Novel,log10_GEperML
3474,0,33.59,,Novel,CT.Mean
3474,0,4.43337349394705,,Novel,log10_GEperML
3474,1,34.0767421789678,,Novel,CT.Mean
3474,1,4.29853119330969,,Novel,log10_GEperML
3474,13,40,,Novel,CT.Mean
3474,13,2.65760968215156,,Novel,log10_GEperML
3474,14,40,,Novel,CT.Mean
3474,14,2.65760968215156,,Novel,log10_GEperML
3475,-10,38.45,Yes,Novel,CT.Mean
3475,-10,3.08700654771834,Yes,Novel,log10_GEperML
3475,-6,37.1283174108437,,Novel,CT.Mean
3475,-6,3.45315258711052,,Novel,log10_GEperML
3475,-2,40,,Novel,CT.Mean
3475,-2,2.65760968215156,,Novel,log10_GEperML
3475,-1,37.1,,Novel,CT.Mean
3475,-1,3.4609973661152,,Novel,log10_GEperML
3475,0,35.64,,Novel,CT.Mean
3475,0,3.86546151045552,,Novel,log10_GEperML
3475,1,37.17,,Novel,CT.Mean
3475,1,3.44160524960574,,Novel,log10_GEperML
3475,2,40,,Novel,CT.Mean
3475,2,2.65760968215156,,Novel,log10_GEperML
3475,3,40,,Novel,CT.Mean
3475,3,2.65760968215156,,Novel,log10_GEperML
3475,4,40,,Novel,CT.Mean
3475,4,2.65760968215156,,Novel,log10_GEperML
3475,5,40,,Novel,CT.Mean
3475,5,2.65760968215156,,Novel,log10_GEperML
3475,6,39.9925152162009,,Novel,CT.Mean
3475,6,2.65968319357271,,Novel,log10_GEperML
3475,7,40,,Novel,CT.Mean
3475,7,2.65760968215156,,Novel,log10_GEperML
3475,8,40,,Novel,CT.Mean
3475,8,2.65760968215156,,Novel,log10_GEperML
3475,9,40,,Novel,CT.Mean
3475,9,2.65760968215156,,Novel,log10_GEperML
3475,10,40,,Novel,CT.Mean
3475,10,2.65760968215156,,Novel,log10_GEperML
3475,11,40,,Novel,CT.Mean
3475,11,2.65760968215156,,Novel,log10_GEperML
3475,12,40,,Novel,CT.Mean
3475,12,2.65760968215156,,Novel,log10_GEperML
3475,13,40,,Novel,CT.Mean
3475,13,2.65760968215156,,Novel,log10_GEperML
3475,14,40,,Novel,CT.Mean
3475,14,2.65760968215156,,Novel,log10_GEperML
3475,15,40,,Novel,CT.Mean
3475,15,2.65760968215156,,Novel,log10_GEperML
3475,16,40,,Novel,CT.Mean
3475,16,2.65760968215156,,Novel,log10_GEperML
3475,17,40,,Novel,CT.Mean
3475,17,2.65760968215156,,Novel,log10_GEperML
3475,18,40,,Novel,CT.Mean
3475,18,2.65760968215156,,Novel,log10_GEperML
3475,19,40,,Novel,CT.Mean
3475,19,2.65760968215156,,Novel,log10_GEperML
3475,20,40,,Novel,CT.Mean
3475,20,2.65760968215156,,Novel,log10_GEperML
3475,21,40,,Novel,CT.Mean
3475,21,2.65760968215156,,Novel,log10_GEperML
3475,22,40,,Novel,CT.Mean
3475,22,2.65760968215156,,Novel,log10_GEperML
3475,23,40,,Novel,CT.Mean
3475,23,2.65760968215156,,Novel,log10_GEperML
3475,24,40,,Novel,CT.Mean
3475,24,2.65760968215156,,Novel,log10_GEperML
3475,25,40,,Novel,CT.Mean
3475,25,2.65760968215156,,Novel,log10_GEperML
3475,26,40,,Novel,CT.Mean
3475,26,2.65760968215156,,Novel,log10_GEperML
3475,27,40,,Novel,CT.Mean
3475,27,2.65760968215156,,Novel,log10_GEperML
3475,28,40,,Novel,CT.Mean
3475,28,2.65760968215156,,Novel,log10_GEperML
3475,29,40,,Novel,CT.Mean
3475,29,2.65760968215156,,Novel,log10_GEperML
3475,30,40,,Novel,CT.Mean
3475,30,2.65760968215156,,Novel,log10_GEperML
3475,31,40,,Novel,CT.Mean
3475,31,2.65760968215156,,Novel,log10_GEperML
3475,32,40,,Novel,CT.Mean
3475,32,2.65760968215156,,Novel,log10_GEperML
3475,33,40,,Novel,CT.Mean
3475,33,2.65760968215156,,Novel,log10_GEperML
3475,34,40,,Novel,CT.Mean
3475,34,2.65760968215156,,Novel,log10_GEperML
3475,35,40,,Novel,CT.Mean
3475,35,2.65760968215156,,Novel,log10_GEperML
3475,36,40,,Novel,CT.Mean
3475,36,2.65760968215156,,Novel,log10_GEperML
3475,37,40,,Novel,CT.Mean
3475,37,2.65760968215156,,Novel,log10_GEperML
3475,38,40,,Novel,CT.Mean
3475,38,2.65760968215156,,Novel,log10_GEperML
3475,39,40,,Novel,CT.Mean
3475,39,2.65760968215156,,Novel,log10_GEperML
3475,40,40,,Novel,CT.Mean
3475,40,2.65760968215156,,Novel,log10_GEperML
3478,-25,39.51068754801,No,Novel,CT.Mean
3478,-25,2.79316402613047,No,Novel,log10_GEperML
3478,-8,40,,Novel,CT.Mean
3478,-8,2.65760968215156,,Novel,log10_GEperML
3478,-7,40,,Novel,CT.Mean
3478,-7,2.65760968215156,,Novel,log10_GEperML
3478,-2,40,,Novel,CT.Mean
3478,-2,2.65760968215156,,Novel,log10_GEperML
3478,-1,40,,Novel,CT.Mean
3478,-1,2.65760968215156,,Novel,log10_GEperML
3478,0,34.86,,Novel,CT.Mean
3478,0,4.08154509441815,,Novel,log10_GEperML
3479,-7,40,,Novel,CT.Mean
3479,-7,2.65760968215156,,Novel,log10_GEperML
3479,0,22.6,Yes,Novel,CT.Mean
3479,0,7.4779357859334,Yes,Novel,log10_GEperML
3479,1,23.15,,Novel,CT.Mean
3479,1,7.32556915621616,,Novel,log10_GEperML
3479,10,40,,Novel,CT.Mean
3479,10,2.65760968215156,,Novel,log10_GEperML
3479,11,39.0154757779248,,Novel,CT.Mean
3479,11,2.93035265959263,,Novel,log10_GEperML
3479,14,38.6273368229933,,Novel,CT.Mean
3479,14,3.0378788858197,,Novel,log10_GEperML
3479,16,40,,Novel,CT.Mean
3479,16,2.65760968215156,,Novel,log10_GEperML
3479,17,40,,Novel,CT.Mean
3479,17,2.65760968215156,,Novel,log10_GEperML
3479,20,40,,Novel,CT.Mean
3479,20,2.65760968215156,,Novel,log10_GEperML
3479,22,40,,Novel,CT.Mean
3479,22,2.65760968215156,,Novel,log10_GEperML
3479,24,40,,Novel,CT.Mean
3479,24,2.65760968215156,,Novel,log10_GEperML
3479,27,40,,Novel,CT.Mean
3479,27,2.65760968215156,,Novel,log10_GEperML
3485,-11,40,,Novel,CT.Mean
3485,-11,2.65760968215156,,Novel,log10_GEperML
3485,-7,31.1,Yes,Novel,CT.Mean
3485,-7,5.12317878121239,Yes,Novel,log10_GEperML
3485,0,27.3,,Novel,CT.Mean
3485,0,6.1758936774406,,Novel,log10_GEperML
3485,3,35.0939339229264,,Novel,CT.Mean
3485,3,4.01673832457665,,Novel,log10_GEperML
3485,6,33.33,,Novel,CT.Mean
3485,6,4.50540135526793,,Novel,log10_GEperML
3485,9,36.91,,Novel,CT.Mean
3485,9,3.51363311092661,,Novel,log10_GEperML
3485,11,37.9313635244953,,Novel,CT.Mean
3485,11,3.23068453284757,,Novel,log10_GEperML
3485,13,40,,Novel,CT.Mean
3485,13,2.65760968215156,,Novel,log10_GEperML
3485,14,40,,Novel,CT.Mean
3485,14,2.65760968215156,,Novel,log10_GEperML
3490,0,24.9,Yes,Novel,CT.Mean
3490,0,6.84076624347948,Yes,Novel,log10_GEperML
3490,15,38.57,,Novel,CT.Mean
3490,15,3.05376291941639,,Novel,log10_GEperML
3490,27,40,,Novel,CT.Mean
3490,27,2.65760968215156,,Novel,log10_GEperML
3490,28,40,,Novel,CT.Mean
3490,28,2.65760968215156,,Novel,log10_GEperML
3490,29,40,,Novel,CT.Mean
3490,29,2.65760968215156,,Novel,log10_GEperML
3490,37,40,,Novel,CT.Mean
3490,37,2.65760968215156,,Novel,log10_GEperML
3490,38,40,,Novel,CT.Mean
3490,38,2.65760968215156,,Novel,log10_GEperML
3490,39,40,,Novel,CT.Mean
3490,39,2.65760968215156,,Novel,log10_GEperML
3490,40,40,,Novel,CT.Mean
3490,40,2.65760968215156,,Novel,log10_GEperML
3490,41,40,,Novel,CT.Mean
3490,41,2.65760968215156,,Novel,log10_GEperML
3490,42,40,,Novel,CT.Mean
3490,42,2.65760968215156,,Novel,log10_GEperML
3490,45,40,,Novel,CT.Mean
3490,45,2.65760968215156,,Novel,log10_GEperML
3490,46,40,,Novel,CT.Mean
3490,46,2.65760968215156,,Novel,log10_GEperML
3490,47,40,,Novel,CT.Mean
3490,47,2.65760968215156,,Novel,log10_GEperML
3490,48,40,,Novel,CT.Mean
3490,48,2.65760968215156,,Novel,log10_GEperML
3490,49,40,,Novel,CT.Mean
3490,49,2.65760968215156,,Novel,log10_GEperML
3490,52,40,,Novel,CT.Mean
3490,52,2.65760968215156,,Novel,log10_GEperML
3490,53,40,,Novel,CT.Mean
3490,53,2.65760968215156,,Novel,log10_GEperML
3490,56,40,,Novel,CT.Mean
3490,56,2.65760968215156,,Novel,log10_GEperML
3490,57,40,,Novel,CT.Mean
3490,57,2.65760968215156,,Novel,log10_GEperML
3490,58,40,,Novel,CT.Mean
3490,58,2.65760968215156,,Novel,log10_GEperML
3490,59,40,,Novel,CT.Mean
3490,59,2.65760968215156,,Novel,log10_GEperML
3490,60,40,,Novel,CT.Mean
3490,60,2.65760968215156,,Novel,log10_GEperML
3490,61,40,,Novel,CT.Mean
3490,61,2.65760968215156,,Novel,log10_GEperML
3491,-9,40,,Novel,CT.Mean
3491,-9,2.65760968215156,,Novel,log10_GEperML
3491,-5,36.1,Yes,Novel,CT.Mean
3491,-5,3.73802760196473,Yes,Novel,log10_GEperML
3491,-4,34.89,,Novel,CT.Mean
3491,-4,4.07323418734267,,Novel,log10_GEperML
3491,0,23.36,,Novel,CT.Mean
3491,0,7.26739280668775,,Novel,log10_GEperML
3491,3,27.05,,Novel,CT.Mean
3491,3,6.24515123640299,,Novel,log10_GEperML
3491,6,32.35,,Novel,CT.Mean
3491,6,4.77689098640047,,Novel,log10_GEperML
3491,9,36.7,,Novel,CT.Mean
3491,9,3.57180946045501,,Novel,log10_GEperML
3491,11,40,,Novel,CT.Mean
3491,11,2.65760968215156,,Novel,log10_GEperML
3491,13,40,,Novel,CT.Mean
3491,13,2.65760968215156,,Novel,log10_GEperML
3491,14,40,,Novel,CT.Mean
3491,14,2.65760968215156,,Novel,log10_GEperML
3491,15,40,,Novel,CT.Mean
3491,15,2.65760968215156,,Novel,log10_GEperML
3491,17,40,,Novel,CT.Mean
3491,17,2.65760968215156,,Novel,log10_GEperML
3491,20,40,,Novel,CT.Mean
3491,20,2.65760968215156,,Novel,log10_GEperML
3491,23,40,,Novel,CT.Mean
3491,23,2.65760968215156,,Novel,log10_GEperML
3491,25,40,,Novel,CT.Mean
3491,25,2.65760968215156,,Novel,log10_GEperML
3491,28,40,,Novel,CT.Mean
3491,28,2.65760968215156,,Novel,log10_GEperML
3491,30,40,,Novel,CT.Mean
3491,30,2.65760968215156,,Novel,log10_GEperML
3491,32,40,,Novel,CT.Mean
3491,32,2.65760968215156,,Novel,log10_GEperML
3491,34,40,,Novel,CT.Mean
3491,34,2.65760968215156,,Novel,log10_GEperML
3491,36,40,,Novel,CT.Mean
3491,36,2.65760968215156,,Novel,log10_GEperML
3492,-10,40,,Novel,CT.Mean
3492,-10,2.65760968215156,,Novel,log10_GEperML
3492,-7,40,,Novel,CT.Mean
3492,-7,2.65760968215156,,Novel,log10_GEperML
3492,-4,40,,Novel,CT.Mean
3492,-4,2.65760968215156,,Novel,log10_GEperML
3492,0,23.16,Yes,Novel,CT.Mean
3492,0,7.32279885385766,Yes,Novel,log10_GEperML
3492,15,40,,Novel,CT.Mean
3492,15,2.65760968215156,,Novel,log10_GEperML
3494,0,37.4,No,Novel,CT.Mean
3494,0,3.37788829536034,No,Novel,log10_GEperML
3494,1,39.3,,Novel,CT.Mean
3494,1,2.85153084724624,,Novel,log10_GEperML
3494,18,40,,Novel,CT.Mean
3494,18,2.65760968215156,,Novel,log10_GEperML
3494,21,40,,Novel,CT.Mean
3494,21,2.65760968215156,,Novel,log10_GEperML
3494,22,40,,Novel,CT.Mean
3494,22,2.65760968215156,,Novel,log10_GEperML
3494,25,40,,Novel,CT.Mean
3494,25,2.65760968215156,,Novel,log10_GEperML
3494,29,40,,Novel,CT.Mean
3494,29,2.65760968215156,,Novel,log10_GEperML
3494,32,40,,Novel,CT.Mean
3494,32,2.65760968215156,,Novel,log10_GEperML
3494,36,40,,Novel,CT.Mean
3494,36,2.65760968215156,,Novel,log10_GEperML
3494,39,40,,Novel,CT.Mean
3494,39,2.65760968215156,,Novel,log10_GEperML
3494,43,40,,Novel,CT.Mean
3494,43,2.65760968215156,,Novel,log10_GEperML
3494,46,40,,Novel,CT.Mean
3494,46,2.65760968215156,,Novel,log10_GEperML
3494,51,40,,Novel,CT.Mean
3494,51,2.65760968215156,,Novel,log10_GEperML
3494,53,40,,Novel,CT.Mean
3494,53,2.65760968215156,,Novel,log10_GEperML
3494,57,40,,Novel,CT.Mean
3494,57,2.65760968215156,,Novel,log10_GEperML
3494,60,40,,Novel,CT.Mean
3494,60,2.65760968215156,,Novel,log10_GEperML
3497,-22,40,,Novel,CT.Mean
3497,-22,2.65760968215156,,Novel,log10_GEperML
3497,-16,38.5,Yes,Novel,CT.Mean
3497,-16,3.07315503592586,Yes,Novel,log10_GEperML
3497,-6,40,,Novel,CT.Mean
3497,-6,2.65760968215156,,Novel,log10_GEperML
3497,-5,39.1493167968668,,Novel,CT.Mean
3497,-5,2.89327465054879,,Novel,log10_GEperML
3497,-2,40,,Novel,CT.Mean
3497,-2,2.65760968215156,,Novel,log10_GEperML
3497,-1,40,,Novel,CT.Mean
3497,-1,2.65760968215156,,Novel,log10_GEperML
3497,0,37.59,,Novel,CT.Mean
3497,0,3.32525255054893,,Novel,log10_GEperML
3497,1,39.91,,Novel,CT.Mean
3497,1,2.68254240337802,,Novel,log10_GEperML
3498,-1,38.1,Yes,Novel,CT.Mean
3498,-1,3.18396713026567,Yes,Novel,log10_GEperML
3498,0,23.06,,Novel,CT.Mean
3498,0,7.35050187744261,,Novel,log10_GEperML
3498,9,37.8,,Novel,CT.Mean
3498,9,3.26707620102053,,Novel,log10_GEperML
3498,12,36.74,,Novel,CT.Mean
3498,12,3.56072825102103,,Novel,log10_GEperML
3498,14,40,,Novel,CT.Mean
3498,14,2.65760968215156,,Novel,log10_GEperML
3498,15,38.3195024794268,,Novel,CT.Mean
3498,15,3.12315830662051,,Novel,log10_GEperML
3637,-8,40,,Novel,CT.Mean
3637,-8,2.65760968215156,,Novel,log10_GEperML
3637,-6,40,,Novel,CT.Mean
3637,-6,2.65760968215156,,Novel,log10_GEperML
3637,-4,36.4,,Novel,CT.Mean
3637,-4,3.65491853120987,,Novel,log10_GEperML
3637,0,18,,Novel,CT.Mean
3637,0,8.75227487084124,,Novel,log10_GEperML
3637,2,40,,Novel,CT.Mean
3637,2,2.65760968215156,,Novel,log10_GEperML
3637,6,29.2,,Novel,CT.Mean
3637,6,5.6495362293265,,Novel,log10_GEperML
3637,12,40,,Novel,CT.Mean
3637,12,2.65760968215156,,Novel,log10_GEperML
3637,16,40,,Novel,CT.Mean
3637,16,2.65760968215156,,Novel,log10_GEperML
3637,19,40,,Novel,CT.Mean
3637,19,2.65760968215156,,Novel,log10_GEperML
3637,21,40,,Novel,CT.Mean
3637,21,2.65760968215156,,Novel,log10_GEperML
6682,-55,40,,Novel,CT.Mean
6682,-55,2.65760968215156,,Novel,log10_GEperML
6682,-52,40,,Novel,CT.Mean
6682,-52,2.65760968215156,,Novel,log10_GEperML
6682,-50,40,,Novel,CT.Mean
6682,-50,2.65760968215156,,Novel,log10_GEperML
6682,-42,40,,Novel,CT.Mean
6682,-42,2.65760968215156,,Novel,log10_GEperML
6682,-38,40,,Novel,CT.Mean
6682,-38,2.65760968215156,,Novel,log10_GEperML
6682,-36,40,,Novel,CT.Mean
6682,-36,2.65760968215156,,Novel,log10_GEperML
6682,-35,40,,Novel,CT.Mean
6682,-35,2.65760968215156,,Novel,log10_GEperML
6682,-34,40,,Novel,CT.Mean
6682,-34,2.65760968215156,,Novel,log10_GEperML
6682,-29,40,,Novel,CT.Mean
6682,-29,2.65760968215156,,Novel,log10_GEperML
6682,-28,40,,Novel,CT.Mean
6682,-28,2.65760968215156,,Novel,log10_GEperML
6682,-27,40,,Novel,CT.Mean
6682,-27,2.65760968215156,,Novel,log10_GEperML
6682,-24,40,,Novel,CT.Mean
6682,-24,2.65760968215156,,Novel,log10_GEperML
6682,-22,40,,Novel,CT.Mean
6682,-22,2.65760968215156,,Novel,log10_GEperML
6682,-21,40,,Novel,CT.Mean
6682,-21,2.65760968215156,,Novel,log10_GEperML
6682,-20,40,,Novel,CT.Mean
6682,-20,2.65760968215156,,Novel,log10_GEperML
6682,-15,40,,Novel,CT.Mean
6682,-15,2.65760968215156,,Novel,log10_GEperML
6682,-14,40,,Novel,CT.Mean
6682,-14,2.65760968215156,,Novel,log10_GEperML
6682,-10,40,,Novel,CT.Mean
6682,-10,2.65760968215156,,Novel,log10_GEperML
6682,-8,36.9677081881134,,Novel,CT.Mean
6682,-8,3.49764619796311,,Novel,log10_GEperML
6682,0,33.71,,Novel,CT.Mean
6682,0,4.40012986564511,,Novel,log10_GEperML
6682,1,37.4361517544101,,Novel,CT.Mean
6682,1,3.36787316630974,,Novel,log10_GEperML
6682,2,37.5164563657753,,Novel,CT.Mean
6682,2,3.34562636088343,,Novel,log10_GEperML
6682,6,40,,Novel,CT.Mean
6682,6,2.65760968215156,,Novel,log10_GEperML
6682,7,40,,Novel,CT.Mean
6682,7,2.65760968215156,,Novel,log10_GEperML
6682,8,40,,Novel,CT.Mean
6682,8,2.65760968215156,,Novel,log10_GEperML
6682,13,40,,Novel,CT.Mean
6682,13,2.65760968215156,,Novel,log10_GEperML
7262,-52,40,,Novel,CT.Mean
7262,-52,2.65760968215156,,Novel,log10_GEperML
7262,-51,40,,Novel,CT.Mean
7262,-51,2.65760968215156,,Novel,log10_GEperML
7262,-49,40,,Novel,CT.Mean
7262,-49,2.65760968215156,,Novel,log10_GEperML
7262,-48,40,,Novel,CT.Mean
7262,-48,2.65760968215156,,Novel,log10_GEperML
7262,-47,40,,Novel,CT.Mean
7262,-47,2.65760968215156,,Novel,log10_GEperML
7262,-46,40,,Novel,CT.Mean
7262,-46,2.65760968215156,,Novel,log10_GEperML
7262,-45,40,,Novel,CT.Mean
7262,-45,2.65760968215156,,Novel,log10_GEperML
7262,-44,40,,Novel,CT.Mean
7262,-44,2.65760968215156,,Novel,log10_GEperML
7262,-43,40,,Novel,CT.Mean
7262,-43,2.65760968215156,,Novel,log10_GEperML
7262,-42,40,,Novel,CT.Mean
7262,-42,2.65760968215156,,Novel,log10_GEperML
7262,-41,40,,Novel,CT.Mean
7262,-41,2.65760968215156,,Novel,log10_GEperML
7262,-40,40,,Novel,CT.Mean
7262,-40,2.65760968215156,,Novel,log10_GEperML
7262,-39,40,,Novel,CT.Mean
7262,-39,2.65760968215156,,Novel,log10_GEperML
7262,-38,40,,Novel,CT.Mean
7262,-38,2.65760968215156,,Novel,log10_GEperML
7262,-37,40,,Novel,CT.Mean
7262,-37,2.65760968215156,,Novel,log10_GEperML
7262,-36,40,,Novel,CT.Mean
7262,-36,2.65760968215156,,Novel,log10_GEperML
7262,-35,40,,Novel,CT.Mean
7262,-35,2.65760968215156,,Novel,log10_GEperML
7262,-34,40,,Novel,CT.Mean
7262,-34,2.65760968215156,,Novel,log10_GEperML
7262,-33,40,,Novel,CT.Mean
7262,-33,2.65760968215156,,Novel,log10_GEperML
7262,-32,40,,Novel,CT.Mean
7262,-32,2.65760968215156,,Novel,log10_GEperML
7262,-31,40,,Novel,CT.Mean
7262,-31,2.65760968215156,,Novel,log10_GEperML
7262,-30,40,,Novel,CT.Mean
7262,-30,2.65760968215156,,Novel,log10_GEperML
7262,-29,40,,Novel,CT.Mean
7262,-29,2.65760968215156,,Novel,log10_GEperML
7262,-28,40,,Novel,CT.Mean
7262,-28,2.65760968215156,,Novel,log10_GEperML
7262,-27,40,,Novel,CT.Mean
7262,-27,2.65760968215156,,Novel,log10_GEperML
7262,-26,40,,Novel,CT.Mean
7262,-26,2.65760968215156,,Novel,log10_GEperML
7262,-25,40,,Novel,CT.Mean
7262,-25,2.65760968215156,,Novel,log10_GEperML
7262,-24,40,,Novel,CT.Mean
7262,-24,2.65760968215156,,Novel,log10_GEperML
7262,-23,40,,Novel,CT.Mean
7262,-23,2.65760968215156,,Novel,log10_GEperML
7262,-22,40,,Novel,CT.Mean
7262,-22,2.65760968215156,,Novel,log10_GEperML
7262,-21,40,,Novel,CT.Mean
7262,-21,2.65760968215156,,Novel,log10_GEperML
7262,-20,40,,Novel,CT.Mean
7262,-20,2.65760968215156,,Novel,log10_GEperML
7262,-19,40,,Novel,CT.Mean
7262,-19,2.65760968215156,,Novel,log10_GEperML
7262,-18,40,,Novel,CT.Mean
7262,-18,2.65760968215156,,Novel,log10_GEperML
7262,-17,40,,Novel,CT.Mean
7262,-17,2.65760968215156,,Novel,log10_GEperML
7262,-16,40,,Novel,CT.Mean
7262,-16,2.65760968215156,,Novel,log10_GEperML
7262,-15,40,,Novel,CT.Mean
7262,-15,2.65760968215156,,Novel,log10_GEperML
7262,-14,40,,Novel,CT.Mean
7262,-14,2.65760968215156,,Novel,log10_GEperML
7262,-13,40,,Novel,CT.Mean
7262,-13,2.65760968215156,,Novel,log10_GEperML
7262,-12,40,,Novel,CT.Mean
7262,-12,2.65760968215156,,Novel,log10_GEperML
7262,-11,40,,Novel,CT.Mean
7262,-11,2.65760968215156,,Novel,log10_GEperML
7262,-10,40,,Novel,CT.Mean
7262,-10,2.65760968215156,,Novel,log10_GEperML
7262,-9,40,,Novel,CT.Mean
7262,-9,2.65760968215156,,Novel,log10_GEperML
7262,-7,40,,Novel,CT.Mean
7262,-7,2.65760968215156,,Novel,log10_GEperML
7262,-6,40,,Novel,CT.Mean
7262,-6,2.65760968215156,,Novel,log10_GEperML
7262,-5,40,,Novel,CT.Mean
7262,-5,2.65760968215156,,Novel,log10_GEperML
7262,-4,32.8454048047021,,Novel,CT.Mean
7262,-4,4.63964887651286,,Novel,log10_GEperML
7262,0,23.0750104219416,,Novel,CT.Mean
7262,0,7.34634353671193,,Novel,log10_GEperML
7283,-53,40,,Novel,CT.Mean
7283,-53,2.65760968215156,,Novel,log10_GEperML
7283,-47,40,,Novel,CT.Mean
7283,-47,2.65760968215156,,Novel,log10_GEperML
7283,-46,40,,Novel,CT.Mean
7283,-46,2.65760968215156,,Novel,log10_GEperML
7283,-43,40,,Novel,CT.Mean
7283,-43,2.65760968215156,,Novel,log10_GEperML
7283,-42,40,,Novel,CT.Mean
7283,-42,2.65760968215156,,Novel,log10_GEperML
7283,-41,40,,Novel,CT.Mean
7283,-41,2.65760968215156,,Novel,log10_GEperML
7283,-40,40,,Novel,CT.Mean
7283,-40,2.65760968215156,,Novel,log10_GEperML
7283,-39,40,,Novel,CT.Mean
7283,-39,2.65760968215156,,Novel,log10_GEperML
7283,-36,40,,Novel,CT.Mean
7283,-36,2.65760968215156,,Novel,log10_GEperML
7283,-35,40,,Novel,CT.Mean
7283,-35,2.65760968215156,,Novel,log10_GEperML
7283,-34,40,,Novel,CT.Mean
7283,-34,2.65760968215156,,Novel,log10_GEperML
7283,-33,40,,Novel,CT.Mean
7283,-33,2.65760968215156,,Novel,log10_GEperML
7283,-29,40,,Novel,CT.Mean
7283,-29,2.65760968215156,,Novel,log10_GEperML
7283,-28,40,,Novel,CT.Mean
7283,-28,2.65760968215156,,Novel,log10_GEperML
7283,-27,40,,Novel,CT.Mean
7283,-27,2.65760968215156,,Novel,log10_GEperML
7283,-26,40,,Novel,CT.Mean
7283,-26,2.65760968215156,,Novel,log10_GEperML
7283,-25,40,,Novel,CT.Mean
7283,-25,2.65760968215156,,Novel,log10_GEperML
7283,-22,40,,Novel,CT.Mean
7283,-22,2.65760968215156,,Novel,log10_GEperML
7283,-21,40,,Novel,CT.Mean
7283,-21,2.65760968215156,,Novel,log10_GEperML
7283,-20,40,,Novel,CT.Mean
7283,-20,2.65760968215156,,Novel,log10_GEperML
7283,-19,40,,Novel,CT.Mean
7283,-19,2.65760968215156,,Novel,log10_GEperML
7283,-18,40,,Novel,CT.Mean
7283,-18,2.65760968215156,,Novel,log10_GEperML
7283,-15,40,,Novel,CT.Mean
7283,-15,2.65760968215156,,Novel,log10_GEperML
7283,-14,40,,Novel,CT.Mean
7283,-14,2.65760968215156,,Novel,log10_GEperML
7283,-13,40,,Novel,CT.Mean
7283,-13,2.65760968215156,,Novel,log10_GEperML
7283,-12,40,,Novel,CT.Mean
7283,-12,2.65760968215156,,Novel,log10_GEperML
7283,-11,40,,Novel,CT.Mean
7283,-11,2.65760968215156,,Novel,log10_GEperML
7283,-10,40,,Novel,CT.Mean
7283,-10,2.65760968215156,,Novel,log10_GEperML
7283,-8,40,,Novel,CT.Mean
7283,-8,2.65760968215156,,Novel,log10_GEperML
7283,-7,40,,Novel,CT.Mean
7283,-7,2.65760968215156,,Novel,log10_GEperML
7283,-6,40,,Novel,CT.Mean
7283,-6,2.65760968215156,,Novel,log10_GEperML
7283,-5,40,,Novel,CT.Mean
7283,-5,2.65760968215156,,Novel,log10_GEperML
7283,-4,40,,Novel,CT.Mean
7283,-4,2.65760968215156,,Novel,log10_GEperML
7283,-1,40,Yes,Novel,CT.Mean
7283,-1,2.65760968215156,Yes,Novel,log10_GEperML
7283,0,39.8185218915764,,Novel,CT.Mean
7283,0,2.70788460532968,,Novel,log10_GEperML
7283,10,40,,Novel,CT.Mean
7283,10,2.65760968215156,,Novel,log10_GEperML
7283,11,40,,Novel,CT.Mean
7283,11,2.65760968215156,,Novel,log10_GEperML
7544,-44,40,,Novel,CT.Mean
7544,-44,2.65760968215156,,Novel,log10_GEperML
7544,-41,40,,Novel,CT.Mean
7544,-41,2.65760968215156,,Novel,log10_GEperML
7544,-34,40,,Novel,CT.Mean
7544,-34,2.65760968215156,,Novel,log10_GEperML
7544,-33,40,,Novel,CT.Mean
7544,-33,2.65760968215156,,Novel,log10_GEperML
7544,-26,40,,Novel,CT.Mean
7544,-26,2.65760968215156,,Novel,log10_GEperML
7544,-20,40,,Novel,CT.Mean
7544,-20,2.65760968215156,,Novel,log10_GEperML
7544,-19,40,,Novel,CT.Mean
7544,-19,2.65760968215156,,Novel,log10_GEperML
7544,-13,40,,Novel,CT.Mean
7544,-13,2.65760968215156,,Novel,log10_GEperML
7544,-12,40,,Novel,CT.Mean
7544,-12,2.65760968215156,,Novel,log10_GEperML
7544,-10,40,,Novel,CT.Mean
7544,-10,2.65760968215156,,Novel,log10_GEperML
7544,-9,40,,Novel,CT.Mean
7544,-9,2.65760968215156,,Novel,log10_GEperML
7544,0,38.3730388870036,,Novel,CT.Mean
7544,0,3.10832710300297,,Novel,log10_GEperML
7586,-1,40,,Persistent,CT.Mean
7586,-1,2.65760968215156,,Persistent,log10_GEperML
7586,0,37,,Persistent,CT.Mean
7586,0,3.48870038970016,,Persistent,log10_GEperML
7586,1,37.6,,Persistent,CT.Mean
7586,1,3.32248224819044,,Persistent,log10_GEperML
7586,11,38.6407209248875,,Persistent,CT.Mean
7586,11,3.03417108491531,,Persistent,log10_GEperML
7586,12,40,,Persistent,CT.Mean
7586,12,2.65760968215156,,Persistent,log10_GEperML
7586,14,40,,Persistent,CT.Mean
7586,14,2.65760968215156,,Persistent,log10_GEperML
7586,15,40,,Persistent,CT.Mean
7586,15,2.65760968215156,,Persistent,log10_GEperML
7586,16,40,,Persistent,CT.Mean
7586,16,2.65760968215156,,Persistent,log10_GEperML
7586,17,40,,Persistent,CT.Mean
7586,17,2.65760968215156,,Persistent,log10_GEperML
7586,18,40,,Persistent,CT.Mean
7586,18,2.65760968215156,,Persistent,log10_GEperML
7586,19,40,,Persistent,CT.Mean
7586,19,2.65760968215156,,Persistent,log10_GEperML
7586,20,40,,Persistent,CT.Mean
7586,20,2.65760968215156,,Persistent,log10_GEperML
7586,21,40,,Persistent,CT.Mean
7586,21,2.65760968215156,,Persistent,log10_GEperML
7586,22,40,,Persistent,CT.Mean
7586,22,2.65760968215156,,Persistent,log10_GEperML
7586,23,40,,Persistent,CT.Mean
7586,23,2.65760968215156,,Persistent,log10_GEperML
7586,24,40,,Persistent,CT.Mean
7586,24,2.65760968215156,,Persistent,log10_GEperML
7586,25,40,,Persistent,CT.Mean
7586,25,2.65760968215156,,Persistent,log10_GEperML
7586,26,40,,Persistent,CT.Mean
7586,26,2.65760968215156,,Persistent,log10_GEperML
7586,27,40,,Persistent,CT.Mean
7586,27,2.65760968215156,,Persistent,log10_GEperML
7586,28,40,,Persistent,CT.Mean
7586,28,2.65760968215156,,Persistent,log10_GEperML
7586,29,40,,Persistent,CT.Mean
7586,29,2.65760968215156,,Persistent,log10_GEperML
7586,30,40,,Persistent,CT.Mean
7586,30,2.65760968215156,,Persistent,log10_GEperML
7586,31,40,,Persistent,CT.Mean
7586,31,2.65760968215156,,Persistent,log10_GEperML
7586,32,40,,Persistent,CT.Mean
7586,32,2.65760968215156,,Persistent,log10_GEperML
7586,33,40,,Persistent,CT.Mean
7586,33,2.65760968215156,,Persistent,log10_GEperML
7586,34,40,,Persistent,CT.Mean
7586,34,2.65760968215156,,Persistent,log10_GEperML
7586,35,40,,Persistent,CT.Mean
7586,35,2.65760968215156,,Persistent,log10_GEperML
7586,36,40,,Persistent,CT.Mean
7586,36,2.65760968215156,,Persistent,log10_GEperML
7586,37,40,,Persistent,CT.Mean
7586,37,2.65760968215156,,Persistent,log10_GEperML
7586,38,40,,Persistent,CT.Mean
7586,38,2.65760968215156,,Persistent,log10_GEperML
7586,39,40,,Persistent,CT.Mean
7586,39,2.65760968215156,,Persistent,log10_GEperML
7586,40,40,,Persistent,CT.Mean
7586,40,2.65760968215156,,Persistent,log10_GEperML
7586,41,40,,Persistent,CT.Mean
7586,41,2.65760968215156,,Persistent,log10_GEperML
7586,42,40,,Persistent,CT.Mean
7586,42,2.65760968215156,,Persistent,log10_GEperML
7586,43,40,,Persistent,CT.Mean
7586,43,2.65760968215156,,Persistent,log10_GEperML
7586,44,40,,Persistent,CT.Mean
7586,44,2.65760968215156,,Persistent,log10_GEperML
7586,45,40,,Persistent,CT.Mean
7586,45,2.65760968215156,,Persistent,log10_GEperML
7586,46,40,,Persistent,CT.Mean
7586,46,2.65760968215156,,Persistent,log10_GEperML
7586,47,40,,Persistent,CT.Mean
7586,47,2.65760968215156,,Persistent,log10_GEperML
7586,48,40,,Persistent,CT.Mean
7586,48,2.65760968215156,,Persistent,log10_GEperML
7586,49,40,,Persistent,CT.Mean
7586,49,2.65760968215156,,Persistent,log10_GEperML
7586,50,40,,Persistent,CT.Mean
7586,50,2.65760968215156,,Persistent,log10_GEperML
7586,51,40,,Persistent,CT.Mean
7586,51,2.65760968215156,,Persistent,log10_GEperML
7586,52,40,,Persistent,CT.Mean
7586,52,2.65760968215156,,Persistent,log10_GEperML
7586,53,40,,Persistent,CT.Mean
7586,53,2.65760968215156,,Persistent,log10_GEperML
7586,54,40,,Persistent,CT.Mean
7586,54,2.65760968215156,,Persistent,log10_GEperML
